ts,x,y,yaw,x_des,y_des,yaw_des,v_ff,w_ff,v_actual,w_actual,omega_l_cmd,omega_r_cmd,omega_l_meas,omega_r_meas,duty_l,duty_r,x_err,y_err,yaw_err,x_raw,y_raw,yaw_raw,acc_x,acc_y,acc_z,gyro_x,gyro_y,gyro_z
739773,,,,,,,,,,,0.000000,0.000000,0.000000,0.000000,0.000000,0.000000,,,,,,,,,,,,
739778,,,,,,,,,,,0.000000,0.000000,0.000000,0.000000,0.000000,0.000000,,,,,,,,,,,,
739783,,,,,,,,,,,0.000000,0.000000,0.000000,0.000000,0.000000,0.000000,,,,,,,,,,,,
739788,,,,,,,,,,,0.000000,0.000000,0.000000,0.000000,0.000000,0.000000,,,,,,,,,,,,
739793,,,,,,,,,,,0.000000,0.000000,0.000000,0.000000,0.000000,0.000000,,,,,,,,,,,,
739798,,,,,,,,,,,0.000000,0.000000,0.000000,0.000000,0.000000,0.000000,,,,,,,,,,,,
739803,,,,,,,,,,,0.000000,0.000000,0.000000,0.000000,0.000000,0.000000,,,,,,,,,,,,
739808,,,,,,,,,,,0.000000,0.000000,0.000000,0.000000,0.000000,0.000000,,,,,,,,,,,,
739813,,,,,,,,,,,0.000000,0.000000,0.000000,0.000000,0.000000,0.000000,,,,,,,,,,,,
739818,,,,,,,,,,,0.000000,0.000000,0.000000,0.000000,0.000000,0.000000,,,,,,,,,,,,
739823,,,,,,,,,,,0.000000,0.000000,0.000000,0.000000,0.000000,0.000000,,,,,,,,,,,,
739828,,,,,,,,,,,0.000000,0.000000,0.000000,0.000000,0.000000,0.000000,,,,,,,,,,,,
739833,,,,,,,,,,,0.000000,0.000000,0.000000,0.000000,0.000000,0.000000,,,,,,,,,,,,
739838,,,,,,,,,,,0.000000,0.000000,0.000000,0.000000,0.000000,0.000000,,,,,,,,,,,,
739843,,,,,,,,,,,0.000000,0.000000,0.000000,0.000000,0.000000,0.000000,,,,,,,,,,,,
739848,,,,,,,,,,,0.000000,0.000000,0.000000,0.000000,0.000000,0.000000,,,,,,,,,,,,
739853,,,,,,,,,,,0.000000,0.000000,0.000000,0.000000,0.000000,0.000000,,,,,,,,,,,,
739858,,,,,,,,,,,0.000000,0.000000,0.000000,0.000000,0.000000,0.000000,,,,,,,,,,,,
739863,,,,,,,,,,,0.000000,0.000000,0.000000,0.000000,0.000000,0.000000,,,,,,,,,,,,
739868,,,,,,,,,,,0.000000,0.000000,0.000000,0.000000,0.000000,0.000000,,,,,,,,,,,,
739873,,,,,,,,,,,0.000000,0.000000,0.000000,0.000000,0.000000,0.000000,,,,,,,,,,,,
739878,,,,,,,,,,,0.000000,0.000000,0.000000,0.000000,0.000000,0.000000,,,,,,,,,,,,
739883,,,,,,,,,,,0.000000,0.000000,0.000000,0.000000,0.000000,0.000000,,,,,,,,,,,,
739888,,,,,,,,,,,0.000000,0.000000,0.000000,0.000000,0.000000,0.000000,,,,,,,,,,,,
739893,,,,,,,,,,,0.000000,0.000000,0.000000,0.000000,0.000000,0.000000,,,,,,,,,,,,
739898,,,,,,,,,,,0.000000,0.000000,0.000000,0.000000,0.000000,0.000000,,,,,,,,,,,,
739903,,,,,,,,,,,0.000000,0.000000,0.000000,0.000000,0.000000,0.000000,,,,,,,,,,,,
739908,,,,,,,,,,,0.000000,0.000000,0.000000,0.000000,0.000000,0.000000,,,,,,,,,,,,
739913,,,,,,,,,,,0.000000,0.000000,0.000000,0.000000,0.000000,0.000000,,,,,,,,,,,,
739918,,,,,,,,,,,0.000000,0.000000,0.000000,0.000000,0.000000,0.000000,,,,,,,,,,,,
739923,,,,,,,,,,,0.000000,0.000000,0.000000,0.000000,0.000000,0.000000,,,,,,,,,,,,
739928,,,,,,,,,,,0.000000,0.000000,0.000000,0.000000,0.000000,0.000000,,,,,,,,,,,,
739933,,,,,,,,,,,0.000000,0.000000,0.000000,0.000000,0.000000,0.000000,,,,,,,,,,,,
739938,,,,,,,,,,,0.000000,0.000000,0.000000,0.000000,0.000000,0.000000,,,,,,,,,,,,
739943,,,,,,,,,,,0.000000,0.000000,0.000000,0.000000,0.000000,0.000000,,,,,,,,,,,,
739948,,,,,,,,,,,0.000000,0.000000,0.000000,0.000000,0.000000,0.000000,,,,,,,,,,,,
739953,,,,,,,,,,,0.000000,0.000000,0.000000,0.000000,0.000000,0.000000,,,,,,,,,,,,
739958,,,,,,,,,,,0.000000,0.000000,0.000000,0.000000,0.000000,0.000000,,,,,,,,,,,,
739963,,,,,,,,,,,0.000000,0.000000,0.000000,0.000000,0.000000,0.000000,,,,,,,,,,,,
739968,,,,,,,,,,,0.000000,0.000000,0.000000,0.000000,0.000000,0.000000,,,,,,,,,,,,
739973,,,,,,,,,,,0.000000,0.000000,0.000000,0.000000,0.000000,0.000000,,,,,,,,,,,,
739978,,,,,,,,,,,0.000000,0.000000,0.000000,0.000000,0.000000,0.000000,,,,,,,,,,,,
739983,,,,,,,,,,,0.000000,0.000000,,,0.000000,0.000000,,,,,,,,,,,,
740306,,,,,,,,,,,0.000000,0.000000,0.000000,0.000000,0.000000,0.000000,,,,,,,,,,,,
740315,,,,,,,,,,,0.000000,0.000000,0.000000,0.000000,0.000000,0.000000,,,,,,,,,,,,
740324,,,,,,,,,,,0.000000,0.000000,0.000000,0.000000,0.000000,0.000000,,,,,,,,,,,,
740328,,,,,,,,,,,0.000000,0.000000,0.000000,0.000000,0.000000,0.000000,,,,,,,,,,,,
740333,,,,,,,,,,,0.000000,0.000000,0.000000,0.000000,0.000000,0.000000,,,,,,,,,,,,
740338,,,,,,,,,,,0.000000,0.000000,0.000000,0.000000,0.000000,0.000000,,,,,,,,,,,,
740343,,,,,,,,,,,0.000000,0.000000,0.000000,0.000000,0.000000,0.000000,,,,,,,,,,,,
740348,,,,,,,,,,,0.000000,0.000000,0.000000,0.000000,0.000000,0.000000,,,,,,,,,,,,
740353,,,,,,,,,,,0.000000,0.000000,0.000000,0.000000,0.000000,0.000000,,,,,,,,,,,,
740365,,,,,,,,,,,0.000000,0.000000,0.000000,0.000000,0.000000,0.000000,,,,,,,,,,,,
740368,,,,,,,,,,,0.000000,0.000000,0.000000,0.000000,0.000000,0.000000,,,,,,,,,,,,
740373,,,,,,,,,,,0.000000,0.000000,0.000000,0.000000,0.000000,0.000000,,,,,,,,,,,,
740378,,,,,,,,,,,0.000000,0.000000,0.000000,0.000000,0.000000,0.000000,,,,,,,,,,,,
740383,,,,,,,,,,,0.000000,0.000000,0.000000,0.000000,0.000000,0.000000,,,,,,,,,,,,
740388,,,,,,,,,,,0.000000,0.000000,0.000000,0.000000,0.000000,0.000000,,,,,,,,,,,,
740393,,,,,,,,,,,0.000000,0.000000,0.000000,0.000000,0.000000,0.000000,,,,,,,,,,,,
740398,,,,,,,,,,,0.000000,0.000000,0.000000,0.000000,0.000000,0.000000,,,,,,,,,,,,
740403,,,,,,,,,,,0.000000,0.000000,0.000000,0.000000,0.000000,0.000000,,,,,,,,,,,,
740408,,,,,,,,,,,0.000000,0.000000,0.000000,0.000000,0.000000,0.000000,,,,,,,,,,,,
740413,,,,,,,,,,,0.000000,0.000000,0.000000,0.000000,0.000000,0.000000,,,,,,,,,,,,
740425,,,,,,,,,,,0.000000,0.000000,0.000000,0.000000,0.000000,0.000000,,,,,,,,,,,,
740428,,,,,,,,,,,0.000000,0.000000,0.000000,0.000000,0.000000,0.000000,,,,,,,,,,,,
740433,,,,,,,,,,,0.000000,0.000000,0.000000,0.000000,0.000000,0.000000,,,,,,,,,,,,
740438,,,,,,,,,,,0.000000,0.000000,0.000000,0.000000,0.000000,0.000000,,,,,,,,,,,,
740443,,,,,,,,,,,0.000000,0.000000,0.000000,0.000000,0.000000,0.000000,,,,,,,,,,,,
740448,,,,,,,,,,,0.000000,0.000000,0.000000,0.000000,0.000000,0.000000,,,,,,,,,,,,
740453,,,,,,,,,,,0.000000,0.000000,0.000000,0.000000,0.000000,0.000000,,,,,,,,,,,,
740458,,,,,,,,,,,0.000000,0.000000,0.000000,0.000000,0.000000,0.000000,,,,,,,,,,,,
740463,,,,,,,,,,,0.000000,0.000000,0.000000,0.000000,0.000000,0.000000,,,,,,,,,,,,
740468,,,,,,,,,,,0.000000,0.000000,0.000000,0.000000,0.000000,0.000000,,,,,,,,,,,,
740473,,,,,,,,,,,0.000000,0.000000,0.000000,0.000000,0.000000,0.000000,,,,,,,,,,,,
740478,,,,,,,,,,,0.000000,0.000000,0.000000,0.000000,0.000000,0.000000,,,,,,,,,,,,
740483,,,,,,,,,,,0.000000,0.000000,0.000000,0.000000,0.000000,0.000000,,,,,,,,,,,,
740488,,,,,,,,,,,0.000000,0.000000,0.000000,0.000000,0.000000,0.000000,,,,,,,,,,,,
740493,,,,,,,,,,,0.000000,0.000000,0.000000,0.000000,0.000000,0.000000,,,,,,,,,,,,
740505,,,,,,,,,,,0.000000,0.000000,0.000000,0.000000,0.000000,0.000000,,,,,,,,,,,,
740508,,,,,,,,,,,0.000000,0.000000,0.000000,0.000000,0.000000,0.000000,,,,,,,,,,,,
740513,,,,,,,,,,,0.000000,0.000000,0.000000,0.000000,0.000000,0.000000,,,,,,,,,,,,
740518,,,,,,,,,,,0.000000,0.000000,0.000000,0.000000,0.000000,0.000000,,,,,,,,,,,,
740523,,,,,,,,,,,0.000000,0.000000,0.000000,0.000000,0.000000,0.000000,,,,,,,,,,,,
740528,,,,,,,,,,,0.000000,0.000000,0.000000,0.000000,0.000000,0.000000,,,,,,,,,,,,
740533,,,,,,,,,,,0.000000,0.000000,0.000000,0.000000,0.000000,0.000000,,,,,,,,,,,,
740538,,,,,,,,,,,0.000000,0.000000,0.000000,0.000000,0.000000,0.000000,,,,,,,,,,,,
740543,,,,,,,,,,,0.000000,0.000000,0.000000,0.000000,0.000000,0.000000,,,,,,,,,,,,
740548,,,,,,,,,,,0.000000,0.000000,0.000000,0.000000,0.000000,0.000000,,,,,,,,,,,,
740553,,,,,,,,,,,0.000000,0.000000,0.000000,0.000000,0.000000,0.000000,,,,,,,,,,,,
740565,,,,,,,,,,,0.000000,0.000000,0.000000,0.000000,0.000000,0.000000,,,,,,,,,,,,
740568,,,,,,,,,,,0.000000,0.000000,0.000000,0.000000,0.000000,0.000000,,,,,,,,,,,,
740573,,,,,,,,,,,0.000000,0.000000,0.000000,0.000000,0.000000,0.000000,,,,,,,,,,,,
740578,,,,,,,,,,,0.000000,0.000000,0.000000,0.000000,0.000000,0.000000,,,,,,,,,,,,
740583,,,,,,,,,,,0.000000,0.000000,0.000000,0.000000,0.000000,0.000000,,,,,,,,,,,,
740588,,,,,,,,,,,0.000000,0.000000,0.000000,0.000000,0.000000,0.000000,,,,,,,,,,,,
740593,,,,,,,,,,,0.000000,0.000000,0.000000,0.000000,0.000000,0.000000,,,,,,,,,,,,
740598,,,,,,,,,,,0.000000,0.000000,0.000000,0.000000,0.000000,0.000000,,,,,,,,,,,,
740603,,,,,,,,,,,0.000000,0.000000,0.000000,0.000000,0.000000,0.000000,,,,,,,,,,,,
740608,,,,,,,,,,,0.000000,0.000000,0.000000,0.000000,0.000000,0.000000,,,,,,,,,,,,
740613,,,,,,,,,,,0.000000,0.000000,0.000000,0.000000,0.000000,0.000000,,,,,,,,,,,,
740625,,,,,,,,,,,0.000000,0.000000,0.000000,0.000000,0.000000,0.000000,,,,,,,,,,,,
740628,,,,,,,,,,,0.000000,0.000000,0.000000,0.000000,0.000000,0.000000,,,,,,,,,,,,
740633,,,,,,,,,,,0.000000,0.000000,0.000000,0.000000,0.000000,0.000000,,,,,,,,,,,,
740638,,,,,,,,,,,0.000000,0.000000,0.000000,0.000000,0.000000,0.000000,,,,,,,,,,,,
740643,,,,,,,,,,,0.000000,0.000000,0.000000,0.000000,0.000000,0.000000,,,,,,,,,,,,
740648,,,,,,,,,,,0.000000,0.000000,0.000000,0.000000,0.000000,0.000000,,,,,,,,,,,,
740653,,,,,,,,,,,0.000000,0.000000,0.000000,0.000000,0.000000,0.000000,,,,,,,,,,,,
740658,,,,,,,,,,,0.000000,0.000000,0.000000,0.000000,0.000000,0.000000,,,,,,,,,,,,
740663,,,,,,,,,,,0.000000,0.000000,0.000000,0.000000,0.000000,0.000000,,,,,,,,,,,,
740668,,,,,,,,,,,0.000000,0.000000,0.000000,0.000000,0.000000,0.000000,,,,,,,,,,,,
740673,,,,,,,,,,,0.000000,0.000000,0.000000,0.000000,0.000000,0.000000,,,,,,,,,,,,
740685,,,,,,,,,,,0.000000,0.000000,0.000000,0.000000,0.000000,0.000000,,,,,,,,,,,,
740688,,,,,,,,,,,0.000000,0.000000,0.000000,0.000000,0.000000,0.000000,,,,,,,,,,,,
740693,,,,,,,,,,,0.000000,0.000000,0.000000,0.000000,0.000000,0.000000,,,,,,,,,,,,
740698,,,,,,,,,,,0.000000,0.000000,0.000000,0.000000,0.000000,0.000000,,,,,,,,,,,,
740703,,,,,,,,,,,0.000000,0.000000,0.000000,0.000000,0.000000,0.000000,,,,,,,,,,,,
740708,,,,,,,,,,,0.000000,0.000000,0.000000,0.000000,0.000000,0.000000,,,,,,,,,,,,
740713,,,,,,,,,,,0.000000,0.000000,0.000000,0.000000,0.000000,0.000000,,,,,,,,,,,,
740718,,,,,,,,,,,0.000000,0.000000,0.000000,0.000000,0.000000,0.000000,,,,,,,,,,,,
740723,,,,,,,,,,,0.000000,0.000000,0.000000,0.000000,0.000000,0.000000,,,,,,,,,,,,
740728,,,,,,,,,,,0.000000,0.000000,0.000000,0.000000,0.000000,0.000000,,,,,,,,,,,,
740733,,,,,,,,,,,0.000000,0.000000,0.000000,0.000000,0.000000,0.000000,,,,,,,,,,,,
740738,,,,,,,,,,,0.000000,0.000000,0.000000,0.000000,0.000000,0.000000,,,,,,,,,,,,
740743,,,,,,,,,,,0.000000,0.000000,0.000000,0.000000,0.000000,0.000000,,,,,,,,,,,,
740748,,,,,,,,,,,0.000000,0.000000,0.000000,0.000000,0.000000,0.000000,,,,,,,,,,,,
740753,,,,,,,,,,,0.000000,0.000000,0.000000,0.000000,0.000000,0.000000,,,,,,,,,,,,
740765,,,,,,,,,,,0.000000,0.000000,0.000000,0.000000,0.000000,0.000000,,,,,,,,,,,,
740768,,,,,,,,,,,0.000000,0.000000,0.000000,0.000000,0.000000,0.000000,,,,,,,,,,,,
740773,,,,,,,,,,,0.000000,0.000000,0.000000,0.000000,0.000000,0.000000,,,,,,,,,,,,
740778,,,,,,,,,,,0.000000,0.000000,0.000000,0.000000,0.000000,0.000000,,,,,,,,,,,,
740783,,,,,,,,,,,0.000000,0.000000,0.000000,0.000000,0.000000,0.000000,,,,,,,,,,,,
740788,,,,,,,,,,,0.000000,0.000000,0.000000,0.000000,0.000000,0.000000,,,,,,,,,,,,
740793,,,,,,,,,,,0.000000,0.000000,0.000000,0.000000,0.000000,0.000000,,,,,,,,,,,,
740798,,,,,,,,,,,0.000000,0.000000,0.000000,0.000000,0.000000,0.000000,,,,,,,,,,,,
740803,,,,,,,,,,,0.000000,0.000000,0.000000,0.000000,0.000000,0.000000,,,,,,,,,,,,
740808,,,,,,,,,,,0.000000,0.000000,0.000000,0.000000,0.000000,0.000000,,,,,,,,,,,,
740813,,,,,,,,,,,0.000000,0.000000,0.000000,0.000000,0.000000,0.000000,,,,,,,,,,,,
740825,,,,,,,,,,,0.000000,0.000000,0.000000,0.000000,0.000000,0.000000,,,,,,,,,,,,
740828,,,,,,,,,,,0.000000,0.000000,0.000000,0.000000,0.000000,0.000000,,,,,,,,,,,,
740833,,,,,,,,,,,0.000000,0.000000,0.000000,0.000000,0.000000,0.000000,,,,,,,,,,,,
740838,,,,,,,,,,,0.000000,0.000000,0.000000,0.000000,0.000000,0.000000,,,,,,,,,,,,
740843,,,,,,,,,,,0.000000,0.000000,0.000000,0.000000,0.000000,0.000000,,,,,,,,,,,,
740848,,,,,,,,,,,0.000000,0.000000,0.000000,0.000000,0.000000,0.000000,,,,,,,,,,,,
740853,,,,,,,,,,,0.000000,0.000000,0.000000,0.000000,0.000000,0.000000,,,,,,,,,,,,
740858,,,,,,,,,,,0.000000,0.000000,0.000000,0.000000,0.000000,0.000000,,,,,,,,,,,,
740863,,,,,,,,,,,0.000000,0.000000,0.000000,0.000000,0.000000,0.000000,,,,,,,,,,,,
740868,,,,,,,,,,,0.000000,0.000000,0.000000,0.000000,0.000000,0.000000,,,,,,,,,,,,
740873,,,,,,,,,,,0.000000,0.000000,0.000000,0.000000,0.000000,0.000000,,,,,,,,,,,,
740885,,,,,,,,,,,0.000000,0.000000,0.000000,0.000000,0.000000,0.000000,,,,,,,,,,,,
740888,,,,,,,,,,,0.000000,0.000000,0.000000,0.000000,0.000000,0.000000,,,,,,,,,,,,
740893,,,,,,,,,,,0.000000,0.000000,0.000000,0.000000,0.000000,0.000000,,,,,,,,,,,,
740898,,,,,,,,,,,0.000000,0.000000,0.000000,0.000000,0.000000,0.000000,,,,,,,,,,,,
740903,,,,,,,,,,,0.000000,0.000000,0.000000,0.000000,0.000000,0.000000,,,,,,,,,,,,
740908,,,,,,,,,,,0.000000,0.000000,0.000000,0.000000,0.000000,0.000000,,,,,,,,,,,,
740913,,,,,,,,,,,0.000000,0.000000,0.000000,0.000000,0.000000,0.000000,,,,,,,,,,,,
740918,,,,,,,,,,,0.000000,0.000000,0.000000,0.000000,0.000000,0.000000,,,,,,,,,,,,
740923,,,,,,,,,,,0.000000,0.000000,0.000000,0.000000,0.000000,0.000000,,,,,,,,,,,,
740928,,,,,,,,,,,0.000000,0.000000,0.000000,0.000000,0.000000,0.000000,,,,,,,,,,,,
740933,,,,,,,,,,,0.000000,0.000000,0.000000,0.000000,0.000000,0.000000,,,,,,,,,,,,
740945,,,,,,,,,,,0.000000,0.000000,0.000000,0.000000,0.000000,0.000000,,,,,,,,,,,,
740948,,,,,,,,,,,0.000000,0.000000,0.000000,0.000000,0.000000,0.000000,,,,,,,,,,,,
740953,,,,,,,,,,,0.000000,0.000000,0.000000,0.000000,0.000000,0.000000,,,,,,,,,,,,
740958,,,,,,,,,,,0.000000,0.000000,0.000000,0.000000,0.000000,0.000000,,,,,,,,,,,,
740963,,,,,,,,,,,0.000000,0.000000,0.000000,0.000000,0.000000,0.000000,,,,,,,,,,,,
740968,,,,,,,,,,,0.000000,0.000000,0.000000,0.000000,0.000000,0.000000,,,,,,,,,,,,
740973,,,,,,,,,,,0.000000,0.000000,0.000000,0.000000,0.000000,0.000000,,,,,,,,,,,,
740978,,,,,,,,,,,0.000000,0.000000,0.000000,0.000000,0.000000,0.000000,,,,,,,,,,,,
740983,,,,,,,,,,,0.000000,0.000000,0.000000,0.000000,0.000000,0.000000,,,,,,,,,,,,
740988,,,,,,,,,,,0.000000,0.000000,0.000000,0.000000,0.000000,0.000000,,,,,,,,,,,,
740993,,,,,,,,,,,0.000000,0.000000,0.000000,0.000000,0.000000,0.000000,,,,,,,,,,,,
740998,,,,,,,,,,,0.000000,0.000000,0.000000,0.000000,0.000000,0.000000,,,,,,,,,,,,
741003,,,,,,,,,,,0.000000,0.000000,0.000000,0.000000,0.000000,0.000000,,,,,,,,,,,,
741008,,,,,,,,,,,0.000000,0.000000,0.000000,0.000000,0.000000,0.000000,,,,,,,,,,,,
741013,,,,,,,,,,,0.000000,0.000000,0.000000,0.000000,0.000000,0.000000,,,,,,,,,,,,
741025,,,,,,,,,,,0.000000,0.000000,0.000000,0.000000,0.000000,0.000000,,,,,,,,,,,,
741028,,,,,,,,,,,0.000000,0.000000,0.000000,0.000000,0.000000,0.000000,,,,,,,,,,,,
741033,,,,,,,,,,,0.000000,0.000000,0.000000,0.000000,0.000000,0.000000,,,,,,,,,,,,
741038,,,,,,,,,,,0.000000,0.000000,0.000000,0.000000,0.000000,0.000000,,,,,,,,,,,,
741043,,,,,,,,,,,0.000000,0.000000,0.000000,0.000000,0.000000,0.000000,,,,,,,,,,,,
741048,,,,,,,,,,,0.000000,0.000000,0.000000,0.000000,0.000000,0.000000,,,,,,,,,,,,
741053,,,,,,,,,,,0.000000,0.000000,0.000000,0.000000,0.000000,0.000000,,,,,,,,,,,,
741058,,,,,,,,,,,0.000000,0.000000,0.000000,0.000000,0.000000,0.000000,,,,,,,,,,,,
741063,,,,,,,,,,,0.000000,0.000000,0.000000,0.000000,0.000000,0.000000,,,,,,,,,,,,
741068,,,,,,,,,,,0.000000,0.000000,0.000000,0.000000,0.000000,0.000000,,,,,,,,,,,,
741073,,,,,,,,,,,0.000000,0.000000,0.000000,0.000000,0.000000,0.000000,,,,,,,,,,,,
741085,,,,,,,,,,,0.000000,0.000000,0.000000,0.000000,0.000000,0.000000,,,,,,,,,,,,
741088,,,,,,,,,,,0.000000,0.000000,0.000000,0.000000,0.000000,0.000000,,,,,,,,,,,,
741093,,,,,,,,,,,0.000000,0.000000,0.000000,0.000000,0.000000,0.000000,,,,,,,,,,,,
741098,,,,,,,,,,,0.000000,0.000000,0.000000,0.000000,0.000000,0.000000,,,,,,,,,,,,
741103,,,,,,,,,,,0.000000,0.000000,0.000000,0.000000,0.000000,0.000000,,,,,,,,,,,,
741108,,,,,,,,,,,0.000000,0.000000,0.000000,0.000000,0.000000,0.000000,,,,,,,,,,,,
741113,,,,,,,,,,,0.000000,0.000000,0.000000,0.000000,0.000000,0.000000,,,,,,,,,,,,
741118,,,,,,,,,,,0.000000,0.000000,0.000000,0.000000,0.000000,0.000000,,,,,,,,,,,,
741123,,,,,,,,,,,0.000000,0.000000,0.000000,0.000000,0.000000,0.000000,,,,,,,,,,,,
741128,,,,,,,,,,,0.000000,0.000000,0.000000,0.000000,0.000000,0.000000,,,,,,,,,,,,
741133,,,,,,,,,,,0.000000,0.000000,0.000000,0.000000,0.000000,0.000000,,,,,,,,,,,,
741145,,,,,,,,,,,0.000000,0.000000,0.000000,0.000000,0.000000,0.000000,,,,,,,,,,,,
741148,,,,,,,,,,,0.000000,0.000000,0.000000,0.000000,0.000000,0.000000,,,,,,,,,,,,
741153,,,,,,,,,,,0.000000,0.000000,0.000000,0.000000,0.000000,0.000000,,,,,,,,,,,,
741158,,,,,,,,,,,0.000000,0.000000,0.000000,0.000000,0.000000,0.000000,,,,,,,,,,,,
741163,,,,,,,,,,,0.000000,0.000000,0.000000,0.000000,0.000000,0.000000,,,,,,,,,,,,
741168,,,,,,,,,,,0.000000,0.000000,0.000000,0.000000,0.000000,0.000000,,,,,,,,,,,,
741173,,,,,,,,,,,0.000000,0.000000,0.000000,0.000000,0.000000,0.000000,,,,,,,,,,,,
741178,,,,,,,,,,,0.000000,0.000000,0.000000,0.000000,0.000000,0.000000,,,,,,,,,,,,
741183,,,,,,,,,,,0.000000,0.000000,0.000000,0.000000,0.000000,0.000000,,,,,,,,,,,,
741188,,,,,,,,,,,0.000000,0.000000,0.000000,0.000000,0.000000,0.000000,,,,,,,,,,,,
741193,,,,,,,,,,,0.000000,0.000000,0.000000,0.000000,0.000000,0.000000,,,,,,,,,,,,
741198,,,,,,,,,,,0.000000,0.000000,0.000000,0.000000,0.000000,0.000000,,,,,,,,,,,,
741203,,,,,,,,,,,0.000000,0.000000,0.000000,0.000000,0.000000,0.000000,,,,,,,,,,,,
741208,,,,,,,,,,,0.000000,0.000000,0.000000,0.000000,0.000000,0.000000,,,,,,,,,,,,
741213,,,,,,,,,,,0.000000,0.000000,0.000000,0.000000,0.000000,0.000000,,,,,,,,,,,,
741225,,,,,,,,,,,0.000000,0.000000,0.000000,0.000000,0.000000,0.000000,,,,,,,,,,,,
741228,,,,,,,,,,,0.000000,0.000000,0.000000,0.000000,0.000000,0.000000,,,,,,,,,,,,
741233,,,,,,,,,,,0.000000,0.000000,0.000000,0.000000,0.000000,0.000000,,,,,,,,,,,,
741238,,,,,,,,,,,0.000000,0.000000,0.000000,0.000000,0.000000,0.000000,,,,,,,,,,,,
741243,,,,,,,,,,,0.000000,0.000000,0.000000,0.000000,0.000000,0.000000,,,,,,,,,,,,
741248,,,,,,,,,,,0.000000,0.000000,0.000000,0.000000,0.000000,0.000000,,,,,,,,,,,,
741253,,,,,,,,,,,0.000000,0.000000,0.000000,0.000000,0.000000,0.000000,,,,,,,,,,,,
741258,,,,,,,,,,,0.000000,0.000000,0.000000,0.000000,0.000000,0.000000,,,,,,,,,,,,
741263,,,,,,,,,,,0.000000,0.000000,0.000000,0.000000,0.000000,0.000000,,,,,,,,,,,,
741268,,,,,,,,,,,0.000000,0.000000,0.000000,0.000000,0.000000,0.000000,,,,,,,,,,,,
741273,,,,,,,,,,,0.000000,0.000000,0.000000,0.000000,0.000000,0.000000,,,,,,,,,,,,
741285,,,,,,,,,,,0.000000,0.000000,0.000000,0.000000,0.000000,0.000000,,,,,,,,,,,,
741288,,,,,,,,,,,0.000000,0.000000,0.000000,0.000000,0.000000,0.000000,,,,,,,,,,,,
741293,,,,,,,,,,,0.000000,0.000000,0.000000,0.000000,0.000000,0.000000,,,,,,,,,,,,
741298,,,,,,,,,,,0.000000,0.000000,0.000000,0.000000,0.000000,0.000000,,,,,,,,,,,,
741303,,,,,,,,,,,0.000000,0.000000,0.000000,0.000000,0.000000,0.000000,,,,,,,,,,,,
741308,,,,,,,,,,,0.000000,0.000000,0.000000,0.000000,0.000000,0.000000,,,,,,,,,,,,
741313,,,,,,,,,,,0.000000,0.000000,0.000000,0.000000,0.000000,0.000000,,,,,,,,,,,,
741318,,,,,,,,,,,0.000000,0.000000,0.000000,0.000000,0.000000,0.000000,,,,,,,,,,,,
741323,,,,,,,,,,,0.000000,0.000000,0.000000,0.000000,0.000000,0.000000,,,,,,,,,,,,
741328,,,,,,,,,,,0.000000,0.000000,0.000000,0.000000,0.000000,0.000000,,,,,,,,,,,,
741333,,,,,,,,,,,0.000000,0.000000,0.000000,0.000000,0.000000,0.000000,,,,,,,,,,,,
741345,,,,,,,,,,,0.000000,0.000000,0.000000,0.000000,0.000000,0.000000,,,,,,,,,,,,
741348,,,,,,,,,,,0.000000,0.000000,0.000000,0.000000,0.000000,0.000000,,,,,,,,,,,,
741353,,,,,,,,,,,0.000000,0.000000,0.000000,0.000000,0.000000,0.000000,,,,,,,,,,,,
741358,,,,,,,,,,,0.000000,0.000000,0.000000,0.000000,0.000000,0.000000,,,,,,,,,,,,
741363,,,,,,,,,,,0.000000,0.000000,0.000000,0.000000,0.000000,0.000000,,,,,,,,,,,,
741368,,,,,,,,,,,0.000000,0.000000,0.000000,0.000000,0.000000,0.000000,,,,,,,,,,,,
741373,,,,,,,,,,,0.000000,0.000000,0.000000,0.000000,0.000000,0.000000,,,,,,,,,,,,
741378,,,,,,,,,,,0.000000,0.000000,0.000000,0.000000,0.000000,0.000000,,,,,,,,,,,,
741383,,,,,,,,,,,0.000000,0.000000,0.000000,0.000000,0.000000,0.000000,,,,,,,,,,,,
741388,,,,,,,,,,,0.000000,0.000000,0.000000,0.000000,0.000000,0.000000,,,,,,,,,,,,
741393,,,,,,,,,,,0.000000,0.000000,0.000000,0.000000,0.000000,0.000000,,,,,,,,,,,,
741405,,,,,,,,,,,0.000000,0.000000,0.000000,0.000000,0.000000,0.000000,,,,,,,,,,,,
741408,,,,,,,,,,,0.000000,0.000000,0.000000,0.000000,0.000000,0.000000,,,,,,,,,,,,
741413,,,,,,,,,,,0.000000,0.000000,0.000000,0.000000,0.000000,0.000000,,,,,,,,,,,,
741418,,,,,,,,,,,0.000000,0.000000,0.000000,0.000000,0.000000,0.000000,,,,,,,,,,,,
741423,,,,,,,,,,,0.000000,0.000000,0.000000,0.000000,0.000000,0.000000,,,,,,,,,,,,
741428,,,,,,,,,,,0.000000,0.000000,0.000000,0.000000,0.000000,0.000000,,,,,,,,,,,,
741433,,,,,,,,,,,0.000000,0.000000,0.000000,0.000000,0.000000,0.000000,,,,,,,,,,,,
741438,,,,,,,,,,,0.000000,0.000000,0.000000,0.000000,0.000000,0.000000,,,,,,,,,,,,
741443,,,,,,,,,,,0.000000,0.000000,0.000000,0.000000,0.000000,0.000000,,,,,,,,,,,,
741448,,,,,,,,,,,0.000000,0.000000,0.000000,0.000000,0.000000,0.000000,,,,,,,,,,,,
741453,,,,,,,,,,,0.000000,0.000000,0.000000,0.000000,0.000000,0.000000,,,,,,,,,,,,
741458,,,,,,,,,,,0.000000,0.000000,0.000000,0.000000,0.000000,0.000000,,,,,,,,,,,,
741463,,,,,,,,,,,0.000000,0.000000,0.000000,0.000000,0.000000,0.000000,,,,,,,,,,,,
741468,,,,,,,,,,,0.000000,0.000000,0.000000,0.000000,0.000000,0.000000,,,,,,,,,,,,
741473,,,,,,,,,,,0.000000,0.000000,0.000000,0.000000,0.000000,0.000000,,,,,,,,,,,,
741485,,,,,,,,,,,0.000000,0.000000,0.000000,0.000000,0.000000,0.000000,,,,,,,,,,,,
741488,,,,,,,,,,,0.000000,0.000000,0.000000,0.000000,0.000000,0.000000,,,,,,,,,,,,
741493,,,,,,,,,,,0.000000,0.000000,0.000000,0.000000,0.000000,0.000000,,,,,,,,,,,,
741498,,,,,,,,,,,0.000000,0.000000,0.000000,0.000000,0.000000,0.000000,,,,,,,,,,,,
741503,,,,,,,,,,,0.000000,0.000000,0.000000,0.000000,0.000000,0.000000,,,,,,,,,,,,
741508,,,,,,,,,,,0.007259,-0.000013,0.000000,0.000000,0.000073,-0.000000,,,,,,,,,,,,
741513,,,,,,,,,,,0.007259,-0.000013,0.000000,0.000000,0.000074,-0.000000,,,,,,,,,,,,
741518,,,,,,,,,,,0.007259,-0.000013,0.000000,0.000000,0.000075,-0.000000,,,,,,,,,,,,
741523,,,,,,,,,,,0.007259,-0.000013,0.000000,0.000000,0.000075,-0.000000,,,,,,,,,,,,
741528,,,,,,,,,,,54.170582,70.924225,0.000000,0.000000,0.547126,0.716335,,,,,,,,,,,,
741533,,,,,,,,,,,54.170582,70.924225,0.591445,1.182890,0.546569,0.711480,,,,,,,,,,,,
741545,,,,,,,,,,,54.170582,70.924225,6.439489,11.308410,0.497574,0.622106,,,,,,,,,,,,
741548,,,,,,,,,,,53.797928,71.328476,8.842079,13.883083,0.474317,0.606146,,,,,,,,,,,,
741553,,,,,,,,,,,53.797928,71.328476,12.812068,20.967558,0.438716,0.540338,,,,,,,,,,,,
741558,,,,,,,,,,,53.797928,71.328476,17.031567,27.441845,0.400198,0.479983,,,,,,,,,,,,
741563,,,,,,,,,,,53.797928,71.328476,21.479082,33.949944,0.358955,0.418640,,,,,,,,,,,,
741568,,,,,,,,,,,52.158817,72.524658,24.360643,39.306057,0.316528,0.380363,,,,,,,,,,,,
741573,,,,,,,,,,,52.158817,72.524658,26.994015,44.200848,0.292710,0.334247,,,,,,,,,,,,
741578,,,,,,,,,,,52.158817,72.524658,28.809128,47.491158,0.276894,0.303848,,,,,,,,,,,,
741583,,,,,,,,,,,52.158817,72.524658,29.876461,49.906628,0.268449,0.281955,,,,,,,,,,,,
741588,,,,,,,,,,,49.744003,73.111191,30.851864,51.522610,0.236436,0.273819,,,,,,,,,,,,
741593,,,,,,,,,,,49.744003,73.111191,31.151812,52.407959,0.235296,0.267036,,,,,,,,,,,,
741605,,,,,,,,,,,49.744003,73.111191,30.881216,54.578995,0.241483,0.248518,,,,,,,,,,,,
741608,,,,,,,,,,,46.495068,73.305565,29.404301,52.243874,0.225472,0.275919,,,,,,,,,,,,
741613,,,,,,,,,,,46.495068,73.305565,28.646036,51.292767,0.234840,0.287631,,,,,,,,,,,,
741618,,,,,,,,,,,46.495068,73.305565,27.953081,50.423580,0.243624,0.298611,,,,,,,,,,,,
741623,,,,,,,,,,,46.495068,73.305565,27.319811,49.629257,0.251874,0.308922,,,,,,,,,,,,
741628,,,,,,,,,,,42.752193,73.191002,26.741085,48.903347,0.221833,0.317464,,,,,,,,,,,,
741633,,,,,,,,,,,42.752193,73.191002,26.212204,48.831406,0.228776,0.320620,,,,,,,,,,,,
741638,,,,,,,,,,,42.752193,73.191002,25.728876,48.174217,0.235312,0.329693,,,,,,,,,,,,
741643,,,,,,,,,,,42.752193,73.191002,25.287178,47.573631,0.241475,0.338261,,,,,,,,,,,,
741648,,,,,,,,,,,38.664993,72.838203,24.883522,47.616219,0.206018,0.336829,,,,,,,,,,,,
741653,,,,,,,,,,,38.664993,72.838203,24.514633,47.655136,0.211122,0.338958,,,,,,,,,,,,
741658,,,,,,,,,,,38.664993,72.838203,24.177517,47.690704,0.215942,0.341117,,,,,,,,,,,,
741663,,,,,,,,,,,38.664993,72.838203,23.869436,47.723209,0.220502,0.343304,,,,,,,,,,,,
741668,,,,,,,,,,,34.804886,72.462906,24.179337,48.344360,0.179865,0.335751,,,,,,,,,,,,
741673,,,,,,,,,,,34.804886,72.462906,23.871099,48.320564,0.184040,0.338403,,,,,,,,,,,,
741685,,,,,,,,,,,34.804886,72.462906,23.719666,49.543869,0.187548,0.330287,,,,,,,,,,,,
741688,,,,,,,,,,,31.042070,71.925919,22.859575,48.233871,0.159339,0.340386,,,,,,,,,,,,
741693,,,,,,,,,,,31.042070,71.925919,22.665010,48.219593,0.162123,0.342900,,,,,,,,,,,,
741698,,,,,,,,,,,31.042070,71.925919,22.487204,48.797989,0.164756,0.339429,,,,,,,,,,,,
741703,,,,,,,,,,,31.042070,71.925919,22.324711,49.326569,0.167253,0.336403,,,,,,,,,,,,
741708,,,,,,,,,,,28.251320,71.626785,21.584768,49.809620,0.147411,0.330763,,,,,,,,,,,,
741713,,,,,,,,,,,28.251320,71.626785,21.500002,50.251064,0.148934,0.328486,,,,,,,,,,,,
741718,,,,,,,,,,,28.251320,71.626785,21.422537,51.245934,0.150392,0.320575,,,,,,,,,,,,
741723,,,,,,,,,,,28.251320,71.626785,20.760300,51.563671,0.157763,0.319404,,,,,,,,,,,,
741728,,,,,,,,,,,26.468016,71.217819,20.746546,52.445484,0.140640,0.308374,,,,,,,,,,,,
741733,,,,,,,,,,,26.468016,71.217819,20.733976,52.659904,0.141339,0.308085,,,,,,,,,,,,
741748,,,,,,,,,,,26.468016,71.217819,21.099670,58.572937,0.138557,0.250932,,,,,,,,,,,,
741749,,,,,,,,,,,,,19.282352,53.528038,0.157449,0.303150,,,,,,,,,,,,
741753,,,,,,,,,,,25.741753,70.607590,18.804449,54.240662,0.155659,0.291558,,,,,,,,,,,,
741758,,,,,,,,,,,25.741753,70.607590,18.367708,54.891907,0.160764,0.286617,,,,,,,,,,,,
741763,,,,,,,,,,,25.741753,70.607590,18.560028,55.487061,0.159559,0.282178,,,,,,,,,,,,
741768,,,,,,,,,,,25.903879,69.509163,18.144339,56.030952,0.166113,0.267102,,,,,,,,,,,,
741773,,,,,,,,,,,25.903879,69.509163,17.764452,56.528000,0.170725,0.263430,,,,,,,,,,,,
741778,,,,,,,,,,,25.903879,69.509163,17.417286,56.982235,0.175046,0.260140,,,,,,,,,,,,
741783,,,,,,,,,,,25.903879,69.509163,17.691465,57.397346,0.173125,0.257200,,,,,,,,,,,,
741788,,,,,,,,,,,26.782274,67.831642,17.350586,57.776707,0.186261,0.237637,,,,,,,,,,,,
741793,,,,,,,,,,,26.782274,67.831642,17.630510,58.123390,0.184377,0.235141,,,,,,,,,,,,
741805,,,,,,,,,,,26.782274,67.831642,17.426781,59.892788,0.188121,0.218470,,,,,,,,,,,,
741808,,,,,,,,,,,28.122644,65.686890,17.108698,57.691433,0.205807,0.219836,,,,,,,,,,,,
741813,,,,,,,,,,,28.122644,65.686890,16.818012,58.045464,0.209844,0.217060,,,,,,,,,,,,
741818,,,,,,,,,,,28.122644,65.686890,17.143808,57.777554,0.207684,0.220530,,,,,,,,,,,,
741823,,,,,,,,,,,28.122644,65.686890,17.441544,58.124165,0.205775,0.217820,,,,,,,,,,,,
741828,,,,,,,,,,,29.765684,63.223621,17.713634,57.849476,0.220690,0.196471,,,,,,,,,,,,
741833,,,,,,,,,,,29.765684,63.223621,17.962290,57.598446,0.219384,0.199544,,,,,,,,,,,,
741838,,,,,,,,,,,29.765684,63.223621,18.189529,57.369038,0.218269,0.202424,,,,,,,,,,,,
741843,,,,,,,,,,,29.765684,63.223621,18.397196,57.159389,0.217329,0.205127,,,,,,,,,,,,
741848,,,,,,,,,,,31.752972,60.859238,18.586977,56.967800,0.236621,0.183788,,,,,,,,,,,,
741853,,,,,,,,,,,31.752972,60.859238,18.760412,56.792709,0.236186,0.185945,,,,,,,,,,,,
741865,,,,,,,,,,,31.752972,60.859238,19.991938,57.159950,0.226034,0.182474,,,,,,,,,,,,
741868,,,,,,,,,,,33.735115,58.795238,19.452917,54.602531,0.252674,0.187828,,,,,,,,,,,,
741873,,,,,,,,,,,33.735115,58.795238,20.143213,54.631165,0.247130,0.187958,,,,,,,,,,,,
741878,,,,,,,,,,,33.735115,58.795238,20.774054,54.065884,0.242118,0.194084,,,,,,,,,,,,
741883,,,,,,,,,,,33.735115,58.795238,20.759115,54.140736,0.243565,0.193800,,,,,,,,,,,,
741888,,,,,,,,,,,35.824051,57.123077,21.336908,53.617699,0.260125,0.182660,,,,,,,,,,,,
741893,,,,,,,,,,,35.824051,57.123077,21.864935,53.139709,0.256241,0.187838,,,,,,,,,,,,
741898,,,,,,,,,,,35.824051,57.123077,22.938929,52.702888,0.246789,0.192648,,,,,,,,,,,,
741903,,,,,,,,,,,35.824051,57.123077,23.328974,52.303692,0.244138,0.197122,,,,,,,,,,,,
741908,,,,,,,,,,,37.974030,56.153542,23.685425,52.530323,0.263502,0.185523,,,,,,,,,,,,
741913,,,,,,,,,,,37.974030,56.153542,24.011173,52.145988,0.261641,0.189767,,,,,,,,,,,,
741918,,,,,,,,,,,37.974030,56.153542,24.900311,51.794758,0.254057,0.193715,,,,,,,,,,,,
741923,,,,,,,,,,,37.974030,56.153542,25.712866,51.473778,0.247158,0.197393,,,,,,,,,,,,
741928,,,,,,,,,,,40.068089,55.703449,26.455435,51.180447,0.262034,0.196277,,,,,,,,,,,,
741933,,,,,,,,,,,40.068089,55.703449,27.134047,50.320934,0.256541,0.205411,,,,,,,,,,,,
741945,,,,,,,,,,,40.068089,55.703449,29.147259,50.673988,0.238319,0.202409,,,,,,,,,,,,
741948,,,,,,,,,,,42.225674,55.818081,28.411135,49.266651,0.268637,0.218283,,,,,,,,,,,,
741953,,,,,,,,,,,42.225674,55.818081,28.921303,48.571972,0.264866,0.225955,,,,,,,,,,,,
741958,,,,,,,,,,,42.225674,55.818081,29.978973,48.528572,0.255514,0.227118,,,,,,,,,,,,
741963,,,,,,,,,,,42.225674,55.818081,30.354103,48.488911,0.252950,0.228247,,,,,,,,,,,,
741968,,,,,,,,,,,44.511108,56.475250,30.696922,48.452663,0.273757,0.235984,,,,,,,,,,,,
741973,,,,,,,,,,,44.511108,56.475250,31.601660,48.419540,0.266001,0.237121,,,,,,,,,,,,
741978,,,,,,,,,,,44.511108,56.475250,31.837027,48.389271,0.264915,0.238232,,,,,,,,,,,,
741983,,,,,,,,,,,44.511108,56.475250,32.643566,48.361607,0.258036,0.239320,,,,,,,,,,,,
741988,,,,,,,,,,,46.709198,57.305374,33.380638,48.336327,0.273979,0.248771,,,,,,,,,,,,
741993,,,,,,,,,,,46.709198,57.305374,34.054226,48.313221,0.268509,0.249901,,,,,,,,,,,,
742005,,,,,,,,,,,46.709198,57.305374,36.007710,49.537735,0.250775,0.238743,,,,,,,,,,,,
742008,,,,,,,,,,,49.006264,58.370911,35.272137,48.228264,0.282474,0.263507,,,,,,,,,,,,
742013,,,,,,,,,,,49.006264,58.370911,35.782810,48.214466,0.278690,0.264661,,,,,,,,,,,,
742018,,,,,,,,,,,49.006264,58.370911,36.249500,48.201859,0.275299,0.265804,,,,,,,,,,,,
742023,,,,,,,,,,,49.006264,58.370911,36.675991,48.781780,0.272267,0.260963,,,,,,,,,,,,
742028,,,,,,,,,,,51.266060,59.509651,37.065750,49.311756,0.292387,0.268071,,,,,,,,,,,,
742033,,,,,,,,,,,51.266060,59.509651,38.013382,49.204639,0.284236,0.270172,,,,,,,,,,,,
742038,,,,,,,,,,,51.266060,59.509651,38.287952,49.698193,0.282788,0.266218,,,,,,,,,,,,
742043,,,,,,,,,,,51.266060,59.509651,38.538872,50.149235,0.281552,0.262644,,,,,,,,,,,,
742048,,,,,,,,,,,53.555347,60.670311,39.359623,50.561428,0.297657,0.271139,,,,,,,,,,,,
742053,,,,,,,,,,,53.555347,60.670311,39.518238,50.938122,0.297474,0.268345,,,,,,,,,,,,
742065,,,,,,,,,,,53.555347,60.670311,41.652031,52.861893,0.278125,0.250236,,,,,,,,,,,,
742068,,,,,,,,,,,55.717503,61.730740,40.430313,50.674667,0.313492,0.283818,,,,,,,,,,,,
742073,,,,,,,,,,,55.717503,61.730740,41.088158,51.633053,0.308377,0.275244,,,,,,,,,,,,
742078,,,,,,,,,,,55.717503,61.730740,41.689339,51.917446,0.303768,0.273381,,,,,,,,,,,,
742083,,,,,,,,,,,55.717503,61.730740,42.830185,52.177345,0.293648,0.271738,,,,,,,,,,,,
742088,,,,,,,,,,,57.776161,62.719105,43.281326,53.006302,0.311172,0.274303,,,,,,,,,,,,
742093,,,,,,,,,,,57.776161,62.719105,43.693611,53.172417,0.308458,0.273597,,,,,,,,,,,,
742098,,,,,,,,,,,57.776161,62.719105,44.661831,53.915668,0.300087,0.267044,,,,,,,,,,,,
742103,,,,,,,,,,,57.776161,62.719105,44.955212,54.003460,0.298435,0.267038,,,,,,,,,,,,
742108,,,,,,,,,,,59.922478,63.772446,45.814770,54.083691,0.312714,0.277738,,,,,,,,,,,,
742113,,,,,,,,,,,59.922478,63.772446,46.008850,54.748455,0.312164,0.271993,,,,,,,,,,,,
742118,,,,,,,,,,,59.922478,63.772446,46.186211,54.764519,0.311764,0.272733,,,,,,,,,,,,
742123,,,,,,,,,,,59.922478,63.772446,46.939743,55.370644,0.305527,0.267512,,,,,,,,,,,,
742128,,,,,,,,,,,61.895802,64.825935,47.628372,55.924564,0.319801,0.273398,,,,,,,,,,,,
742133,,,,,,,,,,,61.895802,64.825935,48.257690,56.430775,0.314872,0.269175,,,,,,,,,,,,
742145,,,,,,,,,,,61.895802,64.825935,50.623306,57.938683,0.293058,0.254927,,,,,,,,,,,,
742148,,,,,,,,,,,63.896294,65.894363,49.220333,56.497082,0.328560,0.280967,,,,,,,,,,,,
742153,,,,,,,,,,,63.896294,65.894363,49.712536,56.953979,0.325056,0.277293,,,,,,,,,,,,
742158,,,,,,,,,,,63.896294,65.894363,50.162342,57.371525,0.321931,0.273969,,,,,,,,,,,,
742163,,,,,,,,,,,63.896294,65.894363,50.573410,57.753109,0.319153,0.270968,,,,,,,,,,,,
742168,,,,,,,,,,,65.883522,67.115387,51.540516,58.101826,0.330789,0.280592,,,,,,,,,,,,
742173,,,,,,,,,,,65.883522,67.115387,51.832878,58.420509,0.329270,0.278275,,,,,,,,,,,,
742178,,,,,,,,,,,65.883522,67.115387,52.691505,58.711742,0.322003,0.276203,,,,,,,,,,,,
742183,,,,,,,,,,,65.883522,67.115387,52.884735,58.977894,0.321371,0.274355,,,,,,,,,,,,
742188,,,,,,,,,,,67.698807,68.250626,53.652767,59.221119,0.333248,0.284178,,,,,,,,,,,,
742193,,,,,,,,,,,67.698807,68.250626,54.354649,59.443398,0.327563,0.282836,,,,,,,,,,,,
742205,,,,,,,,,,,67.698807,68.250626,56.204792,61.586647,0.310831,0.262221,,,,,,,,,,,,
742208,,,,,,,,,,,69.449348,69.494392,55.503975,59.830845,0.336739,0.293183,,,,,,,,,,,,
742213,,,,,,,,,,,69.449348,69.494392,56.046410,60.592049,0.332655,0.286461,,,,,,,,,,,,
742218,,,,,,,,,,,69.449348,69.494392,56.542126,60.696247,0.328989,0.286299,,,,,,,,,,,,
742223,,,,,,,,,,,69.449348,69.494392,56.995144,60.791470,0.325704,0.286217,,,,,,,,,,,,
742228,,,,,,,,,,,71.140732,70.657341,57.409145,61.469936,0.339851,0.291980,,,,,,,,,,,,
742233,,,,,,,,,,,71.140732,70.657341,57.787487,61.498524,0.337403,0.292610,,,,,,,,,,,,
742238,,,,,,,,,,,71.140732,70.657341,58.724686,61.524647,0.329272,0.293262,,,,,,,,,,,,
742243,,,,,,,,,,,71.140732,70.657341,58.989719,62.139965,0.327837,0.287961,,,,,,,,,,,,
742248,,,,,,,,,,,72.747711,71.853790,59.231926,62.702286,0.342836,0.295217,,,,,,,,,,,,
742253,,,,,,,,,,,72.747711,71.853790,60.044716,63.216175,0.335979,0.290942,,,,,,,,,,,,
742265,,,,,,,,,,,72.747711,71.853790,68.476280,71.374588,0.252090,0.209406,,,,,,,,,,,,
742266,,,,,,,,,,,72.747711,71.853790,62.578403,65.818527,0.312086,0.265570,,,,,,,,,,,,
742268,,,,,,,,,,,74.363243,73.141052,60.145737,63.106789,0.353990,0.306564,,,,,,,,,,,,
742273,,,,,,,,,,,74.363243,73.141052,60.879822,62.994392,0.347997,0.308702,,,,,,,,,,,,
742278,,,,,,,,,,,74.363243,73.141052,60.959232,63.483120,0.348544,0.304781,,,,,,,,,,,,
742283,,,,,,,,,,,74.363243,73.141052,61.623249,63.929756,0.343177,0.301235,,,,,,,,,,,,
742288,,,,,,,,,,,75.784775,74.194672,62.230076,64.337921,0.352680,0.308676,,,,,,,,,,,,
742293,,,,,,,,,,,75.784775,74.194672,62.784634,64.710930,0.348434,0.305894,,,,,,,,,,,,
742298,,,,,,,,,,,75.784775,74.194672,63.291428,65.051811,0.344616,0.303399,,,,,,,,,,,,
742303,,,,,,,,,,,75.784775,74.194672,63.754574,65.363335,0.341187,0.301167,,,,,,,,,,,,
742308,,,,,,,,,,,76.975189,75.148132,64.177826,65.648026,0.350139,0.308805,,,,,,,,,,,,
742313,,,,,,,,,,,76.975189,75.148132,64.564629,66.499641,0.347512,0.301154,,,,,,,,,,,,
742325,,,,,,,,,,,76.975189,75.148132,73.789787,74.966690,0.255579,0.216501,,,,,,,,,,,,
742326,,,,,,,,,,,76.975189,75.148132,67.434258,69.101242,0.320088,0.275761,,,,,,,,,,,,
742328,,,,,,,,,,,78.236977,76.119408,65.174797,66.106766,0.356607,0.316419,,,,,,,,,,,,
742333,,,,,,,,,,,78.236977,76.119408,65.475723,66.327423,0.354874,0.315192,,,,,,,,,,,,
742338,,,,,,,,,,,78.236977,76.119408,65.750732,67.120522,0.353372,0.308161,,,,,,,,,,,,
742343,,,,,,,,,,,78.236977,76.119408,66.593498,67.253868,0.346109,0.307714,,,,,,,,,,,,
742348,,,,,,,,,,,79.322029,76.961906,66.772232,67.967171,0.356427,0.309905,,,,,,,,,,,,
742353,,,,,,,,,,,79.322029,76.961906,67.527016,68.619041,0.350059,0.304221,,,,,,,,,,,,
742358,,,,,,,,,,,79.322029,76.961906,67.625351,68.623322,0.350245,0.305012,,,,,,,,,,,,
742363,,,,,,,,,,,79.322029,76.961906,68.306656,69.218674,0.344533,0.299833,,,,,,,,,,,,
742368,,,,,,,,,,,79.937065,77.729225,68.337837,69.171303,0.351532,0.308836,,,,,,,,,,,,
742373,,,,,,,,,,,79.937065,77.729225,68.957779,69.719460,0.346430,0.304155,,,,,,,,,,,,
742378,,,,,,,,,,,79.937065,77.729225,68.932877,69.628960,0.347780,0.305870,,,,,,,,,,,,
742383,,,,,,,,,,,79.937065,77.729225,69.501564,70.137695,0.343136,0.301542,,,,,,,,,,,,
742388,,,,,,,,,,,79.955750,78.403526,70.021271,70.602615,0.339120,0.304416,,,,,,,,,,,,
742393,,,,,,,,,,,79.955750,78.403526,70.496216,70.436043,0.335316,0.306878,,,,,,,,,,,,
742405,,,,,,,,,,,79.955750,78.403526,73.520012,73.469765,0.305737,0.276900,,,,,,,,,,,,
742408,,,,,,,,,,,79.971016,78.954285,70.736389,70.690468,0.334650,0.311027,,,,,,,,,,,,
742413,,,,,,,,,,,79.971016,78.954285,70.558296,71.107773,0.337372,0.307639,,,,,,,,,,,,
742418,,,,,,,,,,,79.971016,78.954285,70.986992,71.489136,0.333983,0.304571,,,,,,,,,,,,
742423,,,,,,,,,,,79.971016,78.954285,71.378761,71.837654,0.330925,0.301798,,,,,,,,,,,,
742428,,,,,,,,,,,79.984177,79.429199,71.736786,72.156158,0.328301,0.304089,,,,,,,,,,,,
742433,,,,,,,,,,,79.984177,79.429199,72.063972,72.447227,0.325821,0.301877,,,,,,,,,,,,
742438,,,,,,,,,,,79.984177,79.429199,72.362984,72.713226,0.323593,0.299888,,,,,,,,,,,,
742443,,,,,,,,,,,79.984177,79.429199,72.636238,72.956314,0.321595,0.298105,,,,,,,,,,,,
742448,,,,,,,,,,,79.996933,79.889572,72.885956,73.178467,0.319937,0.301158,,,,,,,,,,,,
742453,,,,,,,,,,,79.996933,79.889572,72.522720,73.381485,0.324317,0.299779,,,,,,,,,,,,
742465,,,,,,,,,,,79.996933,79.889572,75.212471,75.338226,0.297732,0.280412,,,,,,,,,,,,
742468,,,,,,,,,,,79.999992,79.999992,72.283073,72.989441,0.327828,0.305705,,,,,,,,,,,,
742473,,,,,,,,,,,79.999992,79.999992,72.563210,73.208740,0.325770,0.304191,,,,,,,,,,,,
742478,,,,,,,,,,,79.999992,79.999992,72.819221,73.409149,0.323928,0.302846,,,,,,,,,,,,
742483,,,,,,,,,,,79.999992,79.999992,73.053177,73.592300,0.322284,0.301655,,,,,,,,,,,,
742488,,,,,,,,,,,79.999992,79.999992,73.266983,73.759674,0.320819,0.300605,,,,,,,,,,,,
742493,,,,,,,,,,,79.999992,79.999992,73.462379,74.504074,0.319519,0.293711,,,,,,,,,,,,
742498,,,,,,,,,,,79.999992,79.999992,73.640945,74.592918,0.318369,0.293363,,,,,,,,,,,,
742503,,,,,,,,,,,79.999992,79.999992,73.804131,74.674110,0.317356,0.293084,,,,,,,,,,,,
742508,,,,,,,,,,,79.997643,79.915115,73.361816,74.748306,0.322420,0.292010,,,,,,,,,,,,
742513,,,,,,,,,,,79.997643,79.915115,73.549042,74.816116,0.321192,0.291842,,,,,,,,,,,,
742525,,,,,,,,,,,79.997643,79.915115,83.183258,84.932648,0.224532,0.190175,,,,,,,,,,,,
742526,,,,,,,,,,,79.997643,79.915115,76.018669,77.617378,0.296575,0.263557,,,,,,,,,,,,
742528,,,,,,,,,,,79.989754,79.630623,73.019836,74.480850,0.327182,0.292592,,,,,,,,,,,,
742533,,,,,,,,,,,79.989754,79.630623,73.236519,74.571693,0.325690,0.292190,,,,,,,,,,,,
742538,,,,,,,,,,,79.989754,79.630623,74.025978,74.654709,0.318392,0.291857,,,,,,,,,,,,
742543,,,,,,,,,,,79.989754,79.630623,74.155998,75.322021,0.317675,0.285615,,,,,,,,,,,,
742548,,,,,,,,,,,79.984161,79.428635,74.274818,75.340416,0.317002,0.283820,,,,,,,,,,,,
742553,,,,,,,,,,,79.984161,79.428635,74.383408,75.357224,0.316476,0.284059,,,,,,,,,,,,
742558,,,,,,,,,,,79.984161,79.428635,74.482643,75.372581,0.316034,0.284311,,,,,,,,,,,,
742563,,,,,,,,,,,79.984161,79.428635,74.573334,75.386620,0.315668,0.284575,,,,,,,,,,,,
742568,,,,,,,,,,,79.981117,79.318611,74.656212,75.399445,0.315342,0.283738,,,,,,,,,,,,
742573,,,,,,,,,,,79.981117,79.318611,75.323395,75.411171,0.309135,0.284012,,,,,,,,,,,,
742578,,,,,,,,,,,79.981117,79.318611,75.341667,75.421883,0.309417,0.284294,,,,,,,,,,,,
742583,,,,,,,,,,,79.981117,79.318611,75.358368,75.431671,0.309712,0.284585,,,,,,,,,,,,
742588,,,,,,,,,,,79.969719,78.907326,74.782188,75.440620,0.315878,0.280730,,,,,,,,,,,,
742593,,,,,,,,,,,79.969719,78.907326,74.847076,75.448799,0.315742,0.280994,,,,,,,,,,,,
742605,,,,,,,,,,,79.969719,78.907326,77.102730,77.605263,0.293032,0.258958,,,,,,,,,,,,
742608,,,,,,,,,,,79.959938,78.554611,74.601967,74.469772,0.318478,0.287194,,,,,,,,,,,,
742613,,,,,,,,,,,79.959938,78.554611,74.682381,74.561569,0.318201,0.286676,,,,,,,,,,,,
742618,,,,,,,,,,,79.959938,78.554611,74.164421,74.645462,0.323960,0.286228,,,,,,,,,,,,
742623,,,,,,,,,,,79.959938,78.554611,74.282516,74.722130,0.323347,0.285844,,,,,,,,,,,,
742628,,,,,,,,,,,79.947243,78.096581,74.390442,74.792191,0.322697,0.280894,,,,,,,,,,,,
742633,,,,,,,,,,,79.947243,78.096581,74.489075,74.856216,0.322256,0.280577,,,,,,,,,,,,
742638,,,,,,,,,,,79.947243,78.096581,74.579208,75.506172,0.321892,0.274337,,,,,,,,,,,,
742643,,,,,,,,,,,79.947243,78.096581,75.253021,75.508705,0.315623,0.274570,,,,,,,,,,,,
742648,,,,,,,,,,,79.945900,78.048241,75.277359,75.511017,0.315833,0.274318,,,,,,,,,,,,
742653,,,,,,,,,,,79.945900,78.048241,75.299599,75.513130,0.316075,0.274550,,,,,,,,,,,,
742665,,,,,,,,,,,79.945900,78.048241,76.940155,77.118484,0.299546,0.257956,,,,,,,,,,,,
742668,,,,,,,,,,,79.929649,77.461540,74.453400,74.616371,0.324798,0.277394,,,,,,,,,,,,
742673,,,,,,,,,,,79.929649,77.461540,73.955162,74.695541,0.330378,0.276879,,,,,,,,,,,,
742678,,,,,,,,,,,79.929649,77.461540,73.499840,74.767891,0.335574,0.276425,,,,,,,,,,,,
742683,,,,,,,,,,,79.929649,77.461540,73.083733,74.834007,0.340420,0.276027,,,,,,,,,,,,
742688,,,,,,,,,,,79.860352,74.961037,72.703461,74.894432,0.344245,0.250424,,,,,,,,,,,,
742693,,,,,,,,,,,79.860352,74.961037,72.355942,74.949654,0.348471,0.249873,,,,,,,,,,,,
742698,,,,,,,,,,,79.860352,74.961037,72.038361,75.000114,0.352429,0.249364,,,,,,,,,,,,
742703,,,,,,,,,,,79.860352,74.961037,71.156685,74.454788,0.362116,0.254868,,,,,,,,,,,,
742708,,,,,,,,,,,79.786858,72.309227,70.942390,74.547874,0.364409,0.227195,,,,,,,,,,,,
742713,,,,,,,,,,,79.786858,72.309227,70.746559,74.041496,0.367271,0.232086,,,,,,,,,,,,
742724,,,,,,,,,,,79.786858,72.309227,,,0.304273,0.158930,,,,,,,,,,,,
742725,,,,,,,,,,,79.786858,72.309227,70.435135,74.267929,0.371592,0.228730,,,,,,,,,,,,
742728,,,,,,,,,,,79.693260,68.932106,68.508659,72.011330,0.391039,0.217217,,,,,,,,,,,,
742733,,,,,,,,,,,79.693260,68.932106,68.522446,71.723427,0.392018,0.219817,,,,,,,,,,,,
742738,,,,,,,,,,,79.693260,68.932106,68.535042,70.868874,0.393008,0.228169,,,,,,,,,,,,
742743,,,,,,,,,,,79.693260,68.932106,68.546555,70.679375,0.394008,0.229889,,,,,,,,,,,,
742748,,,,,,,,,,,79.559502,64.105400,68.557076,69.914749,0.393665,0.188687,,,,,,,,,,,,
742753,,,,,,,,,,,79.559502,64.105400,69.158134,69.215981,0.388695,0.195164,,,,,,,,,,,,
742758,,,,,,,,,,,79.559502,64.105400,69.115982,68.577400,0.390161,0.201102,,,,,,,,,,,,
742763,,,,,,,,,,,79.559502,64.105400,69.077454,67.402374,0.391594,0.212523,,,,,,,,,,,,
742768,,,,,,,,,,,79.421921,59.141171,67.267914,66.328552,0.409529,0.172900,,,,,,,,,,,,
742773,,,,,,,,,,,79.421921,59.141171,64.431335,65.347221,0.439394,0.182093,,,,,,,,,,,,
742785,,,,,,,,,,,79.421921,59.141171,64.079910,64.355263,0.445373,0.190428,,,,,,,,,,,,
742788,,,,,,,,,,,78.267982,52.406078,62.109364,61.178108,0.455154,0.153971,,,,,,,,,,,,
742793,,,,,,,,,,,78.267982,52.406078,62.082874,60.048939,0.457038,0.164499,,,,,,,,,,,,
742798,,,,,,,,,,,78.267982,52.406078,62.650112,58.425579,0.452927,0.180130,,,,,,,,,,,,
742803,,,,,,,,,,,78.267982,52.406078,62.577049,57.533485,0.455227,0.188538,,,,,,,,,,,,
742808,,,,,,,,,,,72.557220,39.691639,63.693169,56.126785,0.387845,0.073817,,,,,,,,,,,,
742813,,,,,,,,,,,72.557220,39.691639,64.121712,53.658352,0.384403,0.097105,,,,,,,,,,,,
742818,,,,,,,,,,,72.557220,39.691639,63.921898,51.402527,0.387264,0.118492,,,,,,,,,,,,
742823,,,,,,,,,,,72.557220,39.691639,63.739296,48.749550,0.389972,0.144116,,,,,,,,,,,,
742828,,,,,,,,,,,0.000000,0.000000,63.572422,46.916519,-0.340288,-0.239161,,,,,,,,,,,,
742833,,,,,,,,,,,0.000000,0.000000,62.828476,43.467033,-0.339132,-0.209013,,,,,,,,,,,,
742838,,,,,,,,,,,0.000000,0.000000,58.599937,39.723209,-0.302706,-0.175547,,,,,,,,,,,,
742843,,,,,,,,,,,0.000000,0.000000,52.961269,35.710396,-0.251616,-0.138990,,,,,,,,,,,,
742848,,,,,,,,,,,0.000000,0.000000,46.625370,31.451763,-0.192919,-0.099549,,,,,,,,,,,,
742853,,,,,,,,,,,0.000000,0.000000,40.243736,27.559927,-0.133128,-0.063387,,,,,,,,,,,,
742865,,,,,,,,,,,0.000000,0.000000,27.123835,20.314377,-0.007609,0.004814,,,,,,,,,,,,
742868,,,,,,,,,,,0.000000,0.000000,23.604763,17.973251,0.025221,0.026428,,,,,,,,,,,,
742873,,,,,,,,,,,0.000000,0.000000,19.205900,15.833767,0.067289,0.046240,,,,,,,,,,,,
742878,,,,,,,,,,,0.000000,0.000000,15.777357,13.878556,0.099997,0.064404,,,,,,,,,,,,
742883,,,,,,,,,,,0.000000,0.000000,13.235560,12.683193,0.124092,0.075089,,,,,,,,,,,,
742888,,,,,,,,,,,0.000000,0.000000,11.504134,11.590787,0.140255,0.084854,,,,,,,,,,,,
742893,,,,,,,,,,,0.000000,0.000000,9.921836,10.592470,0.155086,0.093778,,,,,,,,,,,,
742898,,,,,,,,,,,0.000000,0.000000,9.067266,9.680139,0.162725,0.101934,,,,,,,,,,,,
742903,,,,,,,,,,,0.000000,0.000000,8.286301,8.846386,0.169706,0.109386,,,,,,,,,,,,
742908,,,,,,,,,,,0.000000,0.000000,7.572600,8.084445,0.176086,0.116197,,,,,,,,,,,,
742913,,,,,,,,,,,0.000000,0.000000,7.511815,7.388130,0.175943,0.122422,,,,,,,,,,,,
742925,,,,,,,,,,,0.000000,0.000000,8.976070,6.710760,0.159420,0.127790,,,,,,,,,,,,
742928,,,,,,,,,,,0.000000,0.000000,8.794405,6.132761,0.160357,0.132957,,,,,,,,,,,,
742933,,,,,,,,,,,0.000000,0.000000,8.628386,5.604545,0.161155,0.137679,,,,,,,,,,,,
742938,,,,,,,,,,,0.000000,0.000000,7.885221,5.121824,0.167798,0.141994,,,,,,,,,,,,
742943,,,,,,,,,,,0.000000,0.000000,7.206065,4.680680,0.173869,0.145937,,,,,,,,,,,,
742948,,,,,,,,,,,0.000000,0.000000,6.585405,4.277533,0.179417,0.149541,,,,,,,,,,,,
742953,,,,,,,,,,,0.000000,0.000000,6.018203,3.909108,0.184487,0.152834,,,,,,,,,,,,
742958,,,,,,,,,,,0.000000,0.000000,5.499854,3.572416,0.189121,0.155844,,,,,,,,,,,,
742963,,,,,,,,,,,0.000000,0.000000,5.026151,3.264723,0.193355,0.158594,,,,,,,,,,,,
742968,,,,,,,,,,,0.000000,0.000000,4.593247,2.983531,0.197225,0.161108,,,,,,,,,,,,
742973,,,,,,,,,,,0.000000,0.000000,4.197630,2.726559,0.200761,0.163405,,,,,,,,,,,,
742985,,,,,,,,,,,0.000000,0.000000,3.505684,2.277108,0.206946,0.167422,,,,,,,,,,,,
742988,,,,,,,,,,,0.000000,0.000000,3.203739,2.080980,0.209646,0.169176,,,,,,,,,,,,
742993,,,,,,,,,,,0.000000,0.000000,2.927800,2.493190,0.212112,0.164804,,,,,,,,,,,,
742998,,,,,,,,,,,0.000000,0.000000,2.675628,2.869896,0.214366,0.160750,,,,,,,,,,,,
743003,,,,,,,,,,,0.000000,0.000000,2.445176,3.214156,0.216426,0.156986,,,,,,,,,,,,
743008,,,,,,,,,,,0.000000,0.000000,2.234573,2.937320,0.218309,0.159461,,,,,,,,,,,,
743013,,,,,,,,,,,0.000000,0.000000,2.042109,3.275773,0.220029,0.155749,,,,,,,,,,,,
743018,,,,,,,,,,,0.000000,0.000000,1.866221,3.585075,0.221602,0.152297,,,,,,,,,,,,
743023,,,,,,,,,,,0.000000,0.000000,1.705483,3.867736,0.223038,0.149084,,,,,,,,,,,,
743028,,,,,,,,,,,0.000000,0.000000,1.558590,4.126052,0.224351,0.146088,,,,,,,,,,,,
743033,,,,,,,,,,,0.000000,0.000000,1.424348,4.362120,0.225551,0.143291,,,,,,,,,,,,
743038,,,,,,,,,,,0.000000,0.000000,1.301669,4.577854,0.226648,0.140676,,,,,,,,,,,,
743043,,,,,,,,,,,0.000000,0.000000,1.189556,4.183563,0.227650,0.144200,,,,,,,,,,,,
743048,,,,,,,,,,,0.000000,0.000000,1.087099,4.414677,0.228566,0.141448,,,,,,,,,,,,
743053,,,,,,,,,,,0.000000,0.000000,0.993467,4.034440,0.229403,0.144847,,,,,,,,,,,,
743065,,,,,,,,,,,0.000000,0.000000,0.829702,3.909898,0.230867,0.145273,,,,,,,,,,,,
743068,,,,,,,,,,,0.000000,0.000000,1.349684,4.164583,0.225532,0.142310,,,,,,,,,,,,
743073,,,,,,,,,,,0.000000,0.000000,1.233436,3.805886,0.226571,0.145516,,,,,,,,,,,,
743078,,,,,,,,,,,0.000000,0.000000,1.718644,4.069530,0.221547,0.142473,,,,,,,,,,,,
743083,,,,,,,,,,,0.000000,0.000000,2.162062,4.310465,0.216897,0.139633,,,,,,,,,,,,
743088,,,,,,,,,,,0.000000,0.000000,2.567288,4.530649,0.212588,0.136978,,,,,,,,,,,,
743093,,,,,,,,,,,0.000000,0.000000,2.937612,4.140423,0.208591,0.140466,,,,,,,,,,,,
743098,,,,,,,,,,,0.000000,0.000000,3.867485,4.375252,0.198906,0.137680,,,,,,,,,,,,
743103,,,,,,,,,,,0.000000,0.000000,4.125822,5.181301,0.195910,0.129101,,,,,,,,,,,,
743108,,,,,,,,,,,0.000000,0.000000,4.361909,5.326479,0.193113,0.127117,,,,,,,,,,,,
743113,,,,,,,,,,,0.000000,0.000000,5.169106,5.459153,0.184524,0.125244,,,,,,,,,,,,
743125,,,,,,,,,,,0.000000,0.000000,6.479035,5.640263,0.170068,0.122252,,,,,,,,,,,,
743128,,,,,,,,,,,0.000000,0.000000,6.512439,5.745911,0.169082,0.120621,,,,,,,,,,,,
743133,,,,,,,,,,,0.000000,0.000000,7.134411,6.433904,0.162149,0.113098,,,,,,,,,,,,
743138,,,,,,,,,,,0.000000,0.000000,7.702813,6.471195,0.155695,0.112078,,,,,,,,,,,,
743143,,,,,,,,,,,0.000000,0.000000,8.222258,6.505275,0.149678,0.111086,,,,,,,,,,,,
743148,,,,,,,,,,,0.000000,0.000000,8.696962,7.127864,0.144061,0.104148,,,,,,,,,,,,
743153,,,,,,,,,,,0.000000,0.000000,9.130781,7.105384,0.138810,0.103662,,,,,,,,,,,,
743158,,,,,,,,,,,0.000000,0.000000,9.527235,7.676286,0.133893,0.097185,,,,,,,,,,,,
743163,,,,,,,,,,,0.000000,0.000000,10.480987,7.606571,0.123307,0.097122,,,,,,,,,,,,
743168,,,,,,,,,,,0.000000,0.000000,10.761147,8.134305,0.119429,0.091031,,,,,,,,,,,,
743173,,,,,,,,,,,0.000000,0.000000,11.017177,8.025141,0.115767,0.091320,,,,,,,,,,,,
743185,,,,,,,,,,,0.000000,0.000000,11.903601,8.864275,0.104410,0.081072,,,,,,,,,,,,
743188,,,,,,,,,,,0.000000,0.000000,11.469786,8.692238,0.107601,0.081924,,,,,,,,,,,,
743193,,,,,,,,,,,0.000000,0.000000,11.664781,9.126463,0.104485,0.076669,,,,,,,,,,,,
743198,,,,,,,,,,,0.000000,0.000000,11.842980,8.931844,0.101519,0.077722,,,,,,,,,,,,
743203,,,,,,,,,,,0.000000,0.000000,12.005832,9.345432,0.098690,0.072651,,,,,,,,,,,,
743208,,,,,,,,,,,0.000000,0.000000,12.154656,9.131953,0.095986,0.073873,,,,,,,,,,,,
743213,,,,,,,,,,,0.000000,0.000000,12.290663,9.528306,0.093397,0.068956,,,,,,,,,,,,
743218,,,,,,,,,,,0.000000,0.000000,12.414955,9.299076,0.090912,0.070319,,,,,,,,,,,,
743223,,,,,,,,,,,0.000000,0.000000,12.528543,9.681034,0.088524,0.065531,,,,,,,,,,,,
743228,,,,,,,,,,,0.000000,0.000000,12.632346,9.438649,0.086222,0.067011,,,,,,,,,,,,
743233,,,,,,,,,,,0.000000,0.000000,12.727209,9.808586,0.084001,0.062331,,,,,,,,,,,,
743243,,,,,,,,,,,0.000000,0.000000,,,,,,,,,,,,,,,,
743244,,,,,,,,,,,0.000000,0.000000,12.842187,9.813230,0.080227,0.060229,,,,,,,,,,,,
743248,,,,,,,,,,,0.000000,0.000000,12.327532,9.559459,0.084140,0.061811,,,,,,,,,,,,
743253,,,,,,,,,,,0.000000,0.000000,12.448648,9.327545,0.081684,0.063198,,,,,,,,,,,,
743258,,,,,,,,,,,0.000000,0.000000,11.967889,9.115606,0.085295,0.064405,,,,,,,,,,,,
743263,,,,,,,,,,,0.000000,0.000000,12.119982,9.513367,0.082562,0.059476,,,,,,,,,,,,
743268,,,,,,,,,,,0.000000,0.000000,12.258975,9.285423,0.079946,0.060827,,,,,,,,,,,,
743273,,,,,,,,,,,0.000000,0.000000,12.385997,9.077113,0.077438,0.062003,,,,,,,,,,,,
743278,,,,,,,,,,,0.000000,0.000000,11.910633,8.886744,0.081000,0.063018,,,,,,,,,,,,
743283,,,,,,,,,,,0.000000,0.000000,11.476213,9.304217,0.084197,0.057913,,,,,,,,,,,,
743288,,,,,,,,,,,0.000000,0.000000,11.670653,9.094288,0.081085,0.059102,,,,,,,,,,,,
743293,,,,,,,,,,,0.000000,0.000000,11.848348,9.493885,0.078123,0.054157,,,,,,,,,,,,
743298,,,,,,,,,,,0.000000,0.000000,11.419291,9.267620,0.081272,0.055493,,,,,,,,,,,,
743303,,,,,,,,,,,0.000000,0.000000,11.618635,9.060843,0.078117,0.056655,,,,,,,,,,,,
743308,,,,,,,,,,,0.000000,0.000000,11.209365,8.871875,0.081089,0.057657,,,,,,,,,,,,
743313,,,,,,,,,,,0.000000,0.000000,10.835345,8.699183,0.083745,0.058514,,,,,,,,,,,,
743324,,,,,,,,,,,0.000000,0.000000,10.670736,8.886703,0.083157,0.054778,,,,,,,,,,,,
743328,,,,,,,,,,,0.000000,0.000000,10.934553,8.712735,0.079425,0.055646,,,,,,,,,,,,
743333,,,,,,,,,,,0.000000,0.000000,10.584203,8.553750,0.081870,0.056381,,,,,,,,,,,,
743338,,,,,,,,,,,0.000000,0.000000,10.264029,8.408459,0.084045,0.056993,,,,,,,,,,,,
743343,,,,,,,,,,,0.000000,0.000000,10.562876,8.275681,0.080001,0.057493,,,,,,,,,,,,
743348,,,,,,,,,,,0.000000,0.000000,10.244538,8.154340,0.082160,0.057891,,,,,,,,,,,,
743353,,,,,,,,,,,0.000000,0.000000,9.953619,8.043449,0.084073,0.058196,,,,,,,,,,,,
743358,,,,,,,,,,,0.000000,0.000000,9.687757,8.533555,0.085763,0.052441,,,,,,,,,,,,
743363,,,,,,,,,,,0.000000,0.000000,9.444793,8.390003,0.087248,0.053038,,,,,,,,,,,,
743368,,,,,,,,,,,0.000000,0.000000,9.814200,8.258816,0.082573,0.053524,,,,,,,,,,,,
743373,,,,,,,,,,,0.000000,0.000000,9.560347,7.547482,0.084155,0.059882,,,,,,,,,,,,
743385,,,,,,,,,,,0.000000,0.000000,9.605911,7.924851,0.081688,0.054449,,,,,,,,,,,,
743388,,,,,,,,,,,0.000000,0.000000,8.778552,7.833727,0.089084,0.054577,,,,,,,,,,,,
743393,,,,,,,,,,,0.000000,0.000000,8.613898,7.750452,0.089869,0.054634,,,,,,,,,,,,
743398,,,,,,,,,,,0.000000,0.000000,8.463427,7.674348,0.090527,0.054628,,,,,,,,,,,,
743403,,,,,,,,,,,0.000000,0.000000,8.325914,7.604800,0.091070,0.054563,,,,,,,,,,,,
743408,,,,,,,,,,,0.000000,0.000000,8.200247,7.541242,0.091506,0.054445,,,,,,,,,,,,
743413,,,,,,,,,,,0.000000,0.000000,8.085402,6.891714,0.091846,0.060251,,,,,,,,,,,,
743418,,,,,,,,,,,0.000000,0.000000,7.980450,6.889574,0.092098,0.059583,,,,,,,,,,,,
743423,,,,,,,,,,,0.000000,0.000000,7.884537,6.887618,0.092268,0.058914,,,,,,,,,,,,
743428,,,,,,,,,,,0.000000,0.000000,7.796885,6.885831,0.092365,0.058243,,,,,,,,,,,,
743433,,,,,,,,,,,0.000000,0.000000,7.716783,6.884198,0.092395,0.057571,,,,,,,,,,,,
743445,,,,,,,,,,,0.000000,0.000000,8.066244,6.289896,0.087211,0.062197,,,,,,,,,,,,
743448,,,,,,,,,,,0.000000,0.000000,7.371497,6.339592,0.093421,0.061066,,,,,,,,,,,,
743453,,,,,,,,,,,0.000000,0.000000,7.328033,6.385006,0.093123,0.059973,,,,,,,,,,,,
743458,,,,,,,,,,,0.000000,0.000000,7.288313,6.426509,0.092791,0.058916,,,,,,,,,,,,
743463,,,,,,,,,,,0.000000,0.000000,7.252014,5.872993,0.092429,0.063863,,,,,,,,,,,,
743468,,,,,,,,,,,0.000000,0.000000,7.218842,5.958595,0.092039,0.062412,,,,,,,,,,,,
743473,,,,,,,,,,,0.000000,0.000000,6.597081,5.445380,0.097597,0.066999,,,,,,,,,,,,
743478,,,,,,,,,,,0.000000,0.000000,6.620318,5.567813,0.096702,0.065218,,,,,,,,,,,,
743483,,,,,,,,,,,0.000000,0.000000,6.641553,5.679701,0.095826,0.063531,,,,,,,,,,,,
743488,,,,,,,,,,,0.000000,0.000000,6.660960,5.781952,0.094966,0.061930,,,,,,,,,,,,
743493,,,,,,,,,,,0.000000,0.000000,6.678695,5.283952,0.094121,0.066382,,,,,,,,,,,,
743505,,,,,,,,,,,0.000000,0.000000,6.658772,5.493942,0.092925,0.063132,,,,,,,,,,,,
743508,,,,,,,,,,,0.000000,0.000000,6.676696,5.612192,0.092078,0.061388,,,,,,,,,,,,
743513,,,,,,,,,,,0.000000,0.000000,6.693076,5.128813,0.091245,0.065709,,,,,,,,,,,,
743518,,,,,,,,,,,0.000000,0.000000,6.708045,5.278512,0.090425,0.063684,,,,,,,,,,,,
743523,,,,,,,,,,,0.000000,0.000000,6.721724,5.415318,0.089616,0.061774,,,,,,,,,,,,
743528,,,,,,,,,,,0.000000,0.000000,6.734225,5.540340,0.088817,0.059970,,,,,,,,,,,,
743533,,,,,,,,,,,0.000000,0.000000,6.154205,5.063149,0.094002,0.064236,,,,,,,,,,,,
743538,,,,,,,,,,,0.000000,0.000000,6.215587,5.218504,0.092767,0.062160,,,,,,,,,,,,
743543,,,,,,,,,,,0.000000,0.000000,6.271682,5.360478,0.091579,0.060205,,,,,,,,,,,,
743548,,,,,,,,,,,0.000000,0.000000,6.322946,5.490224,0.090434,0.058358,,,,,,,,,,,,
743553,,,,,,,,,,,0.000000,0.000000,6.369794,5.017350,0.089328,0.062585,,,,,,,,,,,,
743558,,,,,,,,,,,0.000000,0.000000,6.412608,5.176650,0.088259,0.060474,,,,,,,,,,,,
743563,,,,,,,,,,,0.000000,0.000000,6.451733,5.322228,0.087222,0.058486,,,,,,,,,,,,
743568,,,,,,,,,,,0.000000,0.000000,6.487489,5.455269,0.086216,0.056610,,,,,,,,,,,,
743573,,,,,,,,,,,0.000000,0.000000,6.520165,5.576850,0.085237,0.054837,,,,,,,,,,,,
743585,,,,,,,,,,,0.000000,0.000000,5.985872,5.198055,0.089327,0.057536,,,,,,,,,,,,
743588,,,,,,,,,,,0.000000,0.000000,6.061752,5.341790,0.087962,0.055565,,,,,,,,,,,,
743593,,,,,,,,,,,0.000000,0.000000,6.131097,5.473145,0.086655,0.053704,,,,,,,,,,,,
743598,,,,,,,,,,,0.000000,0.000000,5.603024,5.001742,0.091376,0.057918,,,,,,,,,,,,
743603,,,,,,,,,,,0.000000,0.000000,5.711880,5.162386,0.089716,0.055795,,,,,,,,,,,,
743608,,,,,,,,,,,0.000000,0.000000,5.811359,5.309194,0.088140,0.053796,,,,,,,,,,,,
743613,,,,,,,,,,,0.000000,0.000000,5.310826,5.443357,0.092614,0.051910,,,,,,,,,,,,
743618,,,,,,,,,,,0.000000,0.000000,5.444848,4.974519,0.090729,0.056101,,,,,,,,,,,,
743623,,,,,,,,,,,0.000000,0.000000,5.567327,5.137508,0.088948,0.053957,,,,,,,,,,,,
743628,,,,,,,,,,,0.000000,0.000000,5.679257,5.286458,0.087261,0.051939,,,,,,,,,,,,
743633,,,,,,,,,,,0.000000,0.000000,5.781546,4.831134,0.085660,0.056009,,,,,,,,,,,,
743645,,,,,,,,,,,0.000000,0.000000,5.369008,5.115768,0.088661,0.052092,,,,,,,,,,,,
743648,,,,,,,,,,,0.000000,0.000000,5.498019,4.675146,0.086821,0.056030,,,,,,,,,,,,
743653,,,,,,,,,,,0.000000,0.000000,5.615919,4.863919,0.085080,0.053656,,,,,,,,,,,,
743658,,,,,,,,,,,0.000000,0.000000,5.132218,4.444989,0.089404,0.057401,,,,,,,,,,,,
743663,,,,,,,,,,,0.000000,0.000000,5.281624,4.653586,0.087382,0.054850,,,,,,,,,,,,
743668,,,,,,,,,,,0.000000,0.000000,5.418162,4.252771,0.085474,0.058433,,,,,,,,,,,,
743673,,,,,,,,,,,0.000000,0.000000,5.542939,4.477924,0.083672,0.055733,,,,,,,,,,,,
743678,,,,,,,,,,,0.000000,0.000000,5.065525,4.092240,0.087940,0.059181,,,,,,,,,,,,
743683,,,,,,,,,,,0.000000,0.000000,5.220675,4.331219,0.085866,0.056358,,,,,,,,,,,,
743688,,,,,,,,,,,0.000000,0.000000,5.362462,3.958170,0.083912,0.059693,,,,,,,,,,,,
743693,,,,,,,,,,,0.000000,0.000000,4.900592,4.208697,0.088041,0.056767,,,,,,,,,,,,
743705,,,,,,,,,,,0.000000,0.000000,5.173776,4.055431,0.084226,0.057450,,,,,,,,,,,,
743708,,,,,,,,,,,0.000000,0.000000,4.728158,3.706136,0.088209,0.060572,,,,,,,,,,,,
743713,,,,,,,,,,,0.000000,0.000000,4.912365,3.978370,0.085876,0.057452,,,,,,,,,,,,
743718,,,,,,,,,,,0.000000,0.000000,5.080707,3.635713,0.083684,0.060515,,,,,,,,,,,,
743723,,,,,,,,,,,0.000000,0.000000,4.643105,3.914013,0.087596,0.057341,,,,,,,,,,,,
743728,,,,,,,,,,,0.000000,0.000000,4.834638,3.576898,0.085197,0.060354,,,,,,,,,,,,
743733,,,,,,,,,,,0.000000,0.000000,4.418229,3.860264,0.088919,0.057134,,,,,,,,,,,,
743738,,,,,,,,,,,0.000000,0.000000,4.629131,3.527779,0.086347,0.060107,,,,,,,,,,,,
743743,,,,,,,,,,,0.000000,0.000000,4.821868,3.815375,0.083938,0.056849,,,,,,,,,,,,
743748,,,,,,,,,,,0.000000,0.000000,4.998004,3.486756,0.081677,0.059787,,,,,,,,,,,,
743753,,,,,,,,,,,0.000000,0.000000,4.567525,3.777886,0.085525,0.056497,,,,,,,,,,,,
743758,,,,,,,,,,,0.000000,0.000000,4.174123,4.043941,0.089041,0.053432,,,,,,,,,,,,
743763,,,,,,,,,,,0.000000,0.000000,3.814605,3.695635,0.092255,0.056546,,,,,,,,,,,,
743768,,,,,,,,,,,0.000000,0.000000,4.077497,3.968774,0.089218,0.053418,,,,,,,,,,,,
743773,,,,,,,,,,,0.000000,0.000000,4.317747,3.626943,0.086384,0.056473,,,,,,,,,,,,
743784,,,,,,,,,,,0.000000,0.000000,,,,,,,,,,,,,,,,
743785,,,,,,,,,,,0.000000,0.000000,4.687008,3.569574,0.081710,0.056299,,,,,,,,,,,,
743788,,,,,,,,,,,0.000000,0.000000,4.283315,3.853571,0.085319,0.053074,,,,,,,,,,,,
743793,,,,,,,,,,,0.000000,0.000000,3.914392,3.521662,0.088616,0.056041,,,,,,,,,,,,
743798,,,,,,,,,,,0.000000,0.000000,3.577245,3.809785,0.091630,0.052779,,,,,,,,,,,,
743803,,,,,,,,,,,0.000000,0.000000,3.269136,3.481647,0.094384,0.055712,,,,,,,,,,,,
743808,,,,,,,,,,,0.000000,0.000000,3.579010,3.773217,0.090928,0.052419,,,,,,,,,,,,
743813,,,,,,,,,,,0.000000,0.000000,3.270749,3.448230,0.093683,0.055324,,,,,,,,,,,,
743818,,,,,,,,,,,0.000000,0.000000,3.580483,3.742678,0.090228,0.052005,,,,,,,,,,,,
743823,,,,,,,,,,,0.000000,0.000000,3.863541,3.420320,0.087011,0.054887,,,,,,,,,,,,
743828,,,,,,,,,,,0.000000,0.000000,4.122218,3.125727,0.084012,0.057520,,,,,,,,,,,,
743833,,,,,,,,,,,0.000000,0.000000,3.767171,3.447953,0.087186,0.053953,,,,,,,,,,,,
743845,,,,,,,,,,,0.000000,0.000000,3.146183,3.420089,0.092737,0.053516,,,,,,,,,,,,
743848,,,,,,,,,,,0.000000,0.000000,2.875201,3.125516,0.095159,0.056149,,,,,,,,,,,,
743853,,,,,,,,,,,0.000000,0.000000,2.627560,3.447759,0.097373,0.052582,,,,,,,,,,,,
743858,,,,,,,,,,,0.000000,0.000000,2.401248,3.150803,0.099396,0.055236,,,,,,,,,,,,
743863,,,,,,,,,,,0.000000,0.000000,2.194427,2.879424,0.101244,0.057662,,,,,,,,,,,,
743868,,,,,,,,,,,0.000000,0.000000,2.596866,3.222863,0.096960,0.053905,,,,,,,,,,,,
743873,,,,,,,,,,,0.000000,0.000000,2.964642,2.945278,0.092986,0.056387,,,,,,,,,,,,
743878,,,,,,,,,,,0.000000,0.000000,3.300742,3.283045,0.089295,0.052681,,,,,,,,,,,,
743883,,,,,,,,,,,0.000000,0.000000,3.016448,3.000276,0.091836,0.055208,,,,,,,,,,,,
743888,,,,,,,,,,,0.000000,0.000000,2.756641,3.333306,0.094159,0.051545,,,,,,,,,,,,
743893,,,,,,,,,,,0.000000,0.000000,2.519211,3.046208,0.096281,0.054111,,,,,,,,,,,,
743908,,,,,,,,,,,0.000000,0.000000,2.416676,2.818894,0.096511,0.055456,,,,,,,,,,,,
743913,,,,,,,,,,,0.000000,0.000000,2.799972,3.167547,0.092398,0.051653,,,,,,,,,,,,
743918,,,,,,,,,,,0.000000,0.000000,2.558810,2.894725,0.094554,0.054092,,,,,,,,,,,,
743923,,,,,,,,,,,0.000000,0.000000,2.929864,3.236847,0.090550,0.050347,,,,,,,,,,,,
743928,,,,,,,,,,,0.000000,0.000000,2.677514,2.958057,0.092806,0.052839,,,,,,,,,,,,
743933,,,,,,,,,,,0.000000,0.000000,3.038344,2.703279,0.088894,0.055116,,,,,,,,,,,,
743938,,,,,,,,,,,0.000000,0.000000,2.776651,3.061889,0.091233,0.051224,,,,,,,,,,,,
743943,,,,,,,,,,,0.000000,0.000000,3.128942,2.798168,0.087397,0.053581,,,,,,,,,,,,
743948,,,,,,,,,,,0.000000,0.000000,2.859446,2.557161,0.089806,0.055736,,,,,,,,,,,,
743953,,,,,,,,,,,0.000000,0.000000,2.613161,2.928357,0.092008,0.051731,,,,,,,,,,,,
743965,,,,,,,,,,,0.000000,0.000000,2.722906,2.445641,0.090340,0.056046,,,,,,,,,,,,
743968,,,,,,,,,,,0.000000,0.000000,3.079827,2.826442,0.086463,0.051955,,,,,,,,,,,,
743973,,,,,,,,,,,0.000000,0.000000,2.814561,2.583000,0.088834,0.054131,,,,,,,,,,,,
743978,,,,,,,,,,,0.000000,0.000000,3.163587,2.360526,0.085027,0.056120,,,,,,,,,,,,
743983,,,,,,,,,,,0.000000,0.000000,2.891107,2.748658,0.087463,0.051964,,,,,,,,,,,,
743988,,,,,,,,,,,0.000000,0.000000,3.233540,2.511916,0.083715,0.054080,,,,,,,,,,,,
743993,,,,,,,,,,,0.000000,0.000000,2.955034,2.295564,0.086205,0.056014,,,,,,,,,,,,
743998,,,,,,,,,,,0.000000,0.000000,2.700516,2.689292,0.088480,0.051808,,,,,,,,,,,,
744003,,,,,,,,,,,0.000000,0.000000,3.059365,2.457663,0.084586,0.053878,,,,,,,,,,,,
744008,,,,,,,,,,,0.000000,0.000000,2.795861,2.245984,0.086941,0.055771,,,,,,,,,,,,
744013,,,,,,,,,,,0.000000,0.000000,3.146498,2.643981,0.083120,0.051526,,,,,,,,,,,,
744018,,,,,,,,,,,0.000000,0.000000,2.875490,2.416255,0.085543,0.053562,,,,,,,,,,,,
744023,,,,,,,,,,,0.000000,0.000000,2.627823,2.799587,0.087757,0.049449,,,,,,,,,,,,
744028,,,,,,,,,,,0.000000,0.000000,2.992933,2.558458,0.083806,0.051604,,,,,,,,,,,,
744033,,,,,,,,,,,0.000000,0.000000,2.735151,2.338098,0.086110,0.053574,,,,,,,,,,,,
744045,,,,,,,,,,,0.000000,0.000000,2.824787,2.493185,0.084623,0.051501,,,,,,,,,,,,
744048,,,,,,,,,,,0.000000,0.000000,2.581487,2.278446,0.086797,0.053420,,,,,,,,,,,,
744053,,,,,,,,,,,0.000000,0.000000,2.359143,2.673648,0.088785,0.049201,,,,,,,,,,,,
744058,,,,,,,,,,,0.000000,0.000000,2.155950,2.443366,0.090601,0.051259,,,,,,,,,,,,
744063,,,,,,,,,,,0.000000,0.000000,1.970258,2.824363,0.092261,0.047167,,,,,,,,,,,,
744068,,,,,,,,,,,0.000000,0.000000,1.800559,2.581100,0.093778,0.049342,,,,,,,,,,,,
744073,,,,,,,,,,,0.000000,0.000000,2.236921,2.358790,0.089191,0.051329,,,,,,,,,,,,
744078,,,,,,,,,,,0.000000,0.000000,2.044255,2.747072,0.090913,0.047171,,,,,,,,,,,,
744083,,,,,,,,,,,0.000000,0.000000,2.459628,2.510466,0.086513,0.049286,,,,,,,,,,,,
744088,,,,,,,,,,,0.000000,0.000000,2.839224,2.294239,0.082433,0.051219,,,,,,,,,,,,
744093,,,,,,,,,,,0.000000,0.000000,2.594681,2.688080,0.084619,0.047012,,,,,,,,,,,,
744105,,,,,,,,,,,0.000000,0.000000,2.166969,2.244972,0.088443,0.050973,,,,,,,,,,,,
744108,,,,,,,,,,,0.000000,0.000000,2.571772,2.051612,0.084137,0.052701,,,,,,,,,,,,
744113,,,,,,,,,,,0.000000,0.000000,2.350265,2.466351,0.086117,0.048307,,,,,,,,,,,,
744118,,,,,,,,,,,0.000000,0.000000,2.147836,2.253924,0.087927,0.050206,,,,,,,,,,,,
744123,,,,,,,,,,,0.000000,0.000000,2.554287,2.059793,0.083607,0.051941,,,,,,,,,,,,
744128,,,,,,,,,,,0.000000,0.000000,2.925731,1.882382,0.079600,0.053527,,,,,,,,,,,,
744133,,,,,,,,,,,0.000000,0.000000,2.673737,1.720252,0.081853,0.054977,,,,,,,,,,,,
744138,,,,,,,,,,,0.000000,0.000000,3.034892,2.163532,0.077938,0.050327,,,,,,,,,,,,
744143,,,,,,,,,,,0.000000,0.000000,2.773496,1.977186,0.080274,0.051993,,,,,,,,,,,,
744148,,,,,,,,,,,0.000000,0.000000,3.126060,1.806891,0.076436,0.053515,,,,,,,,,,,,
744153,,,,,,,,,,,0.000000,0.000000,2.856812,1.651263,0.078843,0.054907,,,,,,,,,,,,
744165,,,,,,,,,,,0.000000,0.000000,3.466896,1.919569,0.072016,0.051822,,,,,,,,,,,,
744168,,,,,,,,,,,0.000000,0.000000,3.168292,1.754236,0.074685,0.053299,,,,,,,,,,,,
744173,,,,,,,,,,,0.000000,0.000000,2.895406,1.603143,0.077124,0.054650,,,,,,,,,,,,
744178,,,,,,,,,,,0.000000,0.000000,2.646024,1.465064,0.079354,0.055884,,,,,,,,,,,,
744183,,,,,,,,,,,0.000000,0.000000,2.418122,1.930323,0.081391,0.051039,,,,,,,,,,,,
744188,,,,,,,,,,,0.000000,0.000000,2.801293,1.764064,0.077279,0.052525,,,,,,,,,,,,
744193,,,,,,,,,,,0.000000,0.000000,2.560017,1.612125,0.079436,0.053883,,,,,,,,,,,,
744198,,,,,,,,,,,0.000000,0.000000,2.930967,2.064717,0.075433,0.049151,,,,,,,,,,,,
744203,,,,,,,,,,,0.000000,0.000000,2.678522,1.886882,0.077690,0.050740,,,,,,,,,,,,
744208,,,,,,,,,,,0.000000,0.000000,2.447821,1.724365,0.079752,0.052193,,,,,,,,,,,,
744213,,,,,,,,,,,0.000000,0.000000,2.236989,2.167290,0.081637,0.047547,,,,,,,,,,,,
744218,,,,,,,,,,,0.000000,0.000000,2.044317,1.980621,0.083359,0.049216,,,,,,,,,,,,
744223,,,,,,,,,,,0.000000,0.000000,1.868240,1.810029,0.084933,0.050741,,,,,,,,,,,,
744228,,,,,,,,,,,0.000000,0.000000,1.707328,1.654131,0.086371,0.052134,,,,,,,,,,,,
744233,,,,,,,,,,,0.000000,0.000000,1.560275,2.103105,0.087686,0.047434,,,,,,,,,,,,
744245,,,,,,,,,,,0.000000,0.000000,1.303077,1.756425,0.089985,0.050533,,,,,,,,,,,,
744248,,,,,,,,,,,0.000000,0.000000,1.190842,1.605144,0.090988,0.051885,,,,,,,,,,,,
744253,,,,,,,,,,,0.000000,0.000000,1.088275,2.058337,0.091905,0.047148,,,,,,,,,,,,
744258,,,,,,,,,,,0.000000,0.000000,0.994542,1.881052,0.092743,0.048732,,,,,,,,,,,,
744263,,,,,,,,,,,0.000000,0.000000,0.908881,1.719037,0.093508,0.050181,,,,,,,,,,,,
744268,,,,,,,,,,,0.000000,0.000000,0.830599,2.162421,0.094208,0.045531,,,,,,,,,,,,
744273,,,,,,,,,,,0.000000,0.000000,0.759060,1.976171,0.094848,0.047195,,,,,,,,,,,,
744278,,,,,,,,,,,0.000000,0.000000,0.693682,1.805963,0.095432,0.048717,,,,,,,,,,,,
744283,,,,,,,,,,,0.000000,0.000000,0.633935,2.241860,0.095966,0.044134,,,,,,,,,,,,
744288,,,,,,,,,,,0.000000,0.000000,0.579334,2.048768,0.096454,0.045860,,,,,,,,,,,,
744293,,,,,,,,,,,0.000000,0.000000,0.529436,1.872307,0.096900,0.047437,,,,,,,,,,,,
744315,,,,,,,,,,,0.000000,0.000000,0.369275,1.305914,0.098332,0.052500,,,,,,,,,,,,
744318,,,,,,,,,,,0.000000,0.000000,0.337470,1.193435,0.098616,0.053506,,,,,,,,,,,,
744323,,,,,,,,,,,0.000000,0.000000,0.308403,1.090644,0.098876,0.054424,,,,,,,,,,,,
744328,,,,,,,,,,,0.000000,0.000000,0.281841,1.588152,0.099114,0.049291,,,,,,,,,,,,
744333,,,,,,,,,,,0.000000,0.000000,0.257566,1.451364,0.099331,0.050513,,,,,,,,,,,,
744338,,,,,,,,,,,0.000000,0.000000,0.235381,1.326358,0.099529,0.051631,,,,,,,,,,,,
744343,,,,,,,,,,,0.000000,0.000000,0.215108,1.212118,0.099710,0.052652,,,,,,,,,,,,
744348,,,,,,,,,,,0.000000,0.000000,0.196581,1.699163,0.099876,0.047612,,,,,,,,,,,,
744353,,,,,,,,,,,0.000000,0.000000,0.179649,1.552814,0.100027,0.048920,,,,,,,,,,,,
744365,,,,,,,,,,,0.000000,0.000000,0.150035,1.296845,0.100292,0.051208,,,,,,,,,,,,
744368,,,,,,,,,,,0.000000,0.000000,0.137113,1.185147,0.100407,0.052206,,,,,,,,,,,,
744373,,,,,,,,,,,0.000000,0.000000,0.125303,1.083070,0.100513,0.053119,,,,,,,,,,,,
744378,,,,,,,,,,,0.000000,0.000000,0.114511,0.989785,0.100609,0.053953,,,,,,,,,,,,
744383,,,,,,,,,,,0.000000,0.000000,0.104648,0.904535,0.100698,0.054715,,,,,,,,,,,,
744388,,,,,,,,,,,0.000000,0.000000,0.095635,1.418072,0.100778,0.049438,,,,,,,,,,,,
744393,,,,,,,,,,,0.000000,0.000000,0.087398,1.295933,0.100852,0.050529,,,,,,,,,,,,
744398,,,,,,,,,,,0.000000,0.000000,0.079870,1.184314,0.100919,0.051527,,,,,,,,,,,,
744403,,,,,,,,,,,0.000000,0.000000,0.072991,1.082309,0.100980,0.052439,,,,,,,,,,,,
744408,,,,,,,,,,,-0.062548,-0.461291,0.066704,0.989089,0.100405,0.048613,,,,,,,,,,,,
744413,,,,,,,,,,,-0.062548,-0.461291,0.060959,0.903899,0.100450,0.049329,,,,,,,,,,,,
744425,,,,,,,,,,,-0.062548,-0.461291,0.050910,0.754898,0.100527,0.050568,,,,,,,,,,,,
744428,,,,,,,,,,,45.001068,56.091251,0.046525,1.281324,0.555703,0.616310,,,,,,,,,,,,
744433,,,,,,,,,,,45.001068,56.091251,0.633963,1.762408,0.554265,0.616932,,,,,,,,,,,,
744438,,,,,,,,,,,45.001068,56.091251,2.945139,4.567835,0.535359,0.594030,,,,,,,,,,,,
744443,,,,,,,,,,,45.001068,56.091251,6.240143,7.723076,0.506285,0.567315,,,,,,,,,,,,
744448,,,,,,,,,,,52.599674,62.007648,9.842792,12.380890,0.550520,0.584863,,,,,,,,,,,,
744453,,,,,,,,,,,52.599674,62.007648,14.318033,17.820415,0.509596,0.534887,,,,,,,,,,,,
744458,,,,,,,,,,,52.599674,62.007648,18.999268,23.974323,0.466144,0.477151,,,,,,,,,,,,
744463,,,,,,,,,,,52.599674,62.007648,23.868750,29.598194,0.420322,0.424153,,,,,,,,,,,,
744468,,,,,,,,,,,57.308350,64.972496,27.727377,34.737679,0.431781,0.405430,,,,,,,,,,,,
744473,,,,,,,,,,,57.308350,64.972496,31.253660,38.843056,0.399123,0.366990,,,,,,,,,,,,
744478,,,,,,,,,,,57.308350,64.972496,33.884781,42.003387,0.375154,0.337683,,,,,,,,,,,,
744483,,,,,,,,,,,57.308350,64.972496,36.289280,44.891521,0.353211,0.310810,,,,,,,,,,,,
744488,,,,,,,,,,,61.274845,66.667442,38.486679,47.530899,0.373181,0.303279,,,,,,,,,,,,
744493,,,,,,,,,,,61.274845,66.667442,40.494816,49.351501,0.355178,0.286805,,,,,,,,,,,,
744505,,,,,,,,,,,61.274845,66.667442,44.089138,51.485870,0.322256,0.268012,,,,,,,,,,,,
744508,,,,,,,,,,,64.544701,67.114449,42.657513,50.008606,0.371460,0.288966,,,,,,,,,,,,
744513,,,,,,,,,,,64.544701,67.114449,42.532082,49.250023,0.374915,0.298338,,,,,,,,,,,,
744518,,,,,,,,,,,64.544701,67.114449,43.008900,49.148224,0.372301,0.301152,,,,,,,,,,,,
744523,,,,,,,,,,,64.544701,67.114449,43.444649,49.055191,0.370053,0.303889,,,,,,,,,,,,
744528,,,,,,,,,,,67.288300,66.166031,43.842865,48.970173,0.395851,0.296974,,,,,,,,,,,,
744533,,,,,,,,,,,67.288300,66.166031,43.615341,48.301033,0.400494,0.305452,,,,,,,,,,,,
744538,,,,,,,,,,,67.288300,66.166031,43.998856,47.689526,0.398988,0.313415,,,,,,,,,,,,
744543,,,,,,,,,,,67.288300,66.166031,43.757893,47.130688,0.403750,0.320907,,,,,,,,,,,,
744548,,,,,,,,,,,69.443161,63.718777,44.129131,46.619980,0.424118,0.303251,,,,,,,,,,,,
744553,,,,,,,,,,,69.443161,63.718777,45.059837,46.744705,0.417249,0.303701,,,,,,,,,,,,
744565,,,,,,,,,,,69.443161,63.718777,48.493095,47.146770,0.386715,0.302551,,,,,,,,,,,,
744568,,,,,,,,,,,71.173882,59.503036,46.682156,45.451790,0.424580,0.278748,,,,,,,,,,,,
744573,,,,,,,,,,,71.173882,59.503036,47.392971,45.085686,0.419850,0.283851,,,,,,,,,,,,
744578,,,,,,,,,,,71.173882,59.503036,48.042564,44.751114,0.415667,0.288672,,,,,,,,,,,,
744583,,,,,,,,,,,71.173882,59.503036,48.636208,44.445362,0.411985,0.293235,,,,,,,,,,,,
744588,,,,,,,,,,,72.778061,53.184330,49.178719,44.165943,0.424961,0.233744,,,,,,,,,,,,
744593,,,,,,,,,,,72.778061,53.184330,49.674503,44.502037,0.422314,0.231252,,,,,,,,,,,,
744598,,,,,,,,,,,72.778061,53.184330,50.719032,43.626293,0.414075,0.240965,,,,,,,,,,,,
744603,,,,,,,,,,,72.778061,53.184330,51.673595,43.417419,0.406639,0.244030,,,,,,,,,,,,
744608,,,,,,,,,,,74.366814,44.365181,51.954498,43.226536,0.421959,0.157861,,,,,,,,,,,,
744613,,,,,,,,,,,74.366814,44.365181,52.802650,43.052094,0.415634,0.159737,,,,,,,,,,,,
744625,,,,,,,,,,,74.366814,44.365181,55.500072,42.981846,0.391975,0.160311,,,,,,,,,,,,
744628,,,,,,,,,,,76.315063,32.614735,53.677063,41.645592,0.431951,0.055266,,,,,,,,,,,,
744633,,,,,,,,,,,76.315063,32.614735,53.785404,40.424427,0.433121,0.066697,,,,,,,,,,,,
744638,,,,,,,,,,,76.315063,32.614735,54.475861,39.308441,0.428400,0.077187,,,,,,,,,,,,
744643,,,,,,,,,,,76.315063,32.614735,55.698292,38.288578,0.418237,0.086819,,,,,,,,,,,,
744648,,,,,,,,,,,78.280991,17.972521,56.223991,37.356556,0.434845,-0.052222,,,,,,,,,,,,
744653,,,,,,,,,,,78.280991,17.972521,57.295856,36.504807,0.426225,-0.045557,,,,,,,,,,,,
744658,,,,,,,,,,,78.280991,17.972521,58.275402,35.134975,0.418430,-0.033575,,,,,,,,,,,,
744663,,,,,,,,,,,78.280991,17.972521,59.762024,33.291683,0.405416,-0.016674,,,,,,,,,,,,
744668,,,,,,,,,,,77.848030,2.349917,61.120602,31.607153,0.389173,-0.158981,,,,,,,,,,,,
744673,,,,,,,,,,,77.848030,2.349917,61.770721,28.884823,0.384280,-0.134411,,,,,,,,,,,,
744678,,,,,,,,,,,77.848030,2.349917,62.956291,26.396967,0.373913,-0.111937,,,,,,,,,,,,
744683,,,,,,,,,,,77.848030,2.349917,64.631195,24.123390,0.358486,-0.091379,,,,,,,,,,,,
744688,,,,,,,,,,,77.517311,-9.583540,65.570389,22.045637,0.346982,-0.193099,,,,,,,,,,,,
744693,,,,,,,,,,,77.517311,-9.583540,66.428688,20.146843,0.339507,-0.177084,,,,,,,,,,,,
744705,,,,,,,,,,,77.517311,-9.583540,69.531548,15.744791,0.309421,-0.138277,,,,,,,,,,,,
744708,,,,,,,,,,,69.617241,-13.800488,67.682892,13.797244,0.249100,-0.163731,,,,,,,,,,,,
744713,,,,,,,,,,,69.617241,-13.800488,68.359245,12.017440,0.242462,-0.148515,,,,,,,,,,,,
744718,,,,,,,,,,,69.617241,-13.800488,68.385895,9.799486,0.242319,-0.128695,,,,,,,,,,,,
744723,,,,,,,,,,,69.617241,-13.800488,69.001694,7.772565,0.236222,-0.110583,,,,,,,,,,,,
744728,,,,,,,,,,,59.344566,-10.348707,68.381569,5.920223,0.138793,-0.059169,,,,,,,,,,,,
744733,,,,,,,,,,,59.344566,-10.348707,68.406296,4.818868,0.137640,-0.049672,,,,,,,,,,,,
744738,,,,,,,,,,,59.344566,-10.348707,67.837448,3.220928,0.142479,-0.035050,,,,,,,,,,,,
744743,,,,,,,,,,,59.344566,-10.348707,67.317596,2.352064,0.146880,-0.027631,,,,,,,,,,,,
744748,,,,,,,,,,,52.016193,-1.529097,66.251076,1.558035,0.082838,0.068196,,,,,,,,,,,,
744753,,,,,,,,,,,52.016193,-1.529097,65.276413,0.832397,0.091259,0.075217,,,,,,,,,,,,
744765,,,,,,,,,,,52.016193,-1.529097,64.245178,0.695183,0.098520,0.076137,,,,,,,,,,,,
744768,,,,,,,,,,,49.939407,10.960025,61.077507,0.635306,0.108315,0.202660,,,,,,,,,,,,
744773,,,,,,,,,,,49.939407,10.960025,59.957005,0.580587,0.118518,0.204245,,,,,,,,,,,,
744778,,,,,,,,,,,49.939407,10.960025,58.341564,1.122026,0.133832,0.199814,,,,,,,,,,,,
744783,,,,,,,,,,,49.939407,10.960025,57.456707,2.208276,0.141929,0.189827,,,,,,,,,,,,
744788,,,,,,,,,,,52.977482,25.752539,56.056618,2.609521,0.186003,0.336054,,,,,,,,,,,,
744793,,,,,,,,,,,52.977482,25.752539,54.777119,3.567652,0.198618,0.328691,,,,,,,,,,,,
744798,,,,,,,,,,,52.977482,25.752539,53.607822,5.034704,0.210248,0.316092,,,,,,,,,,,,
744803,,,,,,,,,,,52.977482,25.752539,53.130684,6.966844,0.215004,0.298650,,,,,,,,,,,,
744808,,,,,,,,,,,59.985786,41.841747,52.103195,8.732567,0.296150,0.445195,,,,,,,,,,,,
744813,,,,,,,,,,,59.985786,41.841747,51.755650,11.529099,0.300449,0.420261,,,,,,,,,,,,
744824,,,,,,,,,,,59.985786,41.841747,56.169598,19.407768,0.256691,0.343718,,,,,,,,,,,,
744825,,,,,,,,,,,59.985786,41.841747,51.331699,17.736174,0.305935,0.362845,,,,,,,,,,,,
744828,,,,,,,,,,,30.164717,43.589077,49.867714,19.757223,0.020394,0.362491,,,,,,,,,,,,
744833,,,,,,,,,,,30.164717,43.589077,48.529823,23.969978,0.031936,0.322325,,,,,,,,,,,,
744838,,,,,,,,,,,30.164717,43.589077,47.307163,27.819887,0.042449,0.285403,,,,,,,,,,,,
744843,,,,,,,,,,,30.164717,43.589077,45.006924,31.338203,0.063967,0.251445,,,,,,,,,,,,
744848,,,,,,,,,,,26.279955,41.668182,43.496246,35.144932,0.038504,0.194821,,,,,,,,,,,,
744853,,,,,,,,,,,26.279955,41.668182,41.524239,36.849449,0.056700,0.178257,,,,,,,,,,,,
744858,,,,,,,,,,,26.279955,41.668182,40.313526,36.632824,0.067404,0.180927,,,,,,,,,,,,
744863,,,,,,,,,,,26.279955,41.668182,39.207092,35.843410,0.077175,0.189404,,,,,,,,,,,,
744868,,,,,,,,,,,21.443594,38.500759,37.604511,35.121990,0.043222,0.165282,,,,,,,,,,,,
744873,,,,,,,,,,,21.443594,38.500759,36.731407,33.871262,0.050424,0.178252,,,,,,,,,,,,
744885,,,,,,,,,,,21.443594,38.500759,34.460052,33.203331,0.070209,0.185742,,,,,,,,,,,,
744888,,,,,,,,,,,22.411266,39.223843,32.674892,31.526411,0.096711,0.210512,,,,,,,,,,,,
744893,,,,,,,,,,,22.411266,39.223843,31.634932,31.176815,0.106189,0.214813,,,,,,,,,,,,
744898,,,,,,,,,,,22.411266,39.223843,30.093098,30.857328,0.120839,0.218844,,,,,,,,,,,,
744903,,,,,,,,,,,22.411266,39.223843,29.275507,31.156805,0.128328,0.216656,,,,,,,,,,,,
744908,,,,,,,,,,,26.813133,42.381039,28.528336,30.839043,0.179647,0.252560,,,,,,,,,,,,
744913,,,,,,,,,,,26.813133,42.381039,27.845518,31.140095,0.186372,0.250674,,,,,,,,,,,,
744918,,,,,,,,,,,26.813133,42.381039,27.221512,31.415216,0.192571,0.249019,,,,,,,,,,,,
744923,,,,,,,,,,,26.813133,42.381039,26.651253,31.666641,0.198290,0.247576,,,,,,,,,,,,
744928,,,,,,,,,,,33.935081,47.388107,25.538664,31.896412,0.281475,0.296898,,,,,,,,,,,,
744933,,,,,,,,,,,33.935081,47.388107,25.113348,32.697838,0.286610,0.290353,,,,,,,,,,,,
744938,,,,,,,,,,,33.935081,47.388107,24.724665,32.838791,0.291418,0.290399,,,,,,,,,,,,
744943,,,,,,,,,,,33.935081,47.388107,24.369459,33.559048,0.295927,0.284579,,,,,,,,,,,,
744948,,,,,,,,,,,41.838692,52.759045,24.044847,33.625824,0.379988,0.339534,,,,,,,,,,,,
744953,,,,,,,,,,,41.838692,52.759045,24.339640,34.278294,0.378790,0.334857,,,,,,,,,,,,
744965,,,,,,,,,,,41.838692,52.759045,25.732481,37.275848,0.367841,0.307627,,,,,,,,,,,,
744968,,,,,,,,,,,49.890945,57.987682,25.290472,36.431053,0.455243,0.370517,,,,,,,,,,,,
744973,,,,,,,,,,,49.890945,57.987682,26.660868,37.433353,0.443862,0.362549,,,,,,,,,,,,
744978,,,,,,,,,,,49.890945,57.987682,28.504675,38.940769,0.427563,0.349380,,,,,,,,,,,,
744983,,,,,,,,,,,49.890945,57.987682,30.189674,40.318352,0.412683,0.337371,,,,,,,,,,,,
744988,,,,,,,,,,,56.482758,62.137119,31.729546,41.577282,0.465678,0.368332,,,,,,,,,,,,
744993,,,,,,,,,,,56.482758,62.137119,33.728233,42.727779,0.447966,0.358768,,,,,,,,,,,,
744998,,,,,,,,,,,56.482758,62.137119,36.146217,43.779186,0.425820,0.350090,,,,,,,,,,,,
745003,,,,,,,,,,,56.482758,62.137119,37.764496,44.740036,0.411509,0.342221,,,,,,,,,,,,
745008,,,,,,,,,,,62.861946,65.880188,39.834835,45.618126,0.456900,0.372897,,,,,,,,,,,,
745013,,,,,,,,,,,62.861946,65.880188,41.726856,46.420586,0.440094,0.366818,,,,,,,,,,,,
745025,,,,,,,,,,,62.861946,65.880188,47.280102,50.170040,0.387232,0.332058,,,,,,,,,,,,
745028,,,,,,,,,,,68.149719,68.721939,46.756527,48.806110,0.447485,0.376106,,,,,,,,,,,,
745033,,,,,,,,,,,68.149719,68.721939,48.052383,49.925434,0.436536,0.366793,,,,,,,,,,,,
745038,,,,,,,,,,,68.149719,68.721939,49.828072,50.948349,0.420611,0.358341,,,,,,,,,,,,
745043,,,,,,,,,,,68.149719,68.721939,50.859375,51.291718,0.412027,0.356650,,,,,,,,,,,,
745048,,,,,,,,,,,72.870438,70.926193,51.801849,52.196957,0.451917,0.371513,,,,,,,,,,,,
745053,,,,,,,,,,,72.870438,70.926193,52.663151,53.615669,0.445324,0.359057,,,,,,,,,,,,
745058,,,,,,,,,,,72.870438,70.926193,53.450268,54.320744,0.439395,0.353667,,,,,,,,,,,,
745063,,,,,,,,,,,72.870438,70.926193,54.761032,54.965092,0.428098,0.348820,,,,,,,,,,,,
745068,,,,,,,,,,,76.423836,72.248116,55.958900,55.553940,0.453700,0.357820,,,,,,,,,,,,
745073,,,,,,,,,,,76.423836,72.248116,57.053596,56.683517,0.444690,0.348080,,,,,,,,,,,,
745085,,,,,,,,,,,76.423836,72.248116,60.131290,59.230774,0.416670,0.324653,,,,,,,,,,,,
745088,,,,,,,,,,,79.056740,72.819420,57.909393,57.677883,0.467333,0.347409,,,,,,,,,,,,
745093,,,,,,,,,,,79.056740,72.819420,58.836094,58.624523,0.460088,0.339362,,,,,,,,,,,,
745098,,,,,,,,,,,79.056740,72.819420,59.682976,59.489628,0.453556,0.332044,,,,,,,,,,,,
745103,,,,,,,,,,,79.056740,72.819420,60.456917,60.280224,0.447677,0.325392,,,,,,,,,,,,
745108,,,,,,,,,,,79.798515,72.729881,61.755642,61.002724,0.443912,0.318444,,,,,,,,,,,,
745113,,,,,,,,,,,79.798515,72.729881,62.351063,61.071552,0.439702,0.318922,,,,,,,,,,,,
745118,,,,,,,,,,,79.798515,72.729881,63.486645,61.725895,0.429978,0.313479,,,,,,,,,,,,
745123,,,,,,,,,,,79.798515,72.729881,64.524422,62.323879,0.421127,0.308540,,,,,,,,,,,,
745128,,,,,,,,,,,79.782074,72.136673,65.472816,62.870358,0.412910,0.298070,,,,,,,,,,,,
745133,,,,,,,,,,,79.782074,72.136673,65.748077,62.778324,0.411561,0.299926,,,,,,,,,,,,
745138,,,,,,,,,,,79.782074,72.136673,66.591072,63.285664,0.404450,0.295737,,,,,,,,,,,,
745143,,,,,,,,,,,79.782074,72.136673,67.361465,63.157860,0.397988,0.297913,,,,,,,,,,,,
745148,,,,,,,,,,,79.750275,70.989075,68.065498,63.632507,0.391798,0.282427,,,,,,,,,,,,
745153,,,,,,,,,,,79.750275,70.989075,68.708893,64.066277,0.386468,0.278781,,,,,,,,,,,,
745165,,,,,,,,,,,79.750275,70.989075,71.486816,65.987984,0.359733,0.260007,,,,,,,,,,,,
745168,,,,,,,,,,,79.207634,69.597290,69.469757,63.853096,0.375451,0.268012,,,,,,,,,,,,
745173,,,,,,,,,,,79.207634,69.597290,70.583649,64.267868,0.365174,0.264398,,,,,,,,,,,,
745178,,,,,,,,,,,79.207634,69.597290,71.010155,64.055466,0.361729,0.267076,,,,,,,,,,,,
745183,,,,,,,,,,,79.207634,69.597290,71.399925,64.452805,0.358612,0.263617,,,,,,,,,,,,
745188,,,,,,,,,,,77.526146,68.226723,72.347572,64.815918,0.332838,0.246621,,,,,,,,,,,,
745193,,,,,,,,,,,77.526146,68.226723,72.622154,65.147758,0.330583,0.243611,,,,,,,,,,,,
745198,,,,,,,,,,,77.526146,68.226723,73.464531,64.859573,0.322565,0.246829,,,,,,,,,,,,
745203,,,,,,,,,,,77.526146,68.226723,73.642906,65.187653,0.321170,0.243852,,,,,,,,,,,,
745208,,,,,,,,,,,75.597839,66.942871,73.805923,64.896034,0.300436,0.234135,,,,,,,,,,,,
745213,,,,,,,,,,,75.597839,66.942871,73.954895,64.629532,0.299110,0.237031,,,,,,,,,,,,
745225,,,,,,,,,,,75.597839,66.942871,76.357620,65.866943,0.274212,0.224251,,,,,,,,,,,,
745228,,,,,,,,,,,73.308228,65.549553,73.921036,63.151035,0.275620,0.237717,,,,,,,,,,,,
745233,,,,,,,,,,,73.308228,65.549553,74.060097,63.034828,0.274154,0.239131,,,,,,,,,,,,
745238,,,,,,,,,,,73.308228,65.549553,74.187180,62.928631,0.272796,0.240455,,,,,,,,,,,,
745243,,,,,,,,,,,73.308228,65.549553,74.303314,63.423023,0.271535,0.235724,,,,,,,,,,,,
745248,,,,,,,,,,,70.934563,64.235741,74.409447,63.283390,0.246389,0.224077,,,,,,,,,,,,
745253,,,,,,,,,,,70.934563,64.235741,73.914993,63.155781,0.251036,0.225461,,,,,,,,,,,,
745258,,,,,,,,,,,70.934563,64.235741,74.054573,63.039165,0.249328,0.226747,,,,,,,,,,,,
745263,,,,,,,,,,,70.934563,64.235741,74.182129,62.932594,0.247728,0.227943,,,,,,,,,,,,
745268,,,,,,,,,,,68.810989,63.138130,74.298698,62.835201,0.224777,0.217971,,,,,,,,,,,,
745273,,,,,,,,,,,68.810989,63.138130,73.813782,62.746197,0.229126,0.218900,,,,,,,,,,,,
745285,,,,,,,,,,,68.810989,63.138130,75.158760,63.753567,0.213699,0.208103,,,,,,,,,,,,
745288,,,,,,,,,,,67.044594,62.268726,72.233994,61.811127,0.224763,0.218879,,,,,,,,,,,,
745293,,,,,,,,,,,67.044594,62.268726,71.926910,61.810326,0.227346,0.218933,,,,,,,,,,,,
745298,,,,,,,,,,,67.044594,62.268726,72.237724,61.218147,0.223718,0.224959,,,,,,,,,,,,
745303,,,,,,,,,,,67.044594,62.268726,71.338875,61.268421,0.232278,0.224557,,,,,,,,,,,,
745308,,,,,,,,,,,65.594048,61.618698,71.108894,61.314362,0.219520,0.217627,,,,,,,,,,,,
745313,,,,,,,,,,,65.594048,61.618698,70.898720,61.356346,0.221092,0.217234,,,,,,,,,,,,
745318,,,,,,,,,,,65.594048,61.618698,70.706650,60.803272,0.222501,0.222846,,,,,,,,,,,,
745323,,,,,,,,,,,65.594048,61.618698,70.531120,60.889278,0.223763,0.222059,,,,,,,,,,,,
745328,,,,,,,,,,,64.672447,61.217117,69.779266,60.967876,0.221555,0.217282,,,,,,,,,,,,
745333,,,,,,,,,,,64.672447,61.217117,69.683609,60.448261,0.222010,0.222555,,,,,,,,,,,,
745345,,,,,,,,,,,64.672447,61.217117,69.547401,61.885368,0.221742,0.207532,,,,,,,,,,,,
745348,,,,,,,,,,,64.219452,61.023041,67.105942,60.103840,0.241338,0.223498,,,,,,,,,,,,
745353,,,,,,,,,,,64.219452,61.023041,67.240540,59.658642,0.239689,0.228087,,,,,,,,,,,,
745358,,,,,,,,,,,64.219452,61.023041,66.772102,59.843235,0.244119,0.226359,,,,,,,,,,,,
745363,,,,,,,,,,,64.219452,61.023041,66.344009,60.011929,0.248187,0.224773,,,,,,,,,,,,
745368,,,,,,,,,,,64.146538,61.044788,66.544235,60.166092,0.245216,0.223537,,,,,,,,,,,,
745373,,,,,,,,,,,64.146538,61.044788,66.135773,60.306976,0.249102,0.222202,,,,,,,,,,,,
745378,,,,,,,,,,,64.146538,61.044788,66.353935,60.435726,0.246699,0.220975,,,,,,,,,,,,
745383,,,,,,,,,,,64.146538,61.044788,65.961861,60.553391,0.250438,0.219848,,,,,,,,,,,,
745388,,,,,,,,,,,64.592072,61.495964,66.195000,60.069473,0.252402,0.229341,,,,,,,,,,,,
745393,,,,,,,,,,,64.592072,61.495964,65.816612,60.218681,0.256064,0.227977,,,,,,,,,,,,
745398,,,,,,,,,,,64.592072,61.495964,65.470818,60.355038,0.259434,0.226727,,,,,,,,,,,,
745403,,,,,,,,,,,64.592072,61.495964,65.746254,60.479649,0.256564,0.225583,,,,,,,,,,,,
745408,,,,,,,,,,,65.909492,62.517914,65.406517,60.593529,0.273186,0.234856,,,,,,,,,,,,
745413,,,,,,,,,,,65.909492,62.517914,65.687492,60.697601,0.270398,0.233997,,,,,,,,,,,,
745425,,,,,,,,,,,65.909492,62.517914,66.750519,62.042664,0.258971,0.220057,,,,,,,,,,,,
745428,,,,,,,,,,,67.153015,63.575607,64.549950,60.247585,0.293672,0.248917,,,,,,,,,,,,
745433,,,,,,,,,,,67.153015,63.575607,64.904701,60.381451,0.290349,0.247898,,,,,,,,,,,,
745438,,,,,,,,,,,67.153015,63.575607,65.228897,60.503788,0.287300,0.246982,,,,,,,,,,,,
745443,,,,,,,,,,,67.153015,63.575607,65.525169,60.615589,0.284500,0.246160,,,,,,,,,,,,
745448,,,,,,,,,,,68.339859,64.760628,65.204475,60.717758,0.299889,0.257393,,,,,,,,,,,,
745453,,,,,,,,,,,68.339859,64.760628,65.502846,60.811131,0.297189,0.256854,,,,,,,,,,,,
745458,,,,,,,,,,,68.339859,64.760628,65.184074,60.305016,0.300692,0.262361,,,,,,,,,,,,
745463,,,,,,,,,,,68.339859,64.760628,64.892761,60.433937,0.303950,0.261504,,,,,,,,,,,,
745468,,,,,,,,,,,69.361557,65.885368,64.626541,60.551754,0.317302,0.272107,,,,,,,,,,,,
745473,,,,,,,,,,,69.361557,65.885368,64.974693,60.067978,0.314259,0.277526,,,,,,,,,,,,
745485,,,,,,,,,,,69.361557,65.885368,66.155212,61.516827,0.302472,0.263332,,,,,,,,,,,,
745488,,,,,,,,,,,69.734268,66.567291,64.005920,59.767040,0.328265,0.288329,,,,,,,,,,,,
745493,,,,,,,,,,,69.734268,66.567291,63.816082,59.350853,0.330755,0.293212,,,,,,,,,,,,
745498,,,,,,,,,,,69.734268,66.567291,64.234039,60.153400,0.327126,0.285828,,,,,,,,,,,,
745503,,,,,,,,,,,69.734268,66.567291,64.615997,60.295380,0.323818,0.285036,,,,,,,,,,,,
745508,,,,,,,,,,,70.282417,67.175529,64.373611,60.425129,0.332314,0.290496,,,,,,,,,,,,
745513,,,,,,,,,,,70.282417,67.175529,64.743546,61.135147,0.329169,0.284000,,,,,,,,,,,,
745518,,,,,,,,,,,70.282417,67.175529,65.081619,61.192570,0.326308,0.284024,,,,,,,,,,,,
745523,,,,,,,,,,,70.282417,67.175529,65.390572,61.245045,0.323708,0.284092,,,,,,,,,,,,
745528,,,,,,,,,,,71.055031,67.940430,65.672920,61.884445,0.329149,0.285952,,,,,,,,,,,,
745533,,,,,,,,,,,71.055031,67.940430,65.930946,61.877331,0.327081,0.286630,,,,,,,,,,,,
745545,,,,,,,,,,,71.055031,67.940430,68.034843,63.568424,0.306005,0.269994,,,,,,,,,,,,
745548,,,,,,,,,,,71.862656,68.678589,65.723656,61.641933,0.337807,0.297344,,,,,,,,,,,,
745553,,,,,,,,,,,71.862656,68.678589,65.977310,62.247150,0.335859,0.291935,,,,,,,,,,,,
745558,,,,,,,,,,,71.862656,68.678589,66.800568,62.800240,0.328132,0.286992,,,,,,,,,,,,
745563,,,,,,,,,,,71.862656,68.678589,66.961472,62.714245,0.327013,0.288449,,,,,,,,,,,,
745568,,,,,,,,,,,72.559708,69.307518,67.108513,63.227104,0.333058,0.290217,,,,,,,,,,,,
745573,,,,,,,,,,,72.559708,69.307518,67.242889,63.695789,0.332246,0.286092,,,,,,,,,,,,
745578,,,,,,,,,,,72.559708,69.307518,67.957138,64.124107,0.325564,0.282327,,,,,,,,,,,,
745583,,,,,,,,,,,72.559708,69.307518,68.018425,63.924088,0.325405,0.284865,,,,,,,,,,,,
745588,,,,,,,,,,,73.140518,69.929825,68.074432,64.332741,0.331160,0.287562,,,,,,,,,,,,
745593,,,,,,,,,,,73.140518,69.929825,68.717064,64.706200,0.325176,0.284350,,,,,,,,,,,,
745598,,,,,,,,,,,73.140518,69.929825,68.712898,65.047493,0.325661,0.281425,,,,,,,,,,,,
745603,,,,,,,,,,,73.140518,69.929825,69.300537,65.359390,0.320168,0.278763,,,,,,,,,,,,
745608,,,,,,,,,,,73.686913,70.434669,69.246117,65.644424,0.326620,0.281440,,,,,,,,,,,,
745613,,,,,,,,,,,73.686913,70.434669,69.787827,65.904907,0.321593,0.279288,,,,,,,,,,,,
745625,,,,,,,,,,,73.686913,70.434669,71.255951,67.523529,0.306727,0.263113,,,,,,,,,,,,
745628,,,,,,,,,,,74.217369,70.824196,69.258774,65.256386,0.332499,0.290236,,,,,,,,,,,,
745633,,,,,,,,,,,74.217369,70.824196,69.207947,65.550285,0.333508,0.287824,,,,,,,,,,,,
745638,,,,,,,,,,,74.217369,70.824196,69.752945,65.818878,0.328504,0.285639,,,,,,,,,,,,
745643,,,,,,,,,,,74.217369,70.824196,69.659561,66.064331,0.329894,0.283660,,,,,,,,,,,,
745648,,,,,,,,,,,74.821236,71.177216,70.165665,66.288643,0.331337,0.285436,,,,,,,,,,,,
745653,,,,,,,,,,,74.821236,71.177216,70.628174,66.493637,0.327131,0.283855,,,,,,,,,,,,
745658,,,,,,,,,,,74.821236,71.177216,71.050850,66.680977,0.323282,0.282431,,,,,,,,,,,,
745663,,,,,,,,,,,74.821236,71.177216,70.845673,67.443626,0.325731,0.275178,,,,,,,,,,,,
745668,,,,,,,,,,,75.278999,71.571045,71.249611,67.549141,0.326672,0.278463,,,,,,,,,,,,
745673,,,,,,,,,,,75.278999,71.571045,71.618759,67.645569,0.323347,0.277892,,,,,,,,,,,,
745685,,,,,,,,,,,75.278999,71.571045,73.325569,68.926315,0.305978,0.264963,,,,,,,,,,,,
745688,,,,,,,,,,,75.636307,71.982697,71.150139,67.129791,0.331754,0.287530,,,,,,,,,,,,
745693,,,,,,,,,,,75.636307,71.982697,71.527855,67.262337,0.328388,0.286677,,,,,,,,,,,,
745698,,,,,,,,,,,75.636307,71.982697,71.873039,67.383469,0.325312,0.285926,,,,,,,,,,,,
745703,,,,,,,,,,,75.636307,71.982697,72.188492,67.494164,0.322503,0.285268,,,,,,,,,,,,
745708,,,,,,,,,,,75.803635,72.249084,72.476776,67.595329,0.321626,0.287385,,,,,,,,,,,,
745713,,,,,,,,,,,75.803635,72.249084,72.740227,68.279221,0.319298,0.280943,,,,,,,,,,,,
745718,,,,,,,,,,,75.803635,72.249084,72.389542,68.312767,0.323146,0.281001,,,,,,,,,,,,
745723,,,,,,,,,,,75.803635,72.249084,72.660507,68.343422,0.320751,0.281085,,,,,,,,,,,,
745728,,,,,,,,,,,75.895111,72.570946,72.908134,68.371437,0.319488,0.284444,,,,,,,,,,,,
745733,,,,,,,,,,,75.895111,72.570946,73.134438,68.397041,0.317501,0.284605,,,,,,,,,,,,
745745,,,,,,,,,,,75.895111,72.570946,75.131905,70.634926,0.296971,0.261948,,,,,,,,,,,,
745748,,,,,,,,,,,76.000565,72.906952,72.800896,68.691238,0.321655,0.285166,,,,,,,,,,,,
745753,,,,,,,,,,,76.000565,72.906952,73.036430,68.689293,0.319596,0.285607,,,,,,,,,,,,
745758,,,,,,,,,,,76.000565,72.906952,73.251678,68.687515,0.317719,0.286047,,,,,,,,,,,,
745763,,,,,,,,,,,76.000565,72.906952,72.856949,68.685898,0.321980,0.286485,,,,,,,,,,,,
745768,,,,,,,,,,,76.262695,73.107704,73.087662,68.684418,0.322612,0.288950,,,,,,,,,,,,
745773,,,,,,,,,,,76.262695,73.107704,73.298500,69.274506,0.320800,0.283433,,,,,,,,,,,,
745778,,,,,,,,,,,76.262695,73.107704,74.082626,69.222328,0.313177,0.284343,,,,,,,,,,,,
745783,,,,,,,,,,,76.262695,73.107704,74.207771,69.766090,0.312131,0.279239,,,,,,,,,,,,
745788,,,,,,,,,,,76.321938,73.259140,74.322136,69.671570,0.311780,0.282058,,,,,,,,,,,,
745793,,,,,,,,,,,76.321938,73.259140,74.426651,70.176636,0.310924,0.277315,,,,,,,,,,,,
745805,,,,,,,,,,,76.321938,73.259140,76.262047,71.580658,0.291928,0.262936,,,,,,,,,,,,
745808,,,,,,,,,,,76.381226,73.460121,73.833694,69.555511,0.317059,0.285588,,,,,,,,,,,,
745813,,,,,,,,,,,76.381226,73.460121,73.980278,70.070572,0.315833,0.280776,,,,,,,,,,,,
745818,,,,,,,,,,,76.381226,73.460121,74.114235,69.949829,0.314721,0.282335,,,,,,,,,,,,
745823,,,,,,,,,,,76.381226,73.460121,74.236656,70.430931,0.313711,0.277827,,,,,,,,,,,,
745828,,,,,,,,,,,76.720375,73.645073,74.348534,70.279152,0.316221,0.281530,,,,,,,,,,,,
745833,,,,,,,,,,,76.720375,73.645073,74.450775,70.731888,0.315425,0.277294,,,,,,,,,,,,
745838,,,,,,,,,,,76.720375,73.645073,74.544205,70.554184,0.314709,0.279381,,,,,,,,,,,,
745843,,,,,,,,,,,76.720375,73.645073,74.629593,70.391785,0.314064,0.281330,,,,,,,,,,,,
745848,,,,,,,,,,,76.734940,73.774574,74.116180,70.834816,0.319606,0.278489,,,,,,,,,,,,
745853,,,,,,,,,,,76.734940,73.774574,74.238434,70.648247,0.318633,0.280667,,,,,,,,,,,,
745858,,,,,,,,,,,76.734940,73.774574,74.941605,70.477745,0.311780,0.282702,,,,,,,,,,,,
745863,,,,,,,,,,,76.734940,73.774574,74.992760,70.913376,0.311443,0.278631,,,,,,,,,,,,
745868,,,,,,,,,,,76.695381,73.754593,75.039513,70.720039,0.310745,0.280668,,,,,,,,,,,,
745873,,,,,,,,,,,76.695381,73.754593,75.082237,71.134804,0.310479,0.276783,,,,,,,,,,,,
745888,,,,,,,,,,,76.762062,73.801704,74.243042,70.195801,0.318316,0.285805,,,,,,,,,,,,
745893,,,,,,,,,,,76.762062,73.801704,73.762924,70.064270,0.323417,0.287494,,,,,,,,,,,,
745898,,,,,,,,,,,76.762062,73.801704,73.915604,69.944069,0.322175,0.289082,,,,,,,,,,,,
745903,,,,,,,,,,,76.762062,73.801704,74.055130,70.425667,0.321050,0.284603,,,,,,,,,,,,
745908,,,,,,,,,,,76.452766,73.844261,74.182640,70.274338,0.316909,0.286899,,,,,,,,,,,,
745913,,,,,,,,,,,76.452766,73.844261,74.299164,70.727486,0.315959,0.282679,,,,,,,,,,,,
745918,,,,,,,,,,,76.452766,73.844261,74.405655,70.550163,0.315099,0.284782,,,,,,,,,,,,
745923,,,,,,,,,,,76.452766,73.844261,74.502975,70.979553,0.314321,0.280774,,,,,,,,,,,,
745928,,,,,,,,,,,76.451714,73.665375,74.591911,70.780518,0.313607,0.281264,,,,,,,,,,,,
745933,,,,,,,,,,,76.451714,73.665375,74.673187,71.190071,0.312972,0.277416,,,,,,,,,,,,
745945,,,,,,,,,,,76.451714,73.665375,76.957504,72.967545,0.289302,0.259094,,,,,,,,,,,,
745948,,,,,,,,,,,76.141777,73.512337,74.469254,70.822952,0.311253,0.279278,,,,,,,,,,,,
745953,,,,,,,,,,,76.141777,73.512337,74.561096,70.637405,0.310492,0.281421,,,,,,,,,,,,
745958,,,,,,,,,,,76.141777,73.512337,74.645027,70.467842,0.309803,0.283421,,,,,,,,,,,,
745963,,,,,,,,,,,76.141777,73.512337,74.721725,70.904327,0.309178,0.279317,,,,,,,,,,,,
745968,,,,,,,,,,,75.987389,73.269623,75.383270,71.303215,0.301079,0.273098,,,,,,,,,,,,
745973,,,,,,,,,,,75.987389,73.269623,74.804939,71.667747,0.306980,0.269612,,,,,,,,,,,,
745978,,,,,,,,,,,75.987389,73.269623,74.867867,71.409439,0.306463,0.272382,,,,,,,,,,,,
745983,,,,,,,,,,,75.987389,73.269623,74.925377,71.764824,0.305994,0.268978,,,,,,,,,,,,
745988,,,,,,,,,,,75.591843,72.991379,75.569374,71.498154,0.295601,0.269012,,,,,,,,,,,,
745993,,,,,,,,,,,75.591843,72.991379,75.566460,71.845894,0.295633,0.265649,,,,,,,,,,,,
746005,,,,,,,,,,,75.591843,72.991379,77.163025,73.515266,0.278625,0.248158,,,,,,,,,,,,
746008,,,,,,,,,,,75.422134,72.790459,74.657074,70.732048,0.302064,0.274186,,,,,,,,,,,,
746013,,,,,,,,,,,75.422134,72.790459,74.732735,70.554329,0.301377,0.276187,,,,,,,,,,,,
746018,,,,,,,,,,,75.422134,72.790459,74.801880,70.983360,0.300747,0.272078,,,,,,,,,,,,
746023,,,,,,,,,,,75.422134,72.790459,74.865074,71.375443,0.300171,0.268298,,,,,,,,,,,,
746028,,,,,,,,,,,75.264572,72.318344,74.922821,71.142311,0.298052,0.266026,,,,,,,,,,,,
746033,,,,,,,,,,,75.264572,72.318344,74.975594,71.520706,0.297553,0.262322,,,,,,,,,,,,
746038,,,,,,,,,,,75.264572,72.318344,75.023827,71.275063,0.297095,0.264883,,,,,,,,,,,,
746043,,,,,,,,,,,75.264572,72.318344,75.067902,71.050575,0.296674,0.267254,,,,,,,,,,,,
746048,,,,,,,,,,,75.011818,72.045692,75.108185,70.845421,0.293734,0.266699,,,,,,,,,,,,
746053,,,,,,,,,,,75.011818,72.045692,75.144997,71.249382,0.293353,0.262739,,,,,,,,,,,,
746065,,,,,,,,,,,75.011818,72.045692,76.270531,72.476578,0.281127,0.249698,,,,,,,,,,,,
746068,,,,,,,,,,,74.508224,71.476883,73.841446,70.374268,0.300448,0.265143,,,,,,,,,,,,
746073,,,,,,,,,,,74.508224,71.476883,73.987358,70.227364,0.299041,0.266737,,,,,,,,,,,,
746078,,,,,,,,,,,74.508224,71.476883,74.120705,70.093117,0.297746,0.268218,,,,,,,,,,,,
746083,,,,,,,,,,,74.508224,71.476883,74.242569,70.561874,0.296554,0.263622,,,,,,,,,,,,
746088,,,,,,,,,,,73.966698,71.143288,73.762489,70.398811,0.295960,0.261991,,,,,,,,,,,,
746093,,,,,,,,,,,73.966698,71.143288,73.915207,70.249794,0.294438,0.263571,,,,,,,,,,,,
746098,,,,,,,,,,,73.966698,71.143288,74.054771,70.113617,0.293034,0.265036,,,,,,,,,,,,
746103,,,,,,,,,,,73.966698,71.143288,74.182312,70.580612,0.291737,0.260422,,,,,,,,,,,,
746108,,,,,,,,,,,73.248169,70.636131,74.298866,70.415939,0.283281,0.257019,,,,,,,,,,,,
746113,,,,,,,,,,,73.248169,70.636131,74.996826,70.265450,0.276126,0.258561,,,,,,,,,,,,
746118,,,,,,,,,,,73.248169,70.636131,74.451782,70.719368,0.281457,0.254014,,,,,,,,,,,,
746123,,,,,,,,,,,73.248169,70.636131,74.545128,70.542740,0.280393,0.255789,,,,,,,,,,,,
746128,,,,,,,,,,,72.592079,70.214966,74.630432,70.381325,0.272776,0.253175,,,,,,,,,,,,
746133,,,,,,,,,,,72.592079,70.214966,74.708389,70.233818,0.271784,0.254648,,,,,,,,,,,,
746145,,,,,,,,,,,72.592079,70.214966,75.905899,71.628418,0.258431,0.239744,,,,,,,,,,,,
746148,,,,,,,,,,,71.780853,69.668571,72.916779,69.007721,0.280096,0.260554,,,,,,,,,,,,
746153,,,,,,,,,,,71.780853,69.668571,73.142334,68.978523,0.277705,0.260914,,,,,,,,,,,,
746158,,,,,,,,,,,71.780853,69.668571,72.757019,68.951836,0.281460,0.261253,,,,,,,,,,,,
746163,,,,,,,,,,,71.780853,69.668571,72.404892,68.927452,0.284919,0.261571,,,,,,,,,,,,
746168,,,,,,,,,,,71.069534,69.082451,72.674538,68.905167,0.274949,0.255950,,,,,,,,,,,,
746173,,,,,,,,,,,71.069534,69.082451,72.329514,68.293358,0.278273,0.262147,,,,,,,,,,,,
746178,,,,,,,,,,,71.069534,69.082451,72.605652,68.325684,0.275358,0.261900,,,,,,,,,,,,
746183,,,,,,,,,,,71.069534,69.082451,72.266563,67.763779,0.278629,0.267651,,,,,,,,,,,,
746188,,,,,,,,,,,70.274223,68.153252,71.956680,67.841721,0.273607,0.257610,,,,,,,,,,,,
746193,,,,,,,,,,,70.274223,68.153252,71.673485,67.912949,0.276299,0.256922,,,,,,,,,,,,
746205,,,,,,,,,,,70.274223,68.153252,72.830772,69.690132,0.263528,0.238186,,,,,,,,,,,,
746208,,,,,,,,,,,69.796455,67.001343,70.106514,67.236374,0.285962,0.251181,,,,,,,,,,,,
746213,,,,,,,,,,,69.796455,67.001343,69.982674,67.359741,0.287182,0.249912,,,,,,,,,,,,
746218,,,,,,,,,,,69.796455,67.001343,70.460945,67.472481,0.282333,0.248737,,,,,,,,,,,,
746223,,,,,,,,,,,69.796455,67.001343,70.306580,66.984070,0.283826,0.253623,,,,,,,,,,,,
746228,,,,,,,,,,,69.327919,65.871567,70.165504,67.129166,0.280467,0.240748,,,,,,,,,,,,
746233,,,,,,,,,,,69.327919,65.871567,70.628029,67.261765,0.275712,0.239283,,,,,,,,,,,,
746238,,,,,,,,,,,69.327919,65.871567,70.459274,66.791496,0.277286,0.243894,,,,,,,,,,,,
746243,,,,,,,,,,,69.327919,65.871567,70.896500,66.953178,0.272757,0.242169,,,,,,,,,,,,
746248,,,,,,,,,,,68.370667,64.754227,70.704620,67.100937,0.264870,0.229283,,,,,,,,,,,,
746253,,,,,,,,,,,68.370667,64.754227,70.529266,66.644524,0.266408,0.233659,,,,,,,,,,,,
746265,,,,,,,,,,,68.370667,64.754227,72.415665,68.681732,0.246052,0.211918,,,,,,,,,,,,
746268,,,,,,,,,,,67.514893,63.629295,69.727158,65.723389,0.264158,0.230043,,,,,,,,,,,,
746273,,,,,,,,,,,67.514893,63.629295,69.635994,65.977066,0.264858,0.227272,,,,,,,,,,,,
746278,,,,,,,,,,,67.514893,63.629295,69.552681,65.617455,0.265487,0.230669,,,,,,,,,,,,
746283,,,,,,,,,,,67.514893,63.629295,69.476540,65.288811,0.266053,0.233789,,,,,,,,,,,,
746288,,,,,,,,,,,66.481880,62.531536,69.406960,65.579918,0.256126,0.219596,,,,,,,,,,,,
746293,,,,,,,,,,,66.481880,62.531536,69.934814,65.254509,0.250502,0.222578,,,,,,,,,,,,
746298,,,,,,,,,,,66.481880,62.531536,69.825760,65.548576,0.251258,0.219335,,,,,,,,,,,,
746303,,,,,,,,,,,66.481880,62.531536,69.726105,65.225868,0.251930,0.222293,,,,,,,,,,,,
746308,,,,,,,,,,,65.115105,61.493233,69.635033,64.930954,0.238721,0.214515,,,,,,,,,,,,
746313,,,,,,,,,,,65.115105,61.493233,69.551804,64.661438,0.239110,0.216894,,,,,,,,,,,,
746318,,,,,,,,,,,65.115105,61.493233,69.475739,64.415138,0.239434,0.219064,,,,,,,,,,,,
746323,,,,,,,,,,,65.115105,61.493233,69.406227,64.190056,0.239700,0.221046,,,,,,,,,,,,
746328,,,,,,,,,,,63.760551,60.443985,68.751259,63.984356,0.232205,0.212256,,,,,,,,,,,,
746333,,,,,,,,,,,63.760551,60.443985,68.744148,63.796375,0.231778,0.213801,,,,,,,,,,,,
746345,,,,,,,,,,,63.760551,60.443985,69.303299,64.090126,0.224425,0.209530,,,,,,,,,,,,
746348,,,,,,,,,,,62.463959,59.231152,67.474304,62.118698,0.229248,0.216827,,,,,,,,,,,,
746353,,,,,,,,,,,62.463959,59.231152,66.985733,62.091408,0.233681,0.216814,,,,,,,,,,,,
746358,,,,,,,,,,,62.463959,59.231152,67.130684,62.066467,0.231765,0.216780,,,,,,,,,,,,
746363,,,,,,,,,,,62.463959,59.231152,67.263153,61.452229,0.229961,0.222700,,,,,,,,,,,,
746368,,,,,,,,,,,0.000000,0.000000,66.792770,61.482338,-0.396654,-0.376061,,,,,,,,,,,,
746373,,,,,,,,,,,0.000000,0.000000,65.180008,60.326965,-0.387045,-0.370540,,,,,,,,,,,,
746378,,,,,,,,,,,0.000000,0.000000,61.931820,56.313881,-0.360756,-0.336040,,,,,,,,,,,,
746383,,,,,,,,,,,0.000000,0.000000,57.189064,50.872108,-0.319047,-0.286710,,,,,,,,,,,,
746388,,,,,,,,,,,0.000000,0.000000,52.263359,46.490482,-0.275017,-0.247543,,,,,,,,,,,,
746393,,,,,,,,,,,0.000000,0.000000,47.170460,41.303360,-0.228805,-0.199802,,,,,,,,,,,,
746405,,,,,,,,,,,0.000000,0.000000,37.232773,32.332817,-0.137225,-0.116868,,,,,,,,,,,,
746408,,,,,,,,,,,0.000000,0.000000,33.434464,28.956539,-0.102586,-0.086000,,,,,,,,,,,,
746413,,,,,,,,,,,0.000000,0.000000,30.554747,26.462507,-0.076844,-0.063706,,,,,,,,,,,,
746418,,,,,,,,,,,0.000000,0.000000,27.923059,24.183287,-0.053319,-0.043333,,,,,,,,,,,,
746423,,,,,,,,,,,0.000000,0.000000,26.109486,22.691820,-0.037795,-0.030687,,,,,,,,,,,,
746428,,,,,,,,,,,0.000000,0.000000,24.452116,21.328814,-0.023666,-0.019190,,,,,,,,,,,,
746433,,,,,,,,,,,0.000000,0.000000,22.937494,19.491758,-0.010814,-0.002768,,,,,,,,,,,,
746438,,,,,,,,,,,0.000000,0.000000,20.961884,17.812929,0.006846,0.012239,,,,,,,,,,,,
746443,,,,,,,,,,,0.000000,0.000000,19.747877,16.278698,0.017012,0.025953,,,,,,,,,,,,
746448,,,,,,,,,,,0.000000,0.000000,18.638433,15.468056,0.026242,0.032513,,,,,,,,,,,,
746453,,,,,,,,,,,0.000000,0.000000,18.215992,15.318679,0.028645,0.032475,,,,,,,,,,,,
746466,,,,,,,,,,,0.000000,0.000000,19.537260,16.036539,0.011341,0.021937,,,,,,,,,,,,
746468,,,,,,,,,,,0.000000,0.000000,18.445957,15.246754,0.020409,0.028311,,,,,,,,,,,,
746473,,,,,,,,,,,0.000000,0.000000,18.631538,15.116437,0.016690,0.028102,,,,,,,,,,,,
746478,,,,,,,,,,,0.000000,0.000000,18.801134,15.588790,0.013114,0.021820,,,,,,,,,,,,
746483,,,,,,,,,,,0.000000,0.000000,18.956123,16.020458,0.009669,0.015901,,,,,,,,,,,,
746488,,,,,,,,,,,0.000000,0.000000,19.097763,15.823503,0.006342,0.016288,,,,,,,,,,,,
746493,,,,,,,,,,,0.000000,0.000000,18.635759,16.234955,0.009099,0.010550,,,,,,,,,,,,
746498,,,,,,,,,,,0.000000,0.000000,18.804993,16.019526,0.005526,0.011103,,,,,,,,,,,,
746503,,,,,,,,,,,0.000000,0.000000,18.368204,15.822650,0.008057,0.011489,,,,,,,,,,,,
746508,,,,,,,,,,,0.000000,0.000000,17.969036,15.642732,0.010252,0.011724,,,,,,,,,,,,
746513,,,,,,,,,,,0.000000,0.000000,17.604250,15.478310,0.012139,0.011820,,,,,,,,,,,,
746525,,,,,,,,,,,0.000000,0.000000,16.864344,14.548346,0.016007,0.018073,,,,,,,,,,,,
746528,,,,,,,,,,,0.000000,0.000000,16.003260,13.886739,0.023017,0.023301,,,,,,,,,,,,
746533,,,,,,,,,,,0.000000,0.000000,15.807785,13.282116,0.023391,0.028019,,,,,,,,,,,,
746538,,,,,,,,,,,0.000000,0.000000,15.037703,13.321014,0.029588,0.026298,,,,,,,,,,,,
746543,,,,,,,,,,,0.000000,0.000000,14.333947,12.173673,0.035192,0.036554,,,,,,,,,,,,
746548,,,,,,,,,,,0.000000,0.000000,13.690806,12.308042,0.040255,0.033979,,,,,,,,,,,,
746553,,,,,,,,,,,0.000000,0.000000,13.103060,11.247948,0.044822,0.043455,,,,,,,,,,,,
746558,,,,,,,,,,,0.000000,0.000000,12.565935,10.870605,0.048936,0.046142,,,,,,,,,,,,
746563,,,,,,,,,,,0.000000,0.000000,12.075073,10.525762,0.052638,0.048537,,,,,,,,,,,,
746568,,,,,,,,,,,0.000000,0.000000,11.626490,10.210621,0.055961,0.050668,,,,,,,,,,,,
746573,,,,,,,,,,,0.000000,0.000000,11.216542,9.922623,0.058939,0.052556,,,,,,,,,,,,
746578,,,,,,,,,,,0.000000,0.000000,10.841904,9.659430,0.061601,0.054222,,,,,,,,,,,,
746583,,,,,,,,,,,0.000000,0.000000,9.908089,9.418906,0.069948,0.055685,,,,,,,,,,,,
746588,,,,,,,,,,,0.000000,0.000000,9.646148,9.199099,0.071603,0.056963,,,,,,,,,,,,
746593,,,,,,,,,,,0.000000,0.000000,9.406768,8.998223,0.073056,0.058072,,,,,,,,,,,,
746605,,,,,,,,,,,0.000000,0.000000,8.937144,8.595945,0.075881,0.060295,,,,,,,,,,,,
746608,,,,,,,,,,,0.000000,0.000000,8.167386,8.447020,0.082761,0.060939,,,,,,,,,,,,
746613,,,,,,,,,,,0.000000,0.000000,8.055372,8.310921,0.083076,0.061469,,,,,,,,,,,,
746618,,,,,,,,,,,0.000000,0.000000,7.953006,7.595099,0.083304,0.067868,,,,,,,,,,,,
746623,,,,,,,,,,,0.000000,0.000000,7.268012,8.123821,0.089428,0.061768,,,,,,,,,,,,
746628,,,,,,,,,,,0.000000,0.000000,7.233461,7.424115,0.089050,0.068023,,,,,,,,,,,,
746633,,,,,,,,,,,0.000000,0.000000,6.610442,7.376119,0.094619,0.067765,,,,,,,,,,,,
746638,,,,,,,,,,,0.000000,0.000000,6.041083,7.332257,0.099708,0.067470,,,,,,,,,,,,
746643,,,,,,,,,,,0.000000,0.000000,6.112208,7.292173,0.098386,0.067142,,,,,,,,,,,,
746648,,,,,,,,,,,0.000000,0.000000,6.177207,7.255542,0.097118,0.066783,,,,,,,,,,,,
746653,,,,,,,,,,,0.000000,0.000000,6.236608,7.222065,0.095900,0.066395,,,,,,,,,,,,
746665,,,,,,,,,,,0.000000,0.000000,5.749056,7.112573,0.099572,0.066001,,,,,,,,,,,,
746668,,,,,,,,,,,0.000000,0.000000,5.253889,7.091410,0.103998,0.065503,,,,,,,,,,,,
746673,,,,,,,,,,,0.000000,0.000000,5.392816,7.072071,0.102070,0.064989,,,,,,,,,,,,
746678,,,,,,,,,,,0.000000,0.000000,6.111221,7.054397,0.094275,0.064461,,,,,,,,,,,,
746683,,,,,,,,,,,0.000000,0.000000,5.584860,7.038245,0.098980,0.063918,,,,,,,,,,,,
746688,,,,,,,,,,,0.000000,0.000000,5.695280,6.432039,0.097306,0.069337,,,,,,,,,,,,
746693,,,,,,,,,,,0.000000,0.000000,5.204744,6.469491,0.101691,0.068316,,,,,,,,,,,,
746698,,,,,,,,,,,0.000000,0.000000,4.756459,5.912273,0.105698,0.073297,,,,,,,,,,,,
746703,,,,,,,,,,,0.000000,0.000000,4.346784,5.994493,0.109360,0.071875,,,,,,,,,,,,
746708,,,,,,,,,,,0.000000,0.000000,4.563839,5.478186,0.106733,0.076490,,,,,,,,,,,,
746713,,,,,,,,,,,0.000000,0.000000,4.170755,5.597793,0.110247,0.074735,,,,,,,,,,,,
746725,,,,,,,,,,,0.000000,0.000000,4.564247,5.756049,0.105356,0.071947,,,,,,,,,,,,
746728,,,,,,,,,,,0.000000,0.000000,4.171127,5.260280,0.108870,0.076378,,,,,,,,,,,,
746733,,,,,,,,,,,0.000000,0.000000,4.403312,5.398655,0.106108,0.074455,,,,,,,,,,,,
746738,,,,,,,,,,,0.000000,0.000000,4.024054,5.525113,0.109498,0.072638,,,,,,,,,,,,
746743,,,,,,,,,,,0.000000,0.000000,4.268906,5.640679,0.106623,0.070918,,,,,,,,,,,,
746748,,,,,,,,,,,0.000000,0.000000,4.492669,5.746291,0.103936,0.069287,,,,,,,,,,,,
746753,,,,,,,,,,,0.000000,0.000000,4.105715,5.251362,0.107395,0.073711,,,,,,,,,,,,
746758,,,,,,,,,,,0.000000,0.000000,4.343534,5.390506,0.104582,0.071781,,,,,,,,,,,,
746763,,,,,,,,,,,0.000000,0.000000,4.560869,5.517665,0.101953,0.069957,,,,,,,,,,,,
746768,,,,,,,,,,,0.000000,0.000000,4.168040,5.633873,0.105464,0.068232,,,,,,,,,,,,
746773,,,,,,,,,,,0.000000,0.000000,4.400491,5.740071,0.102700,0.066596,,,,,,,,,,,,
746778,,,,,,,,,,,0.000000,0.000000,4.021476,5.245677,0.106088,0.071015,,,,,,,,,,,,
746783,,,,,,,,,,,0.000000,0.000000,4.266550,5.385311,0.103211,0.069080,,,,,,,,,,,,
746788,,,,,,,,,,,0.000000,0.000000,4.490516,5.512918,0.100522,0.067253,,,,,,,,,,,,
746793,,,,,,,,,,,0.000000,0.000000,4.103747,5.629534,0.103979,0.065524,,,,,,,,,,,,
746805,,,,,,,,,,,0.000000,0.000000,4.508285,5.782557,0.098990,0.062783,,,,,,,,,,,,
746808,,,,,,,,,,,0.000000,0.000000,4.119985,5.284505,0.102461,0.067235,,,,,,,,,,,,
746813,,,,,,,,,,,0.000000,0.000000,4.356575,5.420794,0.099659,0.065330,,,,,,,,,,,,
746818,,,,,,,,,,,0.000000,0.000000,4.572787,5.545345,0.097040,0.063530,,,,,,,,,,,,
746823,,,,,,,,,,,0.000000,0.000000,4.178932,5.659168,0.100560,0.061826,,,,,,,,,,,,
746828,,,,,,,,,,,0.000000,0.000000,4.410445,5.171743,0.097804,0.066183,,,,,,,,,,,,
746833,,,,,,,,,,,0.000000,0.000000,4.622017,5.317745,0.095226,0.064191,,,,,,,,,,,,
746838,,,,,,,,,,,0.000000,0.000000,4.223922,5.451171,0.098785,0.062311,,,,,,,,,,,,
746843,,,,,,,,,,,0.000000,0.000000,4.451560,5.573105,0.096063,0.060535,,,,,,,,,,,,
746848,,,,,,,,,,,0.000000,0.000000,4.659591,5.093092,0.093517,0.064826,,,,,,,,,,,,
746853,,,,,,,,,,,0.000000,0.000000,4.849704,5.245868,0.091131,0.062773,,,,,,,,,,,,
746864,,,,,,,,,,,0.000000,0.000000,,,,,,,,,,,,,,,,
746865,,,,,,,,,,,0.000000,0.000000,4.590773,5.462136,0.092759,0.059467,,,,,,,,,,,,
746868,,,,,,,,,,,0.000000,0.000000,4.786814,4.991681,0.090320,0.063672,,,,,,,,,,,,
746873,,,,,,,,,,,0.000000,0.000000,4.374525,5.153192,0.094005,0.061542,,,,,,,,,,,,
746878,,,,,,,,,,,0.000000,0.000000,4.589191,5.300791,0.091399,0.059536,,,,,,,,,,,,
746883,,,,,,,,,,,0.000000,0.000000,4.785368,4.844233,0.088959,0.063617,,,,,,,,,,,,
746888,,,,,,,,,,,0.000000,0.000000,4.373203,5.018443,0.092644,0.061373,,,,,,,,,,,,
746893,,,,,,,,,,,0.000000,0.000000,4.587983,5.177648,0.090037,0.059263,,,,,,,,,,,,
746898,,,,,,,,,,,0.000000,0.000000,4.784264,4.731696,0.087596,0.063249,,,,,,,,,,,,
746903,,,,,,,,,,,0.000000,0.000000,4.372194,4.915599,0.091279,0.060919,,,,,,,,,,,,
746908,,,,,,,,,,,0.000000,0.000000,4.587061,5.083662,0.088672,0.058730,,,,,,,,,,,,
746913,,,,,,,,,,,0.000000,0.000000,4.783422,4.645805,0.086230,0.062644,,,,,,,,,,,,
746924,,,,,,,,,,,0.000000,0.000000,4.535416,4.960989,0.087760,0.058453,,,,,,,,,,,,
746928,,,,,,,,,,,0.000000,0.000000,4.736225,5.125143,0.085278,0.056299,,,,,,,,,,,,
746933,,,,,,,,,,,0.000000,0.000000,4.328293,4.683713,0.088925,0.060245,,,,,,,,,,,,
746938,,,,,,,,,,,0.000000,0.000000,4.546941,4.871748,0.086284,0.057877,,,,,,,,,,,,
746943,,,,,,,,,,,0.000000,0.000000,4.155312,5.043589,0.089784,0.055655,,,,,,,,,,,,
746948,,,,,,,,,,,0.000000,0.000000,4.388859,4.609183,0.087010,0.059538,,,,,,,,,,,,
746953,,,,,,,,,,,0.000000,0.000000,4.010846,4.803638,0.090389,0.057113,,,,,,,,,,,,
746958,,,,,,,,,,,0.000000,0.000000,4.256836,4.981345,0.087504,0.054838,,,,,,,,,,,,
746963,,,,,,,,,,,0.000000,0.000000,3.890194,4.552301,0.090781,0.058673,,,,,,,,,,,,
746968,,,,,,,,,,,0.000000,0.000000,4.146575,4.751655,0.087802,0.056204,,,,,,,,,,,,
746973,,,,,,,,,,,0.000000,0.000000,4.380875,4.342394,0.085021,0.059862,,,,,,,,,,,,
746983,,,,,,,,,,,0.000000,0.000000,,,0.082421,0.051259,,,,,,,,,,,,
746984,,,,,,,,,,,0.000000,0.000000,4.199227,4.707592,0.085958,0.055225,,,,,,,,,,,,
746988,,,,,,,,,,,0.000000,0.000000,3.837547,4.302126,0.089191,0.058849,,,,,,,,,,,,
746993,,,,,,,,,,,0.000000,0.000000,4.098463,4.523028,0.086172,0.056188,,,,,,,,,,,,
746998,,,,,,,,,,,0.000000,0.000000,3.745461,4.724904,0.089328,0.053696,,,,,,,,,,,,
747003,,,,,,,,,,,0.000000,0.000000,4.014309,4.317946,0.086238,0.057334,,,,,,,,,,,,
747008,,,,,,,,,,,0.000000,0.000000,3.668556,4.537486,0.089329,0.054685,,,,,,,,,,,,
747013,,,,,,,,,,,0.000000,0.000000,3.944027,4.146671,0.086180,0.058179,,,,,,,,,,,,
747018,,,,,,,,,,,0.000000,0.000000,3.604327,4.380962,0.089216,0.055398,,,,,,,,,,,,
747023,,,,,,,,,,,0.000000,0.000000,3.885331,4.595074,0.086018,0.052797,,,,,,,,,,,,
747028,,,,,,,,,,,0.000000,0.000000,3.550686,4.199299,0.089009,0.056335,,,,,,,,,,,,
747033,,,,,,,,,,,0.000000,0.000000,3.836310,4.429058,0.085769,0.053594,,,,,,,,,,,,
747038,,,,,,,,,,,0.000000,0.000000,3.505888,4.047582,0.088723,0.057004,,,,,,,,,,,,
747043,,,,,,,,,,,0.000000,0.000000,3.795370,4.290408,0.085448,0.054147,,,,,,,,,,,,
747048,,,,,,,,,,,0.000000,0.000000,3.468474,3.920874,0.088371,0.057450,,,,,,,,,,,,
747053,,,,,,,,,,,0.000000,0.000000,3.761178,4.174613,0.085067,0.054495,,,,,,,,,,,,
747066,,,,,,,,,,,0.000000,0.000000,,,,,,,,,,,,,,,,
747067,,,,,,,,,,,0.000000,0.000000,3.681682,4.567469,0.085091,0.049610,,,,,,,,,,,,
747068,,,,,,,,,,,0.000000,0.000000,3.364578,4.174072,0.087926,0.053127,,,,,,,,,,,,
747073,,,,,,,,,,,0.000000,0.000000,3.666231,3.814559,0.084543,0.056341,,,,,,,,,,,,
747078,,,,,,,,,,,0.000000,0.000000,3.350458,4.077455,0.087365,0.053304,,,,,,,,,,,,
747083,,,,,,,,,,,0.000000,0.000000,3.653327,3.726263,0.083971,0.056443,,,,,,,,,,,,
747088,,,,,,,,,,,0.000000,0.000000,3.338665,3.996764,0.086784,0.053338,,,,,,,,,,,,
747093,,,,,,,,,,,0.000000,0.000000,3.642550,4.243967,0.083381,0.050442,,,,,,,,,,,,
747098,,,,,,,,,,,0.000000,0.000000,3.328817,3.878433,0.086185,0.053709,,,,,,,,,,,,
747103,,,,,,,,,,,0.000000,0.000000,3.633550,3.544383,0.082775,0.056696,,,,,,,,,,,,
747108,,,,,,,,,,,0.000000,0.000000,3.320591,3.830549,0.085572,0.053451,,,,,,,,,,,,
747113,,,,,,,,,,,0.000000,0.000000,3.034588,4.092068,0.088129,0.050426,,,,,,,,,,,,
747125,,,,,,,,,,,0.000000,0.000000,3.074864,3.958027,0.087082,0.050938,,,,,,,,,,,,
747128,,,,,,,,,,,0.000000,0.000000,3.401471,3.617121,0.083476,0.053985,,,,,,,,,,,,
747133,,,,,,,,,,,0.000000,0.000000,3.108501,3.897022,0.086095,0.050797,,,,,,,,,,,,
747138,,,,,,,,,,,0.000000,0.000000,2.840765,3.561371,0.088488,0.053797,,,,,,,,,,,,
747143,,,,,,,,,,,0.000000,0.000000,3.187535,3.846074,0.084702,0.050565,,,,,,,,,,,,
747148,,,,,,,,,,,0.000000,0.000000,2.912992,3.514811,0.087156,0.053526,,,,,,,,,,,,
747153,,,,,,,,,,,0.000000,0.000000,2.662095,3.803525,0.089399,0.050259,,,,,,,,,,,,
747158,,,,,,,,,,,0.000000,0.000000,3.024253,3.475926,0.085474,0.053187,,,,,,,,,,,,
747163,,,,,,,,,,,0.000000,0.000000,2.763774,3.176544,0.087803,0.055864,,,,,,,,,,,,
747168,,,,,,,,,,,0.000000,0.000000,2.525729,3.494393,0.089931,0.052336,,,,,,,,,,,,
