ts,x,y,yaw,x_des,y_des,yaw_des,v_ff,w_ff,v_actual,w_actual,omega_l_cmd,omega_r_cmd,omega_l_meas,omega_r_meas,duty_l,duty_r,x_err,y_err,yaw_err,x_raw,y_raw,yaw_raw,acc_x,acc_y,acc_z,gyro_x,gyro_y,gyro_z
168059,,,,,,,,,,,0.000000,0.000000,0.000000,0.000000,0.000000,0.000000,,,,,,,,,,,,
168063,,,,,,,,,,,0.000000,0.000000,0.000000,0.000000,0.000000,0.000000,,,,,,,,,,,,
168068,,,,,,,,,,,0.000000,0.000000,0.000000,0.000000,0.000000,0.000000,,,,,,,,,,,,
168073,,,,,,,,,,,0.000000,0.000000,0.000000,0.000000,0.000000,0.000000,,,,,,,,,,,,
168078,,,,,,,,,,,0.000000,0.000000,0.000000,0.000000,0.000000,0.000000,,,,,,,,,,,,
168083,,,,,,,,,,,0.000000,0.000000,0.000000,0.000000,0.000000,0.000000,,,,,,,,,,,,
168088,,,,,,,,,,,0.000000,0.000000,0.000000,0.000000,0.000000,0.000000,,,,,,,,,,,,
168093,,,,,,,,,,,0.000000,0.000000,0.000000,0.000000,0.000000,0.000000,,,,,,,,,,,,
168098,,,,,,,,,,,0.000000,0.000000,0.000000,0.000000,0.000000,0.000000,,,,,,,,,,,,
168103,,,,,,,,,,,0.000000,0.000000,0.000000,0.000000,0.000000,0.000000,,,,,,,,,,,,
168108,,,,,,,,,,,0.000000,0.000000,0.000000,0.000000,0.000000,0.000000,,,,,,,,,,,,
168113,,,,,,,,,,,0.000000,0.000000,0.000000,0.000000,0.000000,0.000000,,,,,,,,,,,,
168118,,,,,,,,,,,0.000000,0.000000,0.000000,0.000000,0.000000,0.000000,,,,,,,,,,,,
168123,,,,,,,,,,,0.000000,0.000000,0.000000,0.000000,0.000000,0.000000,,,,,,,,,,,,
168128,,,,,,,,,,,0.000000,0.000000,0.000000,0.000000,0.000000,0.000000,,,,,,,,,,,,
168133,,,,,,,,,,,0.000000,0.000000,0.000000,0.000000,0.000000,0.000000,,,,,,,,,,,,
168138,,,,,,,,,,,0.000000,0.000000,0.000000,0.000000,0.000000,0.000000,,,,,,,,,,,,
168143,,,,,,,,,,,0.000000,0.000000,0.000000,0.000000,0.000000,0.000000,,,,,,,,,,,,
168148,,,,,,,,,,,0.000000,0.000000,0.000000,0.000000,0.000000,0.000000,,,,,,,,,,,,
168153,,,,,,,,,,,0.000000,0.000000,0.000000,0.000000,0.000000,0.000000,,,,,,,,,,,,
168158,,,,,,,,,,,0.000000,0.000000,0.000000,0.000000,0.000000,0.000000,,,,,,,,,,,,
168163,,,,,,,,,,,0.000000,0.000000,0.000000,0.000000,0.000000,0.000000,,,,,,,,,,,,
168168,,,,,,,,,,,0.000000,0.000000,0.000000,0.000000,0.000000,0.000000,,,,,,,,,,,,
168173,,,,,,,,,,,0.000000,0.000000,0.000000,0.000000,0.000000,0.000000,,,,,,,,,,,,
168178,,,,,,,,,,,0.000000,0.000000,0.000000,0.000000,0.000000,0.000000,,,,,,,,,,,,
168183,,,,,,,,,,,0.000000,0.000000,0.000000,0.000000,0.000000,0.000000,,,,,,,,,,,,
168188,,,,,,,,,,,0.000000,0.000000,0.000000,0.000000,0.000000,0.000000,,,,,,,,,,,,
168193,,,,,,,,,,,0.000000,0.000000,0.000000,0.000000,0.000000,0.000000,,,,,,,,,,,,
168198,,,,,,,,,,,0.000000,0.000000,0.000000,0.000000,0.000000,0.000000,,,,,,,,,,,,
168203,,,,,,,,,,,0.000000,0.000000,0.000000,0.000000,0.000000,0.000000,,,,,,,,,,,,
168208,,,,,,,,,,,0.000000,0.000000,0.000000,0.000000,0.000000,0.000000,,,,,,,,,,,,
168213,,,,,,,,,,,0.000000,0.000000,0.000000,0.000000,0.000000,0.000000,,,,,,,,,,,,
168218,,,,,,,,,,,0.000000,0.000000,0.000000,0.000000,0.000000,0.000000,,,,,,,,,,,,
168223,,,,,,,,,,,0.000000,0.000000,0.000000,0.000000,0.000000,0.000000,,,,,,,,,,,,
168228,,,,,,,,,,,0.000000,0.000000,0.000000,0.000000,0.000000,0.000000,,,,,,,,,,,,
168233,,,,,,,,,,,0.000000,0.000000,0.000000,0.000000,0.000000,0.000000,,,,,,,,,,,,
168238,,,,,,,,,,,0.000000,0.000000,0.000000,0.000000,0.000000,0.000000,,,,,,,,,,,,
168243,,,,,,,,,,,0.000000,0.000000,0.000000,0.000000,0.000000,0.000000,,,,,,,,,,,,
168248,,,,,,,,,,,0.000000,0.000000,0.000000,0.000000,0.000000,0.000000,,,,,,,,,,,,
168253,,,,,,,,,,,0.000000,0.000000,0.000000,0.000000,0.000000,0.000000,,,,,,,,,,,,
168258,,,,,,,,,,,0.000000,0.000000,0.000000,0.000000,0.000000,0.000000,,,,,,,,,,,,
168263,,,,,,,,,,,0.000000,0.000000,0.000000,0.000000,0.000000,0.000000,,,,,,,,,,,,
168268,,,,,,,,,,,0.000000,0.000000,,,0.000000,0.000000,,,,,,,,,,,,
168590,,,,,,,,,,,0.000000,0.000000,0.000000,0.000000,0.000000,0.000000,,,,,,,,,,,,
168597,,,,,,,,,,,0.000000,0.000000,,,0.000000,0.000000,,,,,,,,,,,,
168598,,,,,,,,,,,,,0.000000,0.000000,,,,,,,,,,,,,,
168603,,,,,,,,,,,0.000000,0.000000,0.000000,0.000000,0.000000,0.000000,,,,,,,,,,,,
168608,,,,,,,,,,,0.000000,0.000000,0.000000,0.000000,0.000000,0.000000,,,,,,,,,,,,
168613,,,,,,,,,,,0.000000,0.000000,0.000000,0.000000,0.000000,0.000000,,,,,,,,,,,,
168618,,,,,,,,,,,0.000000,0.000000,0.000000,0.000000,0.000000,0.000000,,,,,,,,,,,,
168623,,,,,,,,,,,0.000000,0.000000,0.000000,0.000000,0.000000,0.000000,,,,,,,,,,,,
168628,,,,,,,,,,,0.000000,0.000000,0.000000,0.000000,0.000000,0.000000,,,,,,,,,,,,
168633,,,,,,,,,,,0.000000,0.000000,0.000000,0.000000,0.000000,0.000000,,,,,,,,,,,,
168638,,,,,,,,,,,0.000000,0.000000,0.000000,0.000000,0.000000,0.000000,,,,,,,,,,,,
168650,,,,,,,,,,,0.000000,0.000000,0.000000,0.000000,0.000000,0.000000,,,,,,,,,,,,
168653,,,,,,,,,,,0.000000,0.000000,0.000000,0.000000,0.000000,0.000000,,,,,,,,,,,,
168658,,,,,,,,,,,0.000000,0.000000,0.000000,0.000000,0.000000,0.000000,,,,,,,,,,,,
168663,,,,,,,,,,,0.000000,0.000000,0.000000,0.000000,0.000000,0.000000,,,,,,,,,,,,
168668,,,,,,,,,,,0.000000,0.000000,0.000000,0.000000,0.000000,0.000000,,,,,,,,,,,,
168673,,,,,,,,,,,0.000000,0.000000,0.000000,0.000000,0.000000,0.000000,,,,,,,,,,,,
168678,,,,,,,,,,,0.000000,0.000000,0.000000,0.000000,0.000000,0.000000,,,,,,,,,,,,
168683,,,,,,,,,,,0.000000,0.000000,0.000000,0.000000,0.000000,0.000000,,,,,,,,,,,,
168688,,,,,,,,,,,0.000000,0.000000,0.000000,0.000000,0.000000,0.000000,,,,,,,,,,,,
168693,,,,,,,,,,,0.000000,0.000000,0.000000,0.000000,0.000000,0.000000,,,,,,,,,,,,
168698,,,,,,,,,,,0.000000,0.000000,0.000000,0.000000,0.000000,0.000000,,,,,,,,,,,,
168710,,,,,,,,,,,0.000000,0.000000,0.000000,0.000000,0.000000,0.000000,,,,,,,,,,,,
168713,,,,,,,,,,,0.000000,0.000000,0.000000,0.000000,0.000000,0.000000,,,,,,,,,,,,
168718,,,,,,,,,,,0.000000,0.000000,0.000000,0.000000,0.000000,0.000000,,,,,,,,,,,,
168723,,,,,,,,,,,0.000000,0.000000,0.000000,0.000000,0.000000,0.000000,,,,,,,,,,,,
168728,,,,,,,,,,,0.000000,0.000000,0.000000,0.000000,0.000000,0.000000,,,,,,,,,,,,
168733,,,,,,,,,,,0.000000,0.000000,0.000000,0.000000,0.000000,0.000000,,,,,,,,,,,,
168738,,,,,,,,,,,0.000000,0.000000,0.000000,0.000000,0.000000,0.000000,,,,,,,,,,,,
168743,,,,,,,,,,,0.000000,0.000000,0.000000,0.000000,0.000000,0.000000,,,,,,,,,,,,
168748,,,,,,,,,,,0.000000,0.000000,0.000000,0.000000,0.000000,0.000000,,,,,,,,,,,,
168753,,,,,,,,,,,0.000000,0.000000,0.000000,0.000000,0.000000,0.000000,,,,,,,,,,,,
168758,,,,,,,,,,,0.000000,0.000000,0.000000,0.000000,0.000000,0.000000,,,,,,,,,,,,
168763,,,,,,,,,,,0.000000,0.000000,0.000000,0.000000,0.000000,0.000000,,,,,,,,,,,,
168768,,,,,,,,,,,0.000000,0.000000,0.000000,0.000000,0.000000,0.000000,,,,,,,,,,,,
168773,,,,,,,,,,,0.000000,0.000000,0.000000,0.000000,0.000000,0.000000,,,,,,,,,,,,
168778,,,,,,,,,,,0.000000,0.000000,0.000000,0.000000,0.000000,0.000000,,,,,,,,,,,,
168790,,,,,,,,,,,0.000000,0.000000,0.000000,0.000000,0.000000,0.000000,,,,,,,,,,,,
168793,,,,,,,,,,,0.000000,0.000000,0.000000,0.000000,0.000000,0.000000,,,,,,,,,,,,
168798,,,,,,,,,,,0.000000,0.000000,0.000000,0.000000,0.000000,0.000000,,,,,,,,,,,,
168803,,,,,,,,,,,0.000000,0.000000,0.000000,0.000000,0.000000,0.000000,,,,,,,,,,,,
168808,,,,,,,,,,,0.000000,0.000000,0.000000,0.000000,0.000000,0.000000,,,,,,,,,,,,
168813,,,,,,,,,,,0.000000,0.000000,0.000000,0.000000,0.000000,0.000000,,,,,,,,,,,,
168818,,,,,,,,,,,0.000000,0.000000,0.000000,0.000000,0.000000,0.000000,,,,,,,,,,,,
168823,,,,,,,,,,,0.000000,0.000000,0.000000,0.000000,0.000000,0.000000,,,,,,,,,,,,
168828,,,,,,,,,,,0.000000,0.000000,0.000000,0.000000,0.000000,0.000000,,,,,,,,,,,,
168833,,,,,,,,,,,0.000000,0.000000,0.000000,0.000000,0.000000,0.000000,,,,,,,,,,,,
168838,,,,,,,,,,,0.000000,0.000000,0.000000,0.000000,0.000000,0.000000,,,,,,,,,,,,
168854,,,,,,,,,,,0.000000,0.000000,0.000000,0.000000,0.000000,0.000000,,,,,,,,,,,,
168858,,,,,,,,,,,0.000000,0.000000,0.000000,0.000000,0.000000,0.000000,,,,,,,,,,,,
168863,,,,,,,,,,,0.000000,0.000000,0.000000,0.000000,0.000000,0.000000,,,,,,,,,,,,
168868,,,,,,,,,,,0.000000,0.000000,0.000000,0.000000,0.000000,0.000000,,,,,,,,,,,,
168873,,,,,,,,,,,0.000000,0.000000,0.000000,0.000000,0.000000,0.000000,,,,,,,,,,,,
168878,,,,,,,,,,,0.000000,0.000000,0.000000,0.000000,0.000000,0.000000,,,,,,,,,,,,
168883,,,,,,,,,,,0.000000,0.000000,0.000000,0.000000,0.000000,0.000000,,,,,,,,,,,,
168888,,,,,,,,,,,0.000000,0.000000,0.000000,0.000000,0.000000,0.000000,,,,,,,,,,,,
168893,,,,,,,,,,,0.000000,0.000000,0.000000,0.000000,0.000000,0.000000,,,,,,,,,,,,
168898,,,,,,,,,,,0.000000,0.000000,0.000000,0.000000,0.000000,0.000000,,,,,,,,,,,,
168911,,,,,,,,,,,0.000000,0.000000,0.000000,0.000000,0.000000,0.000000,,,,,,,,,,,,
168913,,,,,,,,,,,0.000000,0.000000,0.000000,0.000000,0.000000,0.000000,,,,,,,,,,,,
168918,,,,,,,,,,,0.000000,0.000000,0.000000,0.000000,0.000000,0.000000,,,,,,,,,,,,
168923,,,,,,,,,,,0.000000,0.000000,0.000000,0.000000,0.000000,0.000000,,,,,,,,,,,,
168928,,,,,,,,,,,0.000000,0.000000,0.000000,0.000000,0.000000,0.000000,,,,,,,,,,,,
168933,,,,,,,,,,,0.000000,0.000000,0.000000,0.000000,0.000000,0.000000,,,,,,,,,,,,
168938,,,,,,,,,,,0.000000,0.000000,0.000000,0.000000,0.000000,0.000000,,,,,,,,,,,,
168943,,,,,,,,,,,0.000000,0.000000,0.000000,0.000000,0.000000,0.000000,,,,,,,,,,,,
168948,,,,,,,,,,,0.000000,0.000000,0.000000,0.000000,0.000000,0.000000,,,,,,,,,,,,
168953,,,,,,,,,,,0.000000,0.000000,0.000000,0.000000,0.000000,0.000000,,,,,,,,,,,,
168958,,,,,,,,,,,0.000000,0.000000,0.000000,0.000000,0.000000,0.000000,,,,,,,,,,,,
168971,,,,,,,,,,,0.000000,0.000000,0.000000,0.000000,0.000000,0.000000,,,,,,,,,,,,
168973,,,,,,,,,,,0.000000,0.000000,0.000000,0.000000,0.000000,0.000000,,,,,,,,,,,,
168978,,,,,,,,,,,0.000000,0.000000,0.000000,0.000000,0.000000,0.000000,,,,,,,,,,,,
168983,,,,,,,,,,,0.000000,0.000000,0.000000,0.000000,0.000000,0.000000,,,,,,,,,,,,
168988,,,,,,,,,,,0.000000,0.000000,0.000000,0.000000,0.000000,0.000000,,,,,,,,,,,,
168993,,,,,,,,,,,0.000000,0.000000,0.000000,0.000000,0.000000,0.000000,,,,,,,,,,,,
168998,,,,,,,,,,,0.000000,0.000000,0.000000,0.000000,0.000000,0.000000,,,,,,,,,,,,
169003,,,,,,,,,,,0.000000,0.000000,0.000000,0.000000,0.000000,0.000000,,,,,,,,,,,,
169008,,,,,,,,,,,0.000000,0.000000,0.000000,0.000000,0.000000,0.000000,,,,,,,,,,,,
169013,,,,,,,,,,,0.000000,0.000000,0.000000,0.000000,0.000000,0.000000,,,,,,,,,,,,
169018,,,,,,,,,,,0.000000,0.000000,0.000000,0.000000,0.000000,0.000000,,,,,,,,,,,,
169023,,,,,,,,,,,0.000000,0.000000,0.000000,0.000000,0.000000,0.000000,,,,,,,,,,,,
169028,,,,,,,,,,,0.000000,0.000000,0.000000,0.000000,0.000000,0.000000,,,,,,,,,,,,
169033,,,,,,,,,,,0.000000,0.000000,0.000000,0.000000,0.000000,0.000000,,,,,,,,,,,,
169038,,,,,,,,,,,0.000000,0.000000,0.000000,0.000000,0.000000,0.000000,,,,,,,,,,,,
169050,,,,,,,,,,,0.000000,0.000000,0.000000,0.000000,0.000000,0.000000,,,,,,,,,,,,
169053,,,,,,,,,,,0.000000,0.000000,0.000000,0.000000,0.000000,0.000000,,,,,,,,,,,,
169058,,,,,,,,,,,0.000000,0.000000,0.000000,0.000000,0.000000,0.000000,,,,,,,,,,,,
169063,,,,,,,,,,,0.000000,0.000000,0.000000,0.000000,0.000000,0.000000,,,,,,,,,,,,
169068,,,,,,,,,,,0.000000,0.000000,0.000000,0.000000,0.000000,0.000000,,,,,,,,,,,,
169073,,,,,,,,,,,0.000000,0.000000,0.000000,0.000000,0.000000,0.000000,,,,,,,,,,,,
169078,,,,,,,,,,,0.000000,0.000000,0.000000,0.000000,0.000000,0.000000,,,,,,,,,,,,
169083,,,,,,,,,,,0.000000,0.000000,0.000000,0.000000,0.000000,0.000000,,,,,,,,,,,,
169088,,,,,,,,,,,0.000000,0.000000,0.000000,0.000000,0.000000,0.000000,,,,,,,,,,,,
169093,,,,,,,,,,,0.000000,0.000000,0.000000,0.000000,0.000000,0.000000,,,,,,,,,,,,
169098,,,,,,,,,,,0.000000,0.000000,0.000000,0.000000,0.000000,0.000000,,,,,,,,,,,,
169110,,,,,,,,,,,0.000000,0.000000,0.000000,0.000000,0.000000,0.000000,,,,,,,,,,,,
169113,,,,,,,,,,,0.000000,0.000000,0.000000,0.000000,0.000000,0.000000,,,,,,,,,,,,
169118,,,,,,,,,,,0.000000,0.000000,0.000000,0.000000,0.000000,0.000000,,,,,,,,,,,,
169123,,,,,,,,,,,0.000000,0.000000,0.000000,0.000000,0.000000,0.000000,,,,,,,,,,,,
169128,,,,,,,,,,,0.000000,0.000000,0.000000,0.000000,0.000000,0.000000,,,,,,,,,,,,
169133,,,,,,,,,,,0.000000,0.000000,0.000000,0.000000,0.000000,0.000000,,,,,,,,,,,,
169138,,,,,,,,,,,0.000000,0.000000,0.000000,0.000000,0.000000,0.000000,,,,,,,,,,,,
169143,,,,,,,,,,,0.000000,0.000000,0.000000,0.000000,0.000000,0.000000,,,,,,,,,,,,
169148,,,,,,,,,,,0.000000,0.000000,0.000000,0.000000,0.000000,0.000000,,,,,,,,,,,,
169153,,,,,,,,,,,0.000000,0.000000,0.000000,0.000000,0.000000,0.000000,,,,,,,,,,,,
169158,,,,,,,,,,,0.000000,0.000000,0.000000,0.000000,0.000000,0.000000,,,,,,,,,,,,
169170,,,,,,,,,,,0.000000,0.000000,0.000000,0.000000,0.000000,0.000000,,,,,,,,,,,,
169173,,,,,,,,,,,0.000000,0.000000,0.000000,0.000000,0.000000,0.000000,,,,,,,,,,,,
169178,,,,,,,,,,,0.000000,0.000000,0.000000,0.000000,0.000000,0.000000,,,,,,,,,,,,
169183,,,,,,,,,,,0.000000,0.000000,0.000000,0.000000,0.000000,0.000000,,,,,,,,,,,,
169188,,,,,,,,,,,0.000000,0.000000,0.000000,0.000000,0.000000,0.000000,,,,,,,,,,,,
169193,,,,,,,,,,,0.000000,0.000000,0.000000,0.000000,0.000000,0.000000,,,,,,,,,,,,
169198,,,,,,,,,,,0.000000,0.000000,0.000000,0.000000,0.000000,0.000000,,,,,,,,,,,,
169203,,,,,,,,,,,0.000000,0.000000,0.000000,0.000000,0.000000,0.000000,,,,,,,,,,,,
169208,,,,,,,,,,,0.000000,0.000000,0.000000,0.000000,0.000000,0.000000,,,,,,,,,,,,
169213,,,,,,,,,,,0.000000,0.000000,0.000000,0.000000,0.000000,0.000000,,,,,,,,,,,,
169218,,,,,,,,,,,0.000000,0.000000,0.000000,0.000000,0.000000,0.000000,,,,,,,,,,,,
169230,,,,,,,,,,,0.000000,0.000000,0.000000,0.000000,0.000000,0.000000,,,,,,,,,,,,
169233,,,,,,,,,,,0.000000,0.000000,0.000000,0.000000,0.000000,0.000000,,,,,,,,,,,,
169238,,,,,,,,,,,0.000000,0.000000,0.000000,0.000000,0.000000,0.000000,,,,,,,,,,,,
169243,,,,,,,,,,,0.000000,0.000000,0.000000,0.000000,0.000000,0.000000,,,,,,,,,,,,
169248,,,,,,,,,,,0.000000,0.000000,0.000000,0.000000,0.000000,0.000000,,,,,,,,,,,,
169253,,,,,,,,,,,0.000000,0.000000,0.000000,0.000000,0.000000,0.000000,,,,,,,,,,,,
169258,,,,,,,,,,,0.000000,0.000000,0.000000,0.000000,0.000000,0.000000,,,,,,,,,,,,
169263,,,,,,,,,,,0.000000,0.000000,0.000000,0.000000,0.000000,0.000000,,,,,,,,,,,,
169268,,,,,,,,,,,0.000000,0.000000,0.000000,0.000000,0.000000,0.000000,,,,,,,,,,,,
169273,,,,,,,,,,,0.000000,0.000000,0.000000,0.000000,0.000000,0.000000,,,,,,,,,,,,
169278,,,,,,,,,,,0.000000,0.000000,0.000000,0.000000,0.000000,0.000000,,,,,,,,,,,,
169283,,,,,,,,,,,0.000000,0.000000,0.000000,0.000000,0.000000,0.000000,,,,,,,,,,,,
169288,,,,,,,,,,,0.000000,0.000000,0.000000,0.000000,0.000000,0.000000,,,,,,,,,,,,
169293,,,,,,,,,,,0.000000,0.000000,0.000000,0.000000,0.000000,0.000000,,,,,,,,,,,,
169298,,,,,,,,,,,0.000000,0.000000,0.000000,0.000000,0.000000,0.000000,,,,,,,,,,,,
169310,,,,,,,,,,,0.000000,0.000000,0.000000,0.000000,0.000000,0.000000,,,,,,,,,,,,
169313,,,,,,,,,,,0.000000,0.000000,0.000000,0.000000,0.000000,0.000000,,,,,,,,,,,,
169318,,,,,,,,,,,0.000000,0.000000,0.000000,0.000000,0.000000,0.000000,,,,,,,,,,,,
169323,,,,,,,,,,,0.000000,0.000000,0.000000,0.000000,0.000000,0.000000,,,,,,,,,,,,
169328,,,,,,,,,,,0.000000,0.000000,0.000000,0.000000,0.000000,0.000000,,,,,,,,,,,,
169333,,,,,,,,,,,0.000000,0.000000,0.000000,0.000000,0.000000,0.000000,,,,,,,,,,,,
169338,,,,,,,,,,,0.000000,0.000000,0.000000,0.000000,0.000000,0.000000,,,,,,,,,,,,
169343,,,,,,,,,,,0.000000,0.000000,0.000000,0.000000,0.000000,0.000000,,,,,,,,,,,,
169348,,,,,,,,,,,0.000000,0.000000,0.000000,0.000000,0.000000,0.000000,,,,,,,,,,,,
169353,,,,,,,,,,,0.000000,0.000000,0.000000,0.000000,0.000000,0.000000,,,,,,,,,,,,
169358,,,,,,,,,,,0.000000,0.000000,0.000000,0.000000,0.000000,0.000000,,,,,,,,,,,,
169370,,,,,,,,,,,0.000000,0.000000,0.000000,0.000000,0.000000,0.000000,,,,,,,,,,,,
169373,,,,,,,,,,,0.000000,0.000000,0.000000,0.000000,0.000000,0.000000,,,,,,,,,,,,
169378,,,,,,,,,,,0.000000,0.000000,0.000000,0.000000,0.000000,0.000000,,,,,,,,,,,,
169383,,,,,,,,,,,0.000000,0.000000,0.000000,0.000000,0.000000,0.000000,,,,,,,,,,,,
169388,,,,,,,,,,,0.000000,0.000000,0.000000,0.000000,0.000000,0.000000,,,,,,,,,,,,
169393,,,,,,,,,,,0.000000,0.000000,0.000000,0.000000,0.000000,0.000000,,,,,,,,,,,,
169398,,,,,,,,,,,0.000000,0.000000,0.000000,0.000000,0.000000,0.000000,,,,,,,,,,,,
169403,,,,,,,,,,,0.000000,0.000000,0.000000,0.000000,0.000000,0.000000,,,,,,,,,,,,
169408,,,,,,,,,,,0.000000,0.000000,0.000000,0.000000,0.000000,0.000000,,,,,,,,,,,,
169413,,,,,,,,,,,0.000000,0.000000,0.000000,0.000000,0.000000,0.000000,,,,,,,,,,,,
169418,,,,,,,,,,,0.000000,0.000000,0.000000,0.000000,0.000000,0.000000,,,,,,,,,,,,
169430,,,,,,,,,,,0.000000,0.000000,0.000000,0.000000,0.000000,0.000000,,,,,,,,,,,,
169433,,,,,,,,,,,0.000000,0.000000,0.000000,0.000000,0.000000,0.000000,,,,,,,,,,,,
169438,,,,,,,,,,,0.000000,0.000000,0.000000,0.000000,0.000000,0.000000,,,,,,,,,,,,
169443,,,,,,,,,,,0.000000,0.000000,0.000000,0.000000,0.000000,0.000000,,,,,,,,,,,,
169448,,,,,,,,,,,0.000000,0.000000,0.000000,0.000000,0.000000,0.000000,,,,,,,,,,,,
169453,,,,,,,,,,,0.000000,0.000000,0.000000,0.000000,0.000000,0.000000,,,,,,,,,,,,
169458,,,,,,,,,,,0.000000,0.000000,0.000000,0.000000,0.000000,0.000000,,,,,,,,,,,,
169463,,,,,,,,,,,0.000000,0.000000,0.000000,0.000000,0.000000,0.000000,,,,,,,,,,,,
169468,,,,,,,,,,,0.000000,0.000000,0.000000,0.000000,0.000000,0.000000,,,,,,,,,,,,
169473,,,,,,,,,,,0.000000,0.000000,0.000000,0.000000,0.000000,0.000000,,,,,,,,,,,,
169478,,,,,,,,,,,0.000000,0.000000,0.000000,0.000000,0.000000,0.000000,,,,,,,,,,,,
169483,,,,,,,,,,,0.000000,0.000000,0.000000,0.000000,0.000000,0.000000,,,,,,,,,,,,
169488,,,,,,,,,,,0.000000,0.000000,0.000000,0.000000,0.000000,0.000000,,,,,,,,,,,,
169493,,,,,,,,,,,0.000000,0.000000,0.000000,0.000000,0.000000,0.000000,,,,,,,,,,,,
169498,,,,,,,,,,,0.000000,0.000000,0.000000,0.000000,0.000000,0.000000,,,,,,,,,,,,
169511,,,,,,,,,,,0.000000,0.000000,0.000000,0.000000,0.000000,0.000000,,,,,,,,,,,,
169513,,,,,,,,,,,0.000000,0.000000,0.000000,0.000000,0.000000,0.000000,,,,,,,,,,,,
169518,,,,,,,,,,,0.000000,0.000000,0.000000,0.000000,0.000000,0.000000,,,,,,,,,,,,
169523,,,,,,,,,,,0.000000,0.000000,0.000000,0.000000,0.000000,0.000000,,,,,,,,,,,,
169528,,,,,,,,,,,0.000000,0.000000,0.000000,0.000000,0.000000,0.000000,,,,,,,,,,,,
169533,,,,,,,,,,,0.000000,0.000000,0.000000,0.000000,0.000000,0.000000,,,,,,,,,,,,
169538,,,,,,,,,,,0.000000,0.000000,0.000000,0.000000,0.000000,0.000000,,,,,,,,,,,,
169543,,,,,,,,,,,0.000000,0.000000,0.000000,0.000000,0.000000,0.000000,,,,,,,,,,,,
169548,,,,,,,,,,,0.000000,0.000000,0.000000,0.000000,0.000000,0.000000,,,,,,,,,,,,
169553,,,,,,,,,,,0.000000,0.000000,0.000000,0.000000,0.000000,0.000000,,,,,,,,,,,,
169558,,,,,,,,,,,0.000000,0.000000,0.000000,0.000000,0.000000,0.000000,,,,,,,,,,,,
169570,,,,,,,,,,,0.000000,0.000000,0.000000,0.000000,0.000000,0.000000,,,,,,,,,,,,
169573,,,,,,,,,,,0.000000,0.000000,0.000000,0.000000,0.000000,0.000000,,,,,,,,,,,,
169578,,,,,,,,,,,0.000000,0.000000,0.000000,0.000000,0.000000,0.000000,,,,,,,,,,,,
169583,,,,,,,,,,,0.000000,0.000000,0.000000,0.000000,0.000000,0.000000,,,,,,,,,,,,
169588,,,,,,,,,,,0.000000,0.000000,0.000000,0.000000,0.000000,0.000000,,,,,,,,,,,,
169593,,,,,,,,,,,0.000000,0.000000,0.000000,0.000000,0.000000,0.000000,,,,,,,,,,,,
169598,,,,,,,,,,,0.000000,0.000000,0.000000,0.000000,0.000000,0.000000,,,,,,,,,,,,
169603,,,,,,,,,,,0.000000,0.000000,0.000000,0.000000,0.000000,0.000000,,,,,,,,,,,,
169608,,,,,,,,,,,0.000000,0.000000,0.000000,0.000000,0.000000,0.000000,,,,,,,,,,,,
169613,,,,,,,,,,,0.000000,0.000000,0.000000,0.000000,0.000000,0.000000,,,,,,,,,,,,
169618,,,,,,,,,,,0.000000,0.000000,0.000000,0.000000,0.000000,0.000000,,,,,,,,,,,,
169630,,,,,,,,,,,0.000000,0.000000,0.000000,0.000000,0.000000,0.000000,,,,,,,,,,,,
169633,,,,,,,,,,,0.000000,0.000000,0.000000,0.000000,0.000000,0.000000,,,,,,,,,,,,
169638,,,,,,,,,,,0.000000,0.000000,0.000000,0.000000,0.000000,0.000000,,,,,,,,,,,,
169643,,,,,,,,,,,0.000000,0.000000,0.000000,0.000000,0.000000,0.000000,,,,,,,,,,,,
169648,,,,,,,,,,,0.000000,0.000000,0.000000,0.000000,0.000000,0.000000,,,,,,,,,,,,
169653,,,,,,,,,,,0.000000,0.000000,0.000000,0.000000,0.000000,0.000000,,,,,,,,,,,,
169658,,,,,,,,,,,0.000000,0.000000,0.000000,0.000000,0.000000,0.000000,,,,,,,,,,,,
169663,,,,,,,,,,,0.000000,0.000000,0.000000,0.000000,0.000000,0.000000,,,,,,,,,,,,
169668,,,,,,,,,,,0.000000,0.000000,0.000000,0.000000,0.000000,0.000000,,,,,,,,,,,,
169673,,,,,,,,,,,0.000000,0.000000,0.000000,0.000000,0.000000,0.000000,,,,,,,,,,,,
169678,,,,,,,,,,,0.000000,0.000000,0.000000,0.000000,0.000000,0.000000,,,,,,,,,,,,
169690,,,,,,,,,,,0.000000,0.000000,0.000000,0.000000,0.000000,0.000000,,,,,,,,,,,,
169693,,,,,,,,,,,0.000000,0.000000,0.000000,0.000000,0.000000,0.000000,,,,,,,,,,,,
169698,,,,,,,,,,,-0.000130,0.001163,0.000000,0.000000,-0.000001,0.000012,,,,,,,,,,,,
169703,,,,,,,,,,,-0.000130,0.001163,0.000000,0.000000,-0.000001,0.000012,,,,,,,,,,,,
169708,,,,,,,,,,,-0.000130,0.001163,0.000000,0.000000,-0.000001,0.000012,,,,,,,,,,,,
169713,,,,,,,,,,,56.622910,70.145264,0.000000,0.000000,0.571891,0.708467,,,,,,,,,,,,
169718,,,,,,,,,,,56.622910,70.145264,0.591445,1.182890,0.571580,0.703535,,,,,,,,,,,,
169723,,,,,,,,,,,56.622910,70.145264,2.314838,4.629677,0.559777,0.675619,,,,,,,,,,,,
169728,,,,,,,,,,,56.622910,70.145264,5.664130,9.553926,0.531380,0.632435,,,,,,,,,,,,
169733,,,,,,,,,,,56.307739,70.631897,9.316391,15.236937,0.496405,0.586011,,,,,,,,,,,,
169738,,,,,,,,,,,56.307739,70.631897,14.428417,22.204803,0.449472,0.521175,,,,,,,,,,,,
169743,,,,,,,,,,,56.307739,70.631897,19.100143,28.572527,0.406476,0.461704,,,,,,,,,,,,
169748,,,,,,,,,,,56.307739,70.631897,23.369492,34.983242,0.367076,0.401161,,,,,,,,,,,,
169753,,,,,,,,,,,54.796654,72.169014,26.679676,39.658913,0.321675,0.373027,,,,,,,,,,,,
169758,,,,,,,,,,,54.796654,72.169014,29.704754,43.340420,0.293934,0.339095,,,,,,,,,,,,
169770,,,,,,,,,,,54.796654,72.169014,33.996723,51.330196,0.254853,0.262881,,,,,,,,,,,,
169773,,,,,,,,,,,52.364822,73.123421,34.025803,51.049229,0.232078,0.277442,,,,,,,,,,,,
169778,,,,,,,,,,,52.364822,73.123421,35.235268,51.975353,0.221697,0.270296,,,,,,,,,,,,
169783,,,,,,,,,,,52.364822,73.123421,35.157673,52.821709,0.224193,0.263862,,,,,,,,,,,,
169788,,,,,,,,,,,52.364822,73.123421,34.495316,53.003723,0.232604,0.264054,,,,,,,,,,,,
169793,,,,,,,,,,,49.021263,73.679192,33.890007,52.578617,0.206734,0.275973,,,,,,,,,,,,
169798,,,,,,,,,,,49.021263,73.679192,33.336834,51.598679,0.213835,0.287980,,,,,,,,,,,,
169803,,,,,,,,,,,49.021263,73.679192,32.239861,51.294586,0.226482,0.293260,,,,,,,,,,,,
169808,,,,,,,,,,,49.021263,73.679192,31.237370,50.425243,0.238286,0.304278,,,,,,,,,,,,
169813,,,,,,,,,,,45.030308,73.785866,30.321222,49.630775,0.209009,0.315705,,,,,,,,,,,,
169818,,,,,,,,,,,45.030308,73.785866,30.075428,49.496181,0.212962,0.319480,,,,,,,,,,,,
169830,,,,,,,,,,,45.030308,73.785866,29.441763,49.985188,0.222139,0.318879,,,,,,,,,,,,
169833,,,,,,,,,,,40.397083,73.522423,28.088827,48.045734,0.190567,0.338187,,,,,,,,,,,,
169838,,,,,,,,,,,40.397083,73.522423,27.443865,48.047661,0.198312,0.340715,,,,,,,,,,,,
169843,,,,,,,,,,,40.397083,73.522423,27.445898,48.049419,0.199587,0.343245,,,,,,,,,,,,
169848,,,,,,,,,,,40.397083,73.522423,26.856312,48.642471,0.206837,0.339802,,,,,,,,,,,,
169853,,,,,,,,,,,35.698925,73.017044,26.908951,48.592999,0.160208,0.337686,,,,,,,,,,,,
169858,,,,,,,,,,,35.698925,73.017044,26.365612,48.547787,0.166574,0.340585,,,,,,,,,,,,
169863,,,,,,,,,,,35.698925,73.017044,25.869072,49.097916,0.172523,0.337475,,,,,,,,,,,,
169868,,,,,,,,,,,35.698925,73.017044,26.006742,49.600662,0.172115,0.334790,,,,,,,,,,,,
169873,,,,,,,,,,,31.327604,72.436478,25.541111,50.060104,0.133637,0.326627,,,,,,,,,,,,
169878,,,,,,,,,,,31.327604,72.436478,25.115585,49.888531,0.138513,0.330598,,,,,,,,,,,,
169890,,,,,,,,,,,31.327604,72.436478,24.759008,51.444809,0.143160,0.318813,,,,,,,,,,,,
169893,,,,,,,,,,,27.544846,71.804306,23.809401,49.971081,0.115202,0.329412,,,,,,,,,,,,
169898,,,,,,,,,,,27.544846,71.804306,22.941582,49.807175,0.124340,0.333251,,,,,,,,,,,,
169903,,,,,,,,,,,27.544846,71.804306,22.739954,50.248833,0.126837,0.330990,,,,,,,,,,,,
169908,,,,,,,,,,,27.544846,71.804306,22.555693,50.652451,0.129178,0.329069,,,,,,,,,,,,
169913,,,,,,,,,,,25.063547,71.274712,21.795856,51.021305,0.112290,0.322110,,,,,,,,,,,,
169918,,,,,,,,,,,25.063547,71.274712,21.692909,51.949833,0.113657,0.314757,,,,,,,,,,,,
169923,,,,,,,,,,,25.063547,71.274712,21.007385,52.206944,0.120918,0.314093,,,,,,,,,,,,
169928,,,,,,,,,,,25.063547,71.274712,20.380905,52.441906,0.127651,0.313626,,,,,,,,,,,,
169933,,,,,,,,,,,24.025549,70.722061,20.399828,53.248077,0.117444,0.301785,,,,,,,,,,,,
169938,,,,,,,,,,,24.025549,70.722061,19.825676,53.984814,0.123606,0.296092,,,,,,,,,,,,
169943,,,,,,,,,,,24.025549,70.722061,19.300976,54.658096,0.129325,0.290965,,,,,,,,,,,,
169948,,,,,,,,,,,24.025549,70.722061,18.821468,55.273388,0.134641,0.286357,,,,,,,,,,,,
169953,,,,,,,,,,,24.278099,69.938194,18.974707,55.835682,0.136164,0.274306,,,,,,,,,,,,
169958,,,,,,,,,,,24.278099,69.938194,18.523300,56.349548,0.141254,0.270526,,,,,,,,,,,,
169970,,,,,,,,,,,24.278099,69.938194,18.172401,58.411354,0.145813,0.251663,,,,,,,,,,,,
169973,,,,,,,,,,,25.360998,68.669441,17.198654,56.929043,0.167195,0.254972,,,,,,,,,,,,
169978,,,,,,,,,,,25.360998,68.669441,16.900221,56.757290,0.171026,0.257881,,,,,,,,,,,,
169983,,,,,,,,,,,25.360998,68.669441,17.218937,57.191776,0.168653,0.254684,,,,,,,,,,,,
169988,,,,,,,,,,,25.360998,68.669441,16.918756,57.588840,0.172499,0.251822,,,,,,,,,,,,
169993,,,,,,,,,,,27.211452,67.049438,17.235876,57.951706,0.188830,0.232903,,,,,,,,,,,,
169998,,,,,,,,,,,27.211452,67.049438,16.934237,58.283318,0.192874,0.230463,,,,,,,,,,,,
170003,,,,,,,,,,,27.211452,67.049438,17.250021,57.994923,0.190712,0.234253,,,,,,,,,,,,
170008,,,,,,,,,,,27.211452,67.049438,16.947163,58.322811,0.194767,0.231846,,,,,,,,,,,,
170013,,,,,,,,,,,29.443819,65.155182,17.261835,58.031013,0.215162,0.216534,,,,,,,,,,,,
170018,,,,,,,,,,,29.443819,65.155182,17.549404,58.355793,0.213476,0.213966,,,,,,,,,,,,
170032,,,,,,,,,,,29.443819,65.155182,19.521057,60.627388,0.195560,0.191584,,,,,,,,,,,,
170033,,,,,,,,,,,31.711384,62.989017,18.431149,57.179874,0.230463,0.204979,,,,,,,,,,,,
170038,,,,,,,,,,,31.711384,62.989017,18.618004,56.986519,0.229904,0.207513,,,,,,,,,,,,
170043,,,,,,,,,,,31.711384,62.989017,19.380211,56.218372,0.223515,0.215871,,,,,,,,,,,,
170048,,,,,,,,,,,31.711384,62.989017,19.485325,56.107830,0.223686,0.217665,,,,,,,,,,,,
170053,,,,,,,,,,,34.056175,61.148525,20.172829,56.006809,0.241647,0.200784,,,,,,,,,,,,
170058,,,,,,,,,,,34.056175,61.148525,20.801119,55.914490,0.236690,0.202231,,,,,,,,,,,,
170063,,,,,,,,,,,34.056175,61.148525,20.783850,55.830124,0.238190,0.203606,,,,,,,,,,,,
170068,,,,,,,,,,,34.056175,61.148525,21.950956,55.161579,0.227729,0.210890,,,,,,,,,,,,
170073,,,,,,,,,,,36.334969,59.610527,22.426096,55.142059,0.247157,0.196153,,,,,,,,,,,,
170078,,,,,,,,,,,36.334969,59.610527,22.860312,54.532776,0.244162,0.202753,,,,,,,,,,,,
170090,,,,,,,,,,,36.334969,59.610527,24.497009,55.323490,0.229932,0.195247,,,,,,,,,,,,
170093,,,,,,,,,,,38.635544,58.557732,24.161411,52.924248,0.257741,0.209275,,,,,,,,,,,,
170098,,,,,,,,,,,38.635544,58.557732,24.446163,52.505985,0.256312,0.214062,,,,,,,,,,,,
170103,,,,,,,,,,,38.635544,58.557732,25.297834,52.123749,0.249129,0.218528,,,,,,,,,,,,
170108,,,,,,,,,,,38.635544,58.557732,26.076151,51.774433,0.242602,0.222700,,,,,,,,,,,,
170113,,,,,,,,,,,40.893253,58.022415,26.787432,51.455204,0.259477,0.221195,,,,,,,,,,,,
170118,,,,,,,,,,,40.893253,58.022415,27.437449,51.163471,0.254322,0.224799,,,,,,,,,,,,
170123,,,,,,,,,,,40.893253,58.022415,28.031479,51.488312,0.249668,0.222204,,,,,,,,,,,,
170128,,,,,,,,,,,40.893253,58.022415,28.574347,51.193726,0.245472,0.225832,,,,,,,,,,,,
170133,,,,,,,,,,,43.043373,58.012623,29.661901,50.924515,0.257435,0.229135,,,,,,,,,,,,
170138,,,,,,,,,,,43.043373,58.012623,30.064341,50.678490,0.254709,0.232329,,,,,,,,,,,,
170150,,,,,,,,,,,43.043373,58.012623,35.163677,56.368103,0.204503,0.175597,,,,,,,,,,,,
170151,,,,,,,,,,,43.043373,58.012623,32.135021,52.104553,0.235881,0.218824,,,,,,,,,,,,
170153,,,,,,,,,,,45.186031,58.324032,31.733006,49.982555,0.262673,0.243992,,,,,,,,,,,,
170158,,,,,,,,,,,45.186031,58.324032,31.957060,49.817661,0.261755,0.246491,,,,,,,,,,,,
170163,,,,,,,,,,,45.186031,58.324032,32.753262,49.666969,0.255037,0.248864,,,,,,,,,,,,
170168,,,,,,,,,,,45.186031,58.324032,33.480885,50.120701,0.248931,0.245147,,,,,,,,,,,,
170173,,,,,,,,,,,47.358276,58.990524,34.145840,49.943909,0.265325,0.254485,,,,,,,,,,,,
170178,,,,,,,,,,,47.358276,58.990524,34.753521,49.782345,0.260509,0.257021,,,,,,,,,,,,
170183,,,,,,,,,,,47.358276,58.990524,35.308861,50.226139,0.256160,0.253460,,,,,,,,,,,,
170188,,,,,,,,,,,47.358276,58.990524,35.816372,50.040264,0.252239,0.256213,,,,,,,,,,,,
170193,,,,,,,,,,,49.570702,59.916466,36.280170,50.461845,0.271055,0.262202,,,,,,,,,,,,
170198,,,,,,,,,,,49.570702,59.916466,36.704021,50.847115,0.268103,0.259257,,,,,,,,,,,,
170203,,,,,,,,,,,49.570702,59.916466,37.682812,50.607758,0.259504,0.262581,,,,,,,,,,,,
170208,,,,,,,,,,,49.570702,59.916466,37.985851,50.980461,0.257632,0.259748,,,,,,,,,,,,
170213,,,,,,,,,,,51.530411,60.779175,38.854237,51.321064,0.269813,0.265915,,,,,,,,,,,,
170218,,,,,,,,,,,51.530411,60.779175,39.647827,51.632328,0.263065,0.263717,,,,,,,,,,,,
170230,,,,,,,,,,,51.530411,60.779175,41.811199,53.441662,0.243046,0.246652,,,,,,,,,,,,
170233,,,,,,,,,,,53.725937,61.768875,40.575771,51.795944,0.278670,0.274003,,,,,,,,,,,,
170238,,,,,,,,,,,53.725937,61.768875,41.221085,52.066307,0.273468,0.272270,,,,,,,,,,,,
170243,,,,,,,,,,,53.725937,61.768875,41.810818,52.313385,0.268762,0.270745,,,,,,,,,,,,
170248,,,,,,,,,,,53.725937,61.768875,42.349758,52.539181,0.264510,0.269410,,,,,,,,,,,,
170253,,,,,,,,,,,55.828468,62.881950,42.842278,53.336975,0.281909,0.273517,,,,,,,,,,,,
170258,,,,,,,,,,,55.828468,62.881950,43.292377,53.474609,0.278661,0.273081,,,,,,,,,,,,
170263,,,,,,,,,,,55.828468,62.881950,43.703709,54.191833,0.275761,0.266778,,,,,,,,,,,,
170268,,,,,,,,,,,55.828468,62.881950,44.079613,54.255840,0.273176,0.267001,,,,,,,,,,,,
170273,,,,,,,,,,,57.898479,63.892071,45.014587,54.905777,0.285815,0.271501,,,,,,,,,,,,
170278,,,,,,,,,,,57.898479,63.892071,45.277584,54.908291,0.284447,0.272374,,,,,,,,,,,,
170290,,,,,,,,,,,57.898479,63.892071,52.023823,62.599373,0.217572,0.195593,,,,,,,,,,,,
170291,,,,,,,,,,,57.898479,63.892071,48.134445,57.207676,0.257442,0.250178,,,,,,,,,,,,
170293,,,,,,,,,,,60.029678,65.021133,46.354397,55.237591,0.297922,0.282148,,,,,,,,,,,,
170298,,,,,,,,,,,60.029678,65.021133,47.093441,55.802971,0.291826,0.277416,,,,,,,,,,,,
170303,,,,,,,,,,,60.029678,65.021133,47.177387,55.728210,0.292271,0.279093,,,,,,,,,,,,
170308,,,,,,,,,,,60.029678,65.021133,47.845547,56.251331,0.286808,0.274739,,,,,,,,,,,,
170313,,,,,,,,,,,62.073112,66.133926,48.456158,56.729397,0.302498,0.282026,,,,,,,,,,,,
170318,,,,,,,,,,,62.073112,66.133926,49.014179,57.166286,0.298224,0.278554,,,,,,,,,,,,
170323,,,,,,,,,,,62.073112,66.133926,49.524136,57.565548,0.294379,0.275419,,,,,,,,,,,,
170328,,,,,,,,,,,62.073112,66.133926,49.990170,57.930420,0.290927,0.272590,,,,,,,,,,,,
170333,,,,,,,,,,,63.999069,67.271172,50.416065,57.672421,0.307286,0.287503,,,,,,,,,,,,
170338,,,,,,,,,,,63.999069,67.271172,50.805279,58.028088,0.304713,0.284870,,,,,,,,,,,,
170350,,,,,,,,,,,63.999069,67.271172,53.831955,60.353699,0.276037,0.262429,,,,,,,,,,,,
170353,,,,,,,,,,,65.841240,68.402824,52.152622,58.704090,0.312621,0.291211,,,,,,,,,,,,
170358,,,,,,,,,,,65.841240,68.402824,52.983711,58.970898,0.305596,0.289486,,,,,,,,,,,,
170363,,,,,,,,,,,65.841240,68.402824,53.151772,59.214725,0.305184,0.287967,,,,,,,,,,,,
170368,,,,,,,,,,,65.841240,68.402824,53.896801,59.437553,0.298929,0.286635,,,,,,,,,,,,
170373,,,,,,,,,,,67.573891,69.437645,54.577663,60.232632,0.310746,0.289953,,,,,,,,,,,,
170378,,,,,,,,,,,67.573891,69.437645,54.608437,60.367786,0.311735,0.289508,,,,,,,,,,,,
170383,,,,,,,,,,,67.573891,69.437645,55.228004,61.082745,0.306774,0.283194,,,,,,,,,,,,
170388,,,,,,,,,,,67.573891,69.437645,56.385654,61.144680,0.296316,0.283404,,,,,,,,,,,,
170393,,,,,,,,,,,69.261765,70.528931,56.260704,61.201279,0.315744,0.294684,,,,,,,,,,,,
170398,,,,,,,,,,,69.261765,70.528931,57.329407,61.844448,0.306251,0.289121,,,,,,,,,,,,
170403,,,,,,,,,,,69.261765,70.528931,57.714619,62.432220,0.303553,0.284053,,,,,,,,,,,,
170408,,,,,,,,,,,69.261765,70.528931,58.066650,62.377926,0.301152,0.285411,,,,,,,,,,,,
170413,,,,,,,,,,,70.904282,71.653748,58.388363,62.919750,0.315612,0.292114,,,,,,,,,,,,
170418,,,,,,,,,,,70.904282,71.653748,59.273811,63.414909,0.307921,0.287986,,,,,,,,,,,,
170430,,,,,,,,,,,70.904282,71.653748,60.853577,65.443993,0.293560,0.268385,,,,,,,,,,,,
170433,,,,,,,,,,,72.409538,72.710289,59.752361,63.355957,0.320890,0.300767,,,,,,,,,,,,
170438,,,,,,,,,,,72.409538,72.710289,59.928883,63.813545,0.320373,0.297080,,,,,,,,,,,,
170443,,,,,,,,,,,72.409538,72.710289,60.681644,63.640274,0.314018,0.299720,,,,,,,,,,,,
170448,,,,,,,,,,,72.409538,72.710289,61.369572,64.073372,0.308243,0.296253,,,,,,,,,,,,
170453,,,,,,,,,,,73.845276,73.701675,61.406803,64.469170,0.323472,0.303132,,,,,,,,,,,,
170458,,,,,,,,,,,73.845276,73.701675,62.032272,65.422318,0.318398,0.294428,,,,,,,,,,,,
170463,,,,,,,,,,,73.845276,73.701675,62.603870,65.701927,0.313807,0.292432,,,,,,,,,,,,
170468,,,,,,,,,,,73.845276,73.701675,63.126236,65.957458,0.309655,0.290651,,,,,,,,,,,,
170473,,,,,,,,,,,75.228073,74.722313,63.603607,66.190979,0.319871,0.299376,,,,,,,,,,,,
170478,,,,,,,,,,,75.228073,74.722313,64.039864,66.404388,0.316628,0.298073,,,,,,,,,,,,
170490,,,,,,,,,,,75.228073,74.722313,65.965927,67.889732,0.298662,0.283947,,,,,,,,,,,,
170493,,,,,,,,,,,76.492325,75.589142,64.424385,66.182487,0.327927,0.310628,,,,,,,,,,,,
170498,,,,,,,,,,,76.492325,75.589142,64.789948,66.988068,0.325442,0.303432,,,,,,,,,,,,
170503,,,,,,,,,,,76.492325,75.589142,65.124023,67.132820,0.323238,0.302830,,,,,,,,,,,,
170508,,,,,,,,,,,76.492325,75.589142,65.429329,67.265106,0.321291,0.302340,,,,,,,,,,,,
170513,,,,,,,,,,,77.554626,76.319420,66.299782,67.977440,0.324335,0.303354,,,,,,,,,,,,
170518,,,,,,,,,,,77.554626,76.319420,66.503815,68.628426,0.323400,0.297613,,,,,,,,,,,,
170523,,,,,,,,,,,77.554626,76.319420,66.690277,68.631897,0.322622,0.298347,,,,,,,,,,,,
170528,,,,,,,,,,,77.554626,76.319420,66.860680,68.635063,0.321987,0.299084,,,,,,,,,,,,
170533,,,,,,,,,,,78.642738,77.174538,67.607849,69.229401,0.326500,0.302486,,,,,,,,,,,,
170538,,,,,,,,,,,78.642738,77.174538,68.290665,69.181107,0.320707,0.303768,,,,,,,,,,,,
170550,,,,,,,,,,,78.642738,77.174538,70.546089,71.881187,0.299107,0.277213,,,,,,,,,,,,
170553,,,,,,,,,,,79.682198,77.931427,68.610054,69.238716,0.329969,0.312076,,,,,,,,,,,,
170558,,,,,,,,,,,79.682198,77.931427,68.615105,69.781067,0.331026,0.307468,,,,,,,,,,,,
170563,,,,,,,,,,,79.682198,77.931427,69.211166,70.276703,0.326112,0.303277,,,,,,,,,,,,
170568,,,,,,,,,,,79.682198,77.931427,69.755890,70.729652,0.321657,0.299468,,,,,,,,,,,,
170573,,,,,,,,,,,79.960670,78.581169,70.253693,71.143585,0.320435,0.302569,,,,,,,,,,,,
170578,,,,,,,,,,,79.960670,78.581169,70.708618,70.930420,0.316811,0.305466,,,,,,,,,,,,
170583,,,,,,,,,,,79.960670,78.581169,70.532921,71.327065,0.319511,0.302225,,,,,,,,,,,,
170588,,,,,,,,,,,79.960670,78.581169,70.963799,71.689545,0.316101,0.299289,,,,,,,,,,,,
170593,,,,,,,,,,,79.983856,79.417747,71.357567,72.020805,0.313258,0.305082,,,,,,,,,,,,
170598,,,,,,,,,,,79.983856,79.417747,71.125977,71.732086,0.316460,0.308738,,,,,,,,,,,,
170610,,,,,,,,,,,79.983856,79.417747,80.377449,80.931351,0.223906,0.216594,,,,,,,,,,,,
170611,,,,,,,,,,,79.983856,79.417747,73.454521,74.552162,0.293788,0.280873,,,,,,,,,,,,
170613,,,,,,,,,,,79.996696,79.880959,70.676537,71.679642,0.322628,0.315050,,,,,,,,,,,,
170618,,,,,,,,,,,79.996696,79.880959,71.095047,72.011749,0.319333,0.312516,,,,,,,,,,,,
170623,,,,,,,,,,,79.996696,79.880959,71.477509,71.723808,0.316361,0.316211,,,,,,,,,,,,
170628,,,,,,,,,,,79.996696,79.880959,71.827026,72.052116,0.313683,0.313711,,,,,,,,,,,,
170633,,,,,,,,,,,79.999992,79.999992,72.146446,72.943588,0.311307,0.306692,,,,,,,,,,,,
170638,,,,,,,,,,,79.999992,79.999992,72.438354,73.166832,0.309144,0.305143,,,,,,,,,,,,
170643,,,,,,,,,,,79.999992,79.999992,72.705116,73.370850,0.307206,0.303766,,,,,,,,,,,,
170648,,,,,,,,,,,79.999992,79.999992,72.357460,73.557297,0.311446,0.302545,,,,,,,,,,,,
170653,,,,,,,,,,,79.999992,79.999992,72.631187,74.319130,0.309446,0.295495,,,,,,,,,,,,
170658,,,,,,,,,,,79.999992,79.999992,72.881340,74.423904,0.307656,0.295005,,,,,,,,,,,,
170663,,,,,,,,,,,79.999992,79.999992,73.701393,74.519653,0.300086,0.294596,,,,,,,,,,,,
170668,,,,,,,,,,,79.999992,79.999992,73.859367,74.607155,0.299120,0.294260,,,,,,,,,,,,
170673,,,,,,,,,,,79.999992,79.999992,74.003738,75.278564,0.298276,0.288018,,,,,,,,,,,,
170678,,,,,,,,,,,79.999992,79.999992,74.135674,75.300697,0.297543,0.288266,,,,,,,,,,,,
170690,,,,,,,,,,,79.999992,79.999992,76.019035,77.481575,0.278854,0.266231,,,,,,,,,,,,
170693,,,,,,,,,,,79.999992,79.999992,73.020172,74.948189,0.309540,0.292070,,,,,,,,,,,,
170698,,,,,,,,,,,79.999992,79.999992,73.236824,74.998779,0.308050,0.292064,,,,,,,,,,,,
170703,,,,,,,,,,,79.999992,79.999992,73.434814,75.045013,0.306727,0.292098,,,,,,,,,,,,
170708,,,,,,,,,,,79.999992,79.999992,73.024307,75.087265,0.311529,0.292166,,,,,,,,,,,,
170713,,,,,,,,,,,79.998329,79.939995,73.240601,75.125877,0.310026,0.291662,,,,,,,,,,,,
170718,,,,,,,,,,,79.998329,79.939995,73.438263,75.161163,0.308705,0.291787,,,,,,,,,,,,
170723,,,,,,,,,,,79.998329,79.939995,73.618904,75.193413,0.307537,0.291939,,,,,,,,,,,,
170728,,,,,,,,,,,79.998329,79.939995,73.783989,75.222885,0.306507,0.292116,,,,,,,,,,,,
170733,,,,,,,,,,,79.982140,79.355820,73.934853,75.249817,0.305441,0.286415,,,,,,,,,,,,
170738,,,,,,,,,,,79.982140,79.355820,74.072723,75.865875,0.304654,0.280604,,,,,,,,,,,,
170750,,,,,,,,,,,79.982140,79.355820,76.506966,77.413086,0.280350,0.264791,,,,,,,,,,,,
170753,,,,,,,,,,,79.972061,78.992119,73.466072,74.885597,0.311309,0.286839,,,,,,,,,,,,
170758,,,,,,,,,,,79.972061,78.992119,73.644318,74.941582,0.310159,0.286684,,,,,,,,,,,,
170763,,,,,,,,,,,79.972061,78.992119,74.398659,74.992744,0.303173,0.286573,,,,,,,,,,,,
170768,,,,,,,,,,,79.972061,78.992119,74.496582,75.039497,0.302741,0.286500,,,,,,,,,,,,
170773,,,,,,,,,,,79.959908,78.553612,74.586067,75.673668,0.302262,0.276062,,,,,,,,,,,,
170778,,,,,,,,,,,79.959908,78.553612,74.667847,75.661774,0.301974,0.276470,,,,,,,,,,,,
170783,,,,,,,,,,,79.959908,78.553612,74.742584,75.650902,0.301748,0.276869,,,,,,,,,,,,
170788,,,,,,,,,,,79.959908,78.553612,74.810883,75.640968,0.301580,0.277259,,,,,,,,,,,,
170793,,,,,,,,,,,79.949310,78.171211,74.873299,75.631889,0.301357,0.273780,,,,,,,,,,,,
170798,,,,,,,,,,,79.949310,78.171211,74.930336,75.623596,0.301289,0.274118,,,,,,,,,,,,
170810,,,,,,,,,,,79.949310,78.171211,83.854141,84.487686,0.211660,0.184845,,,,,,,,,,,,
170811,,,,,,,,,,,79.949310,78.171211,77.223213,77.802193,0.278242,0.251737,,,,,,,,,,,,
170813,,,,,,,,,,,79.935867,77.686089,74.120628,74.649742,0.309715,0.278714,,,,,,,,,,,,
170818,,,,,,,,,,,79.935867,77.686089,74.242500,74.134590,0.309066,0.284221,,,,,,,,,,,,
170823,,,,,,,,,,,79.935867,77.686089,74.353874,74.255257,0.308510,0.283357,,,,,,,,,,,,
170828,,,,,,,,,,,79.935867,77.686089,74.455650,74.365532,0.308041,0.282586,,,,,,,,,,,,
170833,,,,,,,,,,,79.917130,77.010002,74.548660,74.466309,0.307460,0.275072,,,,,,,,,,,,
170838,,,,,,,,,,,79.917130,77.010002,74.633659,74.558403,0.307138,0.274396,,,,,,,,,,,,
170843,,,,,,,,,,,79.917130,77.010002,74.711342,74.642563,0.306882,0.273791,,,,,,,,,,,,
170848,,,,,,,,,,,79.917130,77.010002,75.373779,74.719475,0.300712,0.273251,,,,,,,,,,,,
170853,,,,,,,,,,,79.904686,76.560867,75.387711,74.789764,0.300900,0.268234,,,,,,,,,,,,
170858,,,,,,,,,,,79.904686,76.560867,75.400444,74.853996,0.301223,0.267763,,,,,,,,,,,,
170863,,,,,,,,,,,79.904686,76.560867,75.412079,74.321259,0.301556,0.273314,,,,,,,,,,,,
170868,,,,,,,,,,,79.904686,76.560867,75.422714,74.425850,0.301898,0.272482,,,,,,,,,,,,
170873,,,,,,,,,,,79.896614,76.269783,75.432434,74.521431,0.302166,0.268790,,,,,,,,,,,,
170878,,,,,,,,,,,79.896614,76.269783,75.441315,74.017334,0.302523,0.274056,,,,,,,,,,,,
170890,,,,,,,,,,,79.896614,76.269783,77.649956,75.920204,0.280219,0.254446,,,,,,,,,,,,
170893,,,,,,,,,,,79.879860,75.665321,,,0.306008,0.278579,,,,,,,,,,,,
170894,,,,,,,,,,,,,75.102066,72.929848,,,,,,,,,,,,,,
170898,,,,,,,,,,,79.879860,75.665321,75.139404,73.154282,0.306109,0.276586,,,,,,,,,,,,
170903,,,,,,,,,,,79.879860,75.665321,75.173523,73.359383,0.306238,0.274765,,,,,,,,,,,,
170908,,,,,,,,,,,79.879860,75.665321,75.204704,73.546814,0.306394,0.273103,,,,,,,,,,,,
170913,,,,,,,,,,,79.864502,75.110802,75.233200,73.126663,0.306418,0.271957,,,,,,,,,,,,
170918,,,,,,,,,,,79.864502,75.110802,75.259239,73.334145,0.306619,0.270060,,,,,,,,,,,,
170923,,,,,,,,,,,79.864502,75.110802,75.874481,73.523750,0.300865,0.268323,,,,,,,,,,,,
170928,,,,,,,,,,,79.864502,75.110802,75.845291,73.105583,0.301559,0.272705,,,,,,,,,,,,
170933,,,,,,,,,,,79.851440,74.639549,75.818611,73.314880,0.302098,0.266032,,,,,,,,,,,,
170938,,,,,,,,,,,79.851440,74.639549,75.794235,72.914703,0.302748,0.270206,,,,,,,,,,,,
170950,,,,,,,,,,,79.851440,74.639549,77.404198,74.458832,0.286473,0.254164,,,,,,,,,,,,
170953,,,,,,,,,,,79.839249,74.199654,74.877472,72.185791,0.312114,0.272697,,,,,,,,,,,,
170958,,,,,,,,,,,79.839249,74.199654,74.934151,71.882866,0.312038,0.275958,,,,,,,,,,,,
170963,,,,,,,,,,,79.839249,74.199654,74.985947,72.197472,0.312006,0.273012,,,,,,,,,,,,
170968,,,,,,,,,,,79.839249,74.199654,75.624733,71.893539,0.306039,0.276282,,,,,,,,,,,,
170973,,,,,,,,,,,79.820396,73.519516,75.617050,71.615784,0.306348,0.272449,,,,,,,,,,,,
170978,,,,,,,,,,,79.820396,73.519516,75.610031,71.953392,0.306839,0.269229,,,,,,,,,,,,
170983,,,,,,,,,,,79.820396,73.519516,76.195061,71.670479,0.301351,0.272243,,,,,,,,,,,,
170988,,,,,,,,,,,79.820396,73.519516,76.138260,72.003380,0.302287,0.269066,,,,,,,,,,,,
170993,,,,,,,,,,,79.796860,72.670349,76.086349,72.307610,0.302942,0.257568,,,,,,,,,,,,
170998,,,,,,,,,,,79.796860,72.670349,76.038910,71.994186,0.303792,0.260770,,,,,,,,,,,,
171014,,,,,,,,,,,79.796860,72.670349,75.323090,71.345657,0.310096,0.265707,,,,,,,,,,,,
171018,,,,,,,,,,,79.777016,71.954056,74.749947,70.523643,0.316132,0.266908,,,,,,,,,,,,
171023,,,,,,,,,,,79.777016,71.954056,75.409058,70.363876,0.309978,0.268664,,,,,,,,,,,,
171028,,,,,,,,,,,79.777016,71.954056,75.419952,70.217873,0.310304,0.270298,,,,,,,,,,,,
171033,,,,,,,,,,,79.764114,71.488701,76.021355,70.675888,0.304536,0.261146,,,,,,,,,,,,
171038,,,,,,,,,,,79.764114,71.488701,75.979515,70.503006,0.305332,0.262973,,,,,,,,,,,,
171043,,,,,,,,,,,79.764114,71.488701,76.532722,70.936462,0.300123,0.258694,,,,,,,,,,,,
171048,,,,,,,,,,,79.764114,71.488701,76.446838,70.741142,0.301314,0.260722,,,,,,,,,,,,
171053,,,,,,,,,,,79.748238,70.915726,76.368347,70.562645,0.302278,0.256812,,,,,,,,,,,,
171058,,,,,,,,,,,79.748238,70.915726,76.888062,70.399521,0.297367,0.258495,,,,,,,,,,,,
171070,,,,,,,,,,,79.748238,70.915726,78.266769,71.766808,0.283139,0.243976,,,,,,,,,,,,
171073,,,,,,,,,,,79.733925,70.399315,75.665749,69.134186,0.309413,0.265264,,,,,,,,,,,,
171078,,,,,,,,,,,79.733925,70.399315,75.654533,69.685539,0.309933,0.259822,,,,,,,,,,,,
171083,,,,,,,,,,,79.733925,70.399315,75.644287,69.597961,0.310444,0.260778,,,,,,,,,,,,
171088,,,,,,,,,,,79.733925,70.399315,76.226364,69.517921,0.304974,0.261666,,,,,,,,,,,,
171093,,,,,,,,,,,79.716942,69.786301,76.166862,69.444778,0.305754,0.256302,,,,,,,,,,,,
171098,,,,,,,,,,,79.716942,69.786301,76.703934,69.377937,0.300685,0.257011,,,,,,,,,,,,
171103,,,,,,,,,,,79.716942,69.786301,76.603302,69.316849,0.302002,0.257669,,,,,,,,,,,,
171108,,,,,,,,,,,79.716942,69.786301,76.511337,69.261024,0.303243,0.258280,,,,,,,,,,,,
171113,,,,,,,,,,,79.700493,69.193138,77.018738,69.210007,0.298272,0.252857,,,,,,,,,,,,
171118,,,,,,,,,,,79.700493,69.193138,76.890991,69.163383,0.299831,0.253326,,,,,,,,,,,,
171123,,,,,,,,,,,79.700493,69.193138,76.774246,69.120773,0.301291,0.253759,,,,,,,,,,,,
171128,,,,,,,,,,,79.700493,69.193138,77.259003,69.081833,0.296687,0.254160,,,,,,,,,,,,
171133,,,,,,,,,,,79.700493,69.193138,77.702011,69.046249,0.292457,0.254530,,,,,,,,,,,,
171138,,,,,,,,,,,79.693420,68.937614,77.515411,69.013733,0.294470,0.252293,,,,,,,,,,,,
171152,,,,,,,,,,,79.693420,68.937614,80.412216,71.690468,0.264601,0.224299,,,,,,,,,,,,
171153,,,,,,,,,,,79.693420,68.937614,75.852074,67.290085,0.310586,0.268468,,,,,,,,,,,,
171158,,,,,,,,,,,79.674080,68.240173,75.824814,67.408821,0.311050,0.260389,,,,,,,,,,,,
171163,,,,,,,,,,,79.674080,68.240173,,,0.311687,0.265350,,,,,,,,,,,,
171164,,,,,,,,,,,,,75.799904,66.925888,,,,,,,,,,,,,,
171168,,,,,,,,,,,79.674080,68.240173,75.777138,67.075996,0.312304,0.263965,,,,,,,,,,,,
171173,,,,,,,,,,,79.653252,67.488167,75.756332,67.213173,0.312694,0.255101,,,,,,,,,,,,
171178,,,,,,,,,,,79.653252,67.488167,75.737320,67.338539,0.313275,0.253862,,,,,,,,,,,,
171183,,,,,,,,,,,79.653252,67.488167,76.311386,67.453102,0.307869,0.252720,,,,,,,,,,,,
171188,,,,,,,,,,,79.653252,67.488167,76.244568,67.557800,0.308878,0.251666,,,,,,,,,,,,
171193,,,,,,,,,,,79.637924,66.935150,76.183502,67.653481,0.309681,0.245107,,,,,,,,,,,,
171198,,,,,,,,,,,79.637924,66.935150,76.719139,67.149475,0.304616,0.250126,,,,,,,,,,,,
171210,,,,,,,,,,,79.637924,66.935150,78.666199,69.103447,0.284599,0.229566,,,,,,,,,,,,
171213,,,,,,,,,,,79.623726,66.422935,76.030777,66.108780,0.311170,0.254422,,,,,,,,,,,,
171218,,,,,,,,,,,79.623726,66.422935,76.579567,66.329269,0.305987,0.252226,,,,,,,,,,,,
171223,,,,,,,,,,,79.623726,66.422935,76.489647,66.530762,0.307199,0.250200,,,,,,,,,,,,
171228,,,,,,,,,,,79.623726,66.422935,76.998917,66.123459,0.302369,0.254303,,,,,,,,,,,,
171233,,,,,,,,,,,79.613960,66.070274,76.872879,66.342682,0.303806,0.248557,,,,,,,,,,,,
171238,,,,,,,,,,,79.613960,66.070274,76.757698,66.543022,0.305243,0.246507,,,,,,,,,,,,
171243,,,,,,,,,,,79.613960,66.070274,77.243881,66.726105,0.300618,0.244610,,,,,,,,,,,,
171248,,,,,,,,,,,79.613960,66.070274,77.096741,66.301979,0.302342,0.248828,,,,,,,,,,,,
171253,,,,,,,,,,,79.606140,65.788567,76.962273,66.505821,0.303872,0.243901,,,,,,,,,,,,
171258,,,,,,,,,,,79.606140,65.788567,76.839386,66.100662,0.305378,0.247922,,,,,,,,,,,,
171270,,,,,,,,,,,79.606140,65.788567,86.781647,74.010628,0.205238,0.168000,,,,,,,,,,,,
171271,,,,,,,,,,,79.606140,65.788567,79.307129,67.636078,0.280013,0.231560,,,,,,,,,,,,
171273,,,,,,,,,,,79.606140,65.788567,76.616501,64.767792,0.307218,0.260345,,,,,,,,,,,,
171278,,,,,,,,,,,79.604691,65.736046,76.523399,65.103775,0.308443,0.256524,,,,,,,,,,,,
171283,,,,,,,,,,,79.604691,65.736046,77.029762,65.410820,0.303637,0.253486,,,,,,,,,,,,
171288,,,,,,,,,,,79.604691,65.736046,76.901070,65.099976,0.305194,0.256658,,,,,,,,,,,,
171293,,,,,,,,,,,79.603706,65.700356,76.783455,65.407349,0.306642,0.253256,,,,,,,,,,,,
171298,,,,,,,,,,,79.603706,65.700356,77.267418,65.096802,0.302036,0.256422,,,,,,,,,,,,
171303,,,,,,,,,,,79.603706,65.700356,77.118256,64.813004,0.303776,0.259349,,,,,,,,,,,,
171308,,,,,,,,,,,79.603706,65.700356,76.981941,65.145096,0.305402,0.256083,,,,,,,,,,,,
171313,,,,,,,,,,,79.604088,65.713966,77.448807,64.857140,0.300952,0.259185,,,,,,,,,,,,
171318,,,,,,,,,,,79.604088,65.713966,77.284019,65.185432,0.302832,0.255955,,,,,,,,,,,,
171323,,,,,,,,,,,79.604088,65.713966,77.133423,64.894005,0.304585,0.258951,,,,,,,,,,,,
171328,,,,,,,,,,,79.604088,65.713966,76.995796,65.219116,0.306222,0.255749,,,,,,,,,,,,
171333,,,,,,,,,,,79.598122,65.499008,76.870026,64.924782,0.307693,0.256600,,,,,,,,,,,,
171338,,,,,,,,,,,79.598122,65.499008,76.755089,65.247246,0.309127,0.253401,,,,,,,,,,,,
171350,,,,,,,,,,,79.598122,65.499008,78.747169,66.382843,0.288699,0.241243,,,,,,,,,,,,
171353,,,,,,,,,,,79.605141,65.752548,76.104774,64.213943,0.315543,0.265621,,,,,,,,,,,,
171358,,,,,,,,,,,79.605141,65.752548,76.647194,64.597633,0.310415,0.261900,,,,,,,,,,,,
171363,,,,,,,,,,,79.605141,65.752548,76.551445,64.356827,0.311678,0.264447,,,,,,,,,,,,
171368,,,,,,,,,,,79.605141,65.752548,76.463943,64.136765,0.312867,0.266809,,,,,,,,,,,,
171373,,,,,,,,,,,79.611931,65.997368,76.383980,64.527100,0.314057,0.265501,,,,,,,,,,,,
171378,,,,,,,,,,,79.611931,65.997368,76.902351,64.883820,0.309144,0.262045,,,,,,,,,,,,
171383,,,,,,,,,,,79.611931,65.997368,76.784630,64.618370,0.310604,0.264838,,,,,,,,,,,,
171388,,,,,,,,,,,79.611931,65.997368,77.268494,64.967224,0.306000,0.261452,,,,,,,,,,,,
171393,,,,,,,,,,,79.617943,66.214272,77.119232,64.694588,0.307803,0.266500,,,,,,,,,,,,
171398,,,,,,,,,,,79.617943,66.214272,76.982834,65.036880,0.309430,0.263194,,,,,,,,,,,,
171410,,,,,,,,,,,79.617943,66.214272,78.886429,66.747650,0.289797,0.245351,,,,,,,,,,,,
171413,,,,,,,,,,,53.784653,79.273476,76.232040,64.547333,0.055763,0.399419,,,,,,,,,,,,
171418,,,,,,,,,,,53.784653,79.273476,75.580605,64.902306,0.060098,0.397306,,,,,,,,,,,,
171423,,,,,,,,,,,53.784653,79.273476,74.393837,65.226707,0.069905,0.395467,,,,,,,,,,,,
171428,,,,,,,,,,,53.784653,79.273476,73.309288,66.114609,0.078798,0.387904,,,,,,,,,,,,
171433,,,,,,,,,,,47.502857,79.099380,71.726700,66.926041,0.029383,0.379266,,,,,,,,,,,,
171438,,,,,,,,,,,47.502857,79.099380,70.871872,67.667580,0.035595,0.372994,,,,,,,,,,,,
171443,,,,,,,,,,,47.502857,79.099380,69.499222,68.345253,0.047121,0.367292,,,,,,,,,,,,
171448,,,,,,,,,,,47.502857,79.099380,67.653351,68.964554,0.063565,0.362113,,,,,,,,,,,,
171453,,,,,,,,,,,41.754742,78.090485,66.557915,70.121964,0.014558,0.341247,,,,,,,,,,,,
171458,,,,,,,,,,,41.754742,78.090485,64.373940,71.179680,0.034136,0.331360,,,,,,,,,,,,
171469,,,,,,,,,,,41.754742,78.090485,60.788956,72.958870,0.065606,0.313907,,,,,,,,,,,,
171473,,,,,,,,,,,39.999397,75.535400,58.510414,72.589355,0.068987,0.292346,,,,,,,,,,,,
171478,,,,,,,,,,,39.999397,75.535400,56.428123,73.434555,0.088167,0.284104,,,,,,,,,,,,
171483,,,,,,,,,,,39.999397,75.535400,54.525181,74.206963,0.105744,0.276513,,,,,,,,,,,,
171488,,,,,,,,,,,39.999397,75.535400,52.786140,74.321396,0.121855,0.275490,,,,,,,,,,,,
171493,,,,,,,,,,,42.115475,74.851990,51.196884,75.017418,0.158001,0.261679,,,,,,,,,,,,
171498,,,,,,,,,,,42.115475,74.851990,49.744511,75.062042,0.171761,0.261212,,,,,,,,,,,,
171503,,,,,,,,,,,42.115475,74.851990,48.417229,75.694275,0.184404,0.254805,,,,,,,,,,,,
171508,,,,,,,,,,,42.115475,74.851990,47.204266,75.680603,0.196025,0.254859,,,,,,,,,,,,
171513,,,,,,,,,,,47.336117,75.892342,46.687222,76.259552,0.253467,0.259437,,,,,,,,,,,,
171518,,,,,,,,,,,47.336117,75.892342,46.214710,76.197197,0.258304,0.260030,,,,,,,,,,,,
171528,,,,,,,,,,,47.336117,75.892342,49.331566,82.054657,0.226936,0.200839,,,,,,,,,,,,
171529,,,,,,,,,,,,,45.674072,75.578720,0.263677,0.265630,,,,,,,,,,,,
171533,,,,,,,,,,,53.339363,77.598450,45.880268,75.575005,0.322393,0.282930,,,,,,,,,,,,
171538,,,,,,,,,,,53.339363,77.598450,45.477261,75.571609,0.327210,0.283167,,,,,,,,,,,,
171543,,,,,,,,,,,53.339363,77.598450,46.291855,75.568504,0.319768,0.283401,,,,,,,,,,,,
171548,,,,,,,,,,,53.339363,77.598450,46.444843,75.565666,0.318928,0.283632,,,,,,,,,,,,
171553,,,,,,,,,,,59.385445,79.391968,47.176098,76.154518,0.373297,0.296003,,,,,,,,,,,,
171558,,,,,,,,,,,59.385445,79.391968,47.844368,76.101204,0.367769,0.296865,,,,,,,,,,,,
171563,,,,,,,,,,,59.385445,79.391968,48.455082,76.052483,0.362754,0.297686,,,,,,,,,,,,
171568,,,,,,,,,,,59.385445,79.391968,49.013195,76.007957,0.358211,0.298470,,,,,,,,,,,,
171573,,,,,,,,,,,65.064911,79.586090,50.706127,75.967270,0.399512,0.301180,,,,,,,,,,,,
171578,,,,,,,,,,,65.064911,79.586090,51.661800,75.338638,0.391295,0.307891,,,,,,,,,,,,
171583,,,,,,,,,,,65.064911,79.586090,53.718052,75.355598,0.371868,0.308144,,,,,,,,,,,,
171588,,,,,,,,,,,65.064911,79.586090,55.597198,75.371101,0.354023,0.308411,,,,,,,,,,,,
171593,,,,,,,,,,,70.062103,79.724586,57.314495,74.793823,0.388097,0.316062,,,,,,,,,,,,
171598,,,,,,,,,,,70.062103,79.724586,58.292435,74.266266,0.379494,0.321883,,,,,,,,,,,,
171610,,,,,,,,,,,70.062103,79.724586,60.574471,74.996155,0.358000,0.314823,,,,,,,,,,,,
171613,,,,,,,,,,,74.002007,79.833771,58.905849,72.085388,0.415595,0.345797,,,,,,,,,,,,
171618,,,,,,,,,,,74.002007,79.833771,59.746727,72.382553,0.408612,0.343571,,,,,,,,,,,,
171623,,,,,,,,,,,74.002007,79.833771,,,,,,,,,,,,,,,,
171624,,,,,,,,,,,,,60.515179,72.062675,0.402276,0.347547,,,,,,,,,,,,
171628,,,,,,,,,,,74.002007,79.833771,61.808887,72.361794,0.390558,0.345303,,,,,,,,,,,,
171633,,,,,,,,,,,77.471436,79.929924,62.399723,72.635147,0.420851,0.344260,,,,,,,,,,,,
171638,,,,,,,,,,,77.471436,79.929924,63.531116,72.293518,0.410932,0.348440,,,,,,,,,,,,
171643,,,,,,,,,,,77.471436,79.929924,63.973618,72.572754,0.407856,0.346384,,,,,,,,,,,,
171648,,,,,,,,,,,77.471436,79.929924,64.969452,72.236496,0.399148,0.350515,,,,,,,,,,,,
171653,,,,,,,,,,,79.999992,79.999992,65.879517,72.520645,0.416745,0.349123,,,,,,,,,,,,
171658,,,,,,,,,,,79.999992,79.999992,66.711197,72.188873,0.409757,0.353221,,,,,,,,,,,,
171670,,,,,,,,,,,79.999992,79.999992,69.818428,74.342209,0.380128,0.332119,,,,,,,,,,,,
171673,,,,,,,,,,,79.999992,79.999992,67.353622,71.487770,0.406041,0.361515,,,,,,,,,,,,
171678,,,,,,,,,,,79.999992,79.999992,67.466888,71.836411,0.406161,0.358845,,,,,,,,,,,,
171683,,,,,,,,,,,79.999992,79.999992,68.161842,72.155022,0.400396,0.356443,,,,,,,,,,,,
171688,,,,,,,,,,,79.999992,79.999992,68.796944,72.446190,0.395165,0.354287,,,,,,,,,,,,
171693,,,,,,,,,,,79.999992,79.999992,69.377342,72.712280,0.390423,0.352354,,,,,,,,,,,,
171698,,,,,,,,,,,79.999992,79.999992,69.316307,72.955452,0.392102,0.350627,,,,,,,,,,,,
171703,,,,,,,,,,,79.999992,79.999992,69.260529,73.177681,0.393734,0.349087,,,,,,,,,,,,
171708,,,,,,,,,,,79.999992,79.999992,69.209557,72.789322,0.395322,0.353692,,,,,,,,,,,,
171713,,,,,,,,,,,79.999992,79.999992,69.754417,73.617302,0.390898,0.346050,,,,,,,,,,,,
171718,,,,,,,,,,,79.999992,79.999992,69.660904,73.782524,0.392867,0.345020,,,,,,,,,,,,
171731,,,,,,,,,,,79.999992,79.999992,71.690453,76.213661,0.373558,0.320747,,,,,,,,,,,,
171733,,,,,,,,,,,79.999992,79.999992,68.472961,73.198029,0.406886,0.351584,,,,,,,,,,,,
171738,,,,,,,,,,,79.999992,79.999992,68.489822,73.399361,0.407868,0.350231,,,,,,,,,,,,
171743,,,,,,,,,,,79.999992,79.999992,69.096672,73.583351,0.402890,0.349032,,,,,,,,,,,,
171748,,,,,,,,,,,79.999992,79.999992,69.059807,73.751495,0.404353,0.347976,,,,,,,,,,,,
171753,,,,,,,,,,,79.999992,79.999992,69.617561,73.905159,0.399813,0.347049,,,,,,,,,,,,
171758,,,,,,,,,,,79.999992,79.999992,70.127281,74.637032,0.395703,0.340266,,,,,,,,,,,,
171763,,,,,,,,,,,79.999992,79.999992,70.593094,74.714424,0.391986,0.340021,,,,,,,,,,,,
171768,,,,,,,,,,,79.999992,79.999992,71.018791,75.376595,0.388627,0.333862,,,,,,,,,,,,
171773,,,,,,,,,,,79.999992,79.999992,70.816376,75.390289,0.391570,0.334186,,,,,,,,,,,,
171778,,,,,,,,,,,79.999992,79.999992,71.222839,75.994247,0.388383,0.328547,,,,,,,,,,,,
171790,,,,,,,,,,,79.999992,79.999992,81.057411,85.417862,0.289931,0.233769,,,,,,,,,,,,
171791,,,,,,,,,,,79.999992,79.999992,74.075920,78.060806,0.360339,0.307533,,,,,,,,,,,,
171793,,,,,,,,,,,79.999992,79.999992,71.835861,75.477524,0.383556,0.333818,,,,,,,,,,,,
171798,,,,,,,,,,,79.999992,79.999992,72.154518,75.482521,0.381153,0.334220,,,,,,,,,,,,
171803,,,,,,,,,,,79.999992,79.999992,72.445724,76.078537,0.378997,0.328652,,,,,,,,,,,,
171808,,,,,,,,,,,79.999992,79.999992,72.711853,76.031769,0.377064,0.329516,,,,,,,,,,,,
171813,,,,,,,,,,,79.991867,79.706467,73.546501,76.580475,0.369281,0.321407,,,,,,,,,,,,
171818,,,,,,,,,,,79.991867,79.706467,73.717819,77.081924,0.368195,0.316655,,,,,,,,,,,,
171823,,,,,,,,,,,79.991867,79.706467,74.465828,76.948738,0.361268,0.318262,,,,,,,,,,,,
171828,,,,,,,,,,,79.991867,79.706467,74.557961,77.418465,0.360890,0.313794,,,,,,,,,,,,
171833,,,,,,,,,,,79.951691,78.256882,75.233604,77.256287,0.354204,0.301020,,,,,,,,,,,,
171838,,,,,,,,,,,79.951691,78.256882,75.259613,77.699524,0.354413,0.296643,,,,,,,,,,,,
171843,,,,,,,,,,,79.951691,78.256882,75.874825,78.104584,0.348668,0.292608,,,,,,,,,,,,
171848,,,,,,,,,,,79.951691,78.256882,76.437050,77.883316,0.343397,0.294858,,,,,,,,,,,,
171853,,,,,,,,,,,79.951691,78.256882,76.950851,78.272552,0.338560,0.290964,,,,,,,,,,,,
171858,,,,,,,,,,,79.904709,76.561615,76.828949,78.036812,0.339616,0.276221,,,,,,,,,,,,
171870,,,,,,,,,,,79.904709,76.561615,86.772110,87.284500,0.239498,0.182672,,,,,,,,,,,,
171871,,,,,,,,,,,,,79.889854,79.766670,0.308322,0.257530,,,,,,,,,,,,
171873,,,,,,,,,,,79.859383,74.926010,77.149040,77.036469,0.335548,0.268265,,,,,,,,,,,,
171878,,,,,,,,,,,79.859383,74.926010,77.601517,76.907196,0.331249,0.269359,,,,,,,,,,,,
171883,,,,,,,,,,,79.859383,74.926010,77.423576,76.789055,0.333272,0.270354,,,,,,,,,,,,
171888,,,,,,,,,,,79.859383,74.926010,77.852409,76.681091,0.329184,0.271259,,,,,,,,,,,,
171893,,,,,,,,,,,79.813889,73.284424,78.244301,76.582428,0.324967,0.255499,,,,,,,,,,,,
171898,,,,,,,,,,,79.813889,73.284424,78.602440,76.492264,0.321507,0.256080,,,,,,,,,,,,
171903,,,,,,,,,,,79.813889,73.284424,,,0.324296,0.256592,,,,,,,,,,,,
171904,,,,,,,,,,,,,78.338287,76.409866,,,,,,,,,,,,,,
171908,,,,,,,,,,,79.813889,73.284424,78.688332,75.743118,0.320908,0.263013,,,,,,,,,,,,
171913,,,,,,,,,,,79.774124,71.849876,79.008224,75.725243,0.317388,0.248459,,,,,,,,,,,,
171918,,,,,,,,,,,79.774124,71.849876,79.300568,75.708908,0.314512,0.248237,,,,,,,,,,,,
171930,,,,,,,,,,,79.774124,71.849876,89.622299,83.974205,0.210310,0.164371,,,,,,,,,,,,
171931,,,,,,,,,,,79.774124,71.849876,81.903114,77.332932,0.287289,0.230236,,,,,,,,,,,,
171933,,,,,,,,,,,79.740158,70.624054,78.988899,74.220901,0.316167,0.248738,,,,,,,,,,,,
171938,,,,,,,,,,,79.740158,70.624054,79.282906,73.742691,0.313272,0.253208,,,,,,,,,,,,
171943,,,,,,,,,,,79.740158,70.624054,79.551590,73.897110,0.310604,0.251337,,,,,,,,,,,,
171948,,,,,,,,,,,79.740158,70.624054,79.797134,73.446785,0.308143,0.255558,,,,,,,,,,,,
171953,,,,,,,,,,,79.740158,70.624054,80.021530,73.626694,0.305871,0.253458,,,,,,,,,,,,
171958,,,,,,,,,,,79.705353,69.368301,79.635155,73.199661,0.309394,0.244788,,,,,,,,,,,,
171963,,,,,,,,,,,79.705353,69.368301,79.873505,72.809410,0.306994,0.248346,,,,,,,,,,,,
171968,,,,,,,,,,,79.705353,69.368301,80.091324,72.452766,0.304777,0.251604,,,,,,,,,,,,
171973,,,,,,,,,,,79.683655,68.585381,80.290382,72.126846,0.302509,0.246680,,,,,,,,,,,,
171978,,,,,,,,,,,79.683655,68.585381,80.472298,72.420441,0.300611,0.243361,,,,,,,,,,,,
171990,,,,,,,,,,,79.683655,68.585381,82.392128,73.454597,0.280159,0.231353,,,,,,,,,,,,
171993,,,,,,,,,,,79.658737,67.685936,79.435791,70.676605,0.309495,0.249840,,,,,,,,,,,,
171998,,,,,,,,,,,79.658737,67.685936,79.099861,70.503662,0.312910,0.251287,,,,,,,,,,,,
172003,,,,,,,,,,,79.658737,67.685936,79.384315,70.345619,0.310093,0.252602,,,,,,,,,,,,
172008,,,,,,,,,,,79.658737,67.685936,79.644264,70.201187,0.307495,0.253794,,,,,,,,,,,,
172013,,,,,,,,,,,79.631416,66.700294,80.473274,70.069191,0.298848,0.244921,,,,,,,,,,,,
172018,,,,,,,,,,,79.631416,66.700294,80.639435,69.948563,0.297085,0.245803,,,,,,,,,,,,
172023,,,,,,,,,,,79.631416,66.700294,80.791283,69.838326,0.295451,0.246591,,,,,,,,,,,,
172028,,,,,,,,,,,79.631416,66.700294,80.338608,69.737587,0.299907,0.247295,,,,,,,,,,,,
172033,,,,,,,,,,,79.199425,65.547638,80.516365,69.645523,0.293678,0.236279,,,,,,,,,,,,
172038,,,,,,,,,,,79.199425,65.547638,80.678810,69.561386,0.291905,0.236719,,,,,,,,,,,,
172043,,,,,,,,,,,79.199425,65.547638,80.827263,69.484497,0.290258,0.237094,,,,,,,,,,,,
172048,,,,,,,,,,,79.199425,65.547638,80.371490,68.822784,0.294699,0.243384,,,,,,,,,,,,
172053,,,,,,,,,,,78.270554,64.335342,80.546417,68.809509,0.283433,0.230946,,,,,,,,,,,,
172058,,,,,,,,,,,78.270554,64.335342,80.114830,68.205933,0.287564,0.236595,,,,,,,,,,,,
172070,,,,,,,,,,,78.270554,64.335342,80.961632,68.853806,0.277795,0.228564,,,,,,,,,,,,
172073,,,,,,,,,,,77.305801,62.940399,78.719948,67.063530,0.290423,0.232105,,,,,,,,,,,,
172078,,,,,,,,,,,77.305801,62.940399,78.445679,66.610336,0.293052,0.236270,,,,,,,,,,,,
172083,,,,,,,,,,,77.305801,62.940399,78.786476,66.196175,0.289496,0.240086,,,,,,,,,,,,
172088,,,,,,,,,,,77.305801,62.940399,78.506477,65.817688,0.292176,0.243583,,,,,,,,,,,,
172093,,,,,,,,,,,76.145912,61.590492,78.250595,66.063248,0.282925,0.227181,,,,,,,,,,,,
172098,,,,,,,,,,,76.145912,61.590492,78.608192,65.696213,0.279103,0.230441,,,,,,,,,,,,
172103,,,,,,,,,,,76.145912,61.590492,78.343544,65.360786,0.281530,0.233418,,,,,,,,,,,,
172108,,,,,,,,,,,76.145912,61.590492,78.101692,65.054253,0.283753,0.236137,,,,,,,,,,,,
172113,,,,,,,,,,,74.912056,59.513939,77.880669,64.774124,0.273327,0.217647,,,,,,,,,,,,
172118,,,,,,,,,,,74.912056,59.513939,77.678680,65.109566,0.275071,0.213733,,,,,,,,,,,,
172130,,,,,,,,,,,74.912056,59.513939,78.978004,65.727356,0.260585,0.205692,,,,,,,,,,,,
172133,,,,,,,,,,,73.881279,57.513992,76.315727,63.614914,0.276656,0.206207,,,,,,,,,,,,
172138,,,,,,,,,,,73.881279,57.513992,76.248528,63.458752,0.277091,0.207175,,,,,,,,,,,,
172143,,,,,,,,,,,73.881279,57.513992,76.187119,62.724594,0.277475,0.213995,,,,,,,,,,,,
172148,,,,,,,,,,,73.881279,57.513992,76.130997,62.645115,0.277811,0.214277,,,,,,,,,,,,
172153,,,,,,,,,,,73.004723,55.343243,75.488266,62.572483,0.275225,0.192573,,,,,,,,,,,,
172158,,,,,,,,,,,73.004723,55.343243,75.492340,61.914661,0.274935,0.198494,,,,,,,,,,,,
172163,,,,,,,,,,,73.004723,55.343243,75.496063,61.904942,0.274649,0.197935,,,,,,,,,,,,
172168,,,,,,,,,,,73.004723,55.343243,75.499466,61.304615,0.274365,0.203342,,,,,,,,,,,,
172173,,,,,,,,,,,72.331573,53.421822,75.502571,60.755997,0.267286,0.188880,,,,,,,,,,,,
172178,,,,,,,,,,,72.331573,53.421822,75.505409,60.846073,0.266940,0.187237,,,,,,,,,,,,
172190,,,,,,,,,,,72.331573,53.421822,77.162987,61.085655,0.248735,0.182733,,,,,,,,,,,,
172193,,,,,,,,,,,71.875023,51.682514,,,0.274925,0.181697,,,,,,,,,,,,
172194,,,,,,,,,,,,,74.065590,59.373005,,,,,,,,,,,,,,
172198,,,,,,,,,,,71.875023,51.682514,74.192200,58.990753,0.273427,0.184789,,,,,,,,,,,,
172203,,,,,,,,,,,71.875023,51.682514,74.307907,58.641426,0.272026,0.187586,,,,,,,,,,,,
172208,,,,,,,,,,,71.875023,51.682514,74.413643,58.322186,0.270715,0.190115,,,,,,,,,,,,
172213,,,,,,,,,,,71.987175,50.457043,73.918831,57.438999,0.276592,0.185994,,,,,,,,,,,,
172218,,,,,,,,,,,71.987175,50.457043,74.058083,57.223324,0.274992,0.187474,,,,,,,,,,,,
172223,,,,,,,,,,,71.987175,50.457043,74.185341,57.026226,0.273500,0.188788,,,,,,,,,,,,
172228,,,,,,,,,,,71.987175,50.457043,74.301636,56.846104,0.272105,0.189950,,,,,,,,,,,,
172233,,,,,,,,,,,72.535660,50.108097,73.816467,56.090050,0.282314,0.193423,,,,,,,,,,,,
172238,,,,,,,,,,,72.535660,50.108097,73.964531,55.990562,0.280690,0.193830,,,,,,,,,,,,
172250,,,,,,,,,,,72.535660,50.108097,82.971519,61.814091,0.189577,0.134424,,,,,,,,,,,,
172251,,,,,,,,,,,72.535660,50.108097,75.825165,56.490032,0.260711,0.187026,,,,,,,,,,,,
172253,,,,,,,,,,,73.353989,49.946087,72.842995,53.990314,0.298767,0.209999,,,,,,,,,,,,
172258,,,,,,,,,,,73.353989,49.946087,73.074905,54.071678,0.296476,0.208773,,,,,,,,,,,,
172263,,,,,,,,,,,73.353989,49.946087,73.286842,54.146034,0.294364,0.207609,,,,,,,,,,,,
172268,,,,,,,,,,,73.353989,49.946087,73.480522,53.622540,0.292414,0.212477,,,,,,,,,,,,
172273,,,,,,,,,,,74.518402,50.428581,73.657524,53.735577,0.302374,0.215840,,,,,,,,,,,,
172278,,,,,,,,,,,74.518402,50.428581,73.819283,53.838879,0.300827,0.214466,,,,,,,,,,,,
172283,,,,,,,,,,,74.518402,50.428581,73.967110,53.933285,0.299403,0.213172,,,,,,,,,,,,
172288,,,,,,,,,,,74.518402,50.428581,73.510757,53.428112,0.304068,0.217924,,,,,,,,,,,,
172293,,,,,,,,,,,76.054871,51.452415,73.685158,53.557896,0.317925,0.226654,,,,,,,,,,,,
172298,,,,,,,,,,,76.054871,51.452415,73.844536,53.085056,0.316553,0.231219,,,,,,,,,,,,
172303,,,,,,,,,,,76.054871,51.452415,73.990181,53.244389,0.315303,0.229446,,,,,,,,,,,,
172308,,,,,,,,,,,76.054871,51.452415,74.123283,53.389996,0.314165,0.227796,,,,,,,,,,,,
172313,,,,,,,,,,,77.953690,53.309738,73.653481,52.931618,0.338281,0.250991,,,,,,,,,,,,
172318,,,,,,,,,,,77.953690,53.309738,73.224136,53.104164,0.343047,0.249286,,,,,,,,,,,,
172330,,,,,,,,,,,77.953690,53.309738,75.206818,53.538929,0.323061,0.244388,,,,,,,,,,,,
172333,,,,,,,,,,,79.322670,55.559891,72.277908,51.884834,0.366745,0.283798,,,,,,,,,,,,
172338,,,,,,,,,,,79.322670,55.559891,72.558487,52.147541,0.364615,0.281512,,,,,,,,,,,,
172343,,,,,,,,,,,79.322670,55.559891,72.814903,52.387623,0.362702,0.279429,,,,,,,,,,,,
172348,,,,,,,,,,,79.322670,55.559891,73.640678,52.607025,0.355012,0.277530,,,,,,,,,,,,
172353,,,,,,,,,,,79.396362,58.218750,73.803886,52.807529,0.354676,0.302655,,,,,,,,,,,,
172358,,,,,,,,,,,79.396362,58.218750,73.953033,52.990765,0.353729,0.301345,,,,,,,,,,,,
172363,,,,,,,,,,,79.396362,58.218750,74.089340,53.749664,0.352897,0.294203,,,,,,,,,,,,
172368,,,,,,,,,,,79.396362,58.218750,74.213905,53.851753,0.352169,0.293619,,,,,,,,,,,,
172373,,,,,,,,,,,79.491035,61.635201,74.327744,54.536495,0.352494,0.321646,,,,,,,,,,,,
172378,,,,,,,,,,,79.491035,61.635201,74.431770,55.162258,0.351960,0.316035,,,,,,,,,,,,
172390,,,,,,,,,,,79.491035,61.635201,83.989960,62.831463,0.328542,0.287789,,,,,,,,,,,,
172391,,,,,,,,,,,,,76.755890,58.011223,,,,,,,,,,,,,,
172393,,,,,,,,,,,79.491035,61.635201,74.285004,55.971928,0.353772,0.308748,,,,,,,,,,,,
172398,,,,,,,,,,,0.000000,0.000000,73.801270,56.474056,-0.443681,-0.318273,,,,,,,,,,,,
172403,,,,,,,,,,,0.000000,0.000000,72.767754,55.750050,-0.440623,-0.316608,,,,,,,,,,,,
172408,,,,,,,,,,,0.000000,0.000000,68.274590,52.131176,-0.402519,-0.285632,,,,,,,,,,,,
172413,,,,,,,,,,,0.000000,0.000000,62.985531,47.641106,-0.355927,-0.245496,,,,,,,,,,,,
172418,,,,,,,,,,,0.000000,0.000000,57.560574,43.537766,-0.307433,-0.208816,,,,,,,,,,,,
172423,,,,,,,,,,,0.000000,0.000000,52.602871,39.787849,-0.263117,-0.175296,,,,,,,,,,,,
172428,,,,,,,,,,,0.000000,0.000000,48.072174,36.360912,-0.222617,-0.144662,,,,,,,,,,,,
172433,,,,,,,,,,,0.000000,0.000000,43.931709,33.229141,-0.185605,-0.116667,,,,,,,,,,,,
172438,,,,,,,,,,,0.000000,0.000000,39.556419,30.367109,-0.145808,-0.091084,,,,,,,,,,,,
172450,,,,,,,,,,,0.000000,0.000000,29.792837,23.739822,-0.054412,-0.029783,,,,,,,,,,,,
172453,,,,,,,,,,,0.000000,0.000000,26.043884,21.695107,-0.019527,-0.011505,,,,,,,,,,,,
172458,,,,,,,,,,,0.000000,0.000000,22.617830,19.235058,0.012472,0.011172,,,,,,,,,,,,
172463,,,,,,,,,,,0.000000,0.000000,20.078308,16.986893,0.035860,0.031955,,,,,,,,,,,,
172468,,,,,,,,,,,0.000000,0.000000,17.757515,16.115253,0.057292,0.039060,,,,,,,,,,,,
172473,,,,,,,,,,,0.000000,0.000000,16.819502,16.501577,0.064990,0.033546,,,,,,,,,,,,
172478,,,,,,,,,,,0.000000,0.000000,18.328058,17.446072,0.048072,0.022357,,,,,,,,,,,,
172483,,,,,,,,,,,0.000000,0.000000,20.889572,18.900661,0.020367,0.005921,,,,,,,,,,,,
172488,,,,,,,,,,,0.000000,0.000000,22.047573,19.047079,0.006583,0.002552,,,,,,,,,,,,
172493,,,,,,,,,,,0.000000,0.000000,22.514391,19.180885,-0.000337,-0.000704,,,,,,,,,,,,
172498,,,,,,,,,,,0.000000,0.000000,22.941002,18.120277,-0.006897,0.008090,,,,,,,,,,,,
172503,,,,,,,,,,,0.000000,0.000000,22.147978,17.742464,-0.001182,0.010094,,,,,,,,,,,,
172508,,,,,,,,,,,0.000000,0.000000,21.423258,16.805746,0.003923,0.017780,,,,,,,,,,,,
172513,,,,,,,,,,,0.000000,0.000000,20.169514,15.358264,0.014444,0.030719,,,,,,,,,,,,
172518,,,,,,,,,,,0.000000,0.000000,19.023754,14.626899,0.023999,0.036570,,,,,,,,,,,,
172530,,,,,,,,,,,0.000000,0.000000,19.671366,14.918289,0.013403,0.030532,,,,,,,,,,,,
172533,,,,,,,,,,,0.000000,0.000000,19.751402,14.816263,0.010628,0.030071,,,,,,,,,,,,
172538,,,,,,,,,,,0.000000,0.000000,20.415989,15.314470,0.001940,0.023557,,,,,,,,,,,,
172543,,,,,,,,,,,0.000000,0.000000,20.431890,15.178322,-0.000262,0.023401,,,,,,,,,,,,
172548,,,,,,,,,,,0.000000,0.000000,20.446423,15.645345,-0.002452,0.017166,,,,,,,,,,,,
172553,,,,,,,,,,,0.000000,0.000000,20.459703,15.480698,-0.004631,0.017265,,,,,,,,,,,,
172558,,,,,,,,,,,0.000000,0.000000,20.471840,15.330232,-0.006799,0.017236,,,,,,,,,,,,
172563,,,,,,,,,,,0.000000,0.000000,20.482931,15.192725,-0.008959,0.017092,,,,,,,,,,,,
172568,,,,,,,,,,,0.000000,0.000000,19.901623,15.067062,-0.005136,0.016842,,,,,,,,,,,,
172573,,,,,,,,,,,0.000000,0.000000,19.961826,14.360778,-0.007734,0.022469,,,,,,,,,,,,
172578,,,,,,,,,,,0.000000,0.000000,19.425400,14.306771,-0.004312,0.021578,,,,,,,,,,,,
172601,,,,,,,,,,,0.000000,0.000000,18.777563,14.376945,-0.004015,0.016144,,,,,,,,,,,,
172602,,,,,,,,,,,0.000000,0.000000,17.160248,13.138656,0.010442,0.027213,,,,,,,,,,,,
172603,,,,,,,,,,,0.000000,0.000000,15.682232,12.007021,0.023654,0.037329,,,,,,,,,,,,
172608,,,,,,,,,,,0.000000,0.000000,15.514408,11.564299,0.023781,0.040599,,,,,,,,,,,,
172613,,,,,,,,,,,0.000000,0.000000,14.769594,11.159708,0.029752,0.043529,,,,,,,,,,,,
172618,,,,,,,,,,,0.000000,0.000000,14.088931,10.789965,0.035150,0.046148,,,,,,,,,,,,
172623,,,,,,,,,,,0.000000,0.000000,13.466893,10.452067,0.040024,0.048482,,,,,,,,,,,,
172628,,,,,,,,,,,0.000000,0.000000,12.898432,10.143273,0.044419,0.050555,,,,,,,,,,,,
172633,,,,,,,,,,,0.000000,0.000000,12.378932,9.861076,0.048376,0.052391,,,,,,,,,,,,
172638,,,,,,,,,,,0.000000,0.000000,11.312732,9.603185,0.057906,0.054010,,,,,,,,,,,,
172649,,,,,,,,,,,0.000000,0.000000,,,,,,,,,,,,,,,,
172650,,,,,,,,,,,0.000000,0.000000,9.988422,9.101184,0.069058,0.057124,,,,,,,,,,,,
172653,,,,,,,,,,,0.000000,0.000000,9.719563,8.908742,0.070774,0.058157,,,,,,,,,,,,
172658,,,,,,,,,,,0.000000,0.000000,9.473860,8.732875,0.072284,0.059043,,,,,,,,,,,,
172663,,,,,,,,,,,0.000000,0.000000,9.249319,8.572155,0.073604,0.059793,,,,,,,,,,,,
172668,,,,,,,,,,,0.000000,0.000000,9.044118,8.425279,0.074752,0.060419,,,,,,,,,,,,
172673,,,,,,,,,,,0.000000,0.000000,8.856591,8.291053,0.075742,0.060932,,,,,,,,,,,,
172678,,,,,,,,,,,0.000000,0.000000,8.685216,8.168387,0.076587,0.061342,,,,,,,,,,,,
172683,,,,,,,,,,,0.000000,0.000000,7.937157,8.056288,0.083274,0.061657,,,,,,,,,,,,
172688,,,,,,,,,,,0.000000,0.000000,7.844973,7.953843,0.083411,0.061886,,,,,,,,,,,,
172693,,,,,,,,,,,0.000000,0.000000,7.169283,7.268777,0.089451,0.068010,,,,,,,,,,,,
172698,,,,,,,,,,,0.000000,0.000000,7.143237,7.234160,0.088997,0.067633,,,,,,,,,,,,
172708,,,,,,,,,,,0.000000,0.000000,7.046739,7.122674,0.088486,0.067256,,,,,,,,,,,,
172713,,,,,,,,,,,0.000000,0.000000,7.031247,7.100642,0.087938,0.066766,,,,,,,,,,,,
172718,,,,,,,,,,,0.000000,0.000000,6.425644,7.080507,0.093352,0.066259,,,,,,,,,,,,
172723,,,,,,,,,,,0.000000,0.000000,6.463647,6.470661,0.092325,0.071711,,,,,,,,,,,,
172728,,,,,,,,,,,0.000000,0.000000,6.498376,6.504786,0.091328,0.070719,,,,,,,,,,,,
172733,,,,,,,,,,,0.000000,0.000000,6.530115,6.535973,0.090358,0.069754,,,,,,,,,,,,
172738,,,,,,,,,,,0.000000,0.000000,6.559119,6.564473,0.089412,0.068812,,,,,,,,,,,,
172743,,,,,,,,,,,0.000000,0.000000,6.585626,6.590518,0.088488,0.067893,,,,,,,,,,,,
172748,,,,,,,,,,,0.000000,0.000000,6.018404,6.022875,0.093559,0.072967,,,,,,,,,,,,
172753,,,,,,,,,,,0.000000,0.000000,5.500038,6.095569,0.098192,0.071630,,,,,,,,,,,,
172758,,,,,,,,,,,0.000000,0.000000,5.617764,5.570556,0.096453,0.076323,,,,,,,,,,,,
172763,,,,,,,,,,,0.000000,0.000000,5.725349,5.682208,0.094805,0.074639,,,,,,,,,,,,
172768,,,,,,,,,,,0.000000,0.000000,5.232224,5.192798,0.099213,0.079014,,,,,,,,,,,,
172773,,,,,,,,,,,0.000000,0.000000,5.373016,5.336986,0.097268,0.077038,,,,,,,,,,,,
172778,,,,,,,,,,,0.000000,0.000000,5.501682,4.877310,0.095431,0.081147,,,,,,,,,,,,
172789,,,,,,,,,,,0.000000,0.000000,,,,,,,,,,,,,,,,
172790,,,,,,,,,,,0.000000,0.000000,5.135278,5.154332,0.098019,0.077297,,,,,,,,,,,,
172793,,,,,,,,,,,0.000000,0.000000,5.284420,5.301833,0.096000,0.075292,,,,,,,,,,,,
172798,,,,,,,,,,,0.000000,0.000000,5.420717,4.845185,0.094094,0.079374,,,,,,,,,,,,
172803,,,,,,,,,,,0.000000,0.000000,4.953829,5.019313,0.098268,0.077131,,,,,,,,,,,,
172808,,,,,,,,,,,0.000000,0.000000,5.118600,5.178444,0.096108,0.075022,,,,,,,,,,,,
172813,,,,,,,,,,,0.000000,0.000000,5.269179,4.732423,0.094076,0.079009,,,,,,,,,,,,
172818,,,,,,,,,,,0.000000,0.000000,4.815343,4.916264,0.098133,0.076679,,,,,,,,,,,,
172823,,,,,,,,,,,0.000000,0.000000,4.992042,5.084270,0.095866,0.074490,,,,,,,,,,,,
172828,,,,,,,,,,,0.000000,0.000000,5.153521,4.646360,0.093736,0.078405,,,,,,,,,,,,
172833,,,,,,,,,,,0.000000,0.000000,5.301092,4.837613,0.091730,0.076008,,,,,,,,,,,,
172838,,,,,,,,,,,0.000000,0.000000,4.844508,5.012393,0.095812,0.073759,,,,,,,,,,,,
172850,,,,,,,,,,,0.000000,0.000000,5.126937,5.267148,0.091914,0.070109,,,,,,,,,,,,
172853,,,,,,,,,,,0.000000,0.000000,5.276798,4.813487,0.089887,0.074164,,,,,,,,,,,,
172858,,,,,,,,,,,0.000000,0.000000,5.413751,4.990345,0.087977,0.071896,,,,,,,,,,,,
172863,,,,,,,,,,,0.000000,0.000000,4.947464,5.151971,0.092145,0.069765,,,,,,,,,,,,
172868,,,,,,,,,,,0.000000,0.000000,5.112782,4.708230,0.089980,0.073731,,,,,,,,,,,,
172873,,,,,,,,,,,0.000000,0.000000,5.263862,4.894155,0.087943,0.071383,,,,,,,,,,,,
172878,,,,,,,,,,,0.000000,0.000000,5.401929,5.064065,0.086022,0.069177,,,,,,,,,,,,
172883,,,,,,,,,,,0.000000,0.000000,5.528105,5.219341,0.084208,0.067103,,,,,,,,,,,,
172888,,,,,,,,,,,0.000000,0.000000,5.051968,4.769798,0.088464,0.071121,,,,,,,,,,,,
172893,,,,,,,,,,,0.000000,0.000000,5.208286,4.950419,0.086380,0.068820,,,,,,,,,,,,
172898,,,,,,,,,,,0.000000,0.000000,5.351140,5.115483,0.084416,0.066658,,,,,,,,,,,,
172910,,,,,,,,,,,0.000000,0.000000,6.073135,5.857775,0.081265,0.063159,,,,,,,,,,,,
172911,,,,,,,,,,,,,5.550055,5.353244,,,,,,,,,,,,,,
172913,,,,,,,,,,,0.000000,0.000000,5.072027,4.892168,0.085538,0.067280,,,,,,,,,,,,
172918,,,,,,,,,,,0.000000,0.000000,5.226617,5.062250,0.083469,0.065073,,,,,,,,,,,,
172923,,,,,,,,,,,0.000000,0.000000,5.367893,5.217682,0.081520,0.062997,,,,,,,,,,,,
172928,,,,,,,,,,,0.000000,0.000000,4.905555,5.359727,0.085652,0.061041,,,,,,,,,,,,
172933,,,,,,,,,,,0.000000,0.000000,5.074484,4.898093,0.083456,0.065167,,,,,,,,,,,,
172938,,,,,,,,,,,0.000000,0.000000,5.228862,5.067664,0.081389,0.062965,,,,,,,,,,,,
172943,,,,,,,,,,,0.000000,0.000000,4.778499,5.222630,0.085415,0.060893,,,,,,,,,,,,
172948,,,,,,,,,,,0.000000,0.000000,4.958371,4.772803,0.083120,0.064914,,,,,,,,,,,,
172953,,,,,,,,,,,0.000000,0.000000,5.122750,4.953166,0.080964,0.062615,,,,,,,,,,,,
172958,,,,,,,,,,,0.000000,0.000000,5.272972,5.117993,0.078935,0.060455,,,,,,,,,,,,
172963,,,,,,,,,,,0.000000,0.000000,4.818810,5.268624,0.082994,0.058422,,,,,,,,,,,,
172968,,,,,,,,,,,0.000000,0.000000,4.995209,5.406281,0.080731,0.056505,,,,,,,,,,,,
172973,,,,,,,,,,,0.000000,0.000000,5.156415,4.940638,0.078603,0.060667,,,,,,,,,,,,
172978,,,,,,,,,,,0.000000,0.000000,4.712292,5.106544,0.082573,0.058497,,,,,,,,,,,,
172993,,,,,,,,,,,0.000000,0.000000,5.607961,5.345778,0.072507,0.054985,,,,,,,,,,,,
172994,,,,,,,,,,,0.000000,0.000000,5.124946,4.885345,0.076824,0.059101,,,,,,,,,,,,
172998,,,,,,,,,,,0.000000,0.000000,4.683534,5.056015,0.080770,0.056889,,,,,,,,,,,,
173003,,,,,,,,,,,0.000000,0.000000,4.871585,4.620539,0.078403,0.060782,,,,,,,,,,,,
173008,,,,,,,,,,,0.000000,0.000000,4.451994,4.814016,0.082153,0.058365,,,,,,,,,,,,
173013,,,,,,,,,,,0.000000,0.000000,4.659988,4.399384,0.079607,0.062072,,,,,,,,,,,,
173018,,,,,,,,,,,0.000000,0.000000,4.850067,4.611908,0.077222,0.059485,,,,,,,,,,,,
173023,,,,,,,,,,,0.000000,0.000000,5.023775,4.806129,0.074982,0.057063,,,,,,,,,,,,
173028,,,,,,,,,,,0.000000,0.000000,4.591076,4.983621,0.078850,0.054789,,,,,,,,,,,,
173033,,,,,,,,,,,0.000000,0.000000,4.195646,4.554380,0.082385,0.058626,,,,,,,,,,,,
173038,,,,,,,,,,,0.000000,0.000000,4.425719,4.753556,0.079641,0.056159,,,,,,,,,,,,
173049,,,,,,,,,,,0.000000,0.000000,4.777182,4.510474,0.075126,0.057645,,,,,,,,,,,,
173053,,,,,,,,,,,0.000000,0.000000,4.365722,4.713430,0.078804,0.055144,,,,,,,,,,,,
173058,,,,,,,,,,,0.000000,0.000000,4.581147,4.898907,0.076192,0.052800,,,,,,,,,,,,
173063,,,,,,,,,,,0.000000,0.000000,4.186572,5.068408,0.079719,0.050598,,,,,,,,,,,,
173068,,,,,,,,,,,0.000000,0.000000,3.825981,4.631865,0.082942,0.054500,,,,,,,,,,,,
173073,,,,,,,,,,,0.000000,0.000000,3.496449,4.232921,0.085888,0.058066,,,,,,,,,,,,
173078,,,,,,,,,,,0.000000,0.000000,3.786744,4.459784,0.082606,0.055352,,,,,,,,,,,,
173083,,,,,,,,,,,0.000000,0.000000,4.052035,4.667106,0.079548,0.052812,,,,,,,,,,,,
173088,,,,,,,,,,,0.000000,0.000000,4.294477,4.265127,0.076694,0.056405,,,,,,,,,,,,
173093,,,,,,,,,,,0.000000,0.000000,4.516038,4.489216,0.074027,0.053715,,,,,,,,,,,,
173098,,,,,,,,,,,0.000000,0.000000,4.127071,4.694004,0.077504,0.051198,,,,,,,,,,,,
173109,,,,,,,,,,,0.000000,0.000000,4.954495,4.881153,0.068735,0.048838,,,,,,,,,,,,
173110,,,,,,,,,,,0.000000,0.000000,4.527764,4.460738,0.072549,0.052596,,,,,,,,,,,,
173113,,,,,,,,,,,0.000000,0.000000,4.137787,4.667979,0.076035,0.050057,,,,,,,,,,,,
173118,,,,,,,,,,,0.000000,0.000000,4.372843,4.265925,0.073247,0.053651,,,,,,,,,,,,
173123,,,,,,,,,,,0.000000,0.000000,3.996209,4.489945,0.076614,0.050962,,,,,,,,,,,,
173128,,,,,,,,,,,0.000000,0.000000,4.243460,4.103225,0.073717,0.054419,,,,,,,,,,,,
173133,,,,,,,,,,,0.000000,0.000000,3.877970,3.749814,0.076984,0.057578,,,,,,,,,,,,
173138,,,,,,,,,,,0.000000,0.000000,4.135404,4.018286,0.073996,0.054491,,,,,,,,,,,,
173143,,,,,,,,,,,0.000000,0.000000,3.779221,3.672190,0.077180,0.057585,,,,,,,,,,,,
173148,,,,,,,,,,,0.000000,0.000000,4.045161,3.947349,0.074116,0.054439,,,,,,,,,,,,
173153,,,,,,,,,,,0.000000,0.000000,4.288195,4.198808,0.071257,0.051504,,,,,,,,,,,,
173158,,,,,,,,,,,0.000000,0.000000,3.918852,3.837163,0.074559,0.054737,,,,,,,,,,,,
173170,,,,,,,,,,,0.000000,0.000000,3.813364,3.745141,0.074815,0.054873,,,,,,,,,,,,
173173,,,,,,,,,,,0.000000,0.000000,3.484918,4.014016,0.077751,0.051783,,,,,,,,,,,,
173178,,,,,,,,,,,0.000000,0.000000,3.184762,3.668288,0.080434,0.054873,,,,,,,,,,,,
173183,,,,,,,,,,,0.000000,0.000000,3.501902,3.943783,0.076912,0.051724,,,,,,,,,,,,
173188,,,,,,,,,,,0.000000,0.000000,3.200283,3.604104,0.079609,0.054760,,,,,,,,,,,,
173193,,,,,,,,,,,0.000000,0.000000,3.516086,3.885127,0.076099,0.051562,,,,,,,,,,,,
173198,,,,,,,,,,,0.000000,0.000000,3.804690,3.550500,0.072832,0.054553,,,,,,,,,,,,
173203,,,,,,,,,,,0.000000,0.000000,4.068436,3.836139,0.069788,0.051313,,,,,,,,,,,,
173208,,,,,,,,,,,0.000000,0.000000,3.718021,3.505732,0.072920,0.054266,,,,,,,,,,,,
173213,,,,,,,,,,,0.000000,0.000000,3.397787,3.795228,0.075783,0.050992,,,,,,,,,,,,
173218,,,,,,,,,,,0.000000,0.000000,3.105135,3.468344,0.078399,0.053914,,,,,,,,,,,,
173223,,,,,,,,,,,0.000000,0.000000,2.837689,3.761060,0.080790,0.050611,,,,,,,,,,,,
173228,,,,,,,,,,,0.000000,0.000000,2.593278,3.437119,0.082975,0.053506,,,,,,,,,,,,
173233,,,,,,,,,,,0.000000,0.000000,2.369919,3.732524,0.084971,0.050179,,,,,,,,,,,,
173238,,,,,,,,,,,0.000000,0.000000,2.757242,4.002486,0.080822,0.047079,,,,,,,,,,,,
173250,,,,,,,,,,,0.000000,0.000000,3.383740,3.342708,0.073849,0.052977,,,,,,,,,,,,
173253,,,,,,,,,,,0.000000,0.000000,3.092298,3.646245,0.076454,0.049577,,,,,,,,,,,,
173258,,,,,,,,,,,0.000000,0.000000,2.825958,3.332193,0.078835,0.052384,,,,,,,,,,,,
173263,,,,,,,,,,,0.000000,0.000000,2.582557,3.636635,0.081010,0.048976,,,,,,,,,,,,
173268,,,,,,,,,,,0.000000,0.000000,2.951566,3.323411,0.077025,0.051776,,,,,,,,,,,,
173273,,,,,,,,,,,0.000000,0.000000,2.697347,3.628610,0.079297,0.048361,,,,,,,,,,,,
173278,,,,,,,,,,,0.000000,0.000000,2.465024,3.316077,0.081374,0.051155,,,,,,,,,,,,
173283,,,,,,,,,,,0.000000,0.000000,2.844156,3.621907,0.077298,0.047734,,,,,,,,,,,,
173288,,,,,,,,,,,0.000000,0.000000,3.190633,3.309952,0.073515,0.050523,,,,,,,,,,,,
173293,,,,,,,,,,,0.000000,0.000000,2.915823,3.616310,0.075971,0.047098,,,,,,,,,,,,
173298,,,,,,,,,,,0.000000,0.000000,3.256127,3.304836,0.072243,0.049882,,,,,,,,,,,,
173310,,,,,,,,,,,0.000000,0.000000,3.259884,2.760060,0.071522,0.054752,,,,,,,,,,,,
173313,,,,,,,,,,,0.000000,0.000000,2.979110,3.113780,0.074032,0.050903,,,,,,,,,,,,
173318,,,,,,,,,,,0.000000,0.000000,2.722518,2.845590,0.076326,0.053300,,,,,,,,,,,,
173323,,,,,,,,,,,0.000000,0.000000,2.488027,2.600499,0.078422,0.055491,,,,,,,,,,,,
173328,,,,,,,,,,,0.000000,0.000000,2.273733,2.967962,0.080337,0.051520,,,,,,,,,,,,
173333,,,,,,,,,,,0.000000,0.000000,2.669341,2.712331,0.076114,0.053805,,,,,,,,,,,,
173338,,,,,,,,,,,0.000000,0.000000,2.439430,3.070162,0.078170,0.049920,,,,,,,,,,,,
173343,,,,,,,,,,,0.000000,0.000000,2.820766,2.805728,0.074074,0.052283,,,,,,,,,,,,
173348,,,,,,,,,,,0.000000,0.000000,3.169258,2.564070,0.070272,0.054444,,,,,,,,,,,,
173353,,,,,,,,,,,0.000000,0.000000,2.896289,2.934671,0.072712,0.050444,,,,,,,,,,,,
173358,,,,,,,,,,,0.000000,0.000000,2.646831,2.681908,0.074942,0.052704,,,,,,,,,,,,
173370,,,,,,,,,,,0.000000,0.000000,2.751026,2.780320,0.073324,0.051137,,,,,,,,,,,,
173373,,,,,,,,,,,0.000000,0.000000,2.514079,2.540851,0.075442,0.053278,,,,,,,,,,,,
173378,,,,,,,,,,,0.000000,0.000000,2.297541,2.322007,0.077378,0.055234,,,,,,,,,,,,
173383,,,,,,,,,,,0.000000,0.000000,2.099653,2.122012,0.079147,0.057022,,,,,,,,,,,,
173388,,,,,,,,,,,0.000000,0.000000,1.918810,2.530688,0.080763,0.052682,,,,,,,,,,,,
173393,,,,,,,,,,,0.000000,0.000000,2.344987,2.312719,0.076267,0.054630,,,,,,,,,,,,
173398,,,,,,,,,,,0.000000,0.000000,2.143013,2.113524,0.078072,0.056411,,,,,,,,,,,,
173403,,,,,,,,,,,0.000000,0.000000,2.549880,2.522931,0.073749,0.052065,,,,,,,,,,,,
173408,,,,,,,,,,,0.000000,0.000000,2.330258,2.305630,0.075712,0.054007,,,,,,,,,,,,
173413,,,,,,,,,,,0.000000,0.000000,2.129553,2.107046,0.077506,0.055782,,,,,,,,,,,,
173418,,,,,,,,,,,0.000000,0.000000,2.537579,2.517010,0.073172,0.051431,,,,,,,,,,,,
173423,,,,,,,,,,,0.000000,0.000000,2.319017,2.300220,0.075126,0.053369,,,,,,,,,,,,
173428,,,,,,,,,,,0.000000,0.000000,2.119279,2.102101,0.076911,0.055140,,,,,,,,,,,,
173433,,,,,,,,,,,0.000000,0.000000,1.936745,1.921047,0.078543,0.056758,,,,,,,,,,,,
173438,,,,,,,,,,,0.000000,0.000000,1.769933,2.347032,0.080034,0.052264,,,,,,,,,,,,
173450,,,,,,,,,,,0.000000,0.000000,2.018677,1.960142,0.077124,0.055722,,,,,,,,,,,,
173453,,,,,,,,,,,0.000000,0.000000,2.436253,1.791315,0.072704,0.057231,,,,,,,,,,,,
173458,,,,,,,,,,,0.000000,0.000000,2.226418,2.228473,0.074580,0.052637,,,,,,,,,,,,
173463,,,,,,,,,,,0.000000,0.000000,2.034657,2.036534,0.076294,0.054352,,,,,,,,,,,,
173468,,,,,,,,,,,0.000000,0.000000,2.450856,1.861127,0.071887,0.055920,,,,,,,,,,,,
173473,,,,,,,,,,,0.000000,0.000000,2.239763,2.292273,0.073774,0.051380,,,,,,,,,,,,
173478,,,,,,,,,,,0.000000,0.000000,2.046852,2.094839,0.075499,0.053145,,,,,,,,,,,,
173483,,,,,,,,,,,0.000000,0.000000,2.462001,1.914410,0.071101,0.054757,,,,,,,,,,,,
173488,,,,,,,,,,,0.000000,0.000000,2.249949,1.749521,0.072996,0.056231,,,,,,,,,,,,
173493,,,,,,,,,,,0.000000,0.000000,2.056160,2.190280,0.074729,0.051605,,,,,,,,,,,,
173498,,,,,,,,,,,0.000000,0.000000,2.470507,2.001631,0.070338,0.053291,,,,,,,,,,,,
173510,,,,,,,,,,,0.000000,0.000000,2.063264,1.671678,0.073979,0.056240,,,,,,,,,,,,
173513,,,,,,,,,,,0.000000,0.000000,1.885555,2.119141,0.075567,0.051554,,,,,,,,,,,,
173518,,,,,,,,,,,0.000000,0.000000,1.723152,1.936619,0.077019,0.053185,,,,,,,,,,,,
173523,,,,,,,,,,,0.000000,0.000000,1.574736,1.769817,0.078345,0.054677,,,,,,,,,,,,
173528,,,,,,,,,,,0.000000,0.000000,1.439104,1.617383,0.079558,0.056039,,,,,,,,,,,,
173533,,,,,,,,,,,0.000000,0.000000,1.315154,2.069522,0.080666,0.051311,,,,,,,,,,,,
173538,,,,,,,,,,,0.000000,0.000000,1.201879,1.891273,0.081678,0.052904,,,,,,,,,,,,
173543,,,,,,,,,,,0.000000,0.000000,1.689806,2.319823,0.076630,0.048387,,,,,,,,,,,,
173548,,,,,,,,,,,0.000000,0.000000,2.135707,2.120016,0.071958,0.050173,,,,,,,,,,,,
173553,,,,,,,,,,,0.000000,0.000000,2.543203,1.937418,0.067628,0.051805,,,,,,,,,,,,
173558,,,,,,,,,,,0.000000,0.000000,2.324157,2.361993,0.069586,0.047323,,,,,,,,,,,,
173571,,,,,,,,,,,0.000000,0.000000,1.941038,1.972637,0.073011,0.050803,,,,,,,,,,,,
173573,,,,,,,,,,,0.000000,0.000000,1.773856,2.394179,0.074506,0.046349,,,,,,,,,,,,
173578,,,,,,,,,,,0.000000,0.000000,1.621074,2.187968,0.075871,0.048192,,,,,,,,,,,,
173583,,,,,,,,,,,0.000000,0.000000,2.072895,1.999517,0.071146,0.049876,,,,,,,,,,,,
173588,,,,,,,,,,,0.000000,0.000000,1.894356,1.827299,0.072742,0.051416,,,,,,,,,,,,
173593,,,,,,,,,,,0.000000,0.000000,1.731195,2.261358,0.074200,0.046849,,,,,,,,,,,,
173598,,,,,,,,,,,0.000000,0.000000,1.582087,2.066586,0.075533,0.048590,,,,,,,,,,,,
173603,,,,,,,,,,,0.000000,0.000000,2.037266,1.888591,0.070778,0.050181,,,,,,,,,,,,
173608,,,,,,,,,,,0.000000,0.000000,1.861796,2.317371,0.072346,0.045662,,,,,,,,,,,,
173613,,,,,,,,,,,0.000000,0.000000,1.701439,2.117775,0.073779,0.047446,,,,,,,,,,,,
173618,,,,,,,,,,,0.000000,0.000000,2.146339,1.935371,0.069116,0.049077,,,,,,,,,,,,
173630,,,,,,,,,,,0.000000,0.000000,1.792532,2.156844,0.072278,0.046410,,,,,,,,,,,,
173633,,,,,,,,,,,0.000000,0.000000,1.638141,1.971075,0.073659,0.048071,,,,,,,,,,,,
173638,,,,,,,,,,,0.000000,0.000000,2.088492,1.801306,0.068946,0.049588,,,,,,,,,,,,
173643,,,,,,,,,,,0.000000,0.000000,1.908610,1.646159,0.070554,0.050975,,,,,,,,,,,,
173648,,,,,,,,,,,0.000000,0.000000,1.744221,1.504375,0.072024,0.052242,,,,,,,,,,,,
173653,,,,,,,,,,,0.000000,0.000000,2.185436,1.966248,0.067393,0.047427,,,,,,,,,,,,
173658,,,,,,,,,,,0.000000,0.000000,1.997204,1.796894,0.069076,0.048941,,,,,,,,,,,,
173663,,,,,,,,,,,0.000000,0.000000,1.825184,1.642127,0.070613,0.050324,,,,,,,,,,,,
173668,,,,,,,,,,,0.000000,0.000000,1.667981,1.500691,0.072018,0.051589,,,,,,,,,,,,
173673,,,,,,,,,,,0.000000,0.000000,2.115762,1.371436,0.067329,0.052744,,,,,,,,,,,,
173678,,,,,,,,,,,0.000000,0.000000,1.933531,1.844759,0.068958,0.047826,,,,,,,,,,,,
173683,,,,,,,,,,,0.000000,0.000000,1.766996,1.685869,0.070447,0.049247,,,,,,,,,,,,
173688,,,,,,,,,,,0.000000,0.000000,1.614804,1.540665,0.071807,0.050545,,,,,,,,,,,,
173693,,,,,,,,,,,0.000000,0.000000,1.475721,1.999412,0.073050,0.045757,,,,,,,,,,,,
173698,,,,,,,,,,,0.000000,0.000000,1.940061,1.827202,0.068213,0.047297,,,,,,,,,,,,
173710,,,,,,,,,,,0.000000,0.000000,1.620258,1.526003,0.071072,0.049989,,,,,,,,,,,,
173713,,,,,,,,,,,0.000000,0.000000,1.480705,1.394568,0.072319,0.051164,,,,,,,,,,,,
173718,,,,,,,,,,,0.000000,0.000000,1.944616,1.274453,0.067486,0.052238,,,,,,,,,,,,
173723,,,,,,,,,,,0.000000,0.000000,1.777126,1.164684,0.068983,0.053219,,,,,,,,,,,,
173728,,,,,,,,,,,0.000000,0.000000,1.624062,1.064370,0.070351,0.054116,,,,,,,,,,,,
173733,,,,,,,,,,,0.000000,0.000000,2.075626,0.972696,0.065628,0.054935,,,,,,,,,,,,
173738,,,,,,,,,,,0.000000,0.000000,1.896852,1.480362,0.067226,0.049710,,,,,,,,,,,,
173743,,,,,,,,,,,0.000000,0.000000,1.733476,1.352858,0.068686,0.050850,,,,,,,,,,,,
173748,,,,,,,,,,,0.000000,0.000000,1.584171,1.236336,0.070021,0.051892,,,,,,,,,,,,
173753,,,,,,,,,,,0.000000,0.000000,1.447726,1.129850,0.071241,0.052844,,,,,,,,,,,,
173758,,,,,,,,,,,0.000000,0.000000,1.323033,1.623981,0.072355,0.047740,,,,,,,,,,,,
173770,,,,,,,,,,,0.000000,0.000000,1.104942,1.356281,0.074305,0.050133,,,,,,,,,,,,
173773,,,,,,,,,,,0.000000,0.000000,1.009773,1.830909,0.075155,0.045203,,,,,,,,,,,,
173778,,,,,,,,,,,0.000000,0.000000,0.922801,1.673212,0.075933,0.046613,,,,,,,,,,,,
173783,,,,,,,,,,,0.000000,0.000000,0.843320,1.529098,0.076643,0.047901,,,,,,,,,,,,
173788,,,,,,,,,,,0.000000,0.000000,0.770685,1.397397,0.077293,0.049079,,,,,,,,,,,,
173793,,,,,,,,,,,0.000000,0.000000,0.704305,1.277039,0.077886,0.050155,,,,,,,,,,,,
173798,,,,,,,,,,,0.000000,0.000000,0.643643,1.167047,0.078428,0.051138,,,,,,,,,,,,
173803,,,,,,,,,,,0.000000,0.000000,0.588206,1.657974,0.078924,0.046063,,,,,,,,,,,,
173808,,,,,,,,,,,0.000000,0.000000,0.537544,1.515172,0.079377,0.047339,,,,,,,,,,,,
173813,,,,,,,,,,,0.000000,0.000000,0.491245,1.384670,0.079791,0.048506,,,,,,,,,,,,
173818,,,,,,,,,,,0.000000,0.000000,0.448934,1.265408,0.080169,0.049572,,,,,,,,,,,,
173830,,,,,,,,,,,0.000000,0.000000,0.374931,1.056816,0.080830,0.051436,,,,,,,,,,,,
173833,,,,,,,,,,,0.000000,0.000000,0.342638,0.965792,0.081119,0.052250,,,,,,,,,,,,
173838,,,,,,,,,,,0.000000,0.000000,0.313127,0.882608,0.081383,0.052994,,,,,,,,,,,,
173843,,,,,,,,,,,0.000000,0.000000,0.286157,0.806589,0.081624,0.053673,,,,,,,,,,,,
173848,,,,,,,,,,,0.000000,0.000000,0.261510,0.737117,0.081844,0.054294,,,,,,,,,,,,
173853,,,,,,,,,,,0.000000,0.000000,0.238986,0.673629,0.082045,0.054862,,,,,,,,,,,,
173858,,,,,,,,,,,0.000000,0.000000,0.218402,0.615609,0.082229,0.055380,,,,,,,,,,,,
173863,,,,,,,,,,,0.000000,0.000000,0.199591,0.562587,0.082398,0.055854,,,,,,,,,,,,
173868,,,,,,,,,,,0.000000,0.000000,0.182400,0.514131,0.082551,0.056287,,,,,,,,,,,,
173873,,,,,,,,,,,0.000000,0.000000,0.166690,1.061294,0.082692,0.050710,,,,,,,,,,,,
173878,,,,,,,,,,,0.000000,0.000000,0.152333,0.969884,0.082820,0.051527,,,,,,,,,,,,
173883,,,,,,,,,,,0.000000,0.000000,0.139213,0.886348,0.082937,0.052274,,,,,,,,,,,,
173888,,,,,,,,,,,0.000000,0.000000,0.127222,0.810007,0.083045,0.052956,,,,,,,,,,,,
173893,,,,,,,,,,,0.000000,0.000000,0.116265,0.740241,0.083142,0.053580,,,,,,,,,,,,
173898,,,,,,,,,,,0.000000,0.000000,0.106251,0.676484,0.083232,0.054149,,,,,,,,,,,,
173910,,,,,,,,,,,0.000000,0.000000,0.088736,0.564971,0.083389,0.055146,,,,,,,,,,,,
173913,,,,,,,,,,,0.000000,0.000000,0.081093,0.516310,0.083457,0.055581,,,,,,,,,,,,
173918,,,,,,,,,,,0.000000,0.000000,0.074109,0.471840,0.083519,0.055979,,,,,,,,,,,,
173923,,,,,,,,,,,0.000000,0.000000,0.067726,0.431200,0.083576,0.056342,,,,,,,,,,,,
173928,,,,,,,,,,,0.000000,0.000000,0.061892,0.985506,0.083629,0.050700,,,,,,,,,,,,
173933,,,,,,,,,,,0.000000,0.000000,0.056562,0.900624,0.083676,0.051459,,,,,,,,,,,,
173938,,,,,,,,,,,0.000000,0.000000,0.051690,0.823053,0.083720,0.052153,,,,,,,,,,,,
173943,,,,,,,,,,,0.000000,0.000000,0.047238,0.752163,0.083760,0.052786,,,,,,,,,,,,
173948,,,,,,,,,,,0.000000,0.000000,0.043169,0.687379,0.083796,0.053365,,,,,,,,,,,,
173953,,,,,,,,,,,0.000000,0.000000,0.039451,0.628175,0.083829,0.053895,,,,,,,,,,,,
173958,,,,,,,,,,,0.000000,0.000000,0.036053,1.165515,0.083859,0.048405,,,,,,,,,,,,
173970,,,,,,,,,,,0.000000,0.000000,0.030110,0.973389,0.083913,0.050122,,,,,,,,,,,,
173973,,,,,,,,,,,0.000000,0.000000,0.027517,0.889551,0.083936,0.050872,,,,,,,,,,,,
173978,,,,,,,,,,,0.000000,0.000000,0.025147,0.812934,0.083957,0.051556,,,,,,,,,,,,
173983,,,,,,,,,,,0.000000,0.000000,0.022981,0.742916,0.083976,0.052182,,,,,,,,,,,,
173988,,,,,,,,,,,0.000000,0.000000,0.021001,0.678928,0.083994,0.052754,,,,,,,,,,,,
173993,,,,,,,,,,,0.000000,0.000000,0.019193,1.211897,0.084010,0.047303,,,,,,,,,,,,
173998,,,,,,,,,,,0.000000,0.000000,0.017540,1.107516,0.084025,0.048236,,,,,,,,,,,,
174003,,,,,,,,,,,0.000000,0.000000,0.016029,1.012125,0.084038,0.049089,,,,,,,,,,,,
174008,,,,,,,,,,,0.000000,0.000000,0.014648,0.924951,0.084051,0.049868,,,,,,,,,,,,
174013,,,,,,,,,,,0.000000,0.000000,0.013387,0.845285,0.084062,0.050581,,,,,,,,,,,,
174018,,,,,,,,,,,0.000000,0.000000,0.012234,0.772480,0.084072,0.051231,,,,,,,,,,,,
174030,,,,,,,,,,,0.000000,0.000000,0.010217,0.645143,0.084090,0.052370,,,,,,,,,,,,
174033,,,,,,,,,,,0.000000,0.000000,0.009337,0.589577,0.084098,0.052866,,,,,,,,,,,,
174038,,,,,,,,,,,0.000000,0.000000,0.008533,0.538796,0.084105,0.053320,,,,,,,,,,,,
174043,,,,,,,,,,,0.000000,0.000000,0.007798,0.492390,0.084112,0.053735,,,,,,,,,,,,
174048,,,,,,,,,,,0.000000,0.000000,0.007126,0.449980,0.084118,0.054114,,,,,,,,,,,,
174053,,,,,,,,,,,0.000000,0.000000,0.006512,0.411223,0.084124,0.054461,,,,,,,,,,,,
174058,,,,,,,,,,,0.000000,0.000000,0.005952,0.375804,0.084129,0.054777,,,,,,,,,,,,
174063,,,,,,,,,,,0.000000,0.000000,0.005439,0.343436,0.084133,0.055067,,,,,,,,,,,,
174068,,,,,,,,,,,0.000000,0.000000,0.004970,0.313856,0.084137,0.055331,,,,,,,,,,,,
174073,,,,,,,,,,,0.000000,0.000000,0.004542,0.286824,0.084141,0.055573,,,,,,,,,,,,
174078,,,,,,,,,,,0.000000,0.000000,0.004151,0.262119,0.084145,0.055793,,,,,,,,,,,,
174090,,,,,,,,,,,0.000000,0.000000,,,,,,,,,,,,,,,,
174091,,,,,,,,,,,0.000000,0.000000,0.003467,0.218911,0.084151,0.056180,,,,,,,,,,,,
174093,,,,,,,,,,,0.000000,0.000000,0.003168,0.200056,0.084153,0.056348,,,,,,,,,,,,
174098,,,,,,,,,,,0.000000,0.000000,0.002895,0.182825,0.084156,0.056502,,,,,,,,,,,,
174103,,,,,,,,,,,0.000000,0.000000,0.002646,0.167079,0.084158,0.056643,,,,,,,,,,,,
174108,,,,,,,,,,,0.000000,0.000000,0.002418,0.152688,0.084160,0.056772,,,,,,,,,,,,
174113,,,,,,,,,,,0.000000,0.000000,0.002210,0.139537,0.084162,0.056889,,,,,,,,,,,,
174118,,,,,,,,,,,0.000000,0.000000,0.002019,0.127519,0.084164,0.056997,,,,,,,,,,,,
174123,,,,,,,,,,,0.000000,0.000000,0.001846,0.116535,0.084165,0.057095,,,,,,,,,,,,
174128,,,,,,,,,,,0.000000,0.000000,0.001687,0.106498,0.084167,0.057185,,,,,,,,,,,,
174133,,,,,,,,,,,0.000000,0.000000,0.001541,0.097326,0.084168,0.057266,,,,,,,,,,,,
174138,,,,,,,,,,,0.000000,0.000000,0.001409,0.088943,0.084169,0.057341,,,,,,,,,,,,
174143,,,,,,,,,,,0.000000,0.000000,0.001287,0.081282,0.084170,0.057410,,,,,,,,,,,,
174148,,,,,,,,,,,0.000000,0.000000,0.001176,0.074281,0.084171,0.057472,,,,,,,,,,,,
174153,,,,,,,,,,,0.000000,0.000000,0.001075,0.067883,0.084172,0.057530,,,,,,,,,,,,
174158,,,,,,,,,,,0.000000,0.000000,0.000982,0.062037,0.084173,0.057582,,,,,,,,,,,,
174170,,,,,,,,,,,0.000000,0.000000,0.000821,0.051810,0.084174,0.057673,,,,,,,,,,,,
174173,,,,,,,,,,,0.000000,0.000000,0.000750,0.047348,0.084175,0.057713,,,,,,,,,,,,
174178,,,,,,,,,,,0.000000,0.000000,0.000685,0.043270,0.084176,0.057750,,,,,,,,,,,,
174183,,,,,,,,,,,0.000000,0.000000,0.000626,0.039543,0.084176,0.057783,,,,,,,,,,,,
174188,,,,,,,,,,,0.000000,0.000000,0.000572,0.036137,0.084177,0.057813,,,,,,,,,,,,
174193,,,,,,,,,,,0.000000,0.000000,0.000523,0.033025,0.084177,0.057841,,,,,,,,,,,,
174198,,,,,,,,,,,0.000000,0.000000,0.000478,0.030180,0.084177,0.057867,,,,,,,,,,,,
174203,,,,,,,,,,,0.000000,0.000000,0.000437,0.027581,0.084178,0.057890,,,,,,,,,,,,
174208,,,,,,,,,,,0.000000,0.000000,0.000399,0.025205,0.084178,0.057911,,,,,,,,,,,,
174213,,,,,,,,,,,0.000000,0.000000,0.000365,0.023034,0.084178,0.057931,,,,,,,,,,,,
174218,,,,,,,,,,,0.000000,0.000000,0.000333,0.021050,0.084179,0.057948,,,,,,,,,,,,
174230,,,,,,,,,,,0.000000,0.000000,0.000278,0.017580,0.084179,0.057979,,,,,,,,,,,,
174233,,,,,,,,,,,0.000000,0.000000,0.000254,0.016066,0.084179,0.057993,,,,,,,,,,,,
174238,,,,,,,,,,,0.000000,0.000000,0.000233,0.014682,0.084180,0.058005,,,,,,,,,,,,
174243,,,,,,,,,,,0.000000,0.000000,0.000212,0.013418,0.084180,0.058017,,,,,,,,,,,,
174248,,,,,,,,,,,0.000000,0.000000,0.000194,0.012262,0.084180,0.058027,,,,,,,,,,,,
174253,,,,,,,,,,,0.000000,0.000000,0.000177,0.011206,0.084180,0.058036,,,,,,,,,,,,
174258,,,,,,,,,,,0.000000,0.000000,0.000162,0.010241,0.084180,0.058045,,,,,,,,,,,,
174263,,,,,,,,,,,0.000000,0.000000,0.000148,0.009359,0.084180,0.058053,,,,,,,,,,,,
174268,,,,,,,,,,,0.000000,0.000000,0.000135,0.008553,0.084181,0.058060,,,,,,,,,,,,
174273,,,,,,,,,,,0.000000,0.000000,0.000124,0.007816,0.084181,0.058067,,,,,,,,,,,,
174278,,,,,,,,,,,0.000000,0.000000,0.000113,0.007143,0.084181,0.058073,,,,,,,,,,,,
174290,,,,,,,,,,,0.000000,0.000000,0.000094,0.005965,0.084181,0.058083,,,,,,,,,,,,
174293,,,,,,,,,,,0.000000,0.000000,0.000086,0.005452,0.084181,0.058088,,,,,,,,,,,,
174298,,,,,,,,,,,0.000000,0.000000,0.000079,0.004982,0.084181,0.058092,,,,,,,,,,,,
174303,,,,,,,,,,,0.000000,0.000000,0.000072,0.004553,0.084181,0.058096,,,,,,,,,,,,
174308,,,,,,,,,,,0.000000,0.000000,0.000066,0.004161,0.084181,0.058099,,,,,,,,,,,,
174313,,,,,,,,,,,0.000000,0.000000,0.000060,0.003802,0.084181,0.058103,,,,,,,,,,,,
174318,,,,,,,,,,,0.000000,0.000000,0.000055,0.003475,0.084181,0.058105,,,,,,,,,,,,
174323,,,,,,,,,,,0.000000,0.000000,0.000050,0.003176,0.084181,0.058108,,,,,,,,,,,,
174328,,,,,,,,,,,0.000000,0.000000,0.000046,0.002902,0.084181,0.058111,,,,,,,,,,,,
174333,,,,,,,,,,,0.000000,0.000000,0.000042,0.002652,0.084181,0.058113,,,,,,,,,,,,
174338,,,,,,,,,,,0.000000,0.000000,0.000038,0.002424,0.084181,0.058115,,,,,,,,,,,,
174350,,,,,,,,,,,0.000000,0.000000,0.000032,0.002024,0.084181,0.058118,,,,,,,,,,,,
174353,,,,,,,,,,,0.000000,0.000000,0.000029,0.001850,0.084181,0.058120,,,,,,,,,,,,
174358,,,,,,,,,,,0.000000,0.000000,0.000027,0.001691,0.084182,0.058121,,,,,,,,,,,,
174363,,,,,,,,,,,0.000000,0.000000,0.000024,0.001545,0.084182,0.058123,,,,,,,,,,,,
174368,,,,,,,,,,,0.000000,0.000000,0.000022,0.001412,0.084182,0.058124,,,,,,,,,,,,
174373,,,,,,,,,,,0.000000,0.000000,0.000020,0.001290,0.084182,0.058125,,,,,,,,,,,,
174378,,,,,,,,,,,0.000000,0.000000,0.000019,0.001179,0.084182,0.058126,,,,,,,,,,,,
174383,,,,,,,,,,,0.000000,0.000000,0.000017,0.001078,0.084182,0.058127,,,,,,,,,,,,
174388,,,,,,,,,,,0.000000,0.000000,0.000016,0.000985,0.084182,0.058128,,,,,,,,,,,,
174393,,,,,,,,,,,0.000000,0.000000,0.000014,0.000900,0.084182,0.058128,,,,,,,,,,,,
174398,,,,,,,,,,,0.000000,0.000000,0.000013,0.000822,0.084182,0.058129,,,,,,,,,,,,
174403,,,,,,,,,,,0.000000,0.000000,0.000012,0.000752,0.084182,0.058130,,,,,,,,,,,,
174408,,,,,,,,,,,0.000000,0.000000,0.000011,0.000687,0.084182,0.058130,,,,,,,,,,,,
174413,,,,,,,,,,,0.000000,0.000000,0.000010,0.000628,0.084182,0.058131,,,,,,,,,,,,
174418,,,,,,,,,,,0.000000,0.000000,0.000009,0.000574,0.084182,0.058131,,,,,,,,,,,,
174430,,,,,,,,,,,0.000000,0.000000,0.000008,0.000479,0.084182,0.058132,,,,,,,,,,,,
174433,,,,,,,,,,,0.000000,0.000000,0.000007,0.000438,0.084182,0.058133,,,,,,,,,,,,
174438,,,,,,,,,,,0.000000,0.000000,0.000006,0.000400,0.084182,0.058133,,,,,,,,,,,,
174443,,,,,,,,,,,0.000000,0.000000,0.000006,0.000366,0.084182,0.058133,,,,,,,,,,,,
174448,,,,,,,,,,,0.000000,0.000000,0.000005,0.000334,0.084182,0.058134,,,,,,,,,,,,
174453,,,,,,,,,,,0.000000,0.000000,0.000005,0.000305,0.084182,0.058134,,,,,,,,,,,,
174458,,,,,,,,,,,0.000000,0.000000,0.000004,0.000279,0.084182,0.058134,,,,,,,,,,,,
174463,,,,,,,,,,,0.000000,0.000000,0.000004,0.000255,0.084182,0.058134,,,,,,,,,,,,
174468,,,,,,,,,,,0.000000,0.000000,0.000004,0.000233,0.084182,0.058134,,,,,,,,,,,,
174473,,,,,,,,,,,0.000000,0.000000,0.000003,0.000213,0.084182,0.058135,,,,,,,,,,,,
174478,,,,,,,,,,,0.000000,0.000000,0.000003,0.000195,0.084182,0.058135,,,,,,,,,,,,
174490,,,,,,,,,,,0.000000,0.000000,0.000003,0.000163,0.084182,0.058135,,,,,,,,,,,,
174493,,,,,,,,,,,0.000000,0.000000,0.000002,0.000149,0.084182,0.058135,,,,,,,,,,,,
174498,,,,,,,,,,,0.000000,0.000000,0.000002,0.000136,0.084182,0.058135,,,,,,,,,,,,
174503,,,,,,,,,,,0.000000,0.000000,0.000002,0.000124,0.084182,0.058135,,,,,,,,,,,,
174508,,,,,,,,,,,0.000000,0.000000,0.000002,0.000113,0.084182,0.058135,,,,,,,,,,,,
174513,,,,,,,,,,,0.000000,0.000000,0.000002,0.000104,0.084182,0.058136,,,,,,,,,,,,
174518,,,,,,,,,,,0.000000,0.000000,0.000001,0.000095,0.084182,0.058136,,,,,,,,,,,,
174523,,,,,,,,,,,0.000000,0.000000,0.000001,0.000087,0.084182,0.058136,,,,,,,,,,,,
174528,,,,,,,,,,,0.000000,0.000000,0.000001,0.000079,0.084182,0.058136,,,,,,,,,,,,
174533,,,,,,,,,,,0.000000,0.000000,0.000001,0.000072,0.084182,0.058136,,,,,,,,,,,,
174538,,,,,,,,,,,0.000000,0.000000,0.000001,0.000066,0.084182,0.058136,,,,,,,,,,,,
174550,,,,,,,,,,,0.000000,0.000000,0.000001,0.000055,0.084182,0.058136,,,,,,,,,,,,
174553,,,,,,,,,,,0.000000,0.000000,0.000001,0.000050,0.084182,0.058136,,,,,,,,,,,,
174558,,,,,,,,,,,0.000000,0.000000,0.000001,0.000046,0.084182,0.058136,,,,,,,,,,,,
174563,,,,,,,,,,,0.000000,0.000000,0.000001,0.000042,0.084182,0.058136,,,,,,,,,,,,
174568,,,,,,,,,,,0.000000,0.000000,0.000001,0.000038,0.084182,0.058136,,,,,,,,,,,,
174573,,,,,,,,,,,0.000000,0.000000,0.000001,0.000035,0.084182,0.058136,,,,,,,,,,,,
174578,,,,,,,,,,,0.000000,0.000000,0.000001,0.000032,0.084182,0.058136,,,,,,,,,,,,
174583,,,,,,,,,,,0.000000,0.000000,0.000000,0.000029,0.084182,0.058136,,,,,,,,,,,,
174588,,,,,,,,,,,0.000000,0.000000,0.000000,0.000027,0.084182,0.058136,,,,,,,,,,,,
174593,,,,,,,,,,,0.000000,0.000000,0.000000,0.000025,0.084182,0.058136,,,,,,,,,,,,
174598,,,,,,,,,,,0.000000,0.000000,0.000000,0.000022,0.084182,0.058136,,,,,,,,,,,,
174603,,,,,,,,,,,0.000000,0.000000,0.000000,0.000020,0.084182,0.058136,,,,,,,,,,,,
174608,,,,,,,,,,,0.000000,0.000000,0.000000,0.000019,0.084182,0.058136,,,,,,,,,,,,
174613,,,,,,,,,,,0.000000,0.000000,0.000000,0.000017,0.084182,0.058136,,,,,,,,,,,,
174618,,,,,,,,,,,0.000000,0.000000,0.000000,0.000016,0.084182,0.058136,,,,,,,,,,,,
174630,,,,,,,,,,,0.000000,0.000000,0.000000,0.000013,0.084182,0.058136,,,,,,,,,,,,
174633,,,,,,,,,,,0.000000,0.000000,0.000000,0.000012,0.084182,0.058136,,,,,,,,,,,,
174638,,,,,,,,,,,0.000000,0.000000,0.000000,0.000011,0.084182,0.058136,,,,,,,,,,,,
174643,,,,,,,,,,,0.000000,0.000000,0.000000,0.000010,0.084182,0.058136,,,,,,,,,,,,
174648,,,,,,,,,,,0.000000,0.000000,0.000000,0.000009,0.084182,0.058136,,,,,,,,,,,,
174653,,,,,,,,,,,0.000000,0.000000,0.000000,0.000008,0.084182,0.058136,,,,,,,,,,,,
174658,,,,,,,,,,,0.000000,0.000000,0.000000,0.000008,0.084182,0.058136,,,,,,,,,,,,
174663,,,,,,,,,,,0.000000,0.000000,0.000000,0.000007,0.084182,0.058136,,,,,,,,,,,,
174668,,,,,,,,,,,0.000000,0.000000,0.000000,0.000006,0.084182,0.058136,,,,,,,,,,,,
174673,,,,,,,,,,,0.000000,0.000000,0.000000,0.000006,0.084182,0.058136,,,,,,,,,,,,
174678,,,,,,,,,,,0.000000,0.000000,0.000000,0.000005,0.084182,0.058136,,,,,,,,,,,,
174690,,,,,,,,,,,0.000000,0.000000,0.000000,0.000004,0.084182,0.058136,,,,,,,,,,,,
174693,,,,,,,,,,,0.000000,0.000000,0.000000,0.000004,0.084182,0.058136,,,,,,,,,,,,
174698,,,,,,,,,,,0.000000,0.000000,0.000000,0.000004,0.084182,0.058136,,,,,,,,,,,,
174703,,,,,,,,,,,0.000000,0.000000,0.000000,0.000003,0.084182,0.058136,,,,,,,,,,,,
174708,,,,,,,,,,,0.000000,0.000000,0.000000,0.000003,0.084182,0.058136,,,,,,,,,,,,
174713,,,,,,,,,,,0.000000,0.000000,0.000000,0.000003,0.084182,0.058136,,,,,,,,,,,,
174718,,,,,,,,,,,0.000000,0.000000,0.000000,0.000003,0.084182,0.058136,,,,,,,,,,,,
174723,,,,,,,,,,,0.000000,0.000000,0.000000,0.000002,0.084182,0.058136,,,,,,,,,,,,
174728,,,,,,,,,,,0.000000,0.000000,0.000000,0.000002,0.084182,0.058136,,,,,,,,,,,,
174733,,,,,,,,,,,0.000000,0.000000,0.000000,0.000002,0.084182,0.058136,,,,,,,,,,,,
174738,,,,,,,,,,,0.000000,0.000000,0.000000,0.000002,0.084182,0.058136,,,,,,,,,,,,
174750,,,,,,,,,,,0.000000,0.000000,0.000000,0.000002,0.084182,0.058137,,,,,,,,,,,,
174753,,,,,,,,,,,0.000000,0.000000,0.000000,0.000001,0.084182,0.058137,,,,,,,,,,,,
174758,,,,,,,,,,,0.000000,0.000000,0.000000,0.000001,0.084182,0.058137,,,,,,,,,,,,
174763,,,,,,,,,,,0.000000,0.000000,0.000000,0.000001,0.084182,0.058137,,,,,,,,,,,,
174768,,,,,,,,,,,0.000000,0.000000,0.000000,0.000001,0.084182,0.058137,,,,,,,,,,,,
174773,,,,,,,,,,,0.000000,0.000000,0.000000,0.000001,0.084182,0.058137,,,,,,,,,,,,
174778,,,,,,,,,,,0.000000,0.000000,0.000000,0.000001,0.084182,0.058137,,,,,,,,,,,,
174783,,,,,,,,,,,0.000000,0.000000,0.000000,0.000001,0.084182,0.058137,,,,,,,,,,,,
174788,,,,,,,,,,,0.000000,0.000000,0.000000,0.000001,0.084182,0.058137,,,,,,,,,,,,
174793,,,,,,,,,,,0.000000,0.000000,0.000000,0.000001,0.084182,0.058137,,,,,,,,,,,,
174798,,,,,,,,,,,0.000000,0.000000,0.000000,0.000001,0.084182,0.058137,,,,,,,,,,,,
174810,,,,,,,,,,,0.000000,0.000000,0.000000,0.000001,0.084182,0.058137,,,,,,,,,,,,
174813,,,,,,,,,,,0.000000,0.000000,0.000000,0.000000,0.084182,0.058137,,,,,,,,,,,,
174818,,,,,,,,,,,0.000000,0.000000,0.000000,0.000000,0.084182,0.058137,,,,,,,,,,,,
174823,,,,,,,,,,,0.000000,0.000000,0.000000,0.000000,0.084182,0.058137,,,,,,,,,,,,
174828,,,,,,,,,,,0.000000,0.000000,0.000000,0.000000,0.084182,0.058137,,,,,,,,,,,,
174833,,,,,,,,,,,0.000000,0.000000,0.000000,0.000000,0.084182,0.058137,,,,,,,,,,,,
174838,,,,,,,,,,,0.000000,0.000000,0.000000,0.000000,0.084182,0.058137,,,,,,,,,,,,
174843,,,,,,,,,,,0.000000,0.000000,0.000000,0.000000,0.084182,0.058137,,,,,,,,,,,,
174848,,,,,,,,,,,0.000000,0.000000,0.000000,0.000000,0.084182,0.058137,,,,,,,,,,,,
174853,,,,,,,,,,,0.000000,0.000000,0.000000,0.000000,0.084182,0.058137,,,,,,,,,,,,
174858,,,,,,,,,,,0.000000,0.000000,0.000000,0.000000,0.084182,0.058137,,,,,,,,,,,,
174863,,,,,,,,,,,0.000000,0.000000,0.000000,0.000000,0.084182,0.058137,,,,,,,,,,,,
174868,,,,,,,,,,,0.000000,0.000000,0.000000,0.000000,0.084182,0.058137,,,,,,,,,,,,
174873,,,,,,,,,,,0.000000,0.000000,0.000000,0.000000,0.084182,0.058137,,,,,,,,,,,,
174878,,,,,,,,,,,0.000000,0.000000,0.000000,0.000000,0.084182,0.058137,,,,,,,,,,,,
174890,,,,,,,,,,,0.000000,0.000000,0.000000,0.000000,0.084182,0.058137,,,,,,,,,,,,
174893,,,,,,,,,,,0.000000,0.000000,0.000000,0.000000,0.084182,0.058137,,,,,,,,,,,,
174898,,,,,,,,,,,0.000000,0.000000,0.000000,0.000000,0.084182,0.058137,,,,,,,,,,,,
174903,,,,,,,,,,,0.000000,0.000000,0.000000,0.000000,0.084182,0.058137,,,,,,,,,,,,
174908,,,,,,,,,,,0.000000,0.000000,0.000000,0.000000,0.084182,0.058137,,,,,,,,,,,,
174913,,,,,,,,,,,0.000000,0.000000,0.000000,0.000000,0.084182,0.058137,,,,,,,,,,,,
174918,,,,,,,,,,,0.000000,0.000000,0.000000,0.000000,0.084182,0.058137,,,,,,,,,,,,
174923,,,,,,,,,,,0.000000,0.000000,0.000000,0.000000,0.084182,0.058137,,,,,,,,,,,,
174928,,,,,,,,,,,0.000000,0.000000,0.000000,0.000000,0.084182,0.058137,,,,,,,,,,,,
174933,,,,,,,,,,,0.000000,0.000000,0.000000,0.000000,0.084182,0.058137,,,,,,,,,,,,
174938,,,,,,,,,,,0.000000,0.000000,0.000000,0.000000,0.084182,0.058137,,,,,,,,,,,,
174950,,,,,,,,,,,0.000000,0.000000,0.000000,0.000000,0.084182,0.058137,,,,,,,,,,,,
174953,,,,,,,,,,,0.000000,0.000000,0.000000,0.000000,0.084182,0.058137,,,,,,,,,,,,
174958,,,,,,,,,,,0.000000,0.000000,0.000000,0.000000,0.084182,0.058137,,,,,,,,,,,,
174963,,,,,,,,,,,0.000000,0.000000,0.000000,0.000000,0.084182,0.058137,,,,,,,,,,,,
174968,,,,,,,,,,,0.000000,0.000000,0.000000,0.000000,0.084182,0.058137,,,,,,,,,,,,
174973,,,,,,,,,,,0.000000,0.000000,0.000000,0.000000,0.084182,0.058137,,,,,,,,,,,,
174978,,,,,,,,,,,0.000000,0.000000,0.000000,0.000000,0.084182,0.058137,,,,,,,,,,,,
174983,,,,,,,,,,,0.000000,0.000000,0.000000,0.000000,0.084182,0.058137,,,,,,,,,,,,
174988,,,,,,,,,,,0.000000,0.000000,0.000000,0.000000,0.084182,0.058137,,,,,,,,,,,,
174993,,,,,,,,,,,0.000000,0.000000,0.000000,0.000000,0.084182,0.058137,,,,,,,,,,,,
174998,,,,,,,,,,,0.000000,0.000000,0.000000,0.000000,0.084182,0.058137,,,,,,,,,,,,
175010,,,,,,,,,,,0.000000,0.000000,0.000000,0.000000,0.084182,0.058137,,,,,,,,,,,,
175013,,,,,,,,,,,0.000000,0.000000,0.000000,0.000000,0.084182,0.058137,,,,,,,,,,,,
175018,,,,,,,,,,,0.000000,0.000000,0.000000,0.000000,0.084182,0.058137,,,,,,,,,,,,
175023,,,,,,,,,,,0.000000,0.000000,0.000000,0.000000,0.084182,0.058137,,,,,,,,,,,,
175028,,,,,,,,,,,0.000000,0.000000,0.000000,0.000000,0.084182,0.058137,,,,,,,,,,,,
175033,,,,,,,,,,,0.000000,0.000000,0.000000,0.000000,0.084182,0.058137,,,,,,,,,,,,
175038,,,,,,,,,,,0.000000,0.000000,0.000000,0.000000,0.084182,0.058137,,,,,,,,,,,,
175043,,,,,,,,,,,0.000000,0.000000,0.000000,0.000000,0.084182,0.058137,,,,,,,,,,,,
175048,,,,,,,,,,,0.000000,0.000000,0.000000,0.000000,0.084182,0.058137,,,,,,,,,,,,
175053,,,,,,,,,,,0.000000,0.000000,0.000000,0.000000,0.084182,0.058137,,,,,,,,,,,,
175058,,,,,,,,,,,0.000000,0.000000,0.000000,0.000000,0.084182,0.058137,,,,,,,,,,,,
175063,,,,,,,,,,,0.000000,0.000000,0.000000,0.000000,0.084182,0.058137,,,,,,,,,,,,
175068,,,,,,,,,,,0.000000,0.000000,0.000000,0.000000,0.084182,0.058137,,,,,,,,,,,,
175073,,,,,,,,,,,0.000000,0.000000,0.000000,0.000000,0.084182,0.058137,,,,,,,,,,,,
175078,,,,,,,,,,,0.000000,0.000000,0.000000,0.000000,0.084182,0.058137,,,,,,,,,,,,
175090,,,,,,,,,,,0.000000,0.000000,0.000000,0.000000,0.084182,0.058137,,,,,,,,,,,,
175093,,,,,,,,,,,0.000000,0.000000,0.000000,0.000000,0.084182,0.058137,,,,,,,,,,,,
175098,,,,,,,,,,,0.000000,0.000000,0.000000,0.000000,0.084182,0.058137,,,,,,,,,,,,
175103,,,,,,,,,,,0.000000,0.000000,0.000000,0.000000,0.084182,0.058137,,,,,,,,,,,,
175108,,,,,,,,,,,0.000000,0.000000,0.000000,0.000000,0.084182,0.058137,,,,,,,,,,,,
175113,,,,,,,,,,,0.000000,0.000000,0.000000,0.000000,0.084182,0.058137,,,,,,,,,,,,
175118,,,,,,,,,,,0.000000,0.000000,0.000000,0.000000,0.084182,0.058137,,,,,,,,,,,,
175123,,,,,,,,,,,0.000000,0.000000,0.000000,0.000000,0.084182,0.058137,,,,,,,,,,,,
175128,,,,,,,,,,,0.000000,0.000000,0.000000,0.000000,0.084182,0.058137,,,,,,,,,,,,
175133,,,,,,,,,,,0.000000,0.000000,0.000000,0.000000,0.084182,0.058137,,,,,,,,,,,,
175138,,,,,,,,,,,0.000000,0.000000,0.000000,0.000000,0.084182,0.058137,,,,,,,,,,,,
175153,,,,,,,,,,,0.000000,0.000000,0.000000,0.000000,0.084182,0.058137,,,,,,,,,,,,
175158,,,,,,,,,,,0.000000,0.000000,0.000000,0.000000,0.084182,0.058137,,,,,,,,,,,,
175163,,,,,,,,,,,0.000000,0.000000,0.000000,0.000000,0.084182,0.058137,,,,,,,,,,,,
175168,,,,,,,,,,,0.000000,0.000000,0.000000,0.000000,0.084182,0.058137,,,,,,,,,,,,
175173,,,,,,,,,,,0.000000,0.000000,0.000000,0.000000,0.084182,0.058137,,,,,,,,,,,,
175178,,,,,,,,,,,0.000000,0.000000,0.000000,0.000000,0.084182,0.058137,,,,,,,,,,,,
175183,,,,,,,,,,,0.000000,0.000000,0.000000,0.000000,0.084182,0.058137,,,,,,,,,,,,
175188,,,,,,,,,,,0.000000,0.000000,0.000000,0.000000,0.084182,0.058137,,,,,,,,,,,,
175193,,,,,,,,,,,0.000000,0.000000,0.000000,0.000000,0.084182,0.058137,,,,,,,,,,,,
175198,,,,,,,,,,,0.000000,0.000000,0.000000,0.000000,0.084182,0.058137,,,,,,,,,,,,
175210,,,,,,,,,,,0.000000,0.000000,0.000000,0.000000,0.084182,0.058137,,,,,,,,,,,,
175213,,,,,,,,,,,0.000000,0.000000,0.000000,0.000000,0.084182,0.058137,,,,,,,,,,,,
175218,,,,,,,,,,,0.000000,0.000000,0.000000,0.000000,0.084182,0.058137,,,,,,,,,,,,
175223,,,,,,,,,,,0.000000,0.000000,0.000000,0.000000,0.084182,0.058137,,,,,,,,,,,,
175228,,,,,,,,,,,0.000000,0.000000,0.000000,0.000000,0.084182,0.058137,,,,,,,,,,,,
175233,,,,,,,,,,,0.000000,0.000000,0.000000,0.000000,0.084182,0.058137,,,,,,,,,,,,
175238,,,,,,,,,,,0.000000,0.000000,0.000000,0.000000,0.084182,0.058137,,,,,,,,,,,,
175243,,,,,,,,,,,0.000000,0.000000,0.000000,0.000000,0.084182,0.058137,,,,,,,,,,,,
175248,,,,,,,,,,,0.000000,0.000000,0.000000,0.000000,0.084182,0.058137,,,,,,,,,,,,
175253,,,,,,,,,,,0.000000,0.000000,0.000000,0.000000,0.084182,0.058137,,,,,,,,,,,,
175258,,,,,,,,,,,0.000000,0.000000,0.000000,0.000000,0.084182,0.058137,,,,,,,,,,,,
175270,,,,,,,,,,,0.000000,0.000000,0.000000,0.000000,0.084182,0.058137,,,,,,,,,,,,
175273,,,,,,,,,,,0.000000,0.000000,0.000000,0.000000,0.084182,0.058137,,,,,,,,,,,,
175278,,,,,,,,,,,0.000000,0.000000,0.000000,0.000000,0.084182,0.058137,,,,,,,,,,,,
175283,,,,,,,,,,,0.000000,0.000000,0.000000,0.000000,0.084182,0.058137,,,,,,,,,,,,
175288,,,,,,,,,,,0.000000,0.000000,0.000000,0.000000,0.084182,0.058137,,,,,,,,,,,,
175293,,,,,,,,,,,0.000000,0.000000,0.000000,0.000000,0.084182,0.058137,,,,,,,,,,,,
175298,,,,,,,,,,,0.000000,0.000000,0.000000,0.000000,0.084182,0.058137,,,,,,,,,,,,
175303,,,,,,,,,,,0.000000,0.000000,0.000000,0.000000,0.084182,0.058137,,,,,,,,,,,,
175308,,,,,,,,,,,0.000000,0.000000,0.000000,0.000000,0.084182,0.058137,,,,,,,,,,,,
175313,,,,,,,,,,,0.000000,0.000000,0.000000,0.000000,0.084182,0.058137,,,,,,,,,,,,
175318,,,,,,,,,,,0.000000,0.000000,0.000000,0.000000,0.084182,0.058137,,,,,,,,,,,,
175323,,,,,,,,,,,0.000000,0.000000,0.000000,0.000000,0.084182,0.058137,,,,,,,,,,,,
175328,,,,,,,,,,,0.000000,0.000000,0.000000,0.000000,0.084182,0.058137,,,,,,,,,,,,
175333,,,,,,,,,,,0.000000,0.000000,0.000000,0.000000,0.084182,0.058137,,,,,,,,,,,,
175338,,,,,,,,,,,0.000000,0.000000,0.000000,0.000000,0.084182,0.058137,,,,,,,,,,,,
175350,,,,,,,,,,,0.000000,0.000000,0.000000,0.000000,0.084182,0.058137,,,,,,,,,,,,
175353,,,,,,,,,,,0.000000,0.000000,0.000000,0.000000,0.084182,0.058137,,,,,,,,,,,,
175358,,,,,,,,,,,0.000000,0.000000,0.000000,0.000000,0.084182,0.058137,,,,,,,,,,,,
175363,,,,,,,,,,,0.000000,0.000000,0.000000,0.000000,0.084182,0.058137,,,,,,,,,,,,
175368,,,,,,,,,,,0.000000,0.000000,0.000000,0.000000,0.084182,0.058137,,,,,,,,,,,,
175373,,,,,,,,,,,0.000000,0.000000,0.000000,0.000000,0.084182,0.058137,,,,,,,,,,,,
175378,,,,,,,,,,,0.000000,0.000000,0.000000,0.000000,0.084182,0.058137,,,,,,,,,,,,
175383,,,,,,,,,,,0.000000,0.000000,0.000000,0.000000,0.084182,0.058137,,,,,,,,,,,,
175388,,,,,,,,,,,0.000000,0.000000,0.000000,0.000000,0.084182,0.058137,,,,,,,,,,,,
175393,,,,,,,,,,,0.000000,0.000000,0.000000,0.000000,0.084182,0.058137,,,,,,,,,,,,
175398,,,,,,,,,,,0.000000,0.000000,0.000000,0.000000,0.084182,0.058137,,,,,,,,,,,,
175410,,,,,,,,,,,0.000000,0.000000,0.000000,0.000000,0.084182,0.058137,,,,,,,,,,,,
175413,,,,,,,,,,,0.000000,0.000000,0.000000,0.000000,0.084182,0.058137,,,,,,,,,,,,
175418,,,,,,,,,,,0.000000,0.000000,0.000000,0.000000,0.084182,0.058137,,,,,,,,,,,,
175423,,,,,,,,,,,0.000000,0.000000,0.000000,0.000000,0.084182,0.058137,,,,,,,,,,,,
175428,,,,,,,,,,,0.000000,0.000000,0.000000,0.000000,0.084182,0.058137,,,,,,,,,,,,
175433,,,,,,,,,,,0.000000,0.000000,0.000000,0.000000,0.084182,0.058137,,,,,,,,,,,,
175438,,,,,,,,,,,0.000000,0.000000,0.000000,0.000000,0.084182,0.058137,,,,,,,,,,,,
175443,,,,,,,,,,,0.000000,0.000000,0.000000,0.000000,0.084182,0.058137,,,,,,,,,,,,
175448,,,,,,,,,,,0.000000,0.000000,0.000000,0.000000,0.084182,0.058137,,,,,,,,,,,,
175453,,,,,,,,,,,0.000000,0.000000,0.000000,0.000000,0.084182,0.058137,,,,,,,,,,,,
175458,,,,,,,,,,,0.000000,0.000000,0.000000,0.000000,0.084182,0.058137,,,,,,,,,,,,
175470,,,,,,,,,,,0.000000,0.000000,0.000000,0.000000,0.084182,0.058137,,,,,,,,,,,,
175473,,,,,,,,,,,0.000000,0.000000,0.000000,0.000000,0.084182,0.058137,,,,,,,,,,,,
175478,,,,,,,,,,,0.000000,0.000000,0.000000,0.000000,0.084182,0.058137,,,,,,,,,,,,
175483,,,,,,,,,,,0.000000,0.000000,0.000000,0.000000,0.084182,0.058137,,,,,,,,,,,,
175488,,,,,,,,,,,0.000000,0.000000,0.000000,0.000000,0.084182,0.058137,,,,,,,,,,,,
175493,,,,,,,,,,,0.000000,0.000000,0.000000,0.000000,0.084182,0.058137,,,,,,,,,,,,
175498,,,,,,,,,,,0.000000,0.000000,0.000000,0.000000,0.084182,0.058137,,,,,,,,,,,,
175503,,,,,,,,,,,0.000000,0.000000,0.000000,0.000000,0.084182,0.058137,,,,,,,,,,,,
175508,,,,,,,,,,,0.000000,0.000000,0.000000,0.000000,0.084182,0.058137,,,,,,,,,,,,
175513,,,,,,,,,,,0.000000,0.000000,0.000000,0.000000,0.084182,0.058137,,,,,,,,,,,,
175518,,,,,,,,,,,0.000000,0.000000,0.000000,0.000000,0.084182,0.058137,,,,,,,,,,,,
175523,,,,,,,,,,,0.000000,0.000000,0.000000,0.000000,0.084182,0.058137,,,,,,,,,,,,
175528,,,,,,,,,,,0.000000,0.000000,0.000000,0.000000,0.084182,0.058137,,,,,,,,,,,,
175533,,,,,,,,,,,0.000000,0.000000,0.000000,0.000000,0.084182,0.058137,,,,,,,,,,,,
175538,,,,,,,,,,,0.000000,0.000000,0.000000,0.000000,0.084182,0.058137,,,,,,,,,,,,
175550,,,,,,,,,,,0.000000,0.000000,0.000000,0.000000,0.084182,0.058137,,,,,,,,,,,,
175553,,,,,,,,,,,0.000000,0.000000,0.000000,0.000000,0.084182,0.058137,,,,,,,,,,,,
175558,,,,,,,,,,,0.000000,0.000000,0.000000,0.000000,0.084182,0.058137,,,,,,,,,,,,
175563,,,,,,,,,,,0.000000,0.000000,0.000000,0.000000,0.084182,0.058137,,,,,,,,,,,,
175568,,,,,,,,,,,0.000000,0.000000,0.000000,0.000000,0.084182,0.058137,,,,,,,,,,,,
175573,,,,,,,,,,,0.000000,0.000000,0.000000,0.000000,0.084182,0.058137,,,,,,,,,,,,
175578,,,,,,,,,,,0.000000,0.000000,0.000000,0.000000,0.084182,0.058137,,,,,,,,,,,,
175583,,,,,,,,,,,0.000000,0.000000,0.000000,0.000000,0.084182,0.058137,,,,,,,,,,,,
175588,,,,,,,,,,,0.000000,0.000000,0.000000,0.000000,0.084182,0.058137,,,,,,,,,,,,
175593,,,,,,,,,,,0.000000,0.000000,0.000000,0.000000,0.084182,0.058137,,,,,,,,,,,,
175598,,,,,,,,,,,0.000000,0.000000,0.000000,0.000000,0.084182,0.058137,,,,,,,,,,,,
175610,,,,,,,,,,,0.000000,0.000000,0.000000,0.000000,0.084182,0.058137,,,,,,,,,,,,
175613,,,,,,,,,,,0.000000,0.000000,0.000000,0.000000,0.084182,0.058137,,,,,,,,,,,,
175618,,,,,,,,,,,0.000000,0.000000,0.000000,0.000000,0.084182,0.058137,,,,,,,,,,,,
175623,,,,,,,,,,,0.000000,0.000000,0.000000,0.000000,0.084182,0.058137,,,,,,,,,,,,
175628,,,,,,,,,,,0.000000,0.000000,0.000000,0.000000,0.084182,0.058137,,,,,,,,,,,,
175633,,,,,,,,,,,0.000000,0.000000,0.000000,0.000000,0.084182,0.058137,,,,,,,,,,,,
175638,,,,,,,,,,,0.000000,0.000000,0.000000,0.000000,0.084182,0.058137,,,,,,,,,,,,
175643,,,,,,,,,,,0.000000,0.000000,0.000000,0.000000,0.084182,0.058137,,,,,,,,,,,,
175648,,,,,,,,,,,0.000000,0.000000,0.000000,0.000000,0.084182,0.058137,,,,,,,,,,,,
175653,,,,,,,,,,,0.000000,0.000000,0.000000,0.000000,0.084182,0.058137,,,,,,,,,,,,
175658,,,,,,,,,,,0.000000,0.000000,0.000000,0.000000,0.084182,0.058137,,,,,,,,,,,,
175670,,,,,,,,,,,0.000000,0.000000,0.000000,0.000000,0.084182,0.058137,,,,,,,,,,,,
175673,,,,,,,,,,,0.000000,0.000000,0.000000,0.000000,0.084182,0.058137,,,,,,,,,,,,
175678,,,,,,,,,,,0.000000,0.000000,0.000000,0.000000,0.084182,0.058137,,,,,,,,,,,,
175683,,,,,,,,,,,0.000000,0.000000,0.000000,0.000000,0.084182,0.058137,,,,,,,,,,,,
175688,,,,,,,,,,,0.000000,0.000000,0.000000,0.000000,0.084182,0.058137,,,,,,,,,,,,
175693,,,,,,,,,,,0.000000,0.000000,0.000000,0.000000,0.084182,0.058137,,,,,,,,,,,,
175698,,,,,,,,,,,0.000000,0.000000,0.000000,0.000000,0.084182,0.058137,,,,,,,,,,,,
175703,,,,,,,,,,,0.000000,0.000000,0.000000,0.000000,0.084182,0.058137,,,,,,,,,,,,
175708,,,,,,,,,,,0.000000,0.000000,0.000000,0.000000,0.084182,0.058137,,,,,,,,,,,,
175713,,,,,,,,,,,0.000000,0.000000,0.000000,0.000000,0.084182,0.058137,,,,,,,,,,,,
175718,,,,,,,,,,,0.000000,0.000000,0.000000,0.000000,0.084182,0.058137,,,,,,,,,,,,
175730,,,,,,,,,,,0.000000,0.000000,0.000000,0.000000,0.084182,0.058137,,,,,,,,,,,,
175733,,,,,,,,,,,0.000000,0.000000,0.000000,0.000000,0.084182,0.058137,,,,,,,,,,,,
175738,,,,,,,,,,,0.000000,0.000000,0.000000,0.000000,0.084182,0.058137,,,,,,,,,,,,
175743,,,,,,,,,,,0.000000,0.000000,0.000000,0.000000,0.084182,0.058137,,,,,,,,,,,,
175748,,,,,,,,,,,0.000000,0.000000,0.000000,0.000000,0.084182,0.058137,,,,,,,,,,,,
175753,,,,,,,,,,,0.000000,0.000000,0.000000,0.000000,0.084182,0.058137,,,,,,,,,,,,
175758,,,,,,,,,,,0.000000,0.000000,0.000000,0.000000,0.084182,0.058137,,,,,,,,,,,,
175763,,,,,,,,,,,0.000000,0.000000,0.000000,0.000000,0.084182,0.058137,,,,,,,,,,,,
175768,,,,,,,,,,,0.000000,0.000000,0.000000,0.000000,0.084182,0.058137,,,,,,,,,,,,
175773,,,,,,,,,,,0.000000,0.000000,0.000000,0.000000,0.084182,0.058137,,,,,,,,,,,,
175778,,,,,,,,,,,0.000000,0.000000,0.000000,0.000000,0.084182,0.058137,,,,,,,,,,,,
175783,,,,,,,,,,,0.000000,0.000000,0.000000,0.000000,0.084182,0.058137,,,,,,,,,,,,
175788,,,,,,,,,,,0.000000,0.000000,0.000000,0.000000,0.084182,0.058137,,,,,,,,,,,,
175793,,,,,,,,,,,0.000000,0.000000,0.000000,0.000000,0.084182,0.058137,,,,,,,,,,,,
175798,,,,,,,,,,,0.000000,0.000000,0.000000,0.000000,0.084182,0.058137,,,,,,,,,,,,
175810,,,,,,,,,,,0.000000,0.000000,0.000000,0.000000,0.084182,0.058137,,,,,,,,,,,,
175813,,,,,,,,,,,0.000000,0.000000,0.000000,0.000000,0.084182,0.058137,,,,,,,,,,,,
175818,,,,,,,,,,,0.000000,0.000000,0.000000,0.000000,0.084182,0.058137,,,,,,,,,,,,
175823,,,,,,,,,,,0.000000,0.000000,0.000000,0.000000,0.084182,0.058137,,,,,,,,,,,,
175828,,,,,,,,,,,0.000000,0.000000,0.000000,0.000000,0.084182,0.058137,,,,,,,,,,,,
175833,,,,,,,,,,,0.000000,0.000000,0.000000,0.000000,0.084182,0.058137,,,,,,,,,,,,
175838,,,,,,,,,,,0.000000,0.000000,0.000000,0.000000,0.084182,0.058137,,,,,,,,,,,,
175843,,,,,,,,,,,0.000000,0.000000,0.000000,0.000000,0.084182,0.058137,,,,,,,,,,,,
175848,,,,,,,,,,,0.000000,0.000000,0.000000,0.000000,0.084182,0.058137,,,,,,,,,,,,
175853,,,,,,,,,,,0.000000,0.000000,0.000000,0.000000,0.084182,0.058137,,,,,,,,,,,,
175858,,,,,,,,,,,0.000000,0.000000,0.000000,0.000000,0.084182,0.058137,,,,,,,,,,,,
175870,,,,,,,,,,,0.000000,0.000000,0.000000,0.000000,0.084182,0.058137,,,,,,,,,,,,
175873,,,,,,,,,,,0.000000,0.000000,0.000000,0.000000,0.084182,0.058137,,,,,,,,,,,,
175878,,,,,,,,,,,0.000000,0.000000,0.000000,0.000000,0.084182,0.058137,,,,,,,,,,,,
175883,,,,,,,,,,,0.000000,0.000000,0.000000,0.000000,0.084182,0.058137,,,,,,,,,,,,
175888,,,,,,,,,,,0.000000,0.000000,0.000000,0.000000,0.084182,0.058137,,,,,,,,,,,,
175893,,,,,,,,,,,0.000000,0.000000,0.000000,0.000000,0.084182,0.058137,,,,,,,,,,,,
175898,,,,,,,,,,,0.000000,0.000000,0.000000,0.000000,0.084182,0.058137,,,,,,,,,,,,
175903,,,,,,,,,,,0.000000,0.000000,0.000000,0.000000,0.084182,0.058137,,,,,,,,,,,,
175908,,,,,,,,,,,0.000000,0.000000,0.000000,0.000000,0.084182,0.058137,,,,,,,,,,,,
175913,,,,,,,,,,,0.000000,0.000000,0.000000,0.000000,0.084182,0.058137,,,,,,,,,,,,
175918,,,,,,,,,,,0.000000,0.000000,0.000000,0.000000,0.084182,0.058137,,,,,,,,,,,,
175930,,,,,,,,,,,0.000000,0.000000,0.000000,0.000000,0.084182,0.058137,,,,,,,,,,,,
175933,,,,,,,,,,,0.000000,0.000000,0.000000,0.000000,0.084182,0.058137,,,,,,,,,,,,
175938,,,,,,,,,,,0.000000,0.000000,0.000000,0.000000,0.084182,0.058137,,,,,,,,,,,,
175943,,,,,,,,,,,0.000000,0.000000,0.000000,0.000000,0.084182,0.058137,,,,,,,,,,,,
175948,,,,,,,,,,,0.000000,0.000000,0.000000,0.000000,0.084182,0.058137,,,,,,,,,,,,
175953,,,,,,,,,,,0.000000,0.000000,0.000000,0.000000,0.084182,0.058137,,,,,,,,,,,,
175958,,,,,,,,,,,0.000000,0.000000,0.000000,0.000000,0.084182,0.058137,,,,,,,,,,,,
175963,,,,,,,,,,,0.000000,0.000000,0.000000,0.000000,0.084182,0.058137,,,,,,,,,,,,
175968,,,,,,,,,,,0.000000,0.000000,0.000000,0.000000,0.084182,0.058137,,,,,,,,,,,,
175973,,,,,,,,,,,0.000000,0.000000,0.000000,0.000000,0.084182,0.058137,,,,,,,,,,,,
175978,,,,,,,,,,,0.000000,0.000000,0.000000,0.000000,0.084182,0.058137,,,,,,,,,,,,
175983,,,,,,,,,,,0.000000,0.000000,0.000000,0.000000,0.084182,0.058137,,,,,,,,,,,,
175988,,,,,,,,,,,0.000000,0.000000,0.000000,0.000000,0.084182,0.058137,,,,,,,,,,,,
175993,,,,,,,,,,,0.000000,0.000000,0.000000,0.000000,0.084182,0.058137,,,,,,,,,,,,
175998,,,,,,,,,,,0.000000,0.000000,0.000000,0.000000,0.084182,0.058137,,,,,,,,,,,,
176010,,,,,,,,,,,0.000000,0.000000,0.000000,0.000000,0.084182,0.058137,,,,,,,,,,,,
176013,,,,,,,,,,,0.000000,0.000000,0.000000,0.000000,0.084182,0.058137,,,,,,,,,,,,
176018,,,,,,,,,,,0.000000,0.000000,0.000000,0.000000,0.084182,0.058137,,,,,,,,,,,,
176023,,,,,,,,,,,0.000000,0.000000,0.000000,0.000000,0.084182,0.058137,,,,,,,,,,,,
176028,,,,,,,,,,,0.000000,0.000000,0.000000,0.000000,0.084182,0.058137,,,,,,,,,,,,
176033,,,,,,,,,,,0.000000,0.000000,0.000000,0.000000,0.084182,0.058137,,,,,,,,,,,,
176038,,,,,,,,,,,0.000000,0.000000,0.000000,0.000000,0.084182,0.058137,,,,,,,,,,,,
176043,,,,,,,,,,,0.000000,0.000000,0.000000,0.000000,0.084182,0.058137,,,,,,,,,,,,
176048,,,,,,,,,,,0.000000,0.000000,0.000000,0.000000,0.084182,0.058137,,,,,,,,,,,,
176053,,,,,,,,,,,0.000000,0.000000,0.000000,0.000000,0.084182,0.058137,,,,,,,,,,,,
176058,,,,,,,,,,,0.000000,0.000000,0.000000,0.000000,0.084182,0.058137,,,,,,,,,,,,
176070,,,,,,,,,,,0.000000,0.000000,0.000000,0.000000,0.084182,0.058137,,,,,,,,,,,,
176073,,,,,,,,,,,0.000000,0.000000,0.000000,0.000000,0.084182,0.058137,,,,,,,,,,,,
176078,,,,,,,,,,,0.000000,0.000000,0.000000,0.000000,0.084182,0.058137,,,,,,,,,,,,
176083,,,,,,,,,,,0.000000,0.000000,0.000000,0.000000,0.084182,0.058137,,,,,,,,,,,,
176088,,,,,,,,,,,0.000000,0.000000,0.000000,0.000000,0.084182,0.058137,,,,,,,,,,,,
176093,,,,,,,,,,,0.000000,0.000000,0.000000,0.000000,0.084182,0.058137,,,,,,,,,,,,
176098,,,,,,,,,,,0.000000,0.000000,0.000000,0.000000,0.084182,0.058137,,,,,,,,,,,,
176103,,,,,,,,,,,0.000000,0.000000,0.000000,0.000000,0.084182,0.058137,,,,,,,,,,,,
176108,,,,,,,,,,,0.000000,0.000000,0.000000,0.000000,0.084182,0.058137,,,,,,,,,,,,
176113,,,,,,,,,,,0.000000,0.000000,0.000000,0.000000,0.084182,0.058137,,,,,,,,,,,,
176118,,,,,,,,,,,0.000000,0.000000,0.000000,0.000000,0.084182,0.058137,,,,,,,,,,,,
176130,,,,,,,,,,,0.000000,0.000000,0.000000,0.000000,0.084182,0.058137,,,,,,,,,,,,
176133,,,,,,,,,,,0.000000,0.000000,0.000000,0.000000,0.084182,0.058137,,,,,,,,,,,,
176138,,,,,,,,,,,0.000000,0.000000,0.000000,0.000000,0.084182,0.058137,,,,,,,,,,,,
176143,,,,,,,,,,,0.000000,0.000000,0.000000,0.000000,0.084182,0.058137,,,,,,,,,,,,
176148,,,,,,,,,,,0.000000,0.000000,0.000000,0.000000,0.084182,0.058137,,,,,,,,,,,,
176153,,,,,,,,,,,0.000000,0.000000,0.000000,0.000000,0.084182,0.058137,,,,,,,,,,,,
176158,,,,,,,,,,,0.000000,0.000000,0.000000,0.000000,0.084182,0.058137,,,,,,,,,,,,
176163,,,,,,,,,,,0.000000,0.000000,0.000000,0.000000,0.084182,0.058137,,,,,,,,,,,,
176168,,,,,,,,,,,0.000000,0.000000,0.000000,0.000000,0.084182,0.058137,,,,,,,,,,,,
176173,,,,,,,,,,,0.000000,0.000000,0.000000,0.000000,0.084182,0.058137,,,,,,,,,,,,
176178,,,,,,,,,,,0.000000,0.000000,0.000000,0.000000,0.084182,0.058137,,,,,,,,,,,,
176190,,,,,,,,,,,0.000000,0.000000,0.000000,0.000000,0.084182,0.058137,,,,,,,,,,,,
176193,,,,,,,,,,,0.000000,0.000000,0.000000,0.000000,0.084182,0.058137,,,,,,,,,,,,
176198,,,,,,,,,,,0.000000,0.000000,0.000000,0.000000,0.084182,0.058137,,,,,,,,,,,,
176203,,,,,,,,,,,0.000000,0.000000,0.000000,0.000000,0.084182,0.058137,,,,,,,,,,,,
176208,,,,,,,,,,,0.000000,0.000000,0.000000,0.000000,0.084182,0.058137,,,,,,,,,,,,
176213,,,,,,,,,,,0.000000,0.000000,0.000000,0.000000,0.084182,0.058137,,,,,,,,,,,,
176218,,,,,,,,,,,0.000000,0.000000,0.000000,0.000000,0.084182,0.058137,,,,,,,,,,,,
176223,,,,,,,,,,,0.000000,0.000000,0.000000,0.000000,0.084182,0.058137,,,,,,,,,,,,
176228,,,,,,,,,,,0.000000,0.000000,0.000000,0.000000,0.084182,0.058137,,,,,,,,,,,,
176233,,,,,,,,,,,0.000000,0.000000,0.000000,0.000000,0.084182,0.058137,,,,,,,,,,,,
176238,,,,,,,,,,,0.000000,0.000000,0.000000,0.000000,0.084182,0.058137,,,,,,,,,,,,
176243,,,,,,,,,,,0.000000,0.000000,0.000000,0.000000,0.084182,0.058137,,,,,,,,,,,,
176248,,,,,,,,,,,0.000000,0.000000,0.000000,0.000000,0.084182,0.058137,,,,,,,,,,,,
176253,,,,,,,,,,,0.000000,0.000000,0.000000,0.000000,0.084182,0.058137,,,,,,,,,,,,
176258,,,,,,,,,,,0.000000,0.000000,0.000000,0.000000,0.084182,0.058137,,,,,,,,,,,,
176270,,,,,,,,,,,0.000000,0.000000,0.000000,0.000000,0.084182,0.058137,,,,,,,,,,,,
176273,,,,,,,,,,,0.000000,0.000000,0.000000,0.000000,0.084182,0.058137,,,,,,,,,,,,
176278,,,,,,,,,,,0.000000,0.000000,0.000000,0.000000,0.084182,0.058137,,,,,,,,,,,,
176283,,,,,,,,,,,0.000000,0.000000,0.000000,0.000000,0.084182,0.058137,,,,,,,,,,,,
176288,,,,,,,,,,,0.000000,0.000000,0.000000,0.000000,0.084182,0.058137,,,,,,,,,,,,
176293,,,,,,,,,,,0.000000,0.000000,0.000000,0.000000,0.084182,0.058137,,,,,,,,,,,,
176298,,,,,,,,,,,0.000000,0.000000,0.000000,0.000000,0.084182,0.058137,,,,,,,,,,,,
176303,,,,,,,,,,,0.000000,0.000000,0.000000,0.000000,0.084182,0.058137,,,,,,,,,,,,
176308,,,,,,,,,,,0.000000,0.000000,0.000000,0.000000,0.084182,0.058137,,,,,,,,,,,,
176313,,,,,,,,,,,0.000000,0.000000,0.000000,0.000000,0.084182,0.058137,,,,,,,,,,,,
176318,,,,,,,,,,,0.000000,0.000000,0.000000,0.000000,0.084182,0.058137,,,,,,,,,,,,
176330,,,,,,,,,,,0.000000,0.000000,0.000000,0.000000,0.084182,0.058137,,,,,,,,,,,,
176333,,,,,,,,,,,0.000000,0.000000,0.000000,0.000000,0.084182,0.058137,,,,,,,,,,,,
176338,,,,,,,,,,,0.000000,0.000000,0.000000,0.000000,0.084182,0.058137,,,,,,,,,,,,
176343,,,,,,,,,,,0.000000,0.000000,0.000000,0.000000,0.084182,0.058137,,,,,,,,,,,,
176348,,,,,,,,,,,0.000000,0.000000,0.000000,0.000000,0.084182,0.058137,,,,,,,,,,,,
176353,,,,,,,,,,,0.000000,0.000000,0.000000,0.000000,0.084182,0.058137,,,,,,,,,,,,
176358,,,,,,,,,,,0.000000,0.000000,0.000000,0.000000,0.084182,0.058137,,,,,,,,,,,,
176363,,,,,,,,,,,0.000000,0.000000,0.000000,0.000000,0.084182,0.058137,,,,,,,,,,,,
176368,,,,,,,,,,,0.000000,0.000000,0.000000,0.000000,0.084182,0.058137,,,,,,,,,,,,
176373,,,,,,,,,,,0.000000,0.000000,0.000000,0.000000,0.084182,0.058137,,,,,,,,,,,,
176378,,,,,,,,,,,0.000000,0.000000,0.000000,0.000000,0.084182,0.058137,,,,,,,,,,,,
176390,,,,,,,,,,,0.000000,0.000000,0.000000,0.000000,0.084182,0.058137,,,,,,,,,,,,
176391,,,,,,,,,,,0.000000,0.000000,0.000000,0.000000,0.084182,0.058137,,,,,,,,,,,,
176393,,,,,,,,,,,0.000000,0.000000,0.000000,0.000000,0.084182,0.058137,,,,,,,,,,,,
176398,,,,,,,,,,,0.000000,0.000000,0.000000,0.000000,0.084182,0.058137,,,,,,,,,,,,
176403,,,,,,,,,,,0.000000,0.000000,0.000000,0.000000,0.084182,0.058137,,,,,,,,,,,,
176408,,,,,,,,,,,0.000000,0.000000,0.000000,0.000000,0.084182,0.058137,,,,,,,,,,,,
176413,,,,,,,,,,,0.000000,0.000000,0.000000,0.000000,0.084182,0.058137,,,,,,,,,,,,
176418,,,,,,,,,,,0.000000,0.000000,0.000000,0.000000,0.084182,0.058137,,,,,,,,,,,,
176423,,,,,,,,,,,0.000000,0.000000,0.000000,0.000000,0.084182,0.058137,,,,,,,,,,,,
176428,,,,,,,,,,,0.000000,0.000000,0.000000,0.000000,0.084182,0.058137,,,,,,,,,,,,
176433,,,,,,,,,,,0.000000,0.000000,0.000000,0.000000,0.084182,0.058137,,,,,,,,,,,,
176438,,,,,,,,,,,0.000000,0.000000,0.000000,0.000000,0.084182,0.058137,,,,,,,,,,,,
176443,,,,,,,,,,,0.000000,0.000000,0.000000,0.000000,0.084182,0.058137,,,,,,,,,,,,
176448,,,,,,,,,,,0.000000,0.000000,0.000000,0.000000,0.084182,0.058137,,,,,,,,,,,,
176453,,,,,,,,,,,0.000000,0.000000,0.000000,0.000000,0.084182,0.058137,,,,,,,,,,,,
176458,,,,,,,,,,,0.000000,0.000000,0.000000,0.000000,0.084182,0.058137,,,,,,,,,,,,
176470,,,,,,,,,,,0.000000,0.000000,0.000000,0.000000,0.084182,0.058137,,,,,,,,,,,,
176473,,,,,,,,,,,0.000000,0.000000,0.000000,0.000000,0.084182,0.058137,,,,,,,,,,,,
176478,,,,,,,,,,,0.000000,0.000000,0.000000,0.000000,0.084182,0.058137,,,,,,,,,,,,
176483,,,,,,,,,,,0.000000,0.000000,0.000000,0.000000,0.084182,0.058137,,,,,,,,,,,,
176488,,,,,,,,,,,0.000000,0.000000,0.000000,0.000000,0.084182,0.058137,,,,,,,,,,,,
176493,,,,,,,,,,,0.000000,0.000000,0.000000,0.000000,0.084182,0.058137,,,,,,,,,,,,
176498,,,,,,,,,,,0.000000,0.000000,0.000000,0.000000,0.084182,0.058137,,,,,,,,,,,,
176503,,,,,,,,,,,0.000000,0.000000,0.000000,0.000000,0.084182,0.058137,,,,,,,,,,,,
176508,,,,,,,,,,,0.000000,0.000000,0.000000,0.000000,0.084182,0.058137,,,,,,,,,,,,
176513,,,,,,,,,,,0.000000,0.000000,0.000000,0.000000,0.084182,0.058137,,,,,,,,,,,,
176518,,,,,,,,,,,0.000000,0.000000,0.000000,0.000000,0.084182,0.058137,,,,,,,,,,,,
176530,,,,,,,,,,,0.000000,0.000000,0.000000,0.000000,0.084182,0.058137,,,,,,,,,,,,
176533,,,,,,,,,,,0.000000,0.000000,0.000000,0.000000,0.084182,0.058137,,,,,,,,,,,,
176538,,,,,,,,,,,0.000000,0.000000,0.000000,0.000000,0.084182,0.058137,,,,,,,,,,,,
176543,,,,,,,,,,,0.000000,0.000000,0.000000,0.000000,0.084182,0.058137,,,,,,,,,,,,
176548,,,,,,,,,,,0.000000,0.000000,0.000000,0.000000,0.084182,0.058137,,,,,,,,,,,,
176553,,,,,,,,,,,0.000000,0.000000,0.000000,0.000000,0.084182,0.058137,,,,,,,,,,,,
176558,,,,,,,,,,,0.000000,0.000000,0.000000,0.000000,0.084182,0.058137,,,,,,,,,,,,
176563,,,,,,,,,,,0.000000,0.000000,0.000000,0.000000,0.084182,0.058137,,,,,,,,,,,,
176568,,,,,,,,,,,0.000000,0.000000,0.000000,0.000000,0.084182,0.058137,,,,,,,,,,,,
176573,,,,,,,,,,,0.000000,0.000000,0.000000,0.000000,0.084182,0.058137,,,,,,,,,,,,
176578,,,,,,,,,,,0.000000,0.000000,0.000000,0.000000,0.084182,0.058137,,,,,,,,,,,,
176590,,,,,,,,,,,0.000000,0.000000,0.000000,0.000000,0.084182,0.058137,,,,,,,,,,,,
176593,,,,,,,,,,,0.000000,0.000000,0.000000,0.000000,0.084182,0.058137,,,,,,,,,,,,
176598,,,,,,,,,,,0.000000,0.000000,0.000000,0.000000,0.084182,0.058137,,,,,,,,,,,,
176603,,,,,,,,,,,0.000000,0.000000,0.000000,0.000000,0.084182,0.058137,,,,,,,,,,,,
176608,,,,,,,,,,,0.000000,0.000000,0.000000,0.000000,0.084182,0.058137,,,,,,,,,,,,
176613,,,,,,,,,,,0.000000,0.000000,0.000000,0.000000,0.084182,0.058137,,,,,,,,,,,,
176618,,,,,,,,,,,0.000000,0.000000,0.000000,0.000000,0.084182,0.058137,,,,,,,,,,,,
176623,,,,,,,,,,,0.000000,0.000000,0.000000,0.000000,0.084182,0.058137,,,,,,,,,,,,
176628,,,,,,,,,,,0.000000,0.000000,0.000000,0.000000,0.084182,0.058137,,,,,,,,,,,,
176633,,,,,,,,,,,0.000000,0.000000,0.000000,0.000000,0.084182,0.058137,,,,,,,,,,,,
176638,,,,,,,,,,,0.000000,0.000000,0.000000,0.000000,0.084182,0.058137,,,,,,,,,,,,
176650,,,,,,,,,,,0.000000,0.000000,0.000000,0.000000,0.084182,0.058137,,,,,,,,,,,,
176653,,,,,,,,,,,0.000000,0.000000,0.000000,0.000000,0.084182,0.058137,,,,,,,,,,,,
176658,,,,,,,,,,,0.000000,0.000000,0.000000,0.000000,0.084182,0.058137,,,,,,,,,,,,
176663,,,,,,,,,,,0.000000,0.000000,0.000000,0.000000,0.084182,0.058137,,,,,,,,,,,,
176668,,,,,,,,,,,0.000000,0.000000,0.000000,0.000000,0.084182,0.058137,,,,,,,,,,,,
176673,,,,,,,,,,,0.000000,0.000000,0.000000,0.000000,0.084182,0.058137,,,,,,,,,,,,
176678,,,,,,,,,,,0.000000,0.000000,0.000000,0.000000,0.084182,0.058137,,,,,,,,,,,,
176683,,,,,,,,,,,0.000000,0.000000,0.000000,0.000000,0.084182,0.058137,,,,,,,,,,,,
176688,,,,,,,,,,,0.000000,0.000000,0.000000,0.000000,0.084182,0.058137,,,,,,,,,,,,
176693,,,,,,,,,,,0.000000,0.000000,0.000000,0.000000,0.084182,0.058137,,,,,,,,,,,,
176698,,,,,,,,,,,0.000000,0.000000,0.000000,0.000000,0.084182,0.058137,,,,,,,,,,,,
176703,,,,,,,,,,,0.000000,0.000000,0.000000,0.000000,0.084182,0.058137,,,,,,,,,,,,
176708,,,,,,,,,,,0.000000,0.000000,0.000000,0.000000,0.084182,0.058137,,,,,,,,,,,,
176713,,,,,,,,,,,0.000000,0.000000,0.000000,0.000000,0.084182,0.058137,,,,,,,,,,,,
176718,,,,,,,,,,,0.000000,0.000000,0.000000,0.000000,0.084182,0.058137,,,,,,,,,,,,
176730,,,,,,,,,,,0.000000,0.000000,0.000000,0.000000,0.084182,0.058137,,,,,,,,,,,,
176733,,,,,,,,,,,0.000000,0.000000,0.000000,0.000000,0.084182,0.058137,,,,,,,,,,,,
176738,,,,,,,,,,,0.000000,0.000000,0.000000,0.000000,0.084182,0.058137,,,,,,,,,,,,
176743,,,,,,,,,,,0.000000,0.000000,0.000000,0.000000,0.084182,0.058137,,,,,,,,,,,,
176748,,,,,,,,,,,0.000000,0.000000,0.000000,0.000000,0.084182,0.058137,,,,,,,,,,,,
176753,,,,,,,,,,,0.000000,0.000000,0.000000,0.000000,0.084182,0.058137,,,,,,,,,,,,
176758,,,,,,,,,,,0.000000,0.000000,0.000000,0.000000,0.084182,0.058137,,,,,,,,,,,,
176763,,,,,,,,,,,0.000000,0.000000,0.000000,0.000000,0.084182,0.058137,,,,,,,,,,,,
176768,,,,,,,,,,,0.000000,0.000000,0.000000,0.000000,0.084182,0.058137,,,,,,,,,,,,
176773,,,,,,,,,,,0.000000,0.000000,0.000000,0.000000,0.084182,0.058137,,,,,,,,,,,,
176778,,,,,,,,,,,0.000000,0.000000,0.000000,0.000000,0.084182,0.058137,,,,,,,,,,,,
176801,,,,,,,,,,,0.000000,0.000000,0.000000,0.000000,0.084182,0.058137,,,,,,,,,,,,
176802,,,,,,,,,,,0.000000,0.000000,0.000000,0.000000,0.084182,0.058137,,,,,,,,,,,,
176803,,,,,,,,,,,0.000000,0.000000,0.000000,0.000000,0.084182,0.058137,,,,,,,,,,,,
176808,,,,,,,,,,,0.000000,0.000000,0.000000,0.000000,0.084182,0.058137,,,,,,,,,,,,
176813,,,,,,,,,,,0.000000,0.000000,0.000000,0.000000,0.084182,0.058137,,,,,,,,,,,,
176818,,,,,,,,,,,0.000000,0.000000,0.000000,0.000000,0.084182,0.058137,,,,,,,,,,,,
176823,,,,,,,,,,,0.000000,0.000000,0.000000,0.000000,0.084182,0.058137,,,,,,,,,,,,
176828,,,,,,,,,,,0.000000,0.000000,0.000000,0.000000,0.084182,0.058137,,,,,,,,,,,,
176833,,,,,,,,,,,0.000000,0.000000,0.000000,0.000000,0.084182,0.058137,,,,,,,,,,,,
176838,,,,,,,,,,,0.000000,0.000000,0.000000,0.000000,0.084182,0.058137,,,,,,,,,,,,
176850,,,,,,,,,,,0.000000,0.000000,0.000000,0.000000,0.084182,0.058137,,,,,,,,,,,,
176853,,,,,,,,,,,0.000000,0.000000,0.000000,0.000000,0.084182,0.058137,,,,,,,,,,,,
176858,,,,,,,,,,,0.000000,0.000000,0.000000,0.000000,0.084182,0.058137,,,,,,,,,,,,
176863,,,,,,,,,,,0.000000,0.000000,0.000000,0.000000,0.084182,0.058137,,,,,,,,,,,,
176868,,,,,,,,,,,0.000000,0.000000,0.000000,0.000000,0.084182,0.058137,,,,,,,,,,,,
176873,,,,,,,,,,,0.000000,0.000000,0.000000,0.000000,0.084182,0.058137,,,,,,,,,,,,
176878,,,,,,,,,,,0.000000,0.000000,0.000000,0.000000,0.084182,0.058137,,,,,,,,,,,,
176883,,,,,,,,,,,0.000000,0.000000,0.000000,0.000000,0.084182,0.058137,,,,,,,,,,,,
176888,,,,,,,,,,,0.000000,0.000000,0.000000,0.000000,0.084182,0.058137,,,,,,,,,,,,
176893,,,,,,,,,,,0.000000,0.000000,0.000000,0.000000,0.084182,0.058137,,,,,,,,,,,,
176898,,,,,,,,,,,0.000000,0.000000,0.000000,0.000000,0.084182,0.058137,,,,,,,,,,,,
176910,,,,,,,,,,,0.000000,0.000000,0.000000,0.000000,0.084182,0.058137,,,,,,,,,,,,
176911,,,,,,,,,,,0.000000,0.000000,0.000000,0.000000,0.084182,0.058137,,,,,,,,,,,,
176913,,,,,,,,,,,0.000000,0.000000,0.000000,0.000000,0.084182,0.058137,,,,,,,,,,,,
176918,,,,,,,,,,,0.000000,0.000000,0.000000,0.000000,0.084182,0.058137,,,,,,,,,,,,
176923,,,,,,,,,,,0.000000,0.000000,0.000000,0.000000,0.084182,0.058137,,,,,,,,,,,,
176928,,,,,,,,,,,0.000000,0.000000,0.000000,0.000000,0.084182,0.058137,,,,,,,,,,,,
176933,,,,,,,,,,,0.000000,0.000000,0.000000,0.000000,0.084182,0.058137,,,,,,,,,,,,
176938,,,,,,,,,,,0.000000,0.000000,0.000000,0.000000,0.084182,0.058137,,,,,,,,,,,,
176943,,,,,,,,,,,0.000000,0.000000,0.000000,0.000000,0.084182,0.058137,,,,,,,,,,,,
176948,,,,,,,,,,,0.000000,0.000000,0.000000,0.000000,0.084182,0.058137,,,,,,,,,,,,
176953,,,,,,,,,,,0.000000,0.000000,0.000000,0.000000,0.084182,0.058137,,,,,,,,,,,,
176958,,,,,,,,,,,0.000000,0.000000,0.000000,0.000000,0.084182,0.058137,,,,,,,,,,,,
176963,,,,,,,,,,,0.000000,0.000000,0.000000,0.000000,0.084182,0.058137,,,,,,,,,,,,
176968,,,,,,,,,,,0.000000,0.000000,0.000000,0.000000,0.084182,0.058137,,,,,,,,,,,,
176973,,,,,,,,,,,0.000000,0.000000,0.000000,0.000000,0.084182,0.058137,,,,,,,,,,,,
176978,,,,,,,,,,,0.000000,0.000000,0.000000,0.000000,0.084182,0.058137,,,,,,,,,,,,
176990,,,,,,,,,,,0.000000,0.000000,0.000000,0.000000,0.084182,0.058137,,,,,,,,,,,,
176993,,,,,,,,,,,0.000000,0.000000,0.000000,0.000000,0.084182,0.058137,,,,,,,,,,,,
176998,,,,,,,,,,,0.000000,0.000000,0.000000,0.000000,0.084182,0.058137,,,,,,,,,,,,
177003,,,,,,,,,,,0.000000,0.000000,0.000000,0.000000,0.084182,0.058137,,,,,,,,,,,,
177008,,,,,,,,,,,0.000000,0.000000,0.000000,0.000000,0.084182,0.058137,,,,,,,,,,,,
177013,,,,,,,,,,,0.000000,0.000000,0.000000,0.000000,0.084182,0.058137,,,,,,,,,,,,
177018,,,,,,,,,,,0.000000,0.000000,0.000000,0.000000,0.084182,0.058137,,,,,,,,,,,,
177023,,,,,,,,,,,0.000000,0.000000,0.000000,0.000000,0.084182,0.058137,,,,,,,,,,,,
177028,,,,,,,,,,,0.000000,0.000000,0.000000,0.000000,0.084182,0.058137,,,,,,,,,,,,
177033,,,,,,,,,,,0.000000,0.000000,0.000000,0.000000,0.084182,0.058137,,,,,,,,,,,,
177038,,,,,,,,,,,0.000000,0.000000,0.000000,0.000000,0.084182,0.058137,,,,,,,,,,,,
177050,,,,,,,,,,,0.000000,0.000000,0.000000,0.000000,0.084182,0.058137,,,,,,,,,,,,
177053,,,,,,,,,,,0.000000,0.000000,0.000000,0.000000,0.084182,0.058137,,,,,,,,,,,,
177058,,,,,,,,,,,0.000000,0.000000,0.000000,0.000000,0.084182,0.058137,,,,,,,,,,,,
177063,,,,,,,,,,,0.000000,0.000000,0.000000,0.000000,0.084182,0.058137,,,,,,,,,,,,
177068,,,,,,,,,,,0.000000,0.000000,0.000000,0.000000,0.084182,0.058137,,,,,,,,,,,,
177073,,,,,,,,,,,0.000000,0.000000,0.000000,0.000000,0.084182,0.058137,,,,,,,,,,,,
177078,,,,,,,,,,,0.000000,0.000000,0.000000,0.000000,0.084182,0.058137,,,,,,,,,,,,
177083,,,,,,,,,,,0.000000,0.000000,0.000000,0.000000,0.084182,0.058137,,,,,,,,,,,,
177088,,,,,,,,,,,0.000000,0.000000,0.000000,0.000000,0.084182,0.058137,,,,,,,,,,,,
177093,,,,,,,,,,,0.000000,0.000000,0.000000,0.000000,0.084182,0.058137,,,,,,,,,,,,
177098,,,,,,,,,,,0.000000,0.000000,0.000000,0.000000,0.084182,0.058137,,,,,,,,,,,,
177110,,,,,,,,,,,0.000000,0.000000,0.000000,0.000000,0.084182,0.058137,,,,,,,,,,,,
177113,,,,,,,,,,,0.000000,0.000000,0.000000,0.000000,0.084182,0.058137,,,,,,,,,,,,
177118,,,,,,,,,,,0.000000,0.000000,0.000000,0.000000,0.084182,0.058137,,,,,,,,,,,,
177123,,,,,,,,,,,0.000000,0.000000,0.000000,0.000000,0.084182,0.058137,,,,,,,,,,,,
177128,,,,,,,,,,,0.000000,0.000000,0.000000,0.000000,0.084182,0.058137,,,,,,,,,,,,
177133,,,,,,,,,,,0.000000,0.000000,0.000000,0.000000,0.084182,0.058137,,,,,,,,,,,,
177138,,,,,,,,,,,0.000000,0.000000,0.000000,0.000000,0.084182,0.058137,,,,,,,,,,,,
177143,,,,,,,,,,,0.000000,0.000000,0.000000,0.000000,0.084182,0.058137,,,,,,,,,,,,
177148,,,,,,,,,,,0.000000,0.000000,0.000000,0.000000,0.084182,0.058137,,,,,,,,,,,,
177153,,,,,,,,,,,0.000000,0.000000,0.000000,0.000000,0.084182,0.058137,,,,,,,,,,,,
177158,,,,,,,,,,,0.000000,0.000000,0.000000,0.000000,0.084182,0.058137,,,,,,,,,,,,
177163,,,,,,,,,,,0.000000,0.000000,0.000000,0.000000,0.084182,0.058137,,,,,,,,,,,,
177168,,,,,,,,,,,0.000000,0.000000,0.000000,0.000000,0.084182,0.058137,,,,,,,,,,,,
177173,,,,,,,,,,,0.000000,0.000000,0.000000,0.000000,0.084182,0.058137,,,,,,,,,,,,
177178,,,,,,,,,,,0.000000,0.000000,0.000000,0.000000,0.084182,0.058137,,,,,,,,,,,,
177194,,,,,,,,,,,0.000000,0.000000,0.000000,0.000000,0.084182,0.058137,,,,,,,,,,,,
177198,,,,,,,,,,,0.000000,0.000000,0.000000,0.000000,0.084182,0.058137,,,,,,,,,,,,
177203,,,,,,,,,,,0.000000,0.000000,0.000000,0.000000,0.084182,0.058137,,,,,,,,,,,,
177208,,,,,,,,,,,0.000000,0.000000,0.000000,0.000000,0.084182,0.058137,,,,,,,,,,,,
177213,,,,,,,,,,,0.000000,0.000000,0.000000,0.000000,0.084182,0.058137,,,,,,,,,,,,
177218,,,,,,,,,,,0.000000,0.000000,0.000000,0.000000,0.084182,0.058137,,,,,,,,,,,,
177223,,,,,,,,,,,0.000000,0.000000,0.000000,0.000000,0.084182,0.058137,,,,,,,,,,,,
177228,,,,,,,,,,,0.000000,0.000000,0.000000,0.000000,0.084182,0.058137,,,,,,,,,,,,
177233,,,,,,,,,,,0.000000,0.000000,0.000000,0.000000,0.084182,0.058137,,,,,,,,,,,,
177238,,,,,,,,,,,0.000000,0.000000,0.000000,0.000000,0.084182,0.058137,,,,,,,,,,,,
177250,,,,,,,,,,,0.000000,0.000000,0.000000,0.000000,0.084182,0.058137,,,,,,,,,,,,
177253,,,,,,,,,,,0.000000,0.000000,0.000000,0.000000,0.084182,0.058137,,,,,,,,,,,,
177258,,,,,,,,,,,0.000000,0.000000,0.000000,0.000000,0.084182,0.058137,,,,,,,,,,,,
177263,,,,,,,,,,,0.000000,0.000000,0.000000,0.000000,0.084182,0.058137,,,,,,,,,,,,
177268,,,,,,,,,,,0.000000,0.000000,0.000000,0.000000,0.084182,0.058137,,,,,,,,,,,,
177273,,,,,,,,,,,0.000000,0.000000,0.000000,0.000000,0.084182,0.058137,,,,,,,,,,,,
177278,,,,,,,,,,,0.000000,0.000000,0.000000,0.000000,0.084182,0.058137,,,,,,,,,,,,
177283,,,,,,,,,,,0.000000,0.000000,0.000000,0.000000,0.084182,0.058137,,,,,,,,,,,,
177288,,,,,,,,,,,0.000000,0.000000,0.000000,0.000000,0.084182,0.058137,,,,,,,,,,,,
177293,,,,,,,,,,,0.000000,0.000000,0.000000,0.000000,0.084182,0.058137,,,,,,,,,,,,
177298,,,,,,,,,,,0.000000,0.000000,0.000000,0.000000,0.084182,0.058137,,,,,,,,,,,,
177310,,,,,,,,,,,0.000000,0.000000,0.000000,0.000000,0.084182,0.058137,,,,,,,,,,,,
177313,,,,,,,,,,,0.000000,0.000000,0.000000,0.000000,0.084182,0.058137,,,,,,,,,,,,
177318,,,,,,,,,,,0.000000,0.000000,0.000000,0.000000,0.084182,0.058137,,,,,,,,,,,,
177323,,,,,,,,,,,0.000000,0.000000,0.000000,0.000000,0.084182,0.058137,,,,,,,,,,,,
177328,,,,,,,,,,,0.000000,0.000000,0.000000,0.000000,0.084182,0.058137,,,,,,,,,,,,
177333,,,,,,,,,,,0.000000,0.000000,0.000000,0.000000,0.084182,0.058137,,,,,,,,,,,,
177338,,,,,,,,,,,0.000000,0.000000,0.000000,0.000000,0.084182,0.058137,,,,,,,,,,,,
177343,,,,,,,,,,,0.000000,0.000000,0.000000,0.000000,0.084182,0.058137,,,,,,,,,,,,
177348,,,,,,,,,,,0.000000,0.000000,0.000000,0.000000,0.084182,0.058137,,,,,,,,,,,,
177353,,,,,,,,,,,0.000000,0.000000,0.000000,0.000000,0.084182,0.058137,,,,,,,,,,,,
177358,,,,,,,,,,,0.000000,0.000000,0.000000,0.000000,0.084182,0.058137,,,,,,,,,,,,
177370,,,,,,,,,,,0.000000,0.000000,0.000000,0.000000,0.084182,0.058137,,,,,,,,,,,,
177373,,,,,,,,,,,0.000000,0.000000,0.000000,0.000000,0.084182,0.058137,,,,,,,,,,,,
177378,,,,,,,,,,,0.000000,0.000000,0.000000,0.000000,0.084182,0.058137,,,,,,,,,,,,
177383,,,,,,,,,,,0.000000,0.000000,0.000000,0.000000,0.084182,0.058137,,,,,,,,,,,,
177388,,,,,,,,,,,0.000000,0.000000,0.000000,0.000000,0.084182,0.058137,,,,,,,,,,,,
177393,,,,,,,,,,,0.000000,0.000000,0.000000,0.000000,0.084182,0.058137,,,,,,,,,,,,
177398,,,,,,,,,,,0.000000,0.000000,0.000000,0.000000,0.084182,0.058137,,,,,,,,,,,,
177403,,,,,,,,,,,0.000000,0.000000,0.000000,0.000000,0.084182,0.058137,,,,,,,,,,,,
177408,,,,,,,,,,,0.000000,0.000000,0.000000,0.000000,0.084182,0.058137,,,,,,,,,,,,
177413,,,,,,,,,,,0.000000,0.000000,0.000000,0.000000,0.084182,0.058137,,,,,,,,,,,,
177418,,,,,,,,,,,0.000000,0.000000,0.000000,0.000000,0.084182,0.058137,,,,,,,,,,,,
177423,,,,,,,,,,,0.000000,0.000000,0.000000,0.000000,0.084182,0.058137,,,,,,,,,,,,
177428,,,,,,,,,,,0.000000,0.000000,0.000000,0.000000,0.084182,0.058137,,,,,,,,,,,,
177433,,,,,,,,,,,0.000000,0.000000,0.000000,0.000000,0.084182,0.058137,,,,,,,,,,,,
177438,,,,,,,,,,,0.000000,0.000000,0.000000,0.000000,0.084182,0.058137,,,,,,,,,,,,
177450,,,,,,,,,,,0.000000,0.000000,0.000000,0.000000,0.084182,0.058137,,,,,,,,,,,,
177453,,,,,,,,,,,0.000000,0.000000,0.000000,0.000000,0.084182,0.058137,,,,,,,,,,,,
177458,,,,,,,,,,,0.000000,0.000000,0.000000,0.000000,0.084182,0.058137,,,,,,,,,,,,
177463,,,,,,,,,,,0.000000,0.000000,0.000000,0.000000,0.084182,0.058137,,,,,,,,,,,,
177468,,,,,,,,,,,0.000000,0.000000,0.000000,0.000000,0.084182,0.058137,,,,,,,,,,,,
177473,,,,,,,,,,,0.000000,0.000000,0.000000,0.000000,0.084182,0.058137,,,,,,,,,,,,
177478,,,,,,,,,,,0.000000,0.000000,0.000000,0.000000,0.084182,0.058137,,,,,,,,,,,,
177483,,,,,,,,,,,0.000000,0.000000,0.000000,0.000000,0.084182,0.058137,,,,,,,,,,,,
177488,,,,,,,,,,,0.000000,0.000000,0.000000,0.000000,0.084182,0.058137,,,,,,,,,,,,
177493,,,,,,,,,,,0.000000,0.000000,0.000000,0.000000,0.084182,0.058137,,,,,,,,,,,,
177498,,,,,,,,,,,0.000000,0.000000,0.000000,0.000000,0.084182,0.058137,,,,,,,,,,,,
177512,,,,,,,,,,,0.000000,0.000000,0.000000,0.000000,0.084182,0.058137,,,,,,,,,,,,
177513,,,,,,,,,,,0.000000,0.000000,0.000000,0.000000,0.084182,0.058137,,,,,,,,,,,,
177518,,,,,,,,,,,0.000000,0.000000,0.000000,0.000000,0.084182,0.058137,,,,,,,,,,,,
177523,,,,,,,,,,,0.000000,0.000000,0.000000,0.000000,0.084182,0.058137,,,,,,,,,,,,
177528,,,,,,,,,,,0.000000,0.000000,0.000000,0.000000,0.084182,0.058137,,,,,,,,,,,,
177533,,,,,,,,,,,0.000000,0.000000,0.000000,0.000000,0.084182,0.058137,,,,,,,,,,,,
177538,,,,,,,,,,,0.000000,0.000000,0.000000,0.000000,0.084182,0.058137,,,,,,,,,,,,
177543,,,,,,,,,,,0.000000,0.000000,0.000000,0.000000,0.084182,0.058137,,,,,,,,,,,,
177548,,,,,,,,,,,0.000000,0.000000,0.000000,0.000000,0.084182,0.058137,,,,,,,,,,,,
177553,,,,,,,,,,,0.000000,0.000000,0.000000,0.000000,0.084182,0.058137,,,,,,,,,,,,
177558,,,,,,,,,,,0.000000,0.000000,0.000000,0.000000,0.084182,0.058137,,,,,,,,,,,,
177570,,,,,,,,,,,0.000000,0.000000,0.000000,0.000000,0.084182,0.058137,,,,,,,,,,,,
177573,,,,,,,,,,,0.000000,0.000000,0.000000,0.000000,0.084182,0.058137,,,,,,,,,,,,
177578,,,,,,,,,,,0.000000,0.000000,0.000000,0.000000,0.084182,0.058137,,,,,,,,,,,,
177583,,,,,,,,,,,0.000000,0.000000,0.000000,0.000000,0.084182,0.058137,,,,,,,,,,,,
177588,,,,,,,,,,,0.000000,0.000000,0.000000,0.000000,0.084182,0.058137,,,,,,,,,,,,
177593,,,,,,,,,,,0.000000,0.000000,0.000000,0.000000,0.084182,0.058137,,,,,,,,,,,,
177598,,,,,,,,,,,0.000000,0.000000,0.000000,0.000000,0.084182,0.058137,,,,,,,,,,,,
177603,,,,,,,,,,,0.000000,0.000000,0.000000,0.000000,0.084182,0.058137,,,,,,,,,,,,
177608,,,,,,,,,,,0.000000,0.000000,0.000000,0.000000,0.084182,0.058137,,,,,,,,,,,,
177613,,,,,,,,,,,0.000000,0.000000,0.000000,0.000000,0.084182,0.058137,,,,,,,,,,,,
177618,,,,,,,,,,,0.000000,0.000000,0.000000,0.000000,0.084182,0.058137,,,,,,,,,,,,
177623,,,,,,,,,,,0.000000,0.000000,0.000000,0.000000,0.084182,0.058137,,,,,,,,,,,,
177628,,,,,,,,,,,0.000000,0.000000,0.000000,0.000000,0.084182,0.058137,,,,,,,,,,,,
177633,,,,,,,,,,,0.000000,0.000000,0.000000,0.000000,0.084182,0.058137,,,,,,,,,,,,
177638,,,,,,,,,,,0.000000,0.000000,0.000000,0.000000,0.084182,0.058137,,,,,,,,,,,,
177650,,,,,,,,,,,0.000000,0.000000,0.000000,0.000000,0.084182,0.058137,,,,,,,,,,,,
177653,,,,,,,,,,,0.000000,0.000000,0.000000,0.000000,0.084182,0.058137,,,,,,,,,,,,
177658,,,,,,,,,,,0.000000,0.000000,0.000000,0.000000,0.084182,0.058137,,,,,,,,,,,,
177663,,,,,,,,,,,0.000000,0.000000,0.000000,0.000000,0.084182,0.058137,,,,,,,,,,,,
177668,,,,,,,,,,,0.000000,0.000000,0.000000,0.000000,0.084182,0.058137,,,,,,,,,,,,
177673,,,,,,,,,,,0.000000,0.000000,0.000000,0.000000,0.084182,0.058137,,,,,,,,,,,,
177678,,,,,,,,,,,0.000000,0.000000,0.000000,0.000000,0.084182,0.058137,,,,,,,,,,,,
177683,,,,,,,,,,,0.000000,0.000000,0.000000,0.000000,0.084182,0.058137,,,,,,,,,,,,
177688,,,,,,,,,,,0.000000,0.000000,0.000000,0.000000,0.084182,0.058137,,,,,,,,,,,,
177693,,,,,,,,,,,0.000000,0.000000,0.000000,0.000000,0.084182,0.058137,,,,,,,,,,,,
177698,,,,,,,,,,,0.000000,0.000000,0.000000,0.000000,0.084182,0.058137,,,,,,,,,,,,
177710,,,,,,,,,,,0.000000,0.000000,0.000000,0.000000,0.084182,0.058137,,,,,,,,,,,,
177711,,,,,,,,,,,,,0.000000,0.000000,,,,,,,,,,,,,,
177713,,,,,,,,,,,0.000000,0.000000,0.000000,0.000000,0.084182,0.058137,,,,,,,,,,,,
177718,,,,,,,,,,,0.000000,0.000000,0.000000,0.000000,0.084182,0.058137,,,,,,,,,,,,
177723,,,,,,,,,,,0.000000,0.000000,0.000000,0.000000,0.084182,0.058137,,,,,,,,,,,,
177728,,,,,,,,,,,0.000000,0.000000,0.000000,0.000000,0.084182,0.058137,,,,,,,,,,,,
177733,,,,,,,,,,,0.000000,0.000000,0.000000,0.000000,0.084182,0.058137,,,,,,,,,,,,
177738,,,,,,,,,,,0.000000,0.000000,0.000000,0.000000,0.084182,0.058137,,,,,,,,,,,,
177743,,,,,,,,,,,0.000000,0.000000,0.000000,0.000000,0.084182,0.058137,,,,,,,,,,,,
177748,,,,,,,,,,,0.000000,0.000000,0.000000,0.000000,0.084182,0.058137,,,,,,,,,,,,
177753,,,,,,,,,,,0.000000,0.000000,0.000000,0.000000,0.084182,0.058137,,,,,,,,,,,,
177758,,,,,,,,,,,0.000000,0.000000,0.000000,0.000000,0.084182,0.058137,,,,,,,,,,,,
177770,,,,,,,,,,,0.000000,0.000000,0.000000,0.000000,0.084182,0.058137,,,,,,,,,,,,
177773,,,,,,,,,,,0.000000,0.000000,0.000000,0.000000,0.084182,0.058137,,,,,,,,,,,,
177778,,,,,,,,,,,0.000000,0.000000,0.000000,0.000000,0.084182,0.058137,,,,,,,,,,,,
177783,,,,,,,,,,,0.000000,0.000000,0.000000,0.000000,0.084182,0.058137,,,,,,,,,,,,
177788,,,,,,,,,,,0.000000,0.000000,0.000000,0.000000,0.084182,0.058137,,,,,,,,,,,,
177793,,,,,,,,,,,0.000000,0.000000,0.000000,0.000000,0.084182,0.058137,,,,,,,,,,,,
177798,,,,,,,,,,,0.000000,0.000000,0.000000,0.000000,0.084182,0.058137,,,,,,,,,,,,
177803,,,,,,,,,,,0.000000,0.000000,0.000000,0.000000,0.084182,0.058137,,,,,,,,,,,,
177808,,,,,,,,,,,0.000000,0.000000,0.000000,0.000000,0.084182,0.058137,,,,,,,,,,,,
177813,,,,,,,,,,,0.000000,0.000000,0.000000,0.000000,0.084182,0.058137,,,,,,,,,,,,
177818,,,,,,,,,,,0.000000,0.000000,0.000000,0.000000,0.084182,0.058137,,,,,,,,,,,,
177830,,,,,,,,,,,0.000000,0.000000,0.000000,0.000000,0.084182,0.058137,,,,,,,,,,,,
177833,,,,,,,,,,,0.000000,0.000000,0.000000,0.000000,0.084182,0.058137,,,,,,,,,,,,
177838,,,,,,,,,,,0.000000,0.000000,0.000000,0.000000,0.084182,0.058137,,,,,,,,,,,,
177843,,,,,,,,,,,0.000000,0.000000,0.000000,0.000000,0.084182,0.058137,,,,,,,,,,,,
177848,,,,,,,,,,,0.000000,0.000000,0.000000,0.000000,0.084182,0.058137,,,,,,,,,,,,
177853,,,,,,,,,,,0.000000,0.000000,0.000000,0.000000,0.084182,0.058137,,,,,,,,,,,,
177858,,,,,,,,,,,0.000000,0.000000,0.000000,0.000000,0.084182,0.058137,,,,,,,,,,,,
177863,,,,,,,,,,,0.000000,0.000000,0.000000,0.000000,0.084182,0.058137,,,,,,,,,,,,
177868,,,,,,,,,,,0.000000,0.000000,0.000000,0.000000,0.084182,0.058137,,,,,,,,,,,,
177873,,,,,,,,,,,0.000000,0.000000,0.000000,0.000000,0.084182,0.058137,,,,,,,,,,,,
177878,,,,,,,,,,,0.000000,0.000000,0.000000,0.000000,0.084182,0.058137,,,,,,,,,,,,
177883,,,,,,,,,,,0.000000,0.000000,0.000000,0.000000,0.084182,0.058137,,,,,,,,,,,,
177888,,,,,,,,,,,0.000000,0.000000,0.000000,0.000000,0.084182,0.058137,,,,,,,,,,,,
177893,,,,,,,,,,,0.000000,0.000000,0.000000,0.000000,0.084182,0.058137,,,,,,,,,,,,
177898,,,,,,,,,,,0.000000,0.000000,0.000000,0.000000,0.084182,0.058137,,,,,,,,,,,,
177910,,,,,,,,,,,0.000000,0.000000,0.000000,0.000000,0.084182,0.058137,,,,,,,,,,,,
177913,,,,,,,,,,,0.000000,0.000000,0.000000,0.000000,0.084182,0.058137,,,,,,,,,,,,
177918,,,,,,,,,,,0.000000,0.000000,0.000000,0.000000,0.084182,0.058137,,,,,,,,,,,,
177923,,,,,,,,,,,0.000000,0.000000,0.000000,0.000000,0.084182,0.058137,,,,,,,,,,,,
177928,,,,,,,,,,,0.000000,0.000000,0.000000,0.000000,0.084182,0.058137,,,,,,,,,,,,
177933,,,,,,,,,,,0.000000,0.000000,0.000000,0.000000,0.084182,0.058137,,,,,,,,,,,,
177938,,,,,,,,,,,0.000000,0.000000,0.000000,0.000000,0.084182,0.058137,,,,,,,,,,,,
177943,,,,,,,,,,,0.000000,0.000000,0.000000,0.000000,0.084182,0.058137,,,,,,,,,,,,
177948,,,,,,,,,,,0.000000,0.000000,0.000000,0.000000,0.084182,0.058137,,,,,,,,,,,,
177953,,,,,,,,,,,0.000000,0.000000,0.000000,0.000000,0.084182,0.058137,,,,,,,,,,,,
177958,,,,,,,,,,,0.000000,0.000000,0.000000,0.000000,0.084182,0.058137,,,,,,,,,,,,
177970,,,,,,,,,,,0.000000,0.000000,0.000000,0.000000,0.084182,0.058137,,,,,,,,,,,,
177971,,,,,,,,,,,0.000000,0.000000,0.000000,0.000000,0.084182,0.058137,,,,,,,,,,,,
177973,,,,,,,,,,,0.000000,0.000000,0.000000,0.000000,0.084182,0.058137,,,,,,,,,,,,
177978,,,,,,,,,,,0.000000,0.000000,0.000000,0.000000,0.084182,0.058137,,,,,,,,,,,,
177983,,,,,,,,,,,0.000000,0.000000,0.000000,0.000000,0.084182,0.058137,,,,,,,,,,,,
177988,,,,,,,,,,,0.000000,0.000000,0.000000,0.000000,0.084182,0.058137,,,,,,,,,,,,
177993,,,,,,,,,,,0.000000,0.000000,0.000000,0.000000,0.084182,0.058137,,,,,,,,,,,,
177998,,,,,,,,,,,0.000000,0.000000,0.000000,0.000000,0.084182,0.058137,,,,,,,,,,,,
178003,,,,,,,,,,,0.000000,0.000000,0.000000,0.000000,0.084182,0.058137,,,,,,,,,,,,
178008,,,,,,,,,,,0.000000,0.000000,0.000000,0.000000,0.084182,0.058137,,,,,,,,,,,,
178013,,,,,,,,,,,0.000000,0.000000,0.000000,0.000000,0.084182,0.058137,,,,,,,,,,,,
178018,,,,,,,,,,,0.000000,0.000000,0.000000,0.000000,0.084182,0.058137,,,,,,,,,,,,
178031,,,,,,,,,,,0.000000,0.000000,0.000000,0.000000,0.084182,0.058137,,,,,,,,,,,,
178033,,,,,,,,,,,0.000000,0.000000,0.000000,0.000000,0.084182,0.058137,,,,,,,,,,,,
178038,,,,,,,,,,,0.000000,0.000000,0.000000,0.000000,0.084182,0.058137,,,,,,,,,,,,
178043,,,,,,,,,,,0.000000,0.000000,0.000000,0.000000,0.084182,0.058137,,,,,,,,,,,,
178048,,,,,,,,,,,0.000000,0.000000,0.000000,0.000000,0.084182,0.058137,,,,,,,,,,,,
178053,,,,,,,,,,,0.000000,0.000000,0.000000,0.000000,0.084182,0.058137,,,,,,,,,,,,
178058,,,,,,,,,,,0.000000,0.000000,0.000000,0.000000,0.084182,0.058137,,,,,,,,,,,,
178063,,,,,,,,,,,0.000000,0.000000,0.000000,0.000000,0.084182,0.058137,,,,,,,,,,,,
178068,,,,,,,,,,,0.000000,0.000000,0.000000,0.000000,0.084182,0.058137,,,,,,,,,,,,
178073,,,,,,,,,,,0.000000,0.000000,0.000000,0.000000,0.084182,0.058137,,,,,,,,,,,,
178078,,,,,,,,,,,0.000000,0.000000,0.000000,0.000000,0.084182,0.058137,,,,,,,,,,,,
178083,,,,,,,,,,,0.000000,0.000000,0.000000,0.000000,0.084182,0.058137,,,,,,,,,,,,
178088,,,,,,,,,,,0.000000,0.000000,0.000000,0.000000,0.084182,0.058137,,,,,,,,,,,,
178093,,,,,,,,,,,0.000000,0.000000,0.000000,0.000000,0.084182,0.058137,,,,,,,,,,,,
178098,,,,,,,,,,,0.000000,0.000000,0.000000,0.000000,0.084182,0.058137,,,,,,,,,,,,
178110,,,,,,,,,,,0.000000,0.000000,0.000000,0.000000,0.084182,0.058137,,,,,,,,,,,,
178113,,,,,,,,,,,0.000000,0.000000,0.000000,0.000000,0.084182,0.058137,,,,,,,,,,,,
178118,,,,,,,,,,,0.000000,0.000000,0.000000,0.000000,0.084182,0.058137,,,,,,,,,,,,
178123,,,,,,,,,,,0.000000,0.000000,0.000000,0.000000,0.084182,0.058137,,,,,,,,,,,,
178128,,,,,,,,,,,0.000000,0.000000,0.000000,0.000000,0.084182,0.058137,,,,,,,,,,,,
178133,,,,,,,,,,,0.000000,0.000000,0.000000,0.000000,0.084182,0.058137,,,,,,,,,,,,
178138,,,,,,,,,,,0.000000,0.000000,0.000000,0.000000,0.084182,0.058137,,,,,,,,,,,,
178143,,,,,,,,,,,0.000000,0.000000,0.000000,0.000000,0.084182,0.058137,,,,,,,,,,,,
178148,,,,,,,,,,,0.000000,0.000000,0.000000,0.000000,0.084182,0.058137,,,,,,,,,,,,
178153,,,,,,,,,,,0.000000,0.000000,0.000000,0.000000,0.084182,0.058137,,,,,,,,,,,,
178158,,,,,,,,,,,0.000000,0.000000,0.000000,0.000000,0.084182,0.058137,,,,,,,,,,,,
178170,,,,,,,,,,,0.000000,0.000000,0.000000,0.000000,0.084182,0.058137,,,,,,,,,,,,
178173,,,,,,,,,,,0.000000,0.000000,0.000000,0.000000,0.084182,0.058137,,,,,,,,,,,,
178178,,,,,,,,,,,0.000000,0.000000,0.000000,0.000000,0.084182,0.058137,,,,,,,,,,,,
178183,,,,,,,,,,,0.000000,0.000000,0.000000,0.000000,0.084182,0.058137,,,,,,,,,,,,
178188,,,,,,,,,,,0.000000,0.000000,0.000000,0.000000,0.084182,0.058137,,,,,,,,,,,,
178193,,,,,,,,,,,0.000000,0.000000,0.000000,0.000000,0.084182,0.058137,,,,,,,,,,,,
178198,,,,,,,,,,,0.000000,0.000000,0.000000,0.000000,0.084182,0.058137,,,,,,,,,,,,
178203,,,,,,,,,,,0.000000,0.000000,0.000000,0.000000,0.084182,0.058137,,,,,,,,,,,,
178208,,,,,,,,,,,0.000000,0.000000,0.000000,0.000000,0.084182,0.058137,,,,,,,,,,,,
178213,,,,,,,,,,,0.000000,0.000000,0.000000,0.000000,0.084182,0.058137,,,,,,,,,,,,
178218,,,,,,,,,,,0.000000,0.000000,0.000000,0.000000,0.084182,0.058137,,,,,,,,,,,,
178230,,,,,,,,,,,0.000000,0.000000,0.000000,0.000000,0.084182,0.058137,,,,,,,,,,,,
178233,,,,,,,,,,,0.000000,0.000000,0.000000,0.000000,0.084182,0.058137,,,,,,,,,,,,
178238,,,,,,,,,,,0.000000,0.000000,0.000000,0.000000,0.084182,0.058137,,,,,,,,,,,,
178243,,,,,,,,,,,0.000000,0.000000,0.000000,0.000000,0.084182,0.058137,,,,,,,,,,,,
178248,,,,,,,,,,,0.000000,0.000000,0.000000,0.000000,0.084182,0.058137,,,,,,,,,,,,
178253,,,,,,,,,,,0.000000,0.000000,0.000000,0.000000,0.084182,0.058137,,,,,,,,,,,,
178258,,,,,,,,,,,0.000000,0.000000,0.000000,0.000000,0.084182,0.058137,,,,,,,,,,,,
178263,,,,,,,,,,,0.000000,0.000000,0.000000,0.000000,0.084182,0.058137,,,,,,,,,,,,
178268,,,,,,,,,,,0.000000,0.000000,0.000000,0.000000,0.084182,0.058137,,,,,,,,,,,,
178273,,,,,,,,,,,0.000000,0.000000,0.000000,0.000000,0.084182,0.058137,,,,,,,,,,,,
178278,,,,,,,,,,,0.000000,0.000000,0.000000,0.000000,0.084182,0.058137,,,,,,,,,,,,
178290,,,,,,,,,,,0.000000,0.000000,0.000000,0.000000,0.084182,0.058137,,,,,,,,,,,,
178293,,,,,,,,,,,0.000000,0.000000,0.000000,0.000000,0.084182,0.058137,,,,,,,,,,,,
178298,,,,,,,,,,,0.000000,0.000000,0.000000,0.000000,0.084182,0.058137,,,,,,,,,,,,
178303,,,,,,,,,,,0.000000,0.000000,0.000000,0.000000,0.084182,0.058137,,,,,,,,,,,,
178308,,,,,,,,,,,0.000000,0.000000,0.000000,0.000000,0.084182,0.058137,,,,,,,,,,,,
178313,,,,,,,,,,,0.000000,0.000000,0.000000,0.000000,0.084182,0.058137,,,,,,,,,,,,
178318,,,,,,,,,,,0.000000,0.000000,0.000000,0.000000,0.084182,0.058137,,,,,,,,,,,,
178323,,,,,,,,,,,0.000000,0.000000,0.000000,0.000000,0.084182,0.058137,,,,,,,,,,,,
178328,,,,,,,,,,,0.000000,0.000000,0.000000,0.000000,0.084182,0.058137,,,,,,,,,,,,
178333,,,,,,,,,,,0.000000,0.000000,0.000000,0.000000,0.084182,0.058137,,,,,,,,,,,,
178338,,,,,,,,,,,0.000000,0.000000,0.000000,0.000000,0.084182,0.058137,,,,,,,,,,,,
178343,,,,,,,,,,,0.000000,0.000000,0.000000,0.000000,0.084182,0.058137,,,,,,,,,,,,
178348,,,,,,,,,,,0.000000,0.000000,0.000000,0.000000,0.084182,0.058137,,,,,,,,,,,,
178353,,,,,,,,,,,0.000000,0.000000,0.000000,0.000000,0.084182,0.058137,,,,,,,,,,,,
178358,,,,,,,,,,,0.000000,0.000000,0.000000,0.000000,0.084182,0.058137,,,,,,,,,,,,
178370,,,,,,,,,,,0.000000,0.000000,0.000000,0.000000,0.084182,0.058137,,,,,,,,,,,,
178373,,,,,,,,,,,0.000000,0.000000,0.000000,0.000000,0.084182,0.058137,,,,,,,,,,,,
178378,,,,,,,,,,,0.000000,0.000000,0.000000,0.000000,0.084182,0.058137,,,,,,,,,,,,
178383,,,,,,,,,,,0.000000,0.000000,0.000000,0.000000,0.084182,0.058137,,,,,,,,,,,,
178388,,,,,,,,,,,0.000000,0.000000,0.000000,0.000000,0.084182,0.058137,,,,,,,,,,,,
178393,,,,,,,,,,,0.000000,0.000000,0.000000,0.000000,0.084182,0.058137,,,,,,,,,,,,
178398,,,,,,,,,,,0.000000,0.000000,0.000000,0.000000,0.084182,0.058137,,,,,,,,,,,,
178403,,,,,,,,,,,0.000000,0.000000,0.000000,0.000000,0.084182,0.058137,,,,,,,,,,,,
178408,,,,,,,,,,,0.000000,0.000000,0.000000,0.000000,0.084182,0.058137,,,,,,,,,,,,
178413,,,,,,,,,,,0.000000,0.000000,0.000000,0.000000,0.084182,0.058137,,,,,,,,,,,,
178418,,,,,,,,,,,0.000000,0.000000,0.000000,0.000000,0.084182,0.058137,,,,,,,,,,,,
178430,,,,,,,,,,,0.000000,0.000000,0.000000,0.000000,0.084182,0.058137,,,,,,,,,,,,
178433,,,,,,,,,,,0.000000,0.000000,0.000000,0.000000,0.084182,0.058137,,,,,,,,,,,,
178438,,,,,,,,,,,0.000000,0.000000,0.000000,0.000000,0.084182,0.058137,,,,,,,,,,,,
178443,,,,,,,,,,,0.000000,0.000000,0.000000,0.000000,0.084182,0.058137,,,,,,,,,,,,
178448,,,,,,,,,,,0.000000,0.000000,0.000000,0.000000,0.084182,0.058137,,,,,,,,,,,,
178453,,,,,,,,,,,0.000000,0.000000,0.000000,0.000000,0.084182,0.058137,,,,,,,,,,,,
178458,,,,,,,,,,,0.000000,0.000000,0.000000,0.000000,0.084182,0.058137,,,,,,,,,,,,
178463,,,,,,,,,,,0.000000,0.000000,0.000000,0.000000,0.084182,0.058137,,,,,,,,,,,,
178468,,,,,,,,,,,0.000000,0.000000,0.000000,0.000000,0.084182,0.058137,,,,,,,,,,,,
178473,,,,,,,,,,,0.000000,0.000000,0.000000,0.000000,0.084182,0.058137,,,,,,,,,,,,
178478,,,,,,,,,,,0.000000,0.000000,0.000000,0.000000,0.084182,0.058137,,,,,,,,,,,,
178490,,,,,,,,,,,0.000000,0.000000,0.000000,0.000000,0.084182,0.058137,,,,,,,,,,,,
178493,,,,,,,,,,,0.000000,0.000000,0.000000,0.000000,0.084182,0.058137,,,,,,,,,,,,
178498,,,,,,,,,,,0.000000,0.000000,0.000000,0.000000,0.084182,0.058137,,,,,,,,,,,,
178503,,,,,,,,,,,0.000000,0.000000,0.000000,0.000000,0.084182,0.058137,,,,,,,,,,,,
178508,,,,,,,,,,,0.000000,0.000000,0.000000,0.000000,0.084182,0.058137,,,,,,,,,,,,
178513,,,,,,,,,,,0.000000,0.000000,0.000000,0.000000,0.084182,0.058137,,,,,,,,,,,,
178518,,,,,,,,,,,0.000000,0.000000,0.000000,0.000000,0.084182,0.058137,,,,,,,,,,,,
178523,,,,,,,,,,,0.000000,0.000000,0.000000,0.000000,0.084182,0.058137,,,,,,,,,,,,
178528,,,,,,,,,,,0.000000,0.000000,0.000000,0.000000,0.084182,0.058137,,,,,,,,,,,,
178533,,,,,,,,,,,0.000000,0.000000,0.000000,0.000000,0.084182,0.058137,,,,,,,,,,,,
178538,,,,,,,,,,,0.000000,0.000000,0.000000,0.000000,0.084182,0.058137,,,,,,,,,,,,
178543,,,,,,,,,,,0.000000,0.000000,0.000000,0.000000,0.084182,0.058137,,,,,,,,,,,,
178548,,,,,,,,,,,0.000000,0.000000,0.000000,0.000000,0.084182,0.058137,,,,,,,,,,,,
178553,,,,,,,,,,,0.000000,0.000000,0.000000,0.000000,0.084182,0.058137,,,,,,,,,,,,
178558,,,,,,,,,,,0.000000,0.000000,0.000000,0.000000,0.084182,0.058137,,,,,,,,,,,,
178570,,,,,,,,,,,0.000000,0.000000,0.000000,0.000000,0.084182,0.058137,,,,,,,,,,,,
178573,,,,,,,,,,,0.000000,0.000000,0.000000,0.000000,0.084182,0.058137,,,,,,,,,,,,
178578,,,,,,,,,,,0.000000,0.000000,0.000000,0.000000,0.084182,0.058137,,,,,,,,,,,,
178583,,,,,,,,,,,0.000000,0.000000,0.000000,0.000000,0.084182,0.058137,,,,,,,,,,,,
178588,,,,,,,,,,,0.000000,0.000000,0.000000,0.000000,0.084182,0.058137,,,,,,,,,,,,
178593,,,,,,,,,,,0.000000,0.000000,0.000000,0.000000,0.084182,0.058137,,,,,,,,,,,,
178598,,,,,,,,,,,0.000000,0.000000,0.000000,0.000000,0.084182,0.058137,,,,,,,,,,,,
178603,,,,,,,,,,,0.000000,0.000000,0.000000,0.000000,0.084182,0.058137,,,,,,,,,,,,
178608,,,,,,,,,,,0.000000,0.000000,0.000000,0.000000,0.084182,0.058137,,,,,,,,,,,,
178613,,,,,,,,,,,0.000000,0.000000,0.000000,0.000000,0.084182,0.058137,,,,,,,,,,,,
178618,,,,,,,,,,,0.000000,0.000000,0.000000,0.000000,0.084182,0.058137,,,,,,,,,,,,
178630,,,,,,,,,,,0.000000,0.000000,0.000000,0.000000,0.084182,0.058137,,,,,,,,,,,,
178633,,,,,,,,,,,0.000000,0.000000,0.000000,0.000000,0.084182,0.058137,,,,,,,,,,,,
178638,,,,,,,,,,,0.000000,0.000000,0.000000,0.000000,0.084182,0.058137,,,,,,,,,,,,
178643,,,,,,,,,,,0.000000,0.000000,0.000000,0.000000,0.084182,0.058137,,,,,,,,,,,,
178648,,,,,,,,,,,0.000000,0.000000,0.000000,0.000000,0.084182,0.058137,,,,,,,,,,,,
178653,,,,,,,,,,,0.000000,0.000000,0.000000,0.000000,0.084182,0.058137,,,,,,,,,,,,
178658,,,,,,,,,,,0.000000,0.000000,0.000000,0.000000,0.084182,0.058137,,,,,,,,,,,,
178663,,,,,,,,,,,0.000000,0.000000,0.000000,0.000000,0.084182,0.058137,,,,,,,,,,,,
178668,,,,,,,,,,,0.000000,0.000000,0.000000,0.000000,0.084182,0.058137,,,,,,,,,,,,
178673,,,,,,,,,,,0.000000,0.000000,0.000000,0.000000,0.084182,0.058137,,,,,,,,,,,,
178678,,,,,,,,,,,0.000000,0.000000,0.000000,0.000000,0.084182,0.058137,,,,,,,,,,,,
178690,,,,,,,,,,,0.000000,0.000000,0.000000,0.000000,0.084182,0.058137,,,,,,,,,,,,
178691,,,,,,,,,,,0.000000,0.000000,0.000000,0.000000,0.084182,0.058137,,,,,,,,,,,,
178693,,,,,,,,,,,0.000000,0.000000,0.000000,0.000000,0.084182,0.058137,,,,,,,,,,,,
178698,,,,,,,,,,,0.000000,0.000000,0.000000,0.000000,0.084182,0.058137,,,,,,,,,,,,
178703,,,,,,,,,,,0.000000,0.000000,0.000000,0.000000,0.084182,0.058137,,,,,,,,,,,,
178708,,,,,,,,,,,0.000000,0.000000,0.000000,0.000000,0.084182,0.058137,,,,,,,,,,,,
178713,,,,,,,,,,,0.000000,0.000000,0.000000,0.000000,0.084182,0.058137,,,,,,,,,,,,
178718,,,,,,,,,,,0.000000,0.000000,0.000000,0.000000,0.084182,0.058137,,,,,,,,,,,,
178723,,,,,,,,,,,0.000000,0.000000,0.000000,0.000000,0.084182,0.058137,,,,,,,,,,,,
178728,,,,,,,,,,,0.000000,0.000000,0.000000,0.000000,0.084182,0.058137,,,,,,,,,,,,
178733,,,,,,,,,,,0.000000,0.000000,0.000000,0.000000,0.084182,0.058137,,,,,,,,,,,,
178738,,,,,,,,,,,0.000000,0.000000,0.000000,0.000000,0.084182,0.058137,,,,,,,,,,,,
178750,,,,,,,,,,,0.000000,0.000000,0.000000,0.000000,0.084182,0.058137,,,,,,,,,,,,
178751,,,,,,,,,,,0.000000,0.000000,0.000000,0.000000,0.084182,0.058137,,,,,,,,,,,,
178753,,,,,,,,,,,0.000000,0.000000,0.000000,0.000000,0.084182,0.058137,,,,,,,,,,,,
178758,,,,,,,,,,,0.000000,0.000000,0.000000,0.000000,0.084182,0.058137,,,,,,,,,,,,
178763,,,,,,,,,,,0.000000,0.000000,0.000000,0.000000,0.084182,0.058137,,,,,,,,,,,,
178768,,,,,,,,,,,0.000000,0.000000,0.000000,0.000000,0.084182,0.058137,,,,,,,,,,,,
178773,,,,,,,,,,,0.000000,0.000000,0.000000,0.000000,0.084182,0.058137,,,,,,,,,,,,
178778,,,,,,,,,,,0.000000,0.000000,0.000000,0.000000,0.084182,0.058137,,,,,,,,,,,,
178783,,,,,,,,,,,0.000000,0.000000,0.000000,0.000000,0.084182,0.058137,,,,,,,,,,,,
178788,,,,,,,,,,,0.000000,0.000000,0.000000,0.000000,0.084182,0.058137,,,,,,,,,,,,
178793,,,,,,,,,,,0.000000,0.000000,0.000000,0.000000,0.084182,0.058137,,,,,,,,,,,,
178798,,,,,,,,,,,0.000000,0.000000,0.000000,0.000000,0.084182,0.058137,,,,,,,,,,,,
178803,,,,,,,,,,,0.000000,0.000000,0.000000,0.000000,0.084182,0.058137,,,,,,,,,,,,
178808,,,,,,,,,,,0.000000,0.000000,0.000000,0.000000,0.084182,0.058137,,,,,,,,,,,,
178813,,,,,,,,,,,0.000000,0.000000,0.000000,0.000000,0.084182,0.058137,,,,,,,,,,,,
178818,,,,,,,,,,,0.000000,0.000000,0.000000,0.000000,0.084182,0.058137,,,,,,,,,,,,
178830,,,,,,,,,,,0.000000,0.000000,0.000000,0.000000,0.084182,0.058137,,,,,,,,,,,,
178833,,,,,,,,,,,0.000000,0.000000,0.000000,0.000000,0.084182,0.058137,,,,,,,,,,,,
178838,,,,,,,,,,,0.000000,0.000000,0.000000,0.000000,0.084182,0.058137,,,,,,,,,,,,
178843,,,,,,,,,,,0.000000,0.000000,0.000000,0.000000,0.084182,0.058137,,,,,,,,,,,,
178848,,,,,,,,,,,0.000000,0.000000,0.000000,0.000000,0.084182,0.058137,,,,,,,,,,,,
178853,,,,,,,,,,,0.000000,0.000000,0.000000,0.000000,0.084182,0.058137,,,,,,,,,,,,
178858,,,,,,,,,,,0.000000,0.000000,0.000000,0.000000,0.084182,0.058137,,,,,,,,,,,,
178863,,,,,,,,,,,0.000000,0.000000,0.000000,0.000000,0.084182,0.058137,,,,,,,,,,,,
178868,,,,,,,,,,,0.000000,0.000000,0.000000,0.000000,0.084182,0.058137,,,,,,,,,,,,
178873,,,,,,,,,,,0.000000,0.000000,0.000000,0.000000,0.084182,0.058137,,,,,,,,,,,,
178878,,,,,,,,,,,0.000000,0.000000,0.000000,0.000000,0.084182,0.058137,,,,,,,,,,,,
178890,,,,,,,,,,,0.000000,0.000000,0.000000,0.000000,0.084182,0.058137,,,,,,,,,,,,
178893,,,,,,,,,,,0.000000,0.000000,0.000000,0.000000,0.084182,0.058137,,,,,,,,,,,,
178898,,,,,,,,,,,0.000000,0.000000,0.000000,0.000000,0.084182,0.058137,,,,,,,,,,,,
178903,,,,,,,,,,,0.000000,0.000000,0.000000,0.000000,0.084182,0.058137,,,,,,,,,,,,
178908,,,,,,,,,,,0.000000,0.000000,0.000000,0.000000,0.084182,0.058137,,,,,,,,,,,,
178913,,,,,,,,,,,0.000000,0.000000,0.000000,0.000000,0.084182,0.058137,,,,,,,,,,,,
178918,,,,,,,,,,,0.000000,0.000000,0.000000,0.000000,0.084182,0.058137,,,,,,,,,,,,
178923,,,,,,,,,,,0.000000,0.000000,0.000000,0.000000,0.084182,0.058137,,,,,,,,,,,,
178928,,,,,,,,,,,0.000000,0.000000,0.000000,0.000000,0.084182,0.058137,,,,,,,,,,,,
178933,,,,,,,,,,,0.000000,0.000000,0.000000,0.000000,0.084182,0.058137,,,,,,,,,,,,
178938,,,,,,,,,,,0.000000,0.000000,0.000000,0.000000,0.084182,0.058137,,,,,,,,,,,,
178950,,,,,,,,,,,0.000000,0.000000,0.000000,0.000000,0.084182,0.058137,,,,,,,,,,,,
178953,,,,,,,,,,,0.000000,0.000000,0.000000,0.000000,0.084182,0.058137,,,,,,,,,,,,
178958,,,,,,,,,,,0.000000,0.000000,0.000000,0.000000,0.084182,0.058137,,,,,,,,,,,,
178963,,,,,,,,,,,0.000000,0.000000,0.000000,0.000000,0.084182,0.058137,,,,,,,,,,,,
178968,,,,,,,,,,,0.000000,0.000000,0.000000,0.000000,0.084182,0.058137,,,,,,,,,,,,
178973,,,,,,,,,,,0.000000,0.000000,0.000000,0.000000,0.084182,0.058137,,,,,,,,,,,,
178978,,,,,,,,,,,0.000000,0.000000,0.000000,0.000000,0.084182,0.058137,,,,,,,,,,,,
178983,,,,,,,,,,,0.000000,0.000000,0.000000,0.000000,0.084182,0.058137,,,,,,,,,,,,
178988,,,,,,,,,,,0.000000,0.000000,0.000000,0.000000,0.084182,0.058137,,,,,,,,,,,,
178993,,,,,,,,,,,0.000000,0.000000,0.000000,0.000000,0.084182,0.058137,,,,,,,,,,,,
178998,,,,,,,,,,,0.000000,0.000000,0.000000,0.000000,0.084182,0.058137,,,,,,,,,,,,
179003,,,,,,,,,,,0.000000,0.000000,0.000000,0.000000,0.084182,0.058137,,,,,,,,,,,,
179008,,,,,,,,,,,0.000000,0.000000,0.000000,0.000000,0.084182,0.058137,,,,,,,,,,,,
179013,,,,,,,,,,,0.000000,0.000000,0.000000,0.000000,0.084182,0.058137,,,,,,,,,,,,
179018,,,,,,,,,,,0.000000,0.000000,0.000000,0.000000,0.084182,0.058137,,,,,,,,,,,,
179030,,,,,,,,,,,0.000000,0.000000,0.000000,0.000000,0.084182,0.058137,,,,,,,,,,,,
179033,,,,,,,,,,,0.000000,0.000000,0.000000,0.000000,0.084182,0.058137,,,,,,,,,,,,
179038,,,,,,,,,,,0.000000,0.000000,0.000000,0.000000,0.084182,0.058137,,,,,,,,,,,,
179043,,,,,,,,,,,0.000000,0.000000,0.000000,0.000000,0.084182,0.058137,,,,,,,,,,,,
179048,,,,,,,,,,,0.000000,0.000000,0.000000,0.000000,0.084182,0.058137,,,,,,,,,,,,
179053,,,,,,,,,,,0.000000,0.000000,0.000000,0.000000,0.084182,0.058137,,,,,,,,,,,,
179058,,,,,,,,,,,0.000000,0.000000,0.000000,0.000000,0.084182,0.058137,,,,,,,,,,,,
179063,,,,,,,,,,,0.000000,0.000000,0.000000,0.000000,0.084182,0.058137,,,,,,,,,,,,
179068,,,,,,,,,,,0.000000,0.000000,0.000000,0.000000,0.084182,0.058137,,,,,,,,,,,,
179073,,,,,,,,,,,0.000000,0.000000,0.000000,0.000000,0.084182,0.058137,,,,,,,,,,,,
179078,,,,,,,,,,,0.000000,0.000000,0.000000,0.000000,0.084182,0.058137,,,,,,,,,,,,
179090,,,,,,,,,,,0.000000,0.000000,0.000000,0.000000,0.084182,0.058137,,,,,,,,,,,,
179093,,,,,,,,,,,0.000000,0.000000,0.000000,0.000000,0.084182,0.058137,,,,,,,,,,,,
179098,,,,,,,,,,,0.000000,0.000000,0.000000,0.000000,0.084182,0.058137,,,,,,,,,,,,
179103,,,,,,,,,,,0.000000,0.000000,0.000000,0.000000,0.084182,0.058137,,,,,,,,,,,,
179108,,,,,,,,,,,0.000000,0.000000,0.000000,0.000000,0.084182,0.058137,,,,,,,,,,,,
179113,,,,,,,,,,,0.000000,0.000000,0.000000,0.000000,0.084182,0.058137,,,,,,,,,,,,
179118,,,,,,,,,,,0.000000,0.000000,0.000000,0.000000,0.084182,0.058137,,,,,,,,,,,,
179123,,,,,,,,,,,0.000000,0.000000,0.000000,0.000000,0.084182,0.058137,,,,,,,,,,,,
179128,,,,,,,,,,,0.000000,0.000000,0.000000,0.000000,0.084182,0.058137,,,,,,,,,,,,
179133,,,,,,,,,,,0.000000,0.000000,0.000000,0.000000,0.084182,0.058137,,,,,,,,,,,,
179138,,,,,,,,,,,0.000000,0.000000,0.000000,0.000000,0.084182,0.058137,,,,,,,,,,,,
179150,,,,,,,,,,,0.000000,0.000000,0.000000,0.000000,0.084182,0.058137,,,,,,,,,,,,
179151,,,,,,,,,,,0.000000,0.000000,0.000000,0.000000,0.084182,0.058137,,,,,,,,,,,,
179153,,,,,,,,,,,0.000000,0.000000,0.000000,0.000000,0.084182,0.058137,,,,,,,,,,,,
179158,,,,,,,,,,,0.000000,0.000000,0.000000,0.000000,0.084182,0.058137,,,,,,,,,,,,
179163,,,,,,,,,,,0.000000,0.000000,0.000000,0.000000,0.084182,0.058137,,,,,,,,,,,,
179168,,,,,,,,,,,0.000000,0.000000,0.000000,0.000000,0.084182,0.058137,,,,,,,,,,,,
179173,,,,,,,,,,,0.000000,0.000000,0.000000,0.000000,0.084182,0.058137,,,,,,,,,,,,
179178,,,,,,,,,,,0.000000,0.000000,0.000000,0.000000,0.084182,0.058137,,,,,,,,,,,,
179183,,,,,,,,,,,0.000000,0.000000,0.000000,0.000000,0.084182,0.058137,,,,,,,,,,,,
179188,,,,,,,,,,,0.000000,0.000000,0.000000,0.000000,0.084182,0.058137,,,,,,,,,,,,
179193,,,,,,,,,,,0.000000,0.000000,0.000000,0.000000,0.084182,0.058137,,,,,,,,,,,,
179198,,,,,,,,,,,0.000000,0.000000,0.000000,0.000000,0.084182,0.058137,,,,,,,,,,,,
179210,,,,,,,,,,,0.000000,0.000000,0.000000,0.000000,0.084182,0.058137,,,,,,,,,,,,
179211,,,,,,,,,,,0.000000,0.000000,0.000000,0.000000,0.084182,0.058137,,,,,,,,,,,,
179213,,,,,,,,,,,0.000000,0.000000,0.000000,0.000000,0.084182,0.058137,,,,,,,,,,,,
179218,,,,,,,,,,,0.000000,0.000000,0.000000,0.000000,0.084182,0.058137,,,,,,,,,,,,
179223,,,,,,,,,,,0.000000,0.000000,0.000000,0.000000,0.084182,0.058137,,,,,,,,,,,,
179228,,,,,,,,,,,0.000000,0.000000,0.000000,0.000000,0.084182,0.058137,,,,,,,,,,,,
179233,,,,,,,,,,,0.000000,0.000000,0.000000,0.000000,0.084182,0.058137,,,,,,,,,,,,
179238,,,,,,,,,,,0.000000,0.000000,0.000000,0.000000,0.084182,0.058137,,,,,,,,,,,,
179243,,,,,,,,,,,0.000000,0.000000,0.000000,0.000000,0.084182,0.058137,,,,,,,,,,,,
179248,,,,,,,,,,,0.000000,0.000000,0.000000,0.000000,0.084182,0.058137,,,,,,,,,,,,
179253,,,,,,,,,,,0.000000,0.000000,0.000000,0.000000,0.084182,0.058137,,,,,,,,,,,,
179258,,,,,,,,,,,0.000000,0.000000,0.000000,0.000000,0.084182,0.058137,,,,,,,,,,,,
179263,,,,,,,,,,,0.000000,0.000000,0.000000,0.000000,0.084182,0.058137,,,,,,,,,,,,
179268,,,,,,,,,,,0.000000,0.000000,0.000000,0.000000,0.084182,0.058137,,,,,,,,,,,,
179273,,,,,,,,,,,0.000000,0.000000,0.000000,0.000000,0.084182,0.058137,,,,,,,,,,,,
179278,,,,,,,,,,,0.000000,0.000000,0.000000,0.000000,0.084182,0.058137,,,,,,,,,,,,
179290,,,,,,,,,,,0.000000,0.000000,0.000000,0.000000,0.084182,0.058137,,,,,,,,,,,,
179293,,,,,,,,,,,0.000000,0.000000,0.000000,0.000000,0.084182,0.058137,,,,,,,,,,,,
179298,,,,,,,,,,,0.000000,0.000000,0.000000,0.000000,0.084182,0.058137,,,,,,,,,,,,
179303,,,,,,,,,,,0.000000,0.000000,0.000000,0.000000,0.084182,0.058137,,,,,,,,,,,,
179308,,,,,,,,,,,0.000000,0.000000,0.000000,0.000000,0.084182,0.058137,,,,,,,,,,,,
179313,,,,,,,,,,,0.000000,0.000000,0.000000,0.000000,0.084182,0.058137,,,,,,,,,,,,
179318,,,,,,,,,,,0.000000,0.000000,0.000000,0.000000,0.084182,0.058137,,,,,,,,,,,,
179323,,,,,,,,,,,0.000000,0.000000,0.000000,0.000000,0.084182,0.058137,,,,,,,,,,,,
179328,,,,,,,,,,,0.000000,0.000000,0.000000,0.000000,0.084182,0.058137,,,,,,,,,,,,
179333,,,,,,,,,,,0.000000,0.000000,0.000000,0.000000,0.084182,0.058137,,,,,,,,,,,,
179338,,,,,,,,,,,0.000000,0.000000,0.000000,0.000000,0.084182,0.058137,,,,,,,,,,,,
179354,,,,,,,,,,,0.000000,0.000000,0.000000,0.000000,0.084182,0.058137,,,,,,,,,,,,
179358,,,,,,,,,,,0.000000,0.000000,0.000000,0.000000,0.084182,0.058137,,,,,,,,,,,,
179363,,,,,,,,,,,0.000000,0.000000,0.000000,0.000000,0.084182,0.058137,,,,,,,,,,,,
179368,,,,,,,,,,,0.000000,0.000000,0.000000,0.000000,0.084182,0.058137,,,,,,,,,,,,
179373,,,,,,,,,,,0.000000,0.000000,0.000000,0.000000,0.084182,0.058137,,,,,,,,,,,,
179378,,,,,,,,,,,0.000000,0.000000,0.000000,0.000000,0.084182,0.058137,,,,,,,,,,,,
179383,,,,,,,,,,,0.000000,0.000000,0.000000,0.000000,0.084182,0.058137,,,,,,,,,,,,
179388,,,,,,,,,,,0.000000,0.000000,0.000000,0.000000,0.084182,0.058137,,,,,,,,,,,,
179393,,,,,,,,,,,0.000000,0.000000,0.000000,0.000000,0.084182,0.058137,,,,,,,,,,,,
179398,,,,,,,,,,,0.000000,0.000000,0.000000,0.000000,0.084182,0.058137,,,,,,,,,,,,
179412,,,,,,,,,,,0.000000,0.000000,0.000000,0.000000,0.084182,0.058137,,,,,,,,,,,,
179413,,,,,,,,,,,0.000000,0.000000,0.000000,0.000000,0.084182,0.058137,,,,,,,,,,,,
179418,,,,,,,,,,,0.000000,0.000000,0.000000,0.000000,0.084182,0.058137,,,,,,,,,,,,
179423,,,,,,,,,,,0.000000,0.000000,0.000000,0.000000,0.084182,0.058137,,,,,,,,,,,,
179428,,,,,,,,,,,0.000000,0.000000,0.000000,0.000000,0.084182,0.058137,,,,,,,,,,,,
179433,,,,,,,,,,,0.000000,0.000000,0.000000,0.000000,0.084182,0.058137,,,,,,,,,,,,
179438,,,,,,,,,,,0.000000,0.000000,0.000000,0.000000,0.084182,0.058137,,,,,,,,,,,,
179443,,,,,,,,,,,0.000000,0.000000,0.000000,0.000000,0.084182,0.058137,,,,,,,,,,,,
179448,,,,,,,,,,,0.000000,0.000000,0.000000,0.000000,0.084182,0.058137,,,,,,,,,,,,
179453,,,,,,,,,,,0.000000,0.000000,0.000000,0.000000,0.084182,0.058137,,,,,,,,,,,,
179458,,,,,,,,,,,0.000000,0.000000,0.000000,0.000000,0.084182,0.058137,,,,,,,,,,,,
179470,,,,,,,,,,,0.000000,0.000000,0.000000,0.000000,0.084182,0.058137,,,,,,,,,,,,
179473,,,,,,,,,,,0.000000,0.000000,0.000000,0.000000,0.084182,0.058137,,,,,,,,,,,,
179478,,,,,,,,,,,0.000000,0.000000,0.000000,0.000000,0.084182,0.058137,,,,,,,,,,,,
179483,,,,,,,,,,,0.000000,0.000000,0.000000,0.000000,0.084182,0.058137,,,,,,,,,,,,
179488,,,,,,,,,,,0.000000,0.000000,0.000000,0.000000,0.084182,0.058137,,,,,,,,,,,,
179493,,,,,,,,,,,0.000000,0.000000,0.000000,0.000000,0.084182,0.058137,,,,,,,,,,,,
179498,,,,,,,,,,,0.000000,0.000000,0.000000,0.000000,0.084182,0.058137,,,,,,,,,,,,
179503,,,,,,,,,,,0.000000,0.000000,0.000000,0.000000,0.084182,0.058137,,,,,,,,,,,,
179508,,,,,,,,,,,0.000000,0.000000,0.000000,0.000000,0.084182,0.058137,,,,,,,,,,,,
179513,,,,,,,,,,,0.000000,0.000000,0.000000,0.000000,0.084182,0.058137,,,,,,,,,,,,
179518,,,,,,,,,,,0.000000,0.000000,0.000000,0.000000,0.084182,0.058137,,,,,,,,,,,,
179523,,,,,,,,,,,0.000000,0.000000,0.000000,0.000000,0.084182,0.058137,,,,,,,,,,,,
179528,,,,,,,,,,,0.000000,0.000000,0.000000,0.000000,0.084182,0.058137,,,,,,,,,,,,
179533,,,,,,,,,,,0.000000,0.000000,0.000000,0.000000,0.084182,0.058137,,,,,,,,,,,,
179538,,,,,,,,,,,0.000000,0.000000,0.000000,0.000000,0.084182,0.058137,,,,,,,,,,,,
179550,,,,,,,,,,,0.000000,0.000000,0.000000,0.000000,0.084182,0.058137,,,,,,,,,,,,
179553,,,,,,,,,,,0.000000,0.000000,0.000000,0.000000,0.084182,0.058137,,,,,,,,,,,,
179558,,,,,,,,,,,0.000000,0.000000,0.000000,0.000000,0.084182,0.058137,,,,,,,,,,,,
179563,,,,,,,,,,,0.000000,0.000000,0.000000,0.000000,0.084182,0.058137,,,,,,,,,,,,
179568,,,,,,,,,,,0.000000,0.000000,0.000000,0.000000,0.084182,0.058137,,,,,,,,,,,,
179573,,,,,,,,,,,0.000000,0.000000,0.000000,0.000000,0.084182,0.058137,,,,,,,,,,,,
179578,,,,,,,,,,,0.000000,0.000000,0.000000,0.000000,0.084182,0.058137,,,,,,,,,,,,
179583,,,,,,,,,,,0.000000,0.000000,0.000000,0.000000,0.084182,0.058137,,,,,,,,,,,,
179588,,,,,,,,,,,0.000000,0.000000,0.000000,0.000000,0.084182,0.058137,,,,,,,,,,,,
179593,,,,,,,,,,,0.000000,0.000000,0.000000,0.000000,0.084182,0.058137,,,,,,,,,,,,
179598,,,,,,,,,,,0.000000,0.000000,0.000000,0.000000,0.084182,0.058137,,,,,,,,,,,,
179610,,,,,,,,,,,0.000000,0.000000,0.000000,0.000000,0.084182,0.058137,,,,,,,,,,,,
179613,,,,,,,,,,,0.000000,0.000000,0.000000,0.000000,0.084182,0.058137,,,,,,,,,,,,
179618,,,,,,,,,,,0.000000,0.000000,0.000000,0.000000,0.084182,0.058137,,,,,,,,,,,,
179623,,,,,,,,,,,0.000000,0.000000,0.000000,0.000000,0.084182,0.058137,,,,,,,,,,,,
179628,,,,,,,,,,,0.000000,0.000000,0.000000,0.000000,0.084182,0.058137,,,,,,,,,,,,
179633,,,,,,,,,,,0.000000,0.000000,0.000000,0.000000,0.084182,0.058137,,,,,,,,,,,,
179638,,,,,,,,,,,0.000000,0.000000,0.000000,0.000000,0.084182,0.058137,,,,,,,,,,,,
179643,,,,,,,,,,,0.000000,0.000000,0.000000,0.000000,0.084182,0.058137,,,,,,,,,,,,
179648,,,,,,,,,,,0.000000,0.000000,0.000000,0.000000,0.084182,0.058137,,,,,,,,,,,,
179653,,,,,,,,,,,0.000000,0.000000,0.000000,0.000000,0.084182,0.058137,,,,,,,,,,,,
179658,,,,,,,,,,,0.000000,0.000000,0.000000,0.000000,0.084182,0.058137,,,,,,,,,,,,
179670,,,,,,,,,,,0.000000,0.000000,0.000000,0.000000,0.084182,0.058137,,,,,,,,,,,,
179673,,,,,,,,,,,0.000000,0.000000,0.000000,0.000000,0.084182,0.058137,,,,,,,,,,,,
179678,,,,,,,,,,,0.000000,0.000000,0.000000,0.000000,0.084182,0.058137,,,,,,,,,,,,
179683,,,,,,,,,,,0.000000,0.000000,0.000000,0.000000,0.084182,0.058137,,,,,,,,,,,,
179688,,,,,,,,,,,0.000000,0.000000,0.000000,0.000000,0.084182,0.058137,,,,,,,,,,,,
179693,,,,,,,,,,,0.000000,0.000000,0.000000,0.000000,0.084182,0.058137,,,,,,,,,,,,
179698,,,,,,,,,,,0.000000,0.000000,0.000000,0.000000,0.084182,0.058137,,,,,,,,,,,,
179703,,,,,,,,,,,0.000000,0.000000,0.000000,0.000000,0.084182,0.058137,,,,,,,,,,,,
179708,,,,,,,,,,,0.000000,0.000000,0.000000,0.000000,0.084182,0.058137,,,,,,,,,,,,
179713,,,,,,,,,,,0.000000,0.000000,0.000000,0.000000,0.084182,0.058137,,,,,,,,,,,,
179718,,,,,,,,,,,0.000000,0.000000,0.000000,0.000000,0.084182,0.058137,,,,,,,,,,,,
179723,,,,,,,,,,,0.000000,0.000000,0.000000,0.000000,0.084182,0.058137,,,,,,,,,,,,
179728,,,,,,,,,,,0.000000,0.000000,0.000000,0.000000,0.084182,0.058137,,,,,,,,,,,,
179733,,,,,,,,,,,0.000000,0.000000,0.000000,0.000000,0.084182,0.058137,,,,,,,,,,,,
179738,,,,,,,,,,,0.000000,0.000000,0.000000,0.000000,0.084182,0.058137,,,,,,,,,,,,
179750,,,,,,,,,,,0.000000,0.000000,0.000000,0.000000,0.084182,0.058137,,,,,,,,,,,,
179753,,,,,,,,,,,0.000000,0.000000,0.000000,0.000000,0.084182,0.058137,,,,,,,,,,,,
179758,,,,,,,,,,,0.000000,0.000000,0.000000,0.000000,0.084182,0.058137,,,,,,,,,,,,
179763,,,,,,,,,,,0.000000,0.000000,0.000000,0.000000,0.084182,0.058137,,,,,,,,,,,,
179768,,,,,,,,,,,0.000000,0.000000,0.000000,0.000000,0.084182,0.058137,,,,,,,,,,,,
179773,,,,,,,,,,,0.000000,0.000000,0.000000,0.000000,0.084182,0.058137,,,,,,,,,,,,
179778,,,,,,,,,,,0.000000,0.000000,0.000000,0.000000,0.084182,0.058137,,,,,,,,,,,,
179783,,,,,,,,,,,0.000000,0.000000,0.000000,0.000000,0.084182,0.058137,,,,,,,,,,,,
179788,,,,,,,,,,,0.000000,0.000000,0.000000,0.000000,0.084182,0.058137,,,,,,,,,,,,
179793,,,,,,,,,,,0.000000,0.000000,0.000000,0.000000,0.084182,0.058137,,,,,,,,,,,,
179798,,,,,,,,,,,0.000000,0.000000,0.000000,0.000000,0.084182,0.058137,,,,,,,,,,,,
179810,,,,,,,,,,,0.000000,0.000000,0.000000,0.000000,0.084182,0.058137,,,,,,,,,,,,
179813,,,,,,,,,,,0.000000,0.000000,0.000000,0.000000,0.084182,0.058137,,,,,,,,,,,,
179818,,,,,,,,,,,0.000000,0.000000,0.000000,0.000000,0.084182,0.058137,,,,,,,,,,,,
179823,,,,,,,,,,,0.000000,0.000000,0.000000,0.000000,0.084182,0.058137,,,,,,,,,,,,
179828,,,,,,,,,,,0.000000,0.000000,0.000000,0.000000,0.084182,0.058137,,,,,,,,,,,,
179833,,,,,,,,,,,0.000000,0.000000,0.000000,0.000000,0.084182,0.058137,,,,,,,,,,,,
179838,,,,,,,,,,,0.000000,0.000000,0.000000,0.000000,0.084182,0.058137,,,,,,,,,,,,
179843,,,,,,,,,,,0.000000,0.000000,0.000000,0.000000,0.084182,0.058137,,,,,,,,,,,,
179848,,,,,,,,,,,0.000000,0.000000,0.000000,0.000000,0.084182,0.058137,,,,,,,,,,,,
179853,,,,,,,,,,,0.000000,0.000000,0.000000,0.000000,0.084182,0.058137,,,,,,,,,,,,
179858,,,,,,,,,,,0.000000,0.000000,0.000000,0.000000,0.084182,0.058137,,,,,,,,,,,,
179870,,,,,,,,,,,0.000000,0.000000,0.000000,0.000000,0.084182,0.058137,,,,,,,,,,,,
179873,,,,,,,,,,,0.000000,0.000000,0.000000,0.000000,0.084182,0.058137,,,,,,,,,,,,
179878,,,,,,,,,,,0.000000,0.000000,0.000000,0.000000,0.084182,0.058137,,,,,,,,,,,,
179883,,,,,,,,,,,0.000000,0.000000,0.000000,0.000000,0.084182,0.058137,,,,,,,,,,,,
179888,,,,,,,,,,,0.000000,0.000000,0.000000,0.000000,0.084182,0.058137,,,,,,,,,,,,
179893,,,,,,,,,,,0.000000,0.000000,0.000000,0.000000,0.084182,0.058137,,,,,,,,,,,,
179898,,,,,,,,,,,0.000000,0.000000,0.000000,0.000000,0.084182,0.058137,,,,,,,,,,,,
179903,,,,,,,,,,,0.000000,0.000000,0.000000,0.000000,0.084182,0.058137,,,,,,,,,,,,
179908,,,,,,,,,,,0.000000,0.000000,0.000000,0.000000,0.084182,0.058137,,,,,,,,,,,,
179913,,,,,,,,,,,0.000000,0.000000,0.000000,0.000000,0.084182,0.058137,,,,,,,,,,,,
179918,,,,,,,,,,,0.000000,0.000000,0.000000,0.000000,0.084182,0.058137,,,,,,,,,,,,
179930,,,,,,,,,,,0.000000,0.000000,0.000000,0.000000,0.084182,0.058137,,,,,,,,,,,,
179931,,,,,,,,,,,,,0.000000,0.000000,,,,,,,,,,,,,,
179933,,,,,,,,,,,0.000000,0.000000,0.000000,0.000000,0.084182,0.058137,,,,,,,,,,,,
179938,,,,,,,,,,,0.000000,0.000000,0.000000,0.000000,0.084182,0.058137,,,,,,,,,,,,
179943,,,,,,,,,,,0.000000,0.000000,0.000000,0.000000,0.084182,0.058137,,,,,,,,,,,,
179948,,,,,,,,,,,0.000000,0.000000,0.000000,0.000000,0.084182,0.058137,,,,,,,,,,,,
179953,,,,,,,,,,,0.000000,0.000000,0.000000,0.000000,0.084182,0.058137,,,,,,,,,,,,
179958,,,,,,,,,,,0.000000,0.000000,0.000000,0.000000,0.084182,0.058137,,,,,,,,,,,,
179963,,,,,,,,,,,0.000000,0.000000,0.000000,0.000000,0.084182,0.058137,,,,,,,,,,,,
179968,,,,,,,,,,,0.000000,0.000000,0.000000,0.000000,0.084182,0.058137,,,,,,,,,,,,
179973,,,,,,,,,,,0.000000,0.000000,0.000000,0.000000,0.084182,0.058137,,,,,,,,,,,,
179978,,,,,,,,,,,0.000000,0.000000,0.000000,0.000000,0.084182,0.058137,,,,,,,,,,,,
179983,,,,,,,,,,,0.000000,0.000000,0.000000,0.000000,0.084182,0.058137,,,,,,,,,,,,
179988,,,,,,,,,,,0.000000,0.000000,0.000000,0.000000,0.084182,0.058137,,,,,,,,,,,,
179993,,,,,,,,,,,0.000000,0.000000,0.000000,0.000000,0.084182,0.058137,,,,,,,,,,,,
179998,,,,,,,,,,,0.000000,0.000000,0.000000,0.000000,0.084182,0.058137,,,,,,,,,,,,
180010,,,,,,,,,,,0.000000,0.000000,0.000000,0.000000,0.084182,0.058137,,,,,,,,,,,,
180013,,,,,,,,,,,0.000000,0.000000,0.000000,0.000000,0.084182,0.058137,,,,,,,,,,,,
180018,,,,,,,,,,,0.000000,0.000000,0.000000,0.000000,0.084182,0.058137,,,,,,,,,,,,
180023,,,,,,,,,,,0.000000,0.000000,0.000000,0.000000,0.084182,0.058137,,,,,,,,,,,,
180028,,,,,,,,,,,0.000000,0.000000,0.000000,0.000000,0.084182,0.058137,,,,,,,,,,,,
180033,,,,,,,,,,,0.000000,0.000000,0.000000,0.000000,0.084182,0.058137,,,,,,,,,,,,
180038,,,,,,,,,,,0.000000,0.000000,0.000000,0.000000,0.084182,0.058137,,,,,,,,,,,,
180043,,,,,,,,,,,0.000000,0.000000,0.000000,0.000000,0.084182,0.058137,,,,,,,,,,,,
180048,,,,,,,,,,,0.000000,0.000000,0.000000,0.000000,0.084182,0.058137,,,,,,,,,,,,
180053,,,,,,,,,,,0.000000,0.000000,0.000000,0.000000,0.084182,0.058137,,,,,,,,,,,,
180058,,,,,,,,,,,0.000000,0.000000,0.000000,0.000000,0.084182,0.058137,,,,,,,,,,,,
180070,,,,,,,,,,,0.000000,0.000000,0.000000,0.000000,0.084182,0.058137,,,,,,,,,,,,
180073,,,,,,,,,,,0.000000,0.000000,0.000000,0.000000,0.084182,0.058137,,,,,,,,,,,,
180078,,,,,,,,,,,0.000000,0.000000,0.000000,0.000000,0.084182,0.058137,,,,,,,,,,,,
180083,,,,,,,,,,,0.000000,0.000000,0.000000,0.000000,0.084182,0.058137,,,,,,,,,,,,
180088,,,,,,,,,,,0.000000,0.000000,0.000000,0.000000,0.084182,0.058137,,,,,,,,,,,,
180093,,,,,,,,,,,0.000000,0.000000,0.000000,0.000000,0.084182,0.058137,,,,,,,,,,,,
180098,,,,,,,,,,,0.000000,0.000000,0.000000,0.000000,0.084182,0.058137,,,,,,,,,,,,
180103,,,,,,,,,,,0.000000,0.000000,0.000000,0.000000,0.084182,0.058137,,,,,,,,,,,,
180108,,,,,,,,,,,0.000000,0.000000,0.000000,0.000000,0.084182,0.058137,,,,,,,,,,,,
180113,,,,,,,,,,,0.000000,0.000000,0.000000,0.000000,0.084182,0.058137,,,,,,,,,,,,
180118,,,,,,,,,,,0.000000,0.000000,0.000000,0.000000,0.084182,0.058137,,,,,,,,,,,,
180130,,,,,,,,,,,0.000000,0.000000,0.000000,0.000000,0.084182,0.058137,,,,,,,,,,,,
180133,,,,,,,,,,,0.000000,0.000000,0.000000,0.000000,0.084182,0.058137,,,,,,,,,,,,
180138,,,,,,,,,,,0.000000,0.000000,0.000000,0.000000,0.084182,0.058137,,,,,,,,,,,,
180143,,,,,,,,,,,0.000000,0.000000,0.000000,0.000000,0.084182,0.058137,,,,,,,,,,,,
180148,,,,,,,,,,,0.000000,0.000000,0.000000,0.000000,0.084182,0.058137,,,,,,,,,,,,
180153,,,,,,,,,,,0.000000,0.000000,0.000000,0.000000,0.084182,0.058137,,,,,,,,,,,,
180158,,,,,,,,,,,0.000000,0.000000,0.000000,0.000000,0.084182,0.058137,,,,,,,,,,,,
180163,,,,,,,,,,,0.000000,0.000000,0.000000,0.000000,0.084182,0.058137,,,,,,,,,,,,
180168,,,,,,,,,,,0.000000,0.000000,0.000000,0.000000,0.084182,0.058137,,,,,,,,,,,,
180173,,,,,,,,,,,0.000000,0.000000,0.000000,0.000000,0.084182,0.058137,,,,,,,,,,,,
180178,,,,,,,,,,,0.000000,0.000000,0.000000,0.000000,0.084182,0.058137,,,,,,,,,,,,
180183,,,,,,,,,,,0.000000,0.000000,0.000000,0.000000,0.084182,0.058137,,,,,,,,,,,,
180188,,,,,,,,,,,0.000000,0.000000,0.000000,0.000000,0.084182,0.058137,,,,,,,,,,,,
180193,,,,,,,,,,,0.000000,0.000000,0.000000,0.000000,0.084182,0.058137,,,,,,,,,,,,
180198,,,,,,,,,,,0.000000,0.000000,0.000000,0.000000,0.084182,0.058137,,,,,,,,,,,,
180210,,,,,,,,,,,0.000000,0.000000,0.000000,0.000000,0.084182,0.058137,,,,,,,,,,,,
180213,,,,,,,,,,,0.000000,0.000000,0.000000,0.000000,0.084182,0.058137,,,,,,,,,,,,
180218,,,,,,,,,,,0.000000,0.000000,0.000000,0.000000,0.084182,0.058137,,,,,,,,,,,,
180223,,,,,,,,,,,0.000000,0.000000,0.000000,0.000000,0.084182,0.058137,,,,,,,,,,,,
180228,,,,,,,,,,,0.000000,0.000000,0.000000,0.000000,0.084182,0.058137,,,,,,,,,,,,
180233,,,,,,,,,,,0.000000,0.000000,0.000000,0.000000,0.084182,0.058137,,,,,,,,,,,,
180238,,,,,,,,,,,0.000000,0.000000,0.000000,0.000000,0.084182,0.058137,,,,,,,,,,,,
180243,,,,,,,,,,,0.000000,0.000000,0.000000,0.000000,0.084182,0.058137,,,,,,,,,,,,
180248,,,,,,,,,,,0.000000,0.000000,0.000000,0.000000,0.084182,0.058137,,,,,,,,,,,,
180253,,,,,,,,,,,0.000000,0.000000,0.000000,0.000000,0.084182,0.058137,,,,,,,,,,,,
180258,,,,,,,,,,,0.000000,0.000000,0.000000,0.000000,0.084182,0.058137,,,,,,,,,,,,
180270,,,,,,,,,,,0.000000,0.000000,0.000000,0.000000,0.084182,0.058137,,,,,,,,,,,,
180273,,,,,,,,,,,0.000000,0.000000,0.000000,0.000000,0.084182,0.058137,,,,,,,,,,,,
180278,,,,,,,,,,,0.000000,0.000000,0.000000,0.000000,0.084182,0.058137,,,,,,,,,,,,
180283,,,,,,,,,,,0.000000,0.000000,0.000000,0.000000,0.084182,0.058137,,,,,,,,,,,,
180288,,,,,,,,,,,0.000000,0.000000,0.000000,0.000000,0.084182,0.058137,,,,,,,,,,,,
180293,,,,,,,,,,,0.000000,0.000000,0.000000,0.000000,0.084182,0.058137,,,,,,,,,,,,
180298,,,,,,,,,,,0.000000,0.000000,0.000000,0.000000,0.084182,0.058137,,,,,,,,,,,,
180303,,,,,,,,,,,0.000000,0.000000,0.000000,0.000000,0.084182,0.058137,,,,,,,,,,,,
180308,,,,,,,,,,,0.000000,0.000000,0.000000,0.000000,0.084182,0.058137,,,,,,,,,,,,
180313,,,,,,,,,,,0.000000,0.000000,0.000000,0.000000,0.084182,0.058137,,,,,,,,,,,,
180318,,,,,,,,,,,0.000000,0.000000,0.000000,0.000000,0.084182,0.058137,,,,,,,,,,,,
180330,,,,,,,,,,,0.000000,0.000000,0.000000,0.000000,0.084182,0.058137,,,,,,,,,,,,
180333,,,,,,,,,,,0.000000,0.000000,0.000000,0.000000,0.084182,0.058137,,,,,,,,,,,,
180338,,,,,,,,,,,0.000000,0.000000,0.000000,0.000000,0.084182,0.058137,,,,,,,,,,,,
180343,,,,,,,,,,,0.000000,0.000000,0.000000,0.000000,0.084182,0.058137,,,,,,,,,,,,
180348,,,,,,,,,,,0.000000,0.000000,0.000000,0.000000,0.084182,0.058137,,,,,,,,,,,,
180353,,,,,,,,,,,0.000000,0.000000,0.000000,0.000000,0.084182,0.058137,,,,,,,,,,,,
180358,,,,,,,,,,,0.000000,0.000000,0.000000,0.000000,0.084182,0.058137,,,,,,,,,,,,
180363,,,,,,,,,,,0.000000,0.000000,0.000000,0.000000,0.084182,0.058137,,,,,,,,,,,,
180368,,,,,,,,,,,0.000000,0.000000,0.000000,0.000000,0.084182,0.058137,,,,,,,,,,,,
180373,,,,,,,,,,,0.000000,0.000000,0.000000,0.000000,0.084182,0.058137,,,,,,,,,,,,
180378,,,,,,,,,,,0.000000,0.000000,0.000000,0.000000,0.084182,0.058137,,,,,,,,,,,,
180390,,,,,,,,,,,0.000000,0.000000,0.000000,0.000000,0.084182,0.058137,,,,,,,,,,,,
180393,,,,,,,,,,,0.000000,0.000000,0.000000,0.000000,0.084182,0.058137,,,,,,,,,,,,
180398,,,,,,,,,,,0.000000,0.000000,0.000000,0.000000,0.084182,0.058137,,,,,,,,,,,,
180403,,,,,,,,,,,0.000000,0.000000,0.000000,0.000000,0.084182,0.058137,,,,,,,,,,,,
180408,,,,,,,,,,,0.000000,0.000000,0.000000,0.000000,0.084182,0.058137,,,,,,,,,,,,
180413,,,,,,,,,,,0.000000,0.000000,0.000000,0.000000,0.084182,0.058137,,,,,,,,,,,,
180418,,,,,,,,,,,0.000000,0.000000,0.000000,0.000000,0.084182,0.058137,,,,,,,,,,,,
180423,,,,,,,,,,,0.000000,0.000000,0.000000,0.000000,0.084182,0.058137,,,,,,,,,,,,
180428,,,,,,,,,,,0.000000,0.000000,0.000000,0.000000,0.084182,0.058137,,,,,,,,,,,,
180433,,,,,,,,,,,0.000000,0.000000,0.000000,0.000000,0.084182,0.058137,,,,,,,,,,,,
180438,,,,,,,,,,,0.000000,0.000000,0.000000,0.000000,0.084182,0.058137,,,,,,,,,,,,
180443,,,,,,,,,,,0.000000,0.000000,0.000000,0.000000,0.084182,0.058137,,,,,,,,,,,,
180448,,,,,,,,,,,0.000000,0.000000,0.000000,0.000000,0.084182,0.058137,,,,,,,,,,,,
180453,,,,,,,,,,,0.000000,0.000000,0.000000,0.000000,0.084182,0.058137,,,,,,,,,,,,
180458,,,,,,,,,,,0.000000,0.000000,0.000000,0.000000,0.084182,0.058137,,,,,,,,,,,,
180470,,,,,,,,,,,0.000000,0.000000,0.000000,0.000000,0.084182,0.058137,,,,,,,,,,,,
180473,,,,,,,,,,,0.000000,0.000000,0.000000,0.000000,0.084182,0.058137,,,,,,,,,,,,
180478,,,,,,,,,,,0.000000,0.000000,0.000000,0.000000,0.084182,0.058137,,,,,,,,,,,,
180483,,,,,,,,,,,0.000000,0.000000,0.000000,0.000000,0.084182,0.058137,,,,,,,,,,,,
180488,,,,,,,,,,,0.000000,0.000000,0.000000,0.000000,0.084182,0.058137,,,,,,,,,,,,
180493,,,,,,,,,,,0.000000,0.000000,0.000000,0.000000,0.084182,0.058137,,,,,,,,,,,,
180498,,,,,,,,,,,0.000000,0.000000,0.000000,0.000000,0.084182,0.058137,,,,,,,,,,,,
180503,,,,,,,,,,,0.000000,0.000000,0.000000,0.000000,0.084182,0.058137,,,,,,,,,,,,
180508,,,,,,,,,,,0.000000,0.000000,0.000000,0.000000,0.084182,0.058137,,,,,,,,,,,,
180513,,,,,,,,,,,0.000000,0.000000,0.000000,0.000000,0.084182,0.058137,,,,,,,,,,,,
180518,,,,,,,,,,,0.000000,0.000000,0.000000,0.000000,0.084182,0.058137,,,,,,,,,,,,
180530,,,,,,,,,,,0.000000,0.000000,0.000000,0.000000,0.084182,0.058137,,,,,,,,,,,,
180533,,,,,,,,,,,0.000000,0.000000,0.000000,0.000000,0.084182,0.058137,,,,,,,,,,,,
180538,,,,,,,,,,,0.000000,0.000000,0.000000,0.000000,0.084182,0.058137,,,,,,,,,,,,
180543,,,,,,,,,,,0.000000,0.000000,0.000000,0.000000,0.084182,0.058137,,,,,,,,,,,,
180548,,,,,,,,,,,0.000000,0.000000,0.000000,0.000000,0.084182,0.058137,,,,,,,,,,,,
180553,,,,,,,,,,,0.000000,0.000000,0.000000,0.000000,0.084182,0.058137,,,,,,,,,,,,
180558,,,,,,,,,,,0.000000,0.000000,0.000000,0.000000,0.084182,0.058137,,,,,,,,,,,,
180563,,,,,,,,,,,0.000000,0.000000,0.000000,0.000000,0.084182,0.058137,,,,,,,,,,,,
180568,,,,,,,,,,,0.000000,0.000000,0.000000,0.000000,0.084182,0.058137,,,,,,,,,,,,
180573,,,,,,,,,,,0.000000,0.000000,0.000000,0.000000,0.084182,0.058137,,,,,,,,,,,,
180578,,,,,,,,,,,0.000000,0.000000,0.000000,0.000000,0.084182,0.058137,,,,,,,,,,,,
180590,,,,,,,,,,,0.000000,0.000000,0.000000,0.000000,0.084182,0.058137,,,,,,,,,,,,
180593,,,,,,,,,,,0.000000,0.000000,0.000000,0.000000,0.084182,0.058137,,,,,,,,,,,,
180598,,,,,,,,,,,0.000000,0.000000,0.000000,0.000000,0.084182,0.058137,,,,,,,,,,,,
180603,,,,,,,,,,,0.000000,0.000000,0.000000,0.000000,0.084182,0.058137,,,,,,,,,,,,
180608,,,,,,,,,,,0.000000,0.000000,0.000000,0.000000,0.084182,0.058137,,,,,,,,,,,,
180613,,,,,,,,,,,0.000000,0.000000,0.000000,0.000000,0.084182,0.058137,,,,,,,,,,,,
180618,,,,,,,,,,,0.000000,0.000000,0.000000,0.000000,0.084182,0.058137,,,,,,,,,,,,
180623,,,,,,,,,,,0.000000,0.000000,0.000000,0.000000,0.084182,0.058137,,,,,,,,,,,,
180628,,,,,,,,,,,0.000000,0.000000,0.000000,0.000000,0.084182,0.058137,,,,,,,,,,,,
180633,,,,,,,,,,,0.000000,0.000000,0.000000,0.000000,0.084182,0.058137,,,,,,,,,,,,
180638,,,,,,,,,,,0.000000,0.000000,0.000000,0.000000,0.084182,0.058137,,,,,,,,,,,,
180643,,,,,,,,,,,0.000000,0.000000,0.000000,0.000000,0.084182,0.058137,,,,,,,,,,,,
180648,,,,,,,,,,,0.000000,0.000000,0.000000,0.000000,0.084182,0.058137,,,,,,,,,,,,
180653,,,,,,,,,,,0.000000,0.000000,0.000000,0.000000,0.084182,0.058137,,,,,,,,,,,,
180658,,,,,,,,,,,0.000000,0.000000,0.000000,0.000000,0.084182,0.058137,,,,,,,,,,,,
180670,,,,,,,,,,,0.000000,0.000000,0.000000,0.000000,0.084182,0.058137,,,,,,,,,,,,
180673,,,,,,,,,,,0.000000,0.000000,0.000000,0.000000,0.084182,0.058137,,,,,,,,,,,,
180678,,,,,,,,,,,0.000000,0.000000,0.000000,0.000000,0.084182,0.058137,,,,,,,,,,,,
180683,,,,,,,,,,,0.000000,0.000000,0.000000,0.000000,0.084182,0.058137,,,,,,,,,,,,
180688,,,,,,,,,,,0.000000,0.000000,0.000000,0.000000,0.084182,0.058137,,,,,,,,,,,,
180693,,,,,,,,,,,0.000000,0.000000,0.000000,0.000000,0.084182,0.058137,,,,,,,,,,,,
180698,,,,,,,,,,,0.000000,0.000000,0.000000,0.000000,0.084182,0.058137,,,,,,,,,,,,
180703,,,,,,,,,,,0.000000,0.000000,0.000000,0.000000,0.084182,0.058137,,,,,,,,,,,,
180708,,,,,,,,,,,0.000000,0.000000,0.000000,0.000000,0.084182,0.058137,,,,,,,,,,,,
180713,,,,,,,,,,,0.000000,0.000000,0.000000,0.000000,0.084182,0.058137,,,,,,,,,,,,
180718,,,,,,,,,,,0.000000,0.000000,0.000000,0.000000,0.084182,0.058137,,,,,,,,,,,,
180730,,,,,,,,,,,0.000000,0.000000,0.000000,0.000000,0.084182,0.058137,,,,,,,,,,,,
180733,,,,,,,,,,,0.000000,0.000000,0.000000,0.000000,0.084182,0.058137,,,,,,,,,,,,
180738,,,,,,,,,,,0.000000,0.000000,0.000000,0.000000,0.084182,0.058137,,,,,,,,,,,,
180743,,,,,,,,,,,0.000000,0.000000,0.000000,0.000000,0.084182,0.058137,,,,,,,,,,,,
180748,,,,,,,,,,,0.000000,0.000000,0.000000,0.000000,0.084182,0.058137,,,,,,,,,,,,
180753,,,,,,,,,,,0.000000,0.000000,0.000000,0.000000,0.084182,0.058137,,,,,,,,,,,,
180758,,,,,,,,,,,0.000000,0.000000,0.000000,0.000000,0.084182,0.058137,,,,,,,,,,,,
180763,,,,,,,,,,,0.000000,0.000000,0.000000,0.000000,0.084182,0.058137,,,,,,,,,,,,
180768,,,,,,,,,,,0.000000,0.000000,0.000000,0.000000,0.084182,0.058137,,,,,,,,,,,,
180773,,,,,,,,,,,0.000000,0.000000,0.000000,0.000000,0.084182,0.058137,,,,,,,,,,,,
180778,,,,,,,,,,,0.000000,0.000000,0.000000,0.000000,0.084182,0.058137,,,,,,,,,,,,
180790,,,,,,,,,,,0.000000,0.000000,0.000000,0.000000,0.084182,0.058137,,,,,,,,,,,,
180791,,,,,,,,,,,0.000000,0.000000,0.000000,0.000000,0.084182,0.058137,,,,,,,,,,,,
180793,,,,,,,,,,,0.000000,0.000000,0.000000,0.000000,0.084182,0.058137,,,,,,,,,,,,
180798,,,,,,,,,,,0.000000,0.000000,0.000000,0.000000,0.084182,0.058137,,,,,,,,,,,,
180803,,,,,,,,,,,0.000000,0.000000,0.000000,0.000000,0.084182,0.058137,,,,,,,,,,,,
180808,,,,,,,,,,,0.000000,0.000000,0.000000,0.000000,0.084182,0.058137,,,,,,,,,,,,
180813,,,,,,,,,,,0.000000,0.000000,0.000000,0.000000,0.084182,0.058137,,,,,,,,,,,,
180818,,,,,,,,,,,0.000000,0.000000,0.000000,0.000000,0.084182,0.058137,,,,,,,,,,,,
180823,,,,,,,,,,,0.000000,0.000000,0.000000,0.000000,0.084182,0.058137,,,,,,,,,,,,
180828,,,,,,,,,,,0.000000,0.000000,0.000000,0.000000,0.084182,0.058137,,,,,,,,,,,,
180833,,,,,,,,,,,0.000000,0.000000,0.000000,0.000000,0.084182,0.058137,,,,,,,,,,,,
180838,,,,,,,,,,,0.000000,0.000000,0.000000,0.000000,0.084182,0.058137,,,,,,,,,,,,
180851,,,,,,,,,,,0.000000,0.000000,0.000000,0.000000,0.084182,0.058137,,,,,,,,,,,,
180853,,,,,,,,,,,0.000000,0.000000,0.000000,0.000000,0.084182,0.058137,,,,,,,,,,,,
180858,,,,,,,,,,,0.000000,0.000000,0.000000,0.000000,0.084182,0.058137,,,,,,,,,,,,
180863,,,,,,,,,,,0.000000,0.000000,0.000000,0.000000,0.084182,0.058137,,,,,,,,,,,,
180868,,,,,,,,,,,0.000000,0.000000,0.000000,0.000000,0.084182,0.058137,,,,,,,,,,,,
180873,,,,,,,,,,,0.000000,0.000000,0.000000,0.000000,0.084182,0.058137,,,,,,,,,,,,
180878,,,,,,,,,,,0.000000,0.000000,0.000000,0.000000,0.084182,0.058137,,,,,,,,,,,,
180883,,,,,,,,,,,0.000000,0.000000,0.000000,0.000000,0.084182,0.058137,,,,,,,,,,,,
180888,,,,,,,,,,,0.000000,0.000000,0.000000,0.000000,0.084182,0.058137,,,,,,,,,,,,
180893,,,,,,,,,,,0.000000,0.000000,0.000000,0.000000,0.084182,0.058137,,,,,,,,,,,,
180898,,,,,,,,,,,0.000000,0.000000,0.000000,0.000000,0.084182,0.058137,,,,,,,,,,,,
180903,,,,,,,,,,,0.000000,0.000000,0.000000,0.000000,0.084182,0.058137,,,,,,,,,,,,
180908,,,,,,,,,,,0.000000,0.000000,0.000000,0.000000,0.084182,0.058137,,,,,,,,,,,,
180913,,,,,,,,,,,0.000000,0.000000,0.000000,0.000000,0.084182,0.058137,,,,,,,,,,,,
180918,,,,,,,,,,,0.000000,0.000000,0.000000,0.000000,0.084182,0.058137,,,,,,,,,,,,
180930,,,,,,,,,,,0.000000,0.000000,,,0.084182,0.058137,,,,,,,,,,,,
180931,,,,,,,,,,,0.000000,0.000000,0.000000,0.000000,0.084182,0.058137,,,,,,,,,,,,
180933,,,,,,,,,,,0.000000,0.000000,0.000000,0.000000,0.084182,0.058137,,,,,,,,,,,,
180938,,,,,,,,,,,0.000000,0.000000,0.000000,0.000000,0.084182,0.058137,,,,,,,,,,,,
180943,,,,,,,,,,,0.000000,0.000000,0.000000,0.000000,0.084182,0.058137,,,,,,,,,,,,
180948,,,,,,,,,,,0.000000,0.000000,0.000000,0.000000,0.084182,0.058137,,,,,,,,,,,,
180953,,,,,,,,,,,0.000000,0.000000,0.000000,0.000000,0.084182,0.058137,,,,,,,,,,,,
180958,,,,,,,,,,,0.000000,0.000000,0.000000,0.000000,0.084182,0.058137,,,,,,,,,,,,
180963,,,,,,,,,,,0.000000,0.000000,0.000000,0.000000,0.084182,0.058137,,,,,,,,,,,,
180968,,,,,,,,,,,0.000000,0.000000,0.000000,0.000000,0.084182,0.058137,,,,,,,,,,,,
180973,,,,,,,,,,,0.000000,0.000000,0.000000,0.000000,0.084182,0.058137,,,,,,,,,,,,
180978,,,,,,,,,,,0.000000,0.000000,0.000000,0.000000,0.084182,0.058137,,,,,,,,,,,,
181004,,,,,,,,,,,0.000000,0.000000,0.000000,0.000000,0.084182,0.058137,,,,,,,,,,,,
181008,,,,,,,,,,,0.000000,0.000000,0.000000,0.000000,0.084182,0.058137,,,,,,,,,,,,
181013,,,,,,,,,,,0.000000,0.000000,0.000000,0.000000,0.084182,0.058137,,,,,,,,,,,,
181018,,,,,,,,,,,0.000000,0.000000,0.000000,0.000000,0.084182,0.058137,,,,,,,,,,,,
181023,,,,,,,,,,,0.000000,0.000000,0.000000,0.000000,0.084182,0.058137,,,,,,,,,,,,
181028,,,,,,,,,,,0.000000,0.000000,0.000000,0.000000,0.084182,0.058137,,,,,,,,,,,,
181033,,,,,,,,,,,0.000000,0.000000,0.000000,0.000000,0.084182,0.058137,,,,,,,,,,,,
181038,,,,,,,,,,,0.000000,0.000000,0.000000,0.000000,0.084182,0.058137,,,,,,,,,,,,
181050,,,,,,,,,,,0.000000,0.000000,0.000000,0.000000,0.084182,0.058137,,,,,,,,,,,,
181053,,,,,,,,,,,0.000000,0.000000,0.000000,0.000000,0.084182,0.058137,,,,,,,,,,,,
181058,,,,,,,,,,,0.000000,0.000000,0.000000,0.000000,0.084182,0.058137,,,,,,,,,,,,
181063,,,,,,,,,,,0.000000,0.000000,0.000000,0.000000,0.084182,0.058137,,,,,,,,,,,,
181068,,,,,,,,,,,0.000000,0.000000,0.000000,0.000000,0.084182,0.058137,,,,,,,,,,,,
181073,,,,,,,,,,,0.000000,0.000000,0.000000,0.000000,0.084182,0.058137,,,,,,,,,,,,
181078,,,,,,,,,,,0.000000,0.000000,0.000000,0.000000,0.084182,0.058137,,,,,,,,,,,,
181083,,,,,,,,,,,0.000000,0.000000,0.000000,0.000000,0.084182,0.058137,,,,,,,,,,,,
181088,,,,,,,,,,,0.000000,0.000000,0.000000,0.000000,0.084182,0.058137,,,,,,,,,,,,
181093,,,,,,,,,,,0.000000,0.000000,0.000000,0.000000,0.084182,0.058137,,,,,,,,,,,,
181098,,,,,,,,,,,0.000000,0.000000,0.000000,0.000000,0.084182,0.058137,,,,,,,,,,,,
181103,,,,,,,,,,,0.000000,0.000000,0.000000,0.000000,0.084182,0.058137,,,,,,,,,,,,
181108,,,,,,,,,,,0.000000,0.000000,0.000000,0.000000,0.084182,0.058137,,,,,,,,,,,,
181113,,,,,,,,,,,0.000000,0.000000,0.000000,0.000000,0.084182,0.058137,,,,,,,,,,,,
181118,,,,,,,,,,,0.000000,0.000000,0.000000,0.000000,0.084182,0.058137,,,,,,,,,,,,
181130,,,,,,,,,,,0.000000,0.000000,0.000000,0.000000,0.084182,0.058137,,,,,,,,,,,,
181133,,,,,,,,,,,0.000000,0.000000,0.000000,0.000000,0.084182,0.058137,,,,,,,,,,,,
181138,,,,,,,,,,,0.000000,0.000000,0.000000,0.000000,0.084182,0.058137,,,,,,,,,,,,
181143,,,,,,,,,,,0.000000,0.000000,0.000000,0.000000,0.084182,0.058137,,,,,,,,,,,,
181148,,,,,,,,,,,0.000000,0.000000,0.000000,0.000000,0.084182,0.058137,,,,,,,,,,,,
181153,,,,,,,,,,,0.000000,0.000000,0.000000,0.000000,0.084182,0.058137,,,,,,,,,,,,
181158,,,,,,,,,,,0.000000,0.000000,0.000000,0.000000,0.084182,0.058137,,,,,,,,,,,,
181163,,,,,,,,,,,0.000000,0.000000,0.000000,0.000000,0.084182,0.058137,,,,,,,,,,,,
181168,,,,,,,,,,,0.000000,0.000000,0.000000,0.000000,0.084182,0.058137,,,,,,,,,,,,
181173,,,,,,,,,,,0.000000,0.000000,0.000000,0.000000,0.084182,0.058137,,,,,,,,,,,,
181178,,,,,,,,,,,0.000000,0.000000,0.000000,0.000000,0.084182,0.058137,,,,,,,,,,,,
181190,,,,,,,,,,,0.000000,0.000000,0.000000,0.000000,0.084182,0.058137,,,,,,,,,,,,
181191,,,,,,,,,,,0.000000,0.000000,0.000000,0.000000,0.084182,0.058137,,,,,,,,,,,,
181193,,,,,,,,,,,0.000000,0.000000,0.000000,0.000000,0.084182,0.058137,,,,,,,,,,,,
181198,,,,,,,,,,,0.000000,0.000000,0.000000,0.000000,0.084182,0.058137,,,,,,,,,,,,
181203,,,,,,,,,,,0.000000,0.000000,0.000000,0.000000,0.084182,0.058137,,,,,,,,,,,,
181208,,,,,,,,,,,0.000000,0.000000,0.000000,0.000000,0.084182,0.058137,,,,,,,,,,,,
181213,,,,,,,,,,,0.000000,0.000000,0.000000,0.000000,0.084182,0.058137,,,,,,,,,,,,
181218,,,,,,,,,,,0.000000,0.000000,0.000000,0.000000,0.084182,0.058137,,,,,,,,,,,,
181223,,,,,,,,,,,0.000000,0.000000,0.000000,0.000000,0.084182,0.058137,,,,,,,,,,,,
181228,,,,,,,,,,,0.000000,0.000000,0.000000,0.000000,0.084182,0.058137,,,,,,,,,,,,
181233,,,,,,,,,,,0.000000,0.000000,0.000000,0.000000,0.084182,0.058137,,,,,,,,,,,,
181238,,,,,,,,,,,0.000000,0.000000,0.000000,0.000000,0.084182,0.058137,,,,,,,,,,,,
181250,,,,,,,,,,,0.000000,0.000000,0.000000,0.000000,0.084182,0.058137,,,,,,,,,,,,
181253,,,,,,,,,,,0.000000,0.000000,0.000000,0.000000,0.084182,0.058137,,,,,,,,,,,,
181258,,,,,,,,,,,0.000000,0.000000,0.000000,0.000000,0.084182,0.058137,,,,,,,,,,,,
181263,,,,,,,,,,,0.000000,0.000000,0.000000,0.000000,0.084182,0.058137,,,,,,,,,,,,
181268,,,,,,,,,,,0.000000,0.000000,0.000000,0.000000,0.084182,0.058137,,,,,,,,,,,,
181273,,,,,,,,,,,0.000000,0.000000,0.000000,0.000000,0.084182,0.058137,,,,,,,,,,,,
181278,,,,,,,,,,,0.000000,0.000000,0.000000,0.000000,0.084182,0.058137,,,,,,,,,,,,
181283,,,,,,,,,,,0.000000,0.000000,0.000000,0.000000,0.084182,0.058137,,,,,,,,,,,,
181288,,,,,,,,,,,0.000000,0.000000,0.000000,0.000000,0.084182,0.058137,,,,,,,,,,,,
181293,,,,,,,,,,,0.000000,0.000000,0.000000,0.000000,0.084182,0.058137,,,,,,,,,,,,
181298,,,,,,,,,,,0.000000,0.000000,0.000000,0.000000,0.084182,0.058137,,,,,,,,,,,,
181314,,,,,,,,,,,0.000000,0.000000,0.000000,0.000000,0.084182,0.058137,,,,,,,,,,,,
181318,,,,,,,,,,,0.000000,0.000000,0.000000,0.000000,0.084182,0.058137,,,,,,,,,,,,
181323,,,,,,,,,,,0.000000,0.000000,0.000000,0.000000,0.084182,0.058137,,,,,,,,,,,,
181328,,,,,,,,,,,0.000000,0.000000,0.000000,0.000000,0.084182,0.058137,,,,,,,,,,,,
181333,,,,,,,,,,,0.000000,0.000000,0.000000,0.000000,0.084182,0.058137,,,,,,,,,,,,
181338,,,,,,,,,,,0.000000,0.000000,0.000000,0.000000,0.084182,0.058137,,,,,,,,,,,,
181343,,,,,,,,,,,0.000000,0.000000,0.000000,0.000000,0.084182,0.058137,,,,,,,,,,,,
181348,,,,,,,,,,,0.000000,0.000000,0.000000,0.000000,0.084182,0.058137,,,,,,,,,,,,
181353,,,,,,,,,,,0.000000,0.000000,0.000000,0.000000,0.084182,0.058137,,,,,,,,,,,,
181358,,,,,,,,,,,0.000000,0.000000,0.000000,0.000000,0.084182,0.058137,,,,,,,,,,,,
181363,,,,,,,,,,,0.000000,0.000000,0.000000,0.000000,0.084182,0.058137,,,,,,,,,,,,
181368,,,,,,,,,,,0.000000,0.000000,0.000000,0.000000,0.084182,0.058137,,,,,,,,,,,,
181373,,,,,,,,,,,0.000000,0.000000,0.000000,0.000000,0.084182,0.058137,,,,,,,,,,,,
181378,,,,,,,,,,,0.000000,0.000000,0.000000,0.000000,0.084182,0.058137,,,,,,,,,,,,
181390,,,,,,,,,,,0.000000,0.000000,0.000000,0.000000,0.084182,0.058137,,,,,,,,,,,,
181391,,,,,,,,,,,,,0.000000,0.000000,0.084182,0.058137,,,,,,,,,,,,
181393,,,,,,,,,,,0.000000,0.000000,0.000000,0.000000,0.084182,0.058137,,,,,,,,,,,,
181398,,,,,,,,,,,0.000000,0.000000,0.000000,0.000000,0.084182,0.058137,,,,,,,,,,,,
181403,,,,,,,,,,,0.000000,0.000000,0.000000,0.000000,0.084182,0.058137,,,,,,,,,,,,
181408,,,,,,,,,,,0.000000,0.000000,0.000000,0.000000,0.084182,0.058137,,,,,,,,,,,,
181413,,,,,,,,,,,0.000000,0.000000,0.000000,0.000000,0.084182,0.058137,,,,,,,,,,,,
181418,,,,,,,,,,,0.000000,0.000000,0.000000,0.000000,0.084182,0.058137,,,,,,,,,,,,
181423,,,,,,,,,,,0.000000,0.000000,0.000000,0.000000,0.084182,0.058137,,,,,,,,,,,,
181428,,,,,,,,,,,0.000000,0.000000,0.000000,0.000000,0.084182,0.058137,,,,,,,,,,,,
181433,,,,,,,,,,,0.000000,0.000000,0.000000,0.000000,0.084182,0.058137,,,,,,,,,,,,
181438,,,,,,,,,,,0.000000,0.000000,0.000000,0.000000,0.084182,0.058137,,,,,,,,,,,,
181450,,,,,,,,,,,0.000000,0.000000,0.000000,0.000000,0.084182,0.058137,,,,,,,,,,,,
181453,,,,,,,,,,,0.000000,0.000000,0.000000,0.000000,0.084182,0.058137,,,,,,,,,,,,
181458,,,,,,,,,,,0.000000,0.000000,0.000000,0.000000,0.084182,0.058137,,,,,,,,,,,,
181463,,,,,,,,,,,0.000000,0.000000,0.000000,0.000000,0.084182,0.058137,,,,,,,,,,,,
181468,,,,,,,,,,,0.000000,0.000000,0.000000,0.000000,0.084182,0.058137,,,,,,,,,,,,
181473,,,,,,,,,,,0.000000,0.000000,0.000000,0.000000,0.084182,0.058137,,,,,,,,,,,,
181478,,,,,,,,,,,0.000000,0.000000,0.000000,0.000000,0.084182,0.058137,,,,,,,,,,,,
181483,,,,,,,,,,,0.000000,0.000000,0.000000,0.000000,0.084182,0.058137,,,,,,,,,,,,
181488,,,,,,,,,,,0.000000,0.000000,0.000000,0.000000,0.084182,0.058137,,,,,,,,,,,,
181493,,,,,,,,,,,0.000000,0.000000,0.000000,0.000000,0.084182,0.058137,,,,,,,,,,,,
181498,,,,,,,,,,,0.000000,0.000000,0.000000,0.000000,0.084182,0.058137,,,,,,,,,,,,
181510,,,,,,,,,,,0.000000,0.000000,0.000000,0.000000,0.084182,0.058137,,,,,,,,,,,,
181513,,,,,,,,,,,0.000000,0.000000,0.000000,0.000000,0.084182,0.058137,,,,,,,,,,,,
181518,,,,,,,,,,,0.000000,0.000000,0.000000,0.000000,0.084182,0.058137,,,,,,,,,,,,
181523,,,,,,,,,,,0.000000,0.000000,0.000000,0.000000,0.084182,0.058137,,,,,,,,,,,,
181528,,,,,,,,,,,0.000000,0.000000,0.000000,0.000000,0.084182,0.058137,,,,,,,,,,,,
181533,,,,,,,,,,,0.000000,0.000000,0.000000,0.000000,0.084182,0.058137,,,,,,,,,,,,
181538,,,,,,,,,,,0.000000,0.000000,0.000000,0.000000,0.084182,0.058137,,,,,,,,,,,,
181543,,,,,,,,,,,0.000000,0.000000,0.000000,0.000000,0.084182,0.058137,,,,,,,,,,,,
181548,,,,,,,,,,,0.000000,0.000000,0.000000,0.000000,0.084182,0.058137,,,,,,,,,,,,
181553,,,,,,,,,,,0.000000,0.000000,0.000000,0.000000,0.084182,0.058137,,,,,,,,,,,,
181558,,,,,,,,,,,0.000000,0.000000,0.000000,0.000000,0.084182,0.058137,,,,,,,,,,,,
181563,,,,,,,,,,,0.000000,0.000000,0.000000,0.000000,0.084182,0.058137,,,,,,,,,,,,
181568,,,,,,,,,,,0.000000,0.000000,0.000000,0.000000,0.084182,0.058137,,,,,,,,,,,,
181573,,,,,,,,,,,0.000000,0.000000,0.000000,0.000000,0.084182,0.058137,,,,,,,,,,,,
181578,,,,,,,,,,,0.000000,0.000000,0.000000,0.000000,0.084182,0.058137,,,,,,,,,,,,
181590,,,,,,,,,,,0.000000,0.000000,0.000000,0.000000,0.084182,0.058137,,,,,,,,,,,,
181593,,,,,,,,,,,0.000000,0.000000,0.000000,0.000000,0.084182,0.058137,,,,,,,,,,,,
181598,,,,,,,,,,,0.000000,0.000000,0.000000,0.000000,0.084182,0.058137,,,,,,,,,,,,
181603,,,,,,,,,,,0.000000,0.000000,0.000000,0.000000,0.084182,0.058137,,,,,,,,,,,,
181608,,,,,,,,,,,0.000000,0.000000,0.000000,0.000000,0.084182,0.058137,,,,,,,,,,,,
181613,,,,,,,,,,,0.000000,0.000000,0.000000,0.000000,0.084182,0.058137,,,,,,,,,,,,
181618,,,,,,,,,,,0.000000,0.000000,0.000000,0.000000,0.084182,0.058137,,,,,,,,,,,,
181623,,,,,,,,,,,0.000000,0.000000,0.000000,0.000000,0.084182,0.058137,,,,,,,,,,,,
181628,,,,,,,,,,,0.000000,0.000000,0.000000,0.000000,0.084182,0.058137,,,,,,,,,,,,
181633,,,,,,,,,,,0.000000,0.000000,0.000000,0.000000,0.084182,0.058137,,,,,,,,,,,,
181638,,,,,,,,,,,0.000000,0.000000,0.000000,0.000000,0.084182,0.058137,,,,,,,,,,,,
181650,,,,,,,,,,,0.000000,0.000000,0.000000,0.000000,0.084182,0.058137,,,,,,,,,,,,
181653,,,,,,,,,,,0.000000,0.000000,0.000000,0.000000,0.084182,0.058137,,,,,,,,,,,,
181658,,,,,,,,,,,0.000000,0.000000,0.000000,0.000000,0.084182,0.058137,,,,,,,,,,,,
181663,,,,,,,,,,,0.000000,0.000000,0.000000,0.000000,0.084182,0.058137,,,,,,,,,,,,
181668,,,,,,,,,,,0.000000,0.000000,0.000000,0.000000,0.084182,0.058137,,,,,,,,,,,,
181673,,,,,,,,,,,0.000000,0.000000,0.000000,0.000000,0.084182,0.058137,,,,,,,,,,,,
181678,,,,,,,,,,,0.000000,0.000000,0.000000,0.000000,0.084182,0.058137,,,,,,,,,,,,
181683,,,,,,,,,,,0.000000,0.000000,0.000000,0.000000,0.084182,0.058137,,,,,,,,,,,,
181688,,,,,,,,,,,0.000000,0.000000,0.000000,0.000000,0.084182,0.058137,,,,,,,,,,,,
181693,,,,,,,,,,,0.000000,0.000000,0.000000,0.000000,0.084182,0.058137,,,,,,,,,,,,
181698,,,,,,,,,,,0.000000,0.000000,0.000000,0.000000,0.084182,0.058137,,,,,,,,,,,,
181711,,,,,,,,,,,0.000000,0.000000,0.000000,0.000000,0.084182,0.058137,,,,,,,,,,,,
181713,,,,,,,,,,,0.000000,0.000000,0.000000,0.000000,0.084182,0.058137,,,,,,,,,,,,
181718,,,,,,,,,,,0.000000,0.000000,0.000000,0.000000,0.084182,0.058137,,,,,,,,,,,,
181723,,,,,,,,,,,0.000000,0.000000,0.000000,0.000000,0.084182,0.058137,,,,,,,,,,,,
181728,,,,,,,,,,,0.000000,0.000000,0.000000,0.000000,0.084182,0.058137,,,,,,,,,,,,
181733,,,,,,,,,,,0.000000,0.000000,0.000000,0.000000,0.084182,0.058137,,,,,,,,,,,,
181738,,,,,,,,,,,0.000000,0.000000,0.000000,0.000000,0.084182,0.058137,,,,,,,,,,,,
181743,,,,,,,,,,,0.000000,0.000000,0.000000,0.000000,0.084182,0.058137,,,,,,,,,,,,
181748,,,,,,,,,,,0.000000,0.000000,0.000000,0.000000,0.084182,0.058137,,,,,,,,,,,,
181753,,,,,,,,,,,0.000000,0.000000,0.000000,0.000000,0.084182,0.058137,,,,,,,,,,,,
181758,,,,,,,,,,,0.000000,0.000000,0.000000,0.000000,0.084182,0.058137,,,,,,,,,,,,
181770,,,,,,,,,,,0.000000,0.000000,0.000000,0.000000,0.084182,0.058137,,,,,,,,,,,,
181771,,,,,,,,,,,0.000000,0.000000,0.000000,0.000000,0.084182,0.058137,,,,,,,,,,,,
181773,,,,,,,,,,,0.000000,0.000000,0.000000,0.000000,0.084182,0.058137,,,,,,,,,,,,
181778,,,,,,,,,,,0.000000,0.000000,0.000000,0.000000,0.084182,0.058137,,,,,,,,,,,,
181783,,,,,,,,,,,0.000000,0.000000,0.000000,0.000000,0.084182,0.058137,,,,,,,,,,,,
181788,,,,,,,,,,,0.000000,0.000000,0.000000,0.000000,0.084182,0.058137,,,,,,,,,,,,
181793,,,,,,,,,,,0.000000,0.000000,0.000000,0.000000,0.084182,0.058137,,,,,,,,,,,,
181798,,,,,,,,,,,0.000000,0.000000,0.000000,0.000000,0.084182,0.058137,,,,,,,,,,,,
181803,,,,,,,,,,,0.000000,0.000000,0.000000,0.000000,0.084182,0.058137,,,,,,,,,,,,
181808,,,,,,,,,,,0.000000,0.000000,0.000000,0.000000,0.084182,0.058137,,,,,,,,,,,,
181813,,,,,,,,,,,0.000000,0.000000,0.000000,0.000000,0.084182,0.058137,,,,,,,,,,,,
181818,,,,,,,,,,,0.000000,0.000000,0.000000,0.000000,0.084182,0.058137,,,,,,,,,,,,
181823,,,,,,,,,,,0.000000,0.000000,0.000000,0.000000,0.084182,0.058137,,,,,,,,,,,,
181828,,,,,,,,,,,0.000000,0.000000,0.000000,0.000000,0.084182,0.058137,,,,,,,,,,,,
181833,,,,,,,,,,,0.000000,0.000000,0.000000,0.000000,0.084182,0.058137,,,,,,,,,,,,
181838,,,,,,,,,,,0.000000,0.000000,0.000000,0.000000,0.084182,0.058137,,,,,,,,,,,,
181850,,,,,,,,,,,0.000000,0.000000,,,0.084182,0.058137,,,,,,,,,,,,
181851,,,,,,,,,,,0.000000,0.000000,0.000000,0.000000,0.084182,0.058137,,,,,,,,,,,,
181853,,,,,,,,,,,0.000000,0.000000,0.000000,0.000000,0.084182,0.058137,,,,,,,,,,,,
181858,,,,,,,,,,,0.000000,0.000000,0.000000,0.000000,0.084182,0.058137,,,,,,,,,,,,
181863,,,,,,,,,,,0.000000,0.000000,0.000000,0.000000,0.084182,0.058137,,,,,,,,,,,,
181868,,,,,,,,,,,0.000000,0.000000,0.000000,0.000000,0.084182,0.058137,,,,,,,,,,,,
181873,,,,,,,,,,,0.000000,0.000000,0.000000,0.000000,0.084182,0.058137,,,,,,,,,,,,
181878,,,,,,,,,,,0.000000,0.000000,0.000000,0.000000,0.084182,0.058137,,,,,,,,,,,,
181883,,,,,,,,,,,0.000000,0.000000,0.000000,0.000000,0.084182,0.058137,,,,,,,,,,,,
181888,,,,,,,,,,,0.000000,0.000000,0.000000,0.000000,0.084182,0.058137,,,,,,,,,,,,
181893,,,,,,,,,,,0.000000,0.000000,0.000000,0.000000,0.084182,0.058137,,,,,,,,,,,,
181898,,,,,,,,,,,0.000000,0.000000,0.000000,0.000000,0.084182,0.058137,,,,,,,,,,,,
181910,,,,,,,,,,,0.000000,0.000000,0.000000,0.000000,0.084182,0.058137,,,,,,,,,,,,
181911,,,,,,,,,,,0.000000,0.000000,0.000000,0.000000,0.084182,0.058137,,,,,,,,,,,,
181913,,,,,,,,,,,0.000000,0.000000,0.000000,0.000000,0.084182,0.058137,,,,,,,,,,,,
181918,,,,,,,,,,,0.000000,0.000000,0.000000,0.000000,0.084182,0.058137,,,,,,,,,,,,
181923,,,,,,,,,,,0.000000,0.000000,0.000000,0.000000,0.084182,0.058137,,,,,,,,,,,,
181928,,,,,,,,,,,0.000000,0.000000,0.000000,0.000000,0.084182,0.058137,,,,,,,,,,,,
181933,,,,,,,,,,,0.000000,0.000000,0.000000,0.000000,0.084182,0.058137,,,,,,,,,,,,
181938,,,,,,,,,,,0.000000,0.000000,0.000000,0.000000,0.084182,0.058137,,,,,,,,,,,,
181943,,,,,,,,,,,0.000000,0.000000,0.000000,0.000000,0.084182,0.058137,,,,,,,,,,,,
181948,,,,,,,,,,,0.000000,0.000000,0.000000,0.000000,0.084182,0.058137,,,,,,,,,,,,
181953,,,,,,,,,,,0.000000,0.000000,0.000000,0.000000,0.084182,0.058137,,,,,,,,,,,,
181958,,,,,,,,,,,0.000000,0.000000,0.000000,0.000000,0.084182,0.058137,,,,,,,,,,,,
181970,,,,,,,,,,,0.000000,0.000000,0.000000,0.000000,0.084182,0.058137,,,,,,,,,,,,
181973,,,,,,,,,,,0.000000,0.000000,0.000000,0.000000,0.084182,0.058137,,,,,,,,,,,,
181978,,,,,,,,,,,0.000000,0.000000,0.000000,0.000000,0.084182,0.058137,,,,,,,,,,,,
181983,,,,,,,,,,,0.000000,0.000000,0.000000,0.000000,0.084182,0.058137,,,,,,,,,,,,
181988,,,,,,,,,,,0.000000,0.000000,0.000000,0.000000,0.084182,0.058137,,,,,,,,,,,,
181993,,,,,,,,,,,0.000000,0.000000,0.000000,0.000000,0.084182,0.058137,,,,,,,,,,,,
181998,,,,,,,,,,,0.000000,0.000000,0.000000,0.000000,0.084182,0.058137,,,,,,,,,,,,
182003,,,,,,,,,,,0.000000,0.000000,0.000000,0.000000,0.084182,0.058137,,,,,,,,,,,,
182008,,,,,,,,,,,0.000000,0.000000,0.000000,0.000000,0.084182,0.058137,,,,,,,,,,,,
182013,,,,,,,,,,,0.000000,0.000000,0.000000,0.000000,0.084182,0.058137,,,,,,,,,,,,
182018,,,,,,,,,,,0.000000,0.000000,0.000000,0.000000,0.084182,0.058137,,,,,,,,,,,,
182030,,,,,,,,,,,0.000000,0.000000,0.000000,0.000000,0.084182,0.058137,,,,,,,,,,,,
182033,,,,,,,,,,,0.000000,0.000000,0.000000,0.000000,0.084182,0.058137,,,,,,,,,,,,
182038,,,,,,,,,,,0.000000,0.000000,0.000000,0.000000,0.084182,0.058137,,,,,,,,,,,,
182043,,,,,,,,,,,0.000000,0.000000,0.000000,0.000000,0.084182,0.058137,,,,,,,,,,,,
182048,,,,,,,,,,,0.000000,0.000000,0.000000,0.000000,0.084182,0.058137,,,,,,,,,,,,
182053,,,,,,,,,,,0.000000,0.000000,0.000000,0.000000,0.084182,0.058137,,,,,,,,,,,,
182058,,,,,,,,,,,0.000000,0.000000,0.000000,0.000000,0.084182,0.058137,,,,,,,,,,,,
182063,,,,,,,,,,,0.000000,0.000000,0.000000,0.000000,0.084182,0.058137,,,,,,,,,,,,
182068,,,,,,,,,,,0.000000,0.000000,0.000000,0.000000,0.084182,0.058137,,,,,,,,,,,,
182073,,,,,,,,,,,0.000000,0.000000,0.000000,0.000000,0.084182,0.058137,,,,,,,,,,,,
182078,,,,,,,,,,,0.000000,0.000000,0.000000,0.000000,0.084182,0.058137,,,,,,,,,,,,
182083,,,,,,,,,,,0.000000,0.000000,0.000000,0.000000,0.084182,0.058137,,,,,,,,,,,,
182088,,,,,,,,,,,0.000000,0.000000,0.000000,0.000000,0.084182,0.058137,,,,,,,,,,,,
182093,,,,,,,,,,,0.000000,0.000000,0.000000,0.000000,0.084182,0.058137,,,,,,,,,,,,
182098,,,,,,,,,,,0.000000,0.000000,0.000000,0.000000,0.084182,0.058137,,,,,,,,,,,,
182110,,,,,,,,,,,0.000000,0.000000,0.000000,0.000000,0.084182,0.058137,,,,,,,,,,,,
182113,,,,,,,,,,,0.000000,0.000000,0.000000,0.000000,0.084182,0.058137,,,,,,,,,,,,
182118,,,,,,,,,,,0.000000,0.000000,0.000000,0.000000,0.084182,0.058137,,,,,,,,,,,,
182123,,,,,,,,,,,0.000000,0.000000,0.000000,0.000000,0.084182,0.058137,,,,,,,,,,,,
182128,,,,,,,,,,,0.000000,0.000000,0.000000,0.000000,0.084182,0.058137,,,,,,,,,,,,
182133,,,,,,,,,,,0.000000,0.000000,0.000000,0.000000,0.084182,0.058137,,,,,,,,,,,,
182138,,,,,,,,,,,0.000000,0.000000,0.000000,0.000000,0.084182,0.058137,,,,,,,,,,,,
182143,,,,,,,,,,,0.000000,0.000000,0.000000,0.000000,0.084182,0.058137,,,,,,,,,,,,
182148,,,,,,,,,,,0.000000,0.000000,0.000000,0.000000,0.084182,0.058137,,,,,,,,,,,,
182153,,,,,,,,,,,0.000000,0.000000,0.000000,0.000000,0.084182,0.058137,,,,,,,,,,,,
182158,,,,,,,,,,,0.000000,0.000000,0.000000,0.000000,0.084182,0.058137,,,,,,,,,,,,
182170,,,,,,,,,,,0.000000,0.000000,0.000000,0.000000,0.084182,0.058137,,,,,,,,,,,,
182173,,,,,,,,,,,0.000000,0.000000,0.000000,0.000000,0.084182,0.058137,,,,,,,,,,,,
182178,,,,,,,,,,,0.000000,0.000000,0.000000,0.000000,0.084182,0.058137,,,,,,,,,,,,
182183,,,,,,,,,,,0.000000,0.000000,0.000000,0.000000,0.084182,0.058137,,,,,,,,,,,,
182188,,,,,,,,,,,0.000000,0.000000,0.000000,0.000000,0.084182,0.058137,,,,,,,,,,,,
182193,,,,,,,,,,,0.000000,0.000000,0.000000,0.000000,0.084182,0.058137,,,,,,,,,,,,
182198,,,,,,,,,,,0.000000,0.000000,0.000000,0.000000,0.084182,0.058137,,,,,,,,,,,,
182203,,,,,,,,,,,0.000000,0.000000,0.000000,0.000000,0.084182,0.058137,,,,,,,,,,,,
182208,,,,,,,,,,,0.000000,0.000000,0.000000,0.000000,0.084182,0.058137,,,,,,,,,,,,
182213,,,,,,,,,,,0.000000,0.000000,0.000000,0.000000,0.084182,0.058137,,,,,,,,,,,,
182218,,,,,,,,,,,0.000000,0.000000,0.000000,0.000000,0.084182,0.058137,,,,,,,,,,,,
182231,,,,,,,,,,,0.000000,0.000000,0.000000,0.000000,0.084182,0.058137,,,,,,,,,,,,
182233,,,,,,,,,,,0.000000,0.000000,0.000000,0.000000,0.084182,0.058137,,,,,,,,,,,,
182238,,,,,,,,,,,0.000000,0.000000,0.000000,0.000000,0.084182,0.058137,,,,,,,,,,,,
182243,,,,,,,,,,,0.000000,0.000000,0.000000,0.000000,0.084182,0.058137,,,,,,,,,,,,
182248,,,,,,,,,,,0.000000,0.000000,0.000000,0.000000,0.084182,0.058137,,,,,,,,,,,,
182253,,,,,,,,,,,0.000000,0.000000,0.000000,0.000000,0.084182,0.058137,,,,,,,,,,,,
182258,,,,,,,,,,,0.000000,0.000000,0.000000,0.000000,0.084182,0.058137,,,,,,,,,,,,
182263,,,,,,,,,,,0.000000,0.000000,0.000000,0.000000,0.084182,0.058137,,,,,,,,,,,,
182268,,,,,,,,,,,0.000000,0.000000,0.000000,0.000000,0.084182,0.058137,,,,,,,,,,,,
182273,,,,,,,,,,,0.000000,0.000000,0.000000,0.000000,0.084182,0.058137,,,,,,,,,,,,
182278,,,,,,,,,,,0.000000,0.000000,0.000000,0.000000,0.084182,0.058137,,,,,,,,,,,,
182283,,,,,,,,,,,0.000000,0.000000,0.000000,0.000000,0.084182,0.058137,,,,,,,,,,,,
182288,,,,,,,,,,,0.000000,0.000000,0.000000,0.000000,0.084182,0.058137,,,,,,,,,,,,
182293,,,,,,,,,,,0.000000,0.000000,0.000000,0.000000,0.084182,0.058137,,,,,,,,,,,,
182298,,,,,,,,,,,0.000000,0.000000,0.000000,0.000000,0.084182,0.058137,,,,,,,,,,,,
182310,,,,,,,,,,,0.000000,0.000000,0.000000,0.000000,0.084182,0.058137,,,,,,,,,,,,
182313,,,,,,,,,,,0.000000,0.000000,0.000000,0.000000,0.084182,0.058137,,,,,,,,,,,,
182318,,,,,,,,,,,0.000000,0.000000,0.000000,0.000000,0.084182,0.058137,,,,,,,,,,,,
182323,,,,,,,,,,,0.000000,0.000000,0.000000,0.000000,0.084182,0.058137,,,,,,,,,,,,
182328,,,,,,,,,,,0.000000,0.000000,0.000000,0.000000,0.084182,0.058137,,,,,,,,,,,,
182333,,,,,,,,,,,0.000000,0.000000,0.000000,0.000000,0.084182,0.058137,,,,,,,,,,,,
182338,,,,,,,,,,,0.000000,0.000000,0.000000,0.000000,0.084182,0.058137,,,,,,,,,,,,
182343,,,,,,,,,,,0.000000,0.000000,0.000000,0.000000,0.084182,0.058137,,,,,,,,,,,,
182348,,,,,,,,,,,0.000000,0.000000,0.000000,0.000000,0.084182,0.058137,,,,,,,,,,,,
182353,,,,,,,,,,,0.000000,0.000000,0.000000,0.000000,0.084182,0.058137,,,,,,,,,,,,
182358,,,,,,,,,,,0.000000,0.000000,0.000000,0.000000,0.084182,0.058137,,,,,,,,,,,,
182370,,,,,,,,,,,0.000000,0.000000,0.000000,0.000000,0.084182,0.058137,,,,,,,,,,,,
182371,,,,,,,,,,,,,0.000000,0.000000,0.084182,0.058137,,,,,,,,,,,,
182373,,,,,,,,,,,0.000000,0.000000,0.000000,0.000000,0.084182,0.058137,,,,,,,,,,,,
182378,,,,,,,,,,,0.000000,0.000000,0.000000,0.000000,0.084182,0.058137,,,,,,,,,,,,
182383,,,,,,,,,,,0.000000,0.000000,0.000000,0.000000,0.084182,0.058137,,,,,,,,,,,,
182388,,,,,,,,,,,0.000000,0.000000,0.000000,0.000000,0.084182,0.058137,,,,,,,,,,,,
182393,,,,,,,,,,,0.000000,0.000000,0.000000,0.000000,0.084182,0.058137,,,,,,,,,,,,
182398,,,,,,,,,,,0.000000,0.000000,0.000000,0.000000,0.084182,0.058137,,,,,,,,,,,,
182403,,,,,,,,,,,0.000000,0.000000,0.000000,0.000000,0.084182,0.058137,,,,,,,,,,,,
182408,,,,,,,,,,,0.000000,0.000000,0.000000,0.000000,0.084182,0.058137,,,,,,,,,,,,
182413,,,,,,,,,,,0.000000,0.000000,0.000000,0.000000,0.084182,0.058137,,,,,,,,,,,,
182418,,,,,,,,,,,0.000000,0.000000,0.000000,0.000000,0.084182,0.058137,,,,,,,,,,,,
182430,,,,,,,,,,,0.000000,0.000000,0.000000,0.000000,0.084182,0.058137,,,,,,,,,,,,
182433,,,,,,,,,,,0.000000,0.000000,0.000000,0.000000,0.084182,0.058137,,,,,,,,,,,,
182438,,,,,,,,,,,0.000000,0.000000,0.000000,0.000000,0.084182,0.058137,,,,,,,,,,,,
182443,,,,,,,,,,,0.000000,0.000000,0.000000,0.000000,0.084182,0.058137,,,,,,,,,,,,
182448,,,,,,,,,,,0.000000,0.000000,0.000000,0.000000,0.084182,0.058137,,,,,,,,,,,,
182453,,,,,,,,,,,0.000000,0.000000,0.000000,0.000000,0.084182,0.058137,,,,,,,,,,,,
182458,,,,,,,,,,,0.000000,0.000000,0.000000,0.000000,0.084182,0.058137,,,,,,,,,,,,
182463,,,,,,,,,,,0.000000,0.000000,0.000000,0.000000,0.084182,0.058137,,,,,,,,,,,,
182468,,,,,,,,,,,0.000000,0.000000,0.000000,0.000000,0.084182,0.058137,,,,,,,,,,,,
182473,,,,,,,,,,,0.000000,0.000000,0.000000,0.000000,0.084182,0.058137,,,,,,,,,,,,
182478,,,,,,,,,,,0.000000,0.000000,0.000000,0.000000,0.084182,0.058137,,,,,,,,,,,,
182490,,,,,,,,,,,0.000000,0.000000,0.000000,0.000000,0.084182,0.058137,,,,,,,,,,,,
182493,,,,,,,,,,,0.000000,0.000000,0.000000,0.000000,0.084182,0.058137,,,,,,,,,,,,
182498,,,,,,,,,,,0.000000,0.000000,0.000000,0.000000,0.084182,0.058137,,,,,,,,,,,,
182503,,,,,,,,,,,0.000000,0.000000,0.000000,0.000000,0.084182,0.058137,,,,,,,,,,,,
182508,,,,,,,,,,,0.000000,0.000000,0.000000,0.000000,0.084182,0.058137,,,,,,,,,,,,
182513,,,,,,,,,,,0.000000,0.000000,0.000000,0.000000,0.084182,0.058137,,,,,,,,,,,,
182518,,,,,,,,,,,0.000000,0.000000,0.000000,0.000000,0.084182,0.058137,,,,,,,,,,,,
182523,,,,,,,,,,,0.000000,0.000000,0.000000,0.000000,0.084182,0.058137,,,,,,,,,,,,
182528,,,,,,,,,,,0.000000,0.000000,0.000000,0.000000,0.084182,0.058137,,,,,,,,,,,,
182533,,,,,,,,,,,0.000000,0.000000,0.000000,0.000000,0.084182,0.058137,,,,,,,,,,,,
182538,,,,,,,,,,,0.000000,0.000000,0.000000,0.000000,0.084182,0.058137,,,,,,,,,,,,
182543,,,,,,,,,,,0.000000,0.000000,0.000000,0.000000,0.084182,0.058137,,,,,,,,,,,,
182548,,,,,,,,,,,0.000000,0.000000,0.000000,0.000000,0.084182,0.058137,,,,,,,,,,,,
182553,,,,,,,,,,,0.000000,0.000000,0.000000,0.000000,0.084182,0.058137,,,,,,,,,,,,
182558,,,,,,,,,,,0.000000,0.000000,0.000000,0.000000,0.084182,0.058137,,,,,,,,,,,,
182570,,,,,,,,,,,0.000000,0.000000,0.000000,0.000000,0.084182,0.058137,,,,,,,,,,,,
182573,,,,,,,,,,,0.000000,0.000000,0.000000,0.000000,0.084182,0.058137,,,,,,,,,,,,
182578,,,,,,,,,,,0.000000,0.000000,0.000000,0.000000,0.084182,0.058137,,,,,,,,,,,,
182583,,,,,,,,,,,0.000000,0.000000,0.000000,0.000000,0.084182,0.058137,,,,,,,,,,,,
182588,,,,,,,,,,,0.000000,0.000000,0.000000,0.000000,0.084182,0.058137,,,,,,,,,,,,
182593,,,,,,,,,,,0.000000,0.000000,0.000000,0.000000,0.084182,0.058137,,,,,,,,,,,,
182598,,,,,,,,,,,0.000000,0.000000,0.000000,0.000000,0.084182,0.058137,,,,,,,,,,,,
182603,,,,,,,,,,,0.000000,0.000000,0.000000,0.000000,0.084182,0.058137,,,,,,,,,,,,
182608,,,,,,,,,,,0.000000,0.000000,0.000000,0.000000,0.084182,0.058137,,,,,,,,,,,,
182613,,,,,,,,,,,0.000000,0.000000,0.000000,0.000000,0.084182,0.058137,,,,,,,,,,,,
182618,,,,,,,,,,,0.000000,0.000000,0.000000,0.000000,0.084182,0.058137,,,,,,,,,,,,
182630,,,,,,,,,,,0.000000,0.000000,0.000000,0.000000,0.084182,0.058137,,,,,,,,,,,,
182633,,,,,,,,,,,0.000000,0.000000,0.000000,0.000000,0.084182,0.058137,,,,,,,,,,,,
182638,,,,,,,,,,,0.000000,0.000000,0.000000,0.000000,0.084182,0.058137,,,,,,,,,,,,
182643,,,,,,,,,,,0.000000,0.000000,0.000000,0.000000,0.084182,0.058137,,,,,,,,,,,,
182648,,,,,,,,,,,0.000000,0.000000,0.000000,0.000000,0.084182,0.058137,,,,,,,,,,,,
182653,,,,,,,,,,,0.000000,0.000000,0.000000,0.000000,0.084182,0.058137,,,,,,,,,,,,
182658,,,,,,,,,,,0.000000,0.000000,0.000000,0.000000,0.084182,0.058137,,,,,,,,,,,,
182663,,,,,,,,,,,0.000000,0.000000,0.000000,0.000000,0.084182,0.058137,,,,,,,,,,,,
182668,,,,,,,,,,,0.000000,0.000000,0.000000,0.000000,0.084182,0.058137,,,,,,,,,,,,
182673,,,,,,,,,,,0.000000,0.000000,0.000000,0.000000,0.084182,0.058137,,,,,,,,,,,,
182678,,,,,,,,,,,0.000000,0.000000,0.000000,0.000000,0.084182,0.058137,,,,,,,,,,,,
182690,,,,,,,,,,,0.000000,0.000000,0.000000,0.000000,0.084182,0.058137,,,,,,,,,,,,
182693,,,,,,,,,,,0.000000,0.000000,0.000000,0.000000,0.084182,0.058137,,,,,,,,,,,,
182698,,,,,,,,,,,0.000000,0.000000,0.000000,0.000000,0.084182,0.058137,,,,,,,,,,,,
182703,,,,,,,,,,,0.000000,0.000000,0.000000,0.000000,0.084182,0.058137,,,,,,,,,,,,
182708,,,,,,,,,,,0.000000,0.000000,0.000000,0.000000,0.084182,0.058137,,,,,,,,,,,,
182713,,,,,,,,,,,0.000000,0.000000,0.000000,0.000000,0.084182,0.058137,,,,,,,,,,,,
182718,,,,,,,,,,,0.000000,0.000000,0.000000,0.000000,0.084182,0.058137,,,,,,,,,,,,
182723,,,,,,,,,,,0.000000,0.000000,0.000000,0.000000,0.084182,0.058137,,,,,,,,,,,,
182728,,,,,,,,,,,0.000000,0.000000,0.000000,0.000000,0.084182,0.058137,,,,,,,,,,,,
182733,,,,,,,,,,,0.000000,0.000000,0.000000,0.000000,0.084182,0.058137,,,,,,,,,,,,
182738,,,,,,,,,,,0.000000,0.000000,0.000000,0.000000,0.084182,0.058137,,,,,,,,,,,,
182743,,,,,,,,,,,0.000000,0.000000,0.000000,0.000000,0.084182,0.058137,,,,,,,,,,,,
182748,,,,,,,,,,,0.000000,0.000000,0.000000,0.000000,0.084182,0.058137,,,,,,,,,,,,
182753,,,,,,,,,,,0.000000,0.000000,0.000000,0.000000,0.084182,0.058137,,,,,,,,,,,,
182758,,,,,,,,,,,0.000000,0.000000,0.000000,0.000000,0.084182,0.058137,,,,,,,,,,,,
182771,,,,,,,,,,,0.000000,0.000000,0.000000,0.000000,0.084182,0.058137,,,,,,,,,,,,
182773,,,,,,,,,,,0.000000,0.000000,0.000000,0.000000,0.084182,0.058137,,,,,,,,,,,,
182778,,,,,,,,,,,0.000000,0.000000,0.000000,0.000000,0.084182,0.058137,,,,,,,,,,,,
182783,,,,,,,,,,,0.000000,0.000000,0.000000,0.000000,0.084182,0.058137,,,,,,,,,,,,
182788,,,,,,,,,,,0.000000,0.000000,0.000000,0.000000,0.084182,0.058137,,,,,,,,,,,,
182793,,,,,,,,,,,0.000000,0.000000,0.000000,0.000000,0.084182,0.058137,,,,,,,,,,,,
182798,,,,,,,,,,,0.000000,0.000000,0.000000,0.000000,0.084182,0.058137,,,,,,,,,,,,
182803,,,,,,,,,,,0.000000,0.000000,0.000000,0.000000,0.084182,0.058137,,,,,,,,,,,,
182808,,,,,,,,,,,0.000000,0.000000,0.000000,0.000000,0.084182,0.058137,,,,,,,,,,,,
182813,,,,,,,,,,,0.000000,0.000000,0.000000,0.000000,0.084182,0.058137,,,,,,,,,,,,
182818,,,,,,,,,,,0.000000,0.000000,0.000000,0.000000,0.084182,0.058137,,,,,,,,,,,,
182830,,,,,,,,,,,0.000000,0.000000,0.000000,0.000000,0.084182,0.058137,,,,,,,,,,,,
182831,,,,,,,,,,,0.000000,0.000000,0.000000,0.000000,0.084182,0.058137,,,,,,,,,,,,
182833,,,,,,,,,,,0.000000,0.000000,0.000000,0.000000,0.084182,0.058137,,,,,,,,,,,,
182838,,,,,,,,,,,0.000000,0.000000,0.000000,0.000000,0.084182,0.058137,,,,,,,,,,,,
182843,,,,,,,,,,,0.000000,0.000000,0.000000,0.000000,0.084182,0.058137,,,,,,,,,,,,
182848,,,,,,,,,,,0.000000,0.000000,0.000000,0.000000,0.084182,0.058137,,,,,,,,,,,,
182853,,,,,,,,,,,0.000000,0.000000,0.000000,0.000000,0.084182,0.058137,,,,,,,,,,,,
182858,,,,,,,,,,,0.000000,0.000000,0.000000,0.000000,0.084182,0.058137,,,,,,,,,,,,
182863,,,,,,,,,,,0.000000,0.000000,0.000000,0.000000,0.084182,0.058137,,,,,,,,,,,,
182868,,,,,,,,,,,0.000000,0.000000,0.000000,0.000000,0.084182,0.058137,,,,,,,,,,,,
182873,,,,,,,,,,,0.000000,0.000000,0.000000,0.000000,0.084182,0.058137,,,,,,,,,,,,
182878,,,,,,,,,,,0.000000,0.000000,0.000000,0.000000,0.084182,0.058137,,,,,,,,,,,,
182890,,,,,,,,,,,0.000000,0.000000,,,,,,,,,,,,,,,,
182891,,,,,,,,,,,0.000000,0.000000,0.000000,0.000000,0.084182,0.058137,,,,,,,,,,,,
182893,,,,,,,,,,,0.000000,0.000000,0.000000,0.000000,0.084182,0.058137,,,,,,,,,,,,
182898,,,,,,,,,,,0.000000,0.000000,0.000000,0.000000,0.084182,0.058137,,,,,,,,,,,,
182903,,,,,,,,,,,0.000000,0.000000,0.000000,0.000000,0.084182,0.058137,,,,,,,,,,,,
182908,,,,,,,,,,,0.000000,0.000000,0.000000,0.000000,0.084182,0.058137,,,,,,,,,,,,
182913,,,,,,,,,,,0.000000,0.000000,0.000000,0.000000,0.084182,0.058137,,,,,,,,,,,,
182918,,,,,,,,,,,0.000000,0.000000,0.000000,0.000000,0.084182,0.058137,,,,,,,,,,,,
182923,,,,,,,,,,,0.000000,0.000000,0.000000,0.000000,0.084182,0.058137,,,,,,,,,,,,
182928,,,,,,,,,,,0.000000,0.000000,0.000000,0.000000,0.084182,0.058137,,,,,,,,,,,,
182933,,,,,,,,,,,0.000000,0.000000,0.000000,0.000000,0.084182,0.058137,,,,,,,,,,,,
182938,,,,,,,,,,,0.000000,0.000000,0.000000,0.000000,0.084182,0.058137,,,,,,,,,,,,
182951,,,,,,,,,,,0.000000,0.000000,0.000000,0.000000,0.084182,0.058137,,,,,,,,,,,,
182953,,,,,,,,,,,0.000000,0.000000,0.000000,0.000000,0.084182,0.058137,,,,,,,,,,,,
182958,,,,,,,,,,,0.000000,0.000000,0.000000,0.000000,0.084182,0.058137,,,,,,,,,,,,
182963,,,,,,,,,,,0.000000,0.000000,0.000000,0.000000,0.084182,0.058137,,,,,,,,,,,,
182968,,,,,,,,,,,0.000000,0.000000,0.000000,0.000000,0.084182,0.058137,,,,,,,,,,,,
182973,,,,,,,,,,,0.000000,0.000000,0.000000,0.000000,0.084182,0.058137,,,,,,,,,,,,
182978,,,,,,,,,,,0.000000,0.000000,0.000000,0.000000,0.084182,0.058137,,,,,,,,,,,,
182983,,,,,,,,,,,0.000000,0.000000,0.000000,0.000000,0.084182,0.058137,,,,,,,,,,,,
182988,,,,,,,,,,,0.000000,0.000000,0.000000,0.000000,0.084182,0.058137,,,,,,,,,,,,
182993,,,,,,,,,,,0.000000,0.000000,0.000000,0.000000,0.084182,0.058137,,,,,,,,,,,,
182998,,,,,,,,,,,0.000000,0.000000,0.000000,0.000000,0.084182,0.058137,,,,,,,,,,,,
183003,,,,,,,,,,,0.000000,0.000000,0.000000,0.000000,0.084182,0.058137,,,,,,,,,,,,
183008,,,,,,,,,,,0.000000,0.000000,0.000000,0.000000,0.084182,0.058137,,,,,,,,,,,,
183013,,,,,,,,,,,0.000000,0.000000,0.000000,0.000000,0.084182,0.058137,,,,,,,,,,,,
183018,,,,,,,,,,,0.000000,0.000000,0.000000,0.000000,0.084182,0.058137,,,,,,,,,,,,
183030,,,,,,,,,,,0.000000,0.000000,0.000000,0.000000,0.084182,0.058137,,,,,,,,,,,,
183033,,,,,,,,,,,0.000000,0.000000,0.000000,0.000000,0.084182,0.058137,,,,,,,,,,,,
183038,,,,,,,,,,,0.000000,0.000000,0.000000,0.000000,0.084182,0.058137,,,,,,,,,,,,
183043,,,,,,,,,,,0.000000,0.000000,0.000000,0.000000,0.084182,0.058137,,,,,,,,,,,,
183048,,,,,,,,,,,0.000000,0.000000,0.000000,0.000000,0.084182,0.058137,,,,,,,,,,,,
183053,,,,,,,,,,,0.000000,0.000000,0.000000,0.000000,0.084182,0.058137,,,,,,,,,,,,
183058,,,,,,,,,,,0.000000,0.000000,0.000000,0.000000,0.084182,0.058137,,,,,,,,,,,,
183063,,,,,,,,,,,0.000000,0.000000,0.000000,0.000000,0.084182,0.058137,,,,,,,,,,,,
183068,,,,,,,,,,,0.000000,0.000000,0.000000,0.000000,0.084182,0.058137,,,,,,,,,,,,
183073,,,,,,,,,,,0.000000,0.000000,0.000000,0.000000,0.084182,0.058137,,,,,,,,,,,,
183078,,,,,,,,,,,0.000000,0.000000,0.000000,0.000000,0.084182,0.058137,,,,,,,,,,,,
183090,,,,,,,,,,,0.000000,0.000000,0.000000,0.000000,0.084182,0.058137,,,,,,,,,,,,
183093,,,,,,,,,,,0.000000,0.000000,0.000000,0.000000,0.084182,0.058137,,,,,,,,,,,,
183098,,,,,,,,,,,0.000000,0.000000,0.000000,0.000000,0.084182,0.058137,,,,,,,,,,,,
183103,,,,,,,,,,,0.000000,0.000000,0.000000,0.000000,0.084182,0.058137,,,,,,,,,,,,
183108,,,,,,,,,,,0.000000,0.000000,0.000000,0.000000,0.084182,0.058137,,,,,,,,,,,,
183113,,,,,,,,,,,0.000000,0.000000,0.000000,0.000000,0.084182,0.058137,,,,,,,,,,,,
183118,,,,,,,,,,,0.000000,0.000000,0.000000,0.000000,0.084182,0.058137,,,,,,,,,,,,
183123,,,,,,,,,,,0.000000,0.000000,0.000000,0.000000,0.084182,0.058137,,,,,,,,,,,,
183128,,,,,,,,,,,0.000000,0.000000,0.000000,0.000000,0.084182,0.058137,,,,,,,,,,,,
183133,,,,,,,,,,,0.000000,0.000000,0.000000,0.000000,0.084182,0.058137,,,,,,,,,,,,
183138,,,,,,,,,,,0.000000,0.000000,0.000000,0.000000,0.084182,0.058137,,,,,,,,,,,,
183150,,,,,,,,,,,0.000000,0.000000,0.000000,0.000000,0.084182,0.058137,,,,,,,,,,,,
183153,,,,,,,,,,,0.000000,0.000000,0.000000,0.000000,0.084182,0.058137,,,,,,,,,,,,
183158,,,,,,,,,,,0.000000,0.000000,0.000000,0.000000,0.084182,0.058137,,,,,,,,,,,,
183163,,,,,,,,,,,0.000000,0.000000,0.000000,0.000000,0.084182,0.058137,,,,,,,,,,,,
183168,,,,,,,,,,,0.000000,0.000000,0.000000,0.000000,0.084182,0.058137,,,,,,,,,,,,
183173,,,,,,,,,,,0.000000,0.000000,0.000000,0.000000,0.084182,0.058137,,,,,,,,,,,,
183178,,,,,,,,,,,0.000000,0.000000,0.000000,0.000000,0.084182,0.058137,,,,,,,,,,,,
183183,,,,,,,,,,,0.000000,0.000000,0.000000,0.000000,0.084182,0.058137,,,,,,,,,,,,
183188,,,,,,,,,,,0.000000,0.000000,0.000000,0.000000,0.084182,0.058137,,,,,,,,,,,,
183193,,,,,,,,,,,0.000000,0.000000,0.000000,0.000000,0.084182,0.058137,,,,,,,,,,,,
183198,,,,,,,,,,,0.000000,0.000000,0.000000,0.000000,0.084182,0.058137,,,,,,,,,,,,
183203,,,,,,,,,,,0.000000,0.000000,0.000000,0.000000,0.084182,0.058137,,,,,,,,,,,,
183208,,,,,,,,,,,0.000000,0.000000,0.000000,0.000000,0.084182,0.058137,,,,,,,,,,,,
183213,,,,,,,,,,,0.000000,0.000000,0.000000,0.000000,0.084182,0.058137,,,,,,,,,,,,
183218,,,,,,,,,,,0.000000,0.000000,0.000000,0.000000,0.084182,0.058137,,,,,,,,,,,,
183230,,,,,,,,,,,0.000000,0.000000,0.000000,0.000000,0.084182,0.058137,,,,,,,,,,,,
183233,,,,,,,,,,,0.000000,0.000000,0.000000,0.000000,0.084182,0.058137,,,,,,,,,,,,
183238,,,,,,,,,,,0.000000,0.000000,0.000000,0.000000,0.084182,0.058137,,,,,,,,,,,,
183243,,,,,,,,,,,0.000000,0.000000,0.000000,0.000000,0.084182,0.058137,,,,,,,,,,,,
183248,,,,,,,,,,,0.000000,0.000000,0.000000,0.000000,0.084182,0.058137,,,,,,,,,,,,
183253,,,,,,,,,,,0.000000,0.000000,0.000000,0.000000,0.084182,0.058137,,,,,,,,,,,,
183258,,,,,,,,,,,0.000000,0.000000,0.000000,0.000000,0.084182,0.058137,,,,,,,,,,,,
183263,,,,,,,,,,,0.000000,0.000000,0.000000,0.000000,0.084182,0.058137,,,,,,,,,,,,
183268,,,,,,,,,,,0.000000,0.000000,0.000000,0.000000,0.084182,0.058137,,,,,,,,,,,,
183273,,,,,,,,,,,0.000000,0.000000,0.000000,0.000000,0.084182,0.058137,,,,,,,,,,,,
183278,,,,,,,,,,,0.000000,0.000000,0.000000,0.000000,0.084182,0.058137,,,,,,,,,,,,
183291,,,,,,,,,,,0.000000,0.000000,0.000000,0.000000,0.084182,0.058137,,,,,,,,,,,,
183293,,,,,,,,,,,0.000000,0.000000,0.000000,0.000000,0.084182,0.058137,,,,,,,,,,,,
183298,,,,,,,,,,,0.000000,0.000000,0.000000,0.000000,0.084182,0.058137,,,,,,,,,,,,
183303,,,,,,,,,,,0.000000,0.000000,0.000000,0.000000,0.084182,0.058137,,,,,,,,,,,,
183308,,,,,,,,,,,0.000000,0.000000,0.000000,0.000000,0.084182,0.058137,,,,,,,,,,,,
183313,,,,,,,,,,,0.000000,0.000000,0.000000,0.000000,0.084182,0.058137,,,,,,,,,,,,
183318,,,,,,,,,,,0.000000,0.000000,0.000000,0.000000,0.084182,0.058137,,,,,,,,,,,,
183323,,,,,,,,,,,0.000000,0.000000,0.000000,0.000000,0.084182,0.058137,,,,,,,,,,,,
183328,,,,,,,,,,,0.000000,0.000000,0.000000,0.000000,0.084182,0.058137,,,,,,,,,,,,
183333,,,,,,,,,,,0.000000,0.000000,0.000000,0.000000,0.084182,0.058137,,,,,,,,,,,,
183338,,,,,,,,,,,0.000000,0.000000,0.000000,0.000000,0.084182,0.058137,,,,,,,,,,,,
183350,,,,,,,,,,,0.000000,0.000000,0.000000,0.000000,0.084182,0.058137,,,,,,,,,,,,
183351,,,,,,,,,,,,,0.000000,0.000000,0.084182,0.058137,,,,,,,,,,,,
183353,,,,,,,,,,,0.000000,0.000000,0.000000,0.000000,0.084182,0.058137,,,,,,,,,,,,
183358,,,,,,,,,,,0.000000,0.000000,0.000000,0.000000,0.084182,0.058137,,,,,,,,,,,,
183363,,,,,,,,,,,0.000000,0.000000,0.000000,0.000000,0.084182,0.058137,,,,,,,,,,,,
183368,,,,,,,,,,,0.000000,0.000000,0.000000,0.000000,0.084182,0.058137,,,,,,,,,,,,
183373,,,,,,,,,,,0.000000,0.000000,0.000000,0.000000,0.084182,0.058137,,,,,,,,,,,,
183378,,,,,,,,,,,0.000000,0.000000,0.000000,0.000000,0.084182,0.058137,,,,,,,,,,,,
183383,,,,,,,,,,,0.000000,0.000000,0.000000,0.000000,0.084182,0.058137,,,,,,,,,,,,
183388,,,,,,,,,,,0.000000,0.000000,0.000000,0.000000,0.084182,0.058137,,,,,,,,,,,,
183393,,,,,,,,,,,0.000000,0.000000,0.000000,0.000000,0.084182,0.058137,,,,,,,,,,,,
183398,,,,,,,,,,,0.000000,0.000000,0.000000,0.000000,0.084182,0.058137,,,,,,,,,,,,
183411,,,,,,,,,,,0.000000,0.000000,0.000000,0.000000,0.084182,0.058137,,,,,,,,,,,,
183413,,,,,,,,,,,0.000000,0.000000,0.000000,0.000000,0.084182,0.058137,,,,,,,,,,,,
183418,,,,,,,,,,,0.000000,0.000000,0.000000,0.000000,0.084182,0.058137,,,,,,,,,,,,
183423,,,,,,,,,,,0.000000,0.000000,0.000000,0.000000,0.084182,0.058137,,,,,,,,,,,,
183428,,,,,,,,,,,0.000000,0.000000,0.000000,0.000000,0.084182,0.058137,,,,,,,,,,,,
183433,,,,,,,,,,,0.000000,0.000000,0.000000,0.000000,0.084182,0.058137,,,,,,,,,,,,
183438,,,,,,,,,,,0.000000,0.000000,0.000000,0.000000,0.084182,0.058137,,,,,,,,,,,,
183443,,,,,,,,,,,0.000000,0.000000,0.000000,0.000000,0.084182,0.058137,,,,,,,,,,,,
183448,,,,,,,,,,,0.000000,0.000000,0.000000,0.000000,0.084182,0.058137,,,,,,,,,,,,
183453,,,,,,,,,,,0.000000,0.000000,0.000000,0.000000,0.084182,0.058137,,,,,,,,,,,,
183458,,,,,,,,,,,0.000000,0.000000,0.000000,0.000000,0.084182,0.058137,,,,,,,,,,,,
183463,,,,,,,,,,,0.000000,0.000000,0.000000,0.000000,0.084182,0.058137,,,,,,,,,,,,
183468,,,,,,,,,,,0.000000,0.000000,0.000000,0.000000,0.084182,0.058137,,,,,,,,,,,,
183473,,,,,,,,,,,0.000000,0.000000,0.000000,0.000000,0.084182,0.058137,,,,,,,,,,,,
183478,,,,,,,,,,,0.000000,0.000000,0.000000,0.000000,0.084182,0.058137,,,,,,,,,,,,
183494,,,,,,,,,,,0.000000,0.000000,0.000000,0.000000,0.084182,0.058137,,,,,,,,,,,,
183498,,,,,,,,,,,0.000000,0.000000,0.000000,0.000000,0.084182,0.058137,,,,,,,,,,,,
183503,,,,,,,,,,,0.000000,0.000000,0.000000,0.000000,0.084182,0.058137,,,,,,,,,,,,
183508,,,,,,,,,,,0.000000,0.000000,0.000000,0.000000,0.084182,0.058137,,,,,,,,,,,,
183513,,,,,,,,,,,0.000000,0.000000,0.000000,0.000000,0.084182,0.058137,,,,,,,,,,,,
183518,,,,,,,,,,,0.000000,0.000000,0.000000,0.000000,0.084182,0.058137,,,,,,,,,,,,
183523,,,,,,,,,,,0.000000,0.000000,0.000000,0.000000,0.084182,0.058137,,,,,,,,,,,,
183528,,,,,,,,,,,0.000000,0.000000,0.000000,0.000000,0.084182,0.058137,,,,,,,,,,,,
183533,,,,,,,,,,,0.000000,0.000000,0.000000,0.000000,0.084182,0.058137,,,,,,,,,,,,
183538,,,,,,,,,,,0.000000,0.000000,0.000000,0.000000,0.084182,0.058137,,,,,,,,,,,,
183550,,,,,,,,,,,0.000000,0.000000,0.000000,0.000000,0.084182,0.058137,,,,,,,,,,,,
183553,,,,,,,,,,,0.000000,0.000000,0.000000,0.000000,0.084182,0.058137,,,,,,,,,,,,
183558,,,,,,,,,,,0.000000,0.000000,0.000000,0.000000,0.084182,0.058137,,,,,,,,,,,,
183563,,,,,,,,,,,0.000000,0.000000,0.000000,0.000000,0.084182,0.058137,,,,,,,,,,,,
183568,,,,,,,,,,,0.000000,0.000000,0.000000,0.000000,0.084182,0.058137,,,,,,,,,,,,
183573,,,,,,,,,,,0.000000,0.000000,0.000000,0.000000,0.084182,0.058137,,,,,,,,,,,,
183578,,,,,,,,,,,0.000000,0.000000,0.000000,0.000000,0.084182,0.058137,,,,,,,,,,,,
183583,,,,,,,,,,,0.000000,0.000000,0.000000,0.000000,0.084182,0.058137,,,,,,,,,,,,
183588,,,,,,,,,,,0.000000,0.000000,0.000000,0.000000,0.084182,0.058137,,,,,,,,,,,,
183593,,,,,,,,,,,0.000000,0.000000,0.000000,0.000000,0.084182,0.058137,,,,,,,,,,,,
183598,,,,,,,,,,,0.000000,0.000000,0.000000,0.000000,0.084182,0.058137,,,,,,,,,,,,
183610,,,,,,,,,,,0.000000,0.000000,0.000000,0.000000,0.084182,0.058137,,,,,,,,,,,,
183613,,,,,,,,,,,0.000000,0.000000,0.000000,0.000000,0.084182,0.058137,,,,,,,,,,,,
183618,,,,,,,,,,,0.000000,0.000000,0.000000,0.000000,0.084182,0.058137,,,,,,,,,,,,
183623,,,,,,,,,,,0.000000,0.000000,0.000000,0.000000,0.084182,0.058137,,,,,,,,,,,,
183628,,,,,,,,,,,0.000000,0.000000,0.000000,0.000000,0.084182,0.058137,,,,,,,,,,,,
183633,,,,,,,,,,,0.000000,0.000000,0.000000,0.000000,0.084182,0.058137,,,,,,,,,,,,
183638,,,,,,,,,,,0.000000,0.000000,0.000000,0.000000,0.084182,0.058137,,,,,,,,,,,,
183643,,,,,,,,,,,0.000000,0.000000,0.000000,0.000000,0.084182,0.058137,,,,,,,,,,,,
183648,,,,,,,,,,,0.000000,0.000000,0.000000,0.000000,0.084182,0.058137,,,,,,,,,,,,
183653,,,,,,,,,,,0.000000,0.000000,0.000000,0.000000,0.084182,0.058137,,,,,,,,,,,,
183658,,,,,,,,,,,0.000000,0.000000,0.000000,0.000000,0.084182,0.058137,,,,,,,,,,,,
183663,,,,,,,,,,,0.000000,0.000000,0.000000,0.000000,0.084182,0.058137,,,,,,,,,,,,
183668,,,,,,,,,,,0.000000,0.000000,0.000000,0.000000,0.084182,0.058137,,,,,,,,,,,,
183673,,,,,,,,,,,0.000000,0.000000,0.000000,0.000000,0.084182,0.058137,,,,,,,,,,,,
183678,,,,,,,,,,,0.000000,0.000000,0.000000,0.000000,0.084182,0.058137,,,,,,,,,,,,
183690,,,,,,,,,,,0.000000,0.000000,0.000000,0.000000,0.084182,0.058137,,,,,,,,,,,,
183693,,,,,,,,,,,0.000000,0.000000,0.000000,0.000000,0.084182,0.058137,,,,,,,,,,,,
183698,,,,,,,,,,,0.000000,0.000000,0.000000,0.000000,0.084182,0.058137,,,,,,,,,,,,
183703,,,,,,,,,,,0.000000,0.000000,0.000000,0.000000,0.084182,0.058137,,,,,,,,,,,,
183708,,,,,,,,,,,0.000000,0.000000,0.000000,0.000000,0.084182,0.058137,,,,,,,,,,,,
183713,,,,,,,,,,,0.000000,0.000000,0.000000,0.000000,0.084182,0.058137,,,,,,,,,,,,
183718,,,,,,,,,,,0.000000,0.000000,0.000000,0.000000,0.084182,0.058137,,,,,,,,,,,,
183723,,,,,,,,,,,0.000000,0.000000,0.000000,0.000000,0.084182,0.058137,,,,,,,,,,,,
183728,,,,,,,,,,,0.000000,0.000000,0.000000,0.000000,0.084182,0.058137,,,,,,,,,,,,
183733,,,,,,,,,,,0.000000,0.000000,0.000000,0.000000,0.084182,0.058137,,,,,,,,,,,,
183738,,,,,,,,,,,0.000000,0.000000,0.000000,0.000000,0.084182,0.058137,,,,,,,,,,,,
183751,,,,,,,,,,,0.000000,0.000000,0.000000,0.000000,0.084182,0.058137,,,,,,,,,,,,
183753,,,,,,,,,,,0.000000,0.000000,0.000000,0.000000,0.084182,0.058137,,,,,,,,,,,,
183758,,,,,,,,,,,0.000000,0.000000,0.000000,0.000000,0.084182,0.058137,,,,,,,,,,,,
183763,,,,,,,,,,,0.000000,0.000000,0.000000,0.000000,0.084182,0.058137,,,,,,,,,,,,
183768,,,,,,,,,,,0.000000,0.000000,0.000000,0.000000,0.084182,0.058137,,,,,,,,,,,,
183773,,,,,,,,,,,0.000000,0.000000,0.000000,0.000000,0.084182,0.058137,,,,,,,,,,,,
183778,,,,,,,,,,,0.000000,0.000000,0.000000,0.000000,0.084182,0.058137,,,,,,,,,,,,
183783,,,,,,,,,,,0.000000,0.000000,0.000000,0.000000,0.084182,0.058137,,,,,,,,,,,,
183788,,,,,,,,,,,0.000000,0.000000,0.000000,0.000000,0.084182,0.058137,,,,,,,,,,,,
183793,,,,,,,,,,,0.000000,0.000000,0.000000,0.000000,0.084182,0.058137,,,,,,,,,,,,
183798,,,,,,,,,,,0.000000,0.000000,0.000000,0.000000,0.084182,0.058137,,,,,,,,,,,,
183811,,,,,,,,,,,0.000000,0.000000,0.000000,0.000000,0.084182,0.058137,,,,,,,,,,,,
183813,,,,,,,,,,,0.000000,0.000000,0.000000,0.000000,0.084182,0.058137,,,,,,,,,,,,
183818,,,,,,,,,,,0.000000,0.000000,0.000000,0.000000,0.084182,0.058137,,,,,,,,,,,,
183823,,,,,,,,,,,0.000000,0.000000,0.000000,0.000000,0.084182,0.058137,,,,,,,,,,,,
183828,,,,,,,,,,,0.000000,0.000000,0.000000,0.000000,0.084182,0.058137,,,,,,,,,,,,
183833,,,,,,,,,,,0.000000,0.000000,0.000000,0.000000,0.084182,0.058137,,,,,,,,,,,,
183838,,,,,,,,,,,0.000000,0.000000,0.000000,0.000000,0.084182,0.058137,,,,,,,,,,,,
183843,,,,,,,,,,,0.000000,0.000000,0.000000,0.000000,0.084182,0.058137,,,,,,,,,,,,
183848,,,,,,,,,,,0.000000,0.000000,0.000000,0.000000,0.084182,0.058137,,,,,,,,,,,,
183853,,,,,,,,,,,0.000000,0.000000,0.000000,0.000000,0.084182,0.058137,,,,,,,,,,,,
183858,,,,,,,,,,,0.000000,0.000000,0.000000,0.000000,0.084182,0.058137,,,,,,,,,,,,
183871,,,,,,,,,,,0.000000,0.000000,0.000000,0.000000,0.084182,0.058137,,,,,,,,,,,,
183873,,,,,,,,,,,0.000000,0.000000,0.000000,0.000000,0.084182,0.058137,,,,,,,,,,,,
183878,,,,,,,,,,,0.000000,0.000000,0.000000,0.000000,0.084182,0.058137,,,,,,,,,,,,
183883,,,,,,,,,,,0.000000,0.000000,0.000000,0.000000,0.084182,0.058137,,,,,,,,,,,,
183888,,,,,,,,,,,0.000000,0.000000,0.000000,0.000000,0.084182,0.058137,,,,,,,,,,,,
183893,,,,,,,,,,,0.000000,0.000000,0.000000,0.000000,0.084182,0.058137,,,,,,,,,,,,
183898,,,,,,,,,,,0.000000,0.000000,0.000000,0.000000,0.084182,0.058137,,,,,,,,,,,,
183903,,,,,,,,,,,0.000000,0.000000,0.000000,0.000000,0.084182,0.058137,,,,,,,,,,,,
183908,,,,,,,,,,,0.000000,0.000000,0.000000,0.000000,0.084182,0.058137,,,,,,,,,,,,
183913,,,,,,,,,,,0.000000,0.000000,0.000000,0.000000,0.084182,0.058137,,,,,,,,,,,,
183918,,,,,,,,,,,0.000000,0.000000,0.000000,0.000000,0.084182,0.058137,,,,,,,,,,,,
183923,,,,,,,,,,,0.000000,0.000000,0.000000,0.000000,0.084182,0.058137,,,,,,,,,,,,
183928,,,,,,,,,,,0.000000,0.000000,0.000000,0.000000,0.084182,0.058137,,,,,,,,,,,,
183933,,,,,,,,,,,0.000000,0.000000,0.000000,0.000000,0.084182,0.058137,,,,,,,,,,,,
183938,,,,,,,,,,,0.000000,0.000000,0.000000,0.000000,0.084182,0.058137,,,,,,,,,,,,
183950,,,,,,,,,,,0.000000,0.000000,0.000000,0.000000,0.084182,0.058137,,,,,,,,,,,,
183953,,,,,,,,,,,0.000000,0.000000,0.000000,0.000000,0.084182,0.058137,,,,,,,,,,,,
183958,,,,,,,,,,,0.000000,0.000000,0.000000,0.000000,0.084182,0.058137,,,,,,,,,,,,
183963,,,,,,,,,,,0.000000,0.000000,0.000000,0.000000,0.084182,0.058137,,,,,,,,,,,,
183968,,,,,,,,,,,0.000000,0.000000,0.000000,0.000000,0.084182,0.058137,,,,,,,,,,,,
183973,,,,,,,,,,,0.000000,0.000000,0.000000,0.000000,0.084182,0.058137,,,,,,,,,,,,
183978,,,,,,,,,,,0.000000,0.000000,0.000000,0.000000,0.084182,0.058137,,,,,,,,,,,,
183983,,,,,,,,,,,0.000000,0.000000,0.000000,0.000000,0.084182,0.058137,,,,,,,,,,,,
183988,,,,,,,,,,,0.000000,0.000000,0.000000,0.000000,0.084182,0.058137,,,,,,,,,,,,
183993,,,,,,,,,,,0.000000,0.000000,0.000000,0.000000,0.084182,0.058137,,,,,,,,,,,,
183998,,,,,,,,,,,0.000000,0.000000,0.000000,0.000000,0.084182,0.058137,,,,,,,,,,,,
184011,,,,,,,,,,,0.000000,0.000000,0.000000,0.000000,0.084182,0.058137,,,,,,,,,,,,
184013,,,,,,,,,,,0.000000,0.000000,0.000000,0.000000,0.084182,0.058137,,,,,,,,,,,,
184018,,,,,,,,,,,0.000000,0.000000,0.000000,0.000000,0.084182,0.058137,,,,,,,,,,,,
184023,,,,,,,,,,,0.000000,0.000000,0.000000,0.000000,0.084182,0.058137,,,,,,,,,,,,
184028,,,,,,,,,,,0.000000,0.000000,0.000000,0.000000,0.084182,0.058137,,,,,,,,,,,,
184033,,,,,,,,,,,0.000000,0.000000,0.000000,0.000000,0.084182,0.058137,,,,,,,,,,,,
184038,,,,,,,,,,,0.000000,0.000000,0.000000,0.000000,0.084182,0.058137,,,,,,,,,,,,
184043,,,,,,,,,,,0.000000,0.000000,0.000000,0.000000,0.084182,0.058137,,,,,,,,,,,,
184048,,,,,,,,,,,0.000000,0.000000,0.000000,0.000000,0.084182,0.058137,,,,,,,,,,,,
184053,,,,,,,,,,,0.000000,0.000000,0.000000,0.000000,0.084182,0.058137,,,,,,,,,,,,
184058,,,,,,,,,,,0.000000,0.000000,0.000000,0.000000,0.084182,0.058137,,,,,,,,,,,,
184070,,,,,,,,,,,0.000000,0.000000,0.000000,0.000000,0.084182,0.058137,,,,,,,,,,,,
184073,,,,,,,,,,,0.000000,0.000000,0.000000,0.000000,0.084182,0.058137,,,,,,,,,,,,
184078,,,,,,,,,,,0.000000,0.000000,0.000000,0.000000,0.084182,0.058137,,,,,,,,,,,,
184083,,,,,,,,,,,0.000000,0.000000,0.000000,0.000000,0.084182,0.058137,,,,,,,,,,,,
184088,,,,,,,,,,,0.000000,0.000000,0.000000,0.000000,0.084182,0.058137,,,,,,,,,,,,
184093,,,,,,,,,,,0.000000,0.000000,0.000000,0.000000,0.084182,0.058137,,,,,,,,,,,,
184098,,,,,,,,,,,0.000000,0.000000,0.000000,0.000000,0.084182,0.058137,,,,,,,,,,,,
184103,,,,,,,,,,,0.000000,0.000000,0.000000,0.000000,0.084182,0.058137,,,,,,,,,,,,
184108,,,,,,,,,,,0.000000,0.000000,0.000000,0.000000,0.084182,0.058137,,,,,,,,,,,,
184113,,,,,,,,,,,0.000000,0.000000,0.000000,0.000000,0.084182,0.058137,,,,,,,,,,,,
184118,,,,,,,,,,,0.000000,0.000000,0.000000,0.000000,0.084182,0.058137,,,,,,,,,,,,
184123,,,,,,,,,,,0.000000,0.000000,0.000000,0.000000,0.084182,0.058137,,,,,,,,,,,,
184128,,,,,,,,,,,0.000000,0.000000,0.000000,0.000000,0.084182,0.058137,,,,,,,,,,,,
184133,,,,,,,,,,,0.000000,0.000000,0.000000,0.000000,0.084182,0.058137,,,,,,,,,,,,
184138,,,,,,,,,,,0.000000,0.000000,0.000000,0.000000,0.084182,0.058137,,,,,,,,,,,,
184150,,,,,,,,,,,0.000000,0.000000,0.000000,0.000000,0.084182,0.058137,,,,,,,,,,,,
184153,,,,,,,,,,,0.000000,0.000000,0.000000,0.000000,0.084182,0.058137,,,,,,,,,,,,
184158,,,,,,,,,,,0.000000,0.000000,0.000000,0.000000,0.084182,0.058137,,,,,,,,,,,,
184163,,,,,,,,,,,0.000000,0.000000,0.000000,0.000000,0.084182,0.058137,,,,,,,,,,,,
184168,,,,,,,,,,,0.000000,0.000000,0.000000,0.000000,0.084182,0.058137,,,,,,,,,,,,
184173,,,,,,,,,,,0.000000,0.000000,0.000000,0.000000,0.084182,0.058137,,,,,,,,,,,,
184178,,,,,,,,,,,0.000000,0.000000,0.000000,0.000000,0.084182,0.058137,,,,,,,,,,,,
184183,,,,,,,,,,,0.000000,0.000000,0.000000,0.000000,0.084182,0.058137,,,,,,,,,,,,
184188,,,,,,,,,,,0.000000,0.000000,0.000000,0.000000,0.084182,0.058137,,,,,,,,,,,,
184193,,,,,,,,,,,0.000000,0.000000,0.000000,0.000000,0.084182,0.058137,,,,,,,,,,,,
184198,,,,,,,,,,,0.000000,0.000000,0.000000,0.000000,0.084182,0.058137,,,,,,,,,,,,
184210,,,,,,,,,,,0.000000,0.000000,0.000000,0.000000,0.084182,0.058137,,,,,,,,,,,,
184213,,,,,,,,,,,0.000000,0.000000,0.000000,0.000000,0.084182,0.058137,,,,,,,,,,,,
184218,,,,,,,,,,,0.000000,0.000000,0.000000,0.000000,0.084182,0.058137,,,,,,,,,,,,
184223,,,,,,,,,,,0.000000,0.000000,0.000000,0.000000,0.084182,0.058137,,,,,,,,,,,,
184228,,,,,,,,,,,0.000000,0.000000,0.000000,0.000000,0.084182,0.058137,,,,,,,,,,,,
184233,,,,,,,,,,,0.000000,0.000000,0.000000,0.000000,0.084182,0.058137,,,,,,,,,,,,
184238,,,,,,,,,,,0.000000,0.000000,0.000000,0.000000,0.084182,0.058137,,,,,,,,,,,,
184243,,,,,,,,,,,0.000000,0.000000,0.000000,0.000000,0.084182,0.058137,,,,,,,,,,,,
184248,,,,,,,,,,,0.000000,0.000000,0.000000,0.000000,0.084182,0.058137,,,,,,,,,,,,
184253,,,,,,,,,,,0.000000,0.000000,0.000000,0.000000,0.084182,0.058137,,,,,,,,,,,,
184258,,,,,,,,,,,0.000000,0.000000,0.000000,0.000000,0.084182,0.058137,,,,,,,,,,,,
184270,,,,,,,,,,,0.000000,0.000000,0.000000,0.000000,0.084182,0.058137,,,,,,,,,,,,
184273,,,,,,,,,,,0.000000,0.000000,0.000000,0.000000,0.084182,0.058137,,,,,,,,,,,,
184278,,,,,,,,,,,0.000000,0.000000,0.000000,0.000000,0.084182,0.058137,,,,,,,,,,,,
184283,,,,,,,,,,,0.000000,0.000000,0.000000,0.000000,0.084182,0.058137,,,,,,,,,,,,
184288,,,,,,,,,,,0.000000,0.000000,0.000000,0.000000,0.084182,0.058137,,,,,,,,,,,,
184293,,,,,,,,,,,0.000000,0.000000,0.000000,0.000000,0.084182,0.058137,,,,,,,,,,,,
184298,,,,,,,,,,,0.000000,0.000000,0.000000,0.000000,0.084182,0.058137,,,,,,,,,,,,
184303,,,,,,,,,,,0.000000,0.000000,0.000000,0.000000,0.084182,0.058137,,,,,,,,,,,,
184308,,,,,,,,,,,0.000000,0.000000,0.000000,0.000000,0.084182,0.058137,,,,,,,,,,,,
184313,,,,,,,,,,,0.000000,0.000000,0.000000,0.000000,0.084182,0.058137,,,,,,,,,,,,
184318,,,,,,,,,,,0.000000,0.000000,0.000000,0.000000,0.084182,0.058137,,,,,,,,,,,,
184330,,,,,,,,,,,0.000000,0.000000,0.000000,0.000000,0.084182,0.058137,,,,,,,,,,,,
184331,,,,,,,,,,,0.000000,0.000000,0.000000,0.000000,0.084182,0.058137,,,,,,,,,,,,
184333,,,,,,,,,,,0.000000,0.000000,0.000000,0.000000,0.084182,0.058137,,,,,,,,,,,,
184338,,,,,,,,,,,0.000000,0.000000,0.000000,0.000000,0.084182,0.058137,,,,,,,,,,,,
184343,,,,,,,,,,,0.000000,0.000000,0.000000,0.000000,0.084182,0.058137,,,,,,,,,,,,
184348,,,,,,,,,,,0.000000,0.000000,0.000000,0.000000,0.084182,0.058137,,,,,,,,,,,,
184353,,,,,,,,,,,0.000000,0.000000,0.000000,0.000000,0.084182,0.058137,,,,,,,,,,,,
184358,,,,,,,,,,,0.000000,0.000000,0.000000,0.000000,0.084182,0.058137,,,,,,,,,,,,
184363,,,,,,,,,,,0.000000,0.000000,0.000000,0.000000,0.084182,0.058137,,,,,,,,,,,,
184368,,,,,,,,,,,0.000000,0.000000,0.000000,0.000000,0.084182,0.058137,,,,,,,,,,,,
184373,,,,,,,,,,,0.000000,0.000000,0.000000,0.000000,0.084182,0.058137,,,,,,,,,,,,
184378,,,,,,,,,,,0.000000,0.000000,0.000000,0.000000,0.084182,0.058137,,,,,,,,,,,,
184383,,,,,,,,,,,0.000000,0.000000,0.000000,0.000000,0.084182,0.058137,,,,,,,,,,,,
184388,,,,,,,,,,,0.000000,0.000000,0.000000,0.000000,0.084182,0.058137,,,,,,,,,,,,
184393,,,,,,,,,,,0.000000,0.000000,0.000000,0.000000,0.084182,0.058137,,,,,,,,,,,,
184398,,,,,,,,,,,0.000000,0.000000,0.000000,0.000000,0.084182,0.058137,,,,,,,,,,,,
184410,,,,,,,,,,,0.000000,0.000000,0.000000,0.000000,0.084182,0.058137,,,,,,,,,,,,
184413,,,,,,,,,,,0.000000,0.000000,0.000000,0.000000,0.084182,0.058137,,,,,,,,,,,,
184418,,,,,,,,,,,0.000000,0.000000,0.000000,0.000000,0.084182,0.058137,,,,,,,,,,,,
184423,,,,,,,,,,,0.000000,0.000000,0.000000,0.000000,0.084182,0.058137,,,,,,,,,,,,
184428,,,,,,,,,,,0.000000,0.000000,0.000000,0.000000,0.084182,0.058137,,,,,,,,,,,,
184433,,,,,,,,,,,0.000000,0.000000,0.000000,0.000000,0.084182,0.058137,,,,,,,,,,,,
184438,,,,,,,,,,,0.000000,0.000000,0.000000,0.000000,0.084182,0.058137,,,,,,,,,,,,
184443,,,,,,,,,,,0.000000,0.000000,0.000000,0.000000,0.084182,0.058137,,,,,,,,,,,,
184448,,,,,,,,,,,0.000000,0.000000,0.000000,0.000000,0.084182,0.058137,,,,,,,,,,,,
184453,,,,,,,,,,,0.000000,0.000000,0.000000,0.000000,0.084182,0.058137,,,,,,,,,,,,
184458,,,,,,,,,,,0.000000,0.000000,0.000000,0.000000,0.084182,0.058137,,,,,,,,,,,,
184470,,,,,,,,,,,0.000000,0.000000,0.000000,0.000000,0.084182,0.058137,,,,,,,,,,,,
184473,,,,,,,,,,,0.000000,0.000000,0.000000,0.000000,0.084182,0.058137,,,,,,,,,,,,
184478,,,,,,,,,,,0.000000,0.000000,0.000000,0.000000,0.084182,0.058137,,,,,,,,,,,,
184483,,,,,,,,,,,0.000000,0.000000,0.000000,0.000000,0.084182,0.058137,,,,,,,,,,,,
184488,,,,,,,,,,,0.000000,0.000000,0.000000,0.000000,0.084182,0.058137,,,,,,,,,,,,
184493,,,,,,,,,,,0.000000,0.000000,0.000000,0.000000,0.084182,0.058137,,,,,,,,,,,,
184498,,,,,,,,,,,0.000000,0.000000,0.000000,0.000000,0.084182,0.058137,,,,,,,,,,,,
184503,,,,,,,,,,,0.000000,0.000000,0.000000,0.000000,0.084182,0.058137,,,,,,,,,,,,
184508,,,,,,,,,,,0.000000,0.000000,0.000000,0.000000,0.084182,0.058137,,,,,,,,,,,,
184513,,,,,,,,,,,0.000000,0.000000,0.000000,0.000000,0.084182,0.058137,,,,,,,,,,,,
184518,,,,,,,,,,,0.000000,0.000000,0.000000,0.000000,0.084182,0.058137,,,,,,,,,,,,
184530,,,,,,,,,,,0.000000,0.000000,0.000000,0.000000,0.084182,0.058137,,,,,,,,,,,,
184531,,,,,,,,,,,0.000000,0.000000,0.000000,0.000000,0.084182,0.058137,,,,,,,,,,,,
184533,,,,,,,,,,,0.000000,0.000000,0.000000,0.000000,0.084182,0.058137,,,,,,,,,,,,
184538,,,,,,,,,,,0.000000,0.000000,0.000000,0.000000,0.084182,0.058137,,,,,,,,,,,,
184543,,,,,,,,,,,0.000000,0.000000,0.000000,0.000000,0.084182,0.058137,,,,,,,,,,,,
184548,,,,,,,,,,,0.000000,0.000000,0.000000,0.000000,0.084182,0.058137,,,,,,,,,,,,
184553,,,,,,,,,,,0.000000,0.000000,0.000000,0.000000,0.084182,0.058137,,,,,,,,,,,,
184558,,,,,,,,,,,0.000000,0.000000,0.000000,0.000000,0.084182,0.058137,,,,,,,,,,,,
184563,,,,,,,,,,,0.000000,0.000000,0.000000,0.000000,0.084182,0.058137,,,,,,,,,,,,
184568,,,,,,,,,,,0.000000,0.000000,0.000000,0.000000,0.084182,0.058137,,,,,,,,,,,,
184573,,,,,,,,,,,0.000000,0.000000,0.000000,0.000000,0.084182,0.058137,,,,,,,,,,,,
184578,,,,,,,,,,,0.000000,0.000000,0.000000,0.000000,0.084182,0.058137,,,,,,,,,,,,
184590,,,,,,,,,,,0.000000,0.000000,0.000000,0.000000,0.084182,0.058137,,,,,,,,,,,,
184593,,,,,,,,,,,0.000000,0.000000,0.000000,0.000000,0.084182,0.058137,,,,,,,,,,,,
184598,,,,,,,,,,,0.000000,0.000000,0.000000,0.000000,0.084182,0.058137,,,,,,,,,,,,
184603,,,,,,,,,,,0.000000,0.000000,0.000000,0.000000,0.084182,0.058137,,,,,,,,,,,,
184608,,,,,,,,,,,0.000000,0.000000,0.000000,0.000000,0.084182,0.058137,,,,,,,,,,,,
184613,,,,,,,,,,,0.000000,0.000000,0.000000,0.000000,0.084182,0.058137,,,,,,,,,,,,
184618,,,,,,,,,,,0.000000,0.000000,0.000000,0.000000,0.084182,0.058137,,,,,,,,,,,,
184623,,,,,,,,,,,0.000000,0.000000,0.000000,0.000000,0.084182,0.058137,,,,,,,,,,,,
184628,,,,,,,,,,,0.000000,0.000000,0.000000,0.000000,0.084182,0.058137,,,,,,,,,,,,
184633,,,,,,,,,,,0.000000,0.000000,0.000000,0.000000,0.084182,0.058137,,,,,,,,,,,,
184638,,,,,,,,,,,0.000000,0.000000,0.000000,0.000000,0.084182,0.058137,,,,,,,,,,,,
184643,,,,,,,,,,,0.000000,0.000000,0.000000,0.000000,0.084182,0.058137,,,,,,,,,,,,
184648,,,,,,,,,,,0.000000,0.000000,0.000000,0.000000,0.084182,0.058137,,,,,,,,,,,,
184653,,,,,,,,,,,0.000000,0.000000,0.000000,0.000000,0.084182,0.058137,,,,,,,,,,,,
184658,,,,,,,,,,,0.000000,0.000000,0.000000,0.000000,0.084182,0.058137,,,,,,,,,,,,
184667,,,,,,,,,,,0.000000,0.000000,0.000000,0.000000,0.084182,0.058137,,,,,,,,,,,,
184668,,,,,,,,,,,0.000000,0.000000,0.000000,0.000000,0.084182,0.058137,,,,,,,,,,,,
184673,,,,,,,,,,,0.000000,0.000000,0.000000,0.000000,0.084182,0.058137,,,,,,,,,,,,
184678,,,,,,,,,,,0.000000,0.000000,0.000000,0.000000,0.084182,0.058137,,,,,,,,,,,,
184683,,,,,,,,,,,0.000000,0.000000,0.000000,0.000000,0.084182,0.058137,,,,,,,,,,,,
184688,,,,,,,,,,,0.000000,0.000000,0.000000,0.000000,0.084182,0.058137,,,,,,,,,,,,
184693,,,,,,,,,,,0.000000,0.000000,0.000000,0.000000,0.084182,0.058137,,,,,,,,,,,,
184698,,,,,,,,,,,0.000000,0.000000,0.000000,0.000000,0.084182,0.058137,,,,,,,,,,,,
184703,,,,,,,,,,,0.000000,0.000000,0.000000,0.000000,0.084182,0.058137,,,,,,,,,,,,
184708,,,,,,,,,,,0.000000,0.000000,0.000000,0.000000,0.084182,0.058137,,,,,,,,,,,,
184713,,,,,,,,,,,0.000000,0.000000,0.000000,0.000000,0.084182,0.058137,,,,,,,,,,,,
184718,,,,,,,,,,,0.000000,0.000000,0.000000,0.000000,0.084182,0.058137,,,,,,,,,,,,
184730,,,,,,,,,,,0.000000,0.000000,0.000000,0.000000,0.084182,0.058137,,,,,,,,,,,,
184733,,,,,,,,,,,0.000000,0.000000,0.000000,0.000000,0.084182,0.058137,,,,,,,,,,,,
184738,,,,,,,,,,,0.000000,0.000000,0.000000,0.000000,0.084182,0.058137,,,,,,,,,,,,
184743,,,,,,,,,,,0.000000,0.000000,0.000000,0.000000,0.084182,0.058137,,,,,,,,,,,,
184748,,,,,,,,,,,0.000000,0.000000,0.000000,0.000000,0.084182,0.058137,,,,,,,,,,,,
184753,,,,,,,,,,,0.000000,0.000000,0.000000,0.000000,0.084182,0.058137,,,,,,,,,,,,
184758,,,,,,,,,,,0.000000,0.000000,0.000000,0.000000,0.084182,0.058137,,,,,,,,,,,,
184763,,,,,,,,,,,0.000000,0.000000,0.000000,0.000000,0.084182,0.058137,,,,,,,,,,,,
184768,,,,,,,,,,,0.000000,0.000000,0.000000,0.000000,0.084182,0.058137,,,,,,,,,,,,
184773,,,,,,,,,,,0.000000,0.000000,0.000000,0.000000,0.084182,0.058137,,,,,,,,,,,,
184778,,,,,,,,,,,0.000000,0.000000,0.000000,0.000000,0.084182,0.058137,,,,,,,,,,,,
184790,,,,,,,,,,,0.000000,0.000000,0.000000,0.000000,0.084182,0.058137,,,,,,,,,,,,
184791,,,,,,,,,,,0.000000,0.000000,0.000000,0.000000,0.084182,0.058137,,,,,,,,,,,,
184793,,,,,,,,,,,0.000000,0.000000,0.000000,0.000000,0.084182,0.058137,,,,,,,,,,,,
184798,,,,,,,,,,,0.000000,0.000000,0.000000,0.000000,0.084182,0.058137,,,,,,,,,,,,
184803,,,,,,,,,,,0.000000,0.000000,0.000000,0.000000,0.084182,0.058137,,,,,,,,,,,,
184808,,,,,,,,,,,0.000000,0.000000,0.000000,0.000000,0.084182,0.058137,,,,,,,,,,,,
184813,,,,,,,,,,,0.000000,0.000000,0.000000,0.000000,0.084182,0.058137,,,,,,,,,,,,
184818,,,,,,,,,,,0.000000,0.000000,0.000000,0.000000,0.084182,0.058137,,,,,,,,,,,,
184823,,,,,,,,,,,0.000000,0.000000,0.000000,0.000000,0.084182,0.058137,,,,,,,,,,,,
184828,,,,,,,,,,,0.000000,0.000000,0.000000,0.000000,0.084182,0.058137,,,,,,,,,,,,
184833,,,,,,,,,,,0.000000,0.000000,0.000000,0.000000,0.084182,0.058137,,,,,,,,,,,,
184838,,,,,,,,,,,0.000000,0.000000,0.000000,0.000000,0.084182,0.058137,,,,,,,,,,,,
184843,,,,,,,,,,,0.000000,0.000000,0.000000,0.000000,0.084182,0.058137,,,,,,,,,,,,
184848,,,,,,,,,,,0.000000,0.000000,0.000000,0.000000,0.084182,0.058137,,,,,,,,,,,,
184853,,,,,,,,,,,0.000000,0.000000,0.000000,0.000000,0.084182,0.058137,,,,,,,,,,,,
184858,,,,,,,,,,,0.000000,0.000000,0.000000,0.000000,0.084182,0.058137,,,,,,,,,,,,
184870,,,,,,,,,,,0.000000,0.000000,0.000000,0.000000,0.084182,0.058137,,,,,,,,,,,,
184871,,,,,,,,,,,0.000000,0.000000,0.000000,0.000000,0.084182,0.058137,,,,,,,,,,,,
184873,,,,,,,,,,,0.000000,0.000000,0.000000,0.000000,0.084182,0.058137,,,,,,,,,,,,
184878,,,,,,,,,,,0.000000,0.000000,0.000000,0.000000,0.084182,0.058137,,,,,,,,,,,,
184883,,,,,,,,,,,0.000000,0.000000,0.000000,0.000000,0.084182,0.058137,,,,,,,,,,,,
184888,,,,,,,,,,,0.000000,0.000000,0.000000,0.000000,0.084182,0.058137,,,,,,,,,,,,
184893,,,,,,,,,,,0.000000,0.000000,0.000000,0.000000,0.084182,0.058137,,,,,,,,,,,,
184898,,,,,,,,,,,0.000000,0.000000,0.000000,0.000000,0.084182,0.058137,,,,,,,,,,,,
184903,,,,,,,,,,,0.000000,0.000000,0.000000,0.000000,0.084182,0.058137,,,,,,,,,,,,
184908,,,,,,,,,,,0.000000,0.000000,0.000000,0.000000,0.084182,0.058137,,,,,,,,,,,,
184913,,,,,,,,,,,0.000000,0.000000,0.000000,0.000000,0.084182,0.058137,,,,,,,,,,,,
184918,,,,,,,,,,,0.000000,0.000000,0.000000,0.000000,0.084182,0.058137,,,,,,,,,,,,
184930,,,,,,,,,,,0.000000,0.000000,0.000000,0.000000,0.084182,0.058137,,,,,,,,,,,,
184931,,,,,,,,,,,0.000000,0.000000,0.000000,0.000000,0.084182,0.058137,,,,,,,,,,,,
184933,,,,,,,,,,,0.000000,0.000000,0.000000,0.000000,0.084182,0.058137,,,,,,,,,,,,
184938,,,,,,,,,,,0.000000,0.000000,0.000000,0.000000,0.084182,0.058137,,,,,,,,,,,,
184943,,,,,,,,,,,0.000000,0.000000,0.000000,0.000000,0.084182,0.058137,,,,,,,,,,,,
184948,,,,,,,,,,,0.000000,0.000000,0.000000,0.000000,0.084182,0.058137,,,,,,,,,,,,
184953,,,,,,,,,,,0.000000,0.000000,0.000000,0.000000,0.084182,0.058137,,,,,,,,,,,,
184958,,,,,,,,,,,0.000000,0.000000,0.000000,0.000000,0.084182,0.058137,,,,,,,,,,,,
184963,,,,,,,,,,,0.000000,0.000000,0.000000,0.000000,0.084182,0.058137,,,,,,,,,,,,
184968,,,,,,,,,,,0.000000,0.000000,0.000000,0.000000,0.084182,0.058137,,,,,,,,,,,,
184973,,,,,,,,,,,0.000000,0.000000,0.000000,0.000000,0.084182,0.058137,,,,,,,,,,,,
184978,,,,,,,,,,,0.000000,0.000000,0.000000,0.000000,0.084182,0.058137,,,,,,,,,,,,
184990,,,,,,,,,,,0.000000,0.000000,0.000000,0.000000,0.084182,0.058137,,,,,,,,,,,,
184993,,,,,,,,,,,0.000000,0.000000,0.000000,0.000000,0.084182,0.058137,,,,,,,,,,,,
184998,,,,,,,,,,,0.000000,0.000000,0.000000,0.000000,0.084182,0.058137,,,,,,,,,,,,
185003,,,,,,,,,,,0.000000,0.000000,0.000000,0.000000,0.084182,0.058137,,,,,,,,,,,,
185008,,,,,,,,,,,0.000000,0.000000,0.000000,0.000000,0.084182,0.058137,,,,,,,,,,,,
185013,,,,,,,,,,,0.000000,0.000000,0.000000,0.000000,0.084182,0.058137,,,,,,,,,,,,
185018,,,,,,,,,,,0.000000,0.000000,0.000000,0.000000,0.084182,0.058137,,,,,,,,,,,,
185023,,,,,,,,,,,0.000000,0.000000,0.000000,0.000000,0.084182,0.058137,,,,,,,,,,,,
185028,,,,,,,,,,,0.000000,0.000000,0.000000,0.000000,0.084182,0.058137,,,,,,,,,,,,
185033,,,,,,,,,,,0.000000,0.000000,0.000000,0.000000,0.084182,0.058137,,,,,,,,,,,,
185038,,,,,,,,,,,0.000000,0.000000,0.000000,0.000000,0.084182,0.058137,,,,,,,,,,,,
185050,,,,,,,,,,,0.000000,0.000000,0.000000,0.000000,0.084182,0.058137,,,,,,,,,,,,
185051,,,,,,,,,,,0.000000,0.000000,0.000000,0.000000,0.084182,0.058137,,,,,,,,,,,,
185053,,,,,,,,,,,0.000000,0.000000,0.000000,0.000000,0.084182,0.058137,,,,,,,,,,,,
185058,,,,,,,,,,,0.000000,0.000000,0.000000,0.000000,0.084182,0.058137,,,,,,,,,,,,
185063,,,,,,,,,,,0.000000,0.000000,0.000000,0.000000,0.084182,0.058137,,,,,,,,,,,,
185068,,,,,,,,,,,0.000000,0.000000,0.000000,0.000000,0.084182,0.058137,,,,,,,,,,,,
185073,,,,,,,,,,,0.000000,0.000000,0.000000,0.000000,0.084182,0.058137,,,,,,,,,,,,
185078,,,,,,,,,,,0.000000,0.000000,0.000000,0.000000,0.084182,0.058137,,,,,,,,,,,,
185083,,,,,,,,,,,0.000000,0.000000,0.000000,0.000000,0.084182,0.058137,,,,,,,,,,,,
185088,,,,,,,,,,,0.000000,0.000000,0.000000,0.000000,0.084182,0.058137,,,,,,,,,,,,
185093,,,,,,,,,,,0.000000,0.000000,0.000000,0.000000,0.084182,0.058137,,,,,,,,,,,,
185098,,,,,,,,,,,0.000000,0.000000,0.000000,0.000000,0.084182,0.058137,,,,,,,,,,,,
185103,,,,,,,,,,,0.000000,0.000000,0.000000,0.000000,0.084182,0.058137,,,,,,,,,,,,
185108,,,,,,,,,,,0.000000,0.000000,0.000000,0.000000,0.084182,0.058137,,,,,,,,,,,,
185113,,,,,,,,,,,0.000000,0.000000,0.000000,0.000000,0.084182,0.058137,,,,,,,,,,,,
185118,,,,,,,,,,,0.000000,0.000000,0.000000,0.000000,0.084182,0.058137,,,,,,,,,,,,
185130,,,,,,,,,,,0.000000,0.000000,0.000000,0.000000,0.084182,0.058137,,,,,,,,,,,,
185133,,,,,,,,,,,0.000000,0.000000,0.000000,0.000000,0.084182,0.058137,,,,,,,,,,,,
185138,,,,,,,,,,,0.000000,0.000000,0.000000,0.000000,0.084182,0.058137,,,,,,,,,,,,
185143,,,,,,,,,,,0.000000,0.000000,0.000000,0.000000,0.084182,0.058137,,,,,,,,,,,,
185148,,,,,,,,,,,0.000000,0.000000,0.000000,0.000000,0.084182,0.058137,,,,,,,,,,,,
185153,,,,,,,,,,,0.000000,0.000000,0.000000,0.000000,0.084182,0.058137,,,,,,,,,,,,
185158,,,,,,,,,,,0.000000,0.000000,0.000000,0.000000,0.084182,0.058137,,,,,,,,,,,,
185163,,,,,,,,,,,0.000000,0.000000,0.000000,0.000000,0.084182,0.058137,,,,,,,,,,,,
185168,,,,,,,,,,,0.000000,0.000000,0.000000,0.000000,0.084182,0.058137,,,,,,,,,,,,
185173,,,,,,,,,,,0.000000,0.000000,0.000000,0.000000,0.084182,0.058137,,,,,,,,,,,,
185178,,,,,,,,,,,0.000000,0.000000,0.000000,0.000000,0.084182,0.058137,,,,,,,,,,,,
185202,,,,,,,,,,,0.000000,0.000000,0.000000,0.000000,0.084182,0.058137,,,,,,,,,,,,
185203,,,,,,,,,,,0.000000,0.000000,0.000000,0.000000,0.084182,0.058137,,,,,,,,,,,,
185208,,,,,,,,,,,0.000000,0.000000,0.000000,0.000000,0.084182,0.058137,,,,,,,,,,,,
185213,,,,,,,,,,,0.000000,0.000000,0.000000,0.000000,0.084182,0.058137,,,,,,,,,,,,
185218,,,,,,,,,,,0.000000,0.000000,0.000000,0.000000,0.084182,0.058137,,,,,,,,,,,,
185223,,,,,,,,,,,0.000000,0.000000,0.000000,0.000000,0.084182,0.058137,,,,,,,,,,,,
185228,,,,,,,,,,,0.000000,0.000000,0.000000,0.000000,0.084182,0.058137,,,,,,,,,,,,
185233,,,,,,,,,,,0.000000,0.000000,0.000000,0.000000,0.084182,0.058137,,,,,,,,,,,,
185238,,,,,,,,,,,0.000000,0.000000,0.000000,0.000000,0.084182,0.058137,,,,,,,,,,,,
185250,,,,,,,,,,,0.000000,0.000000,0.000000,0.000000,0.084182,0.058137,,,,,,,,,,,,
185253,,,,,,,,,,,0.000000,0.000000,0.000000,0.000000,0.084182,0.058137,,,,,,,,,,,,
185258,,,,,,,,,,,0.000000,0.000000,0.000000,0.000000,0.084182,0.058137,,,,,,,,,,,,
185263,,,,,,,,,,,0.000000,0.000000,0.000000,0.000000,0.084182,0.058137,,,,,,,,,,,,
185268,,,,,,,,,,,0.000000,0.000000,0.000000,0.000000,0.084182,0.058137,,,,,,,,,,,,
185273,,,,,,,,,,,0.000000,0.000000,0.000000,0.000000,0.084182,0.058137,,,,,,,,,,,,
185278,,,,,,,,,,,0.000000,0.000000,0.000000,0.000000,0.084182,0.058137,,,,,,,,,,,,
185283,,,,,,,,,,,0.000000,0.000000,0.000000,0.000000,0.084182,0.058137,,,,,,,,,,,,
185288,,,,,,,,,,,0.000000,0.000000,0.000000,0.000000,0.084182,0.058137,,,,,,,,,,,,
185293,,,,,,,,,,,0.000000,0.000000,0.000000,0.000000,0.084182,0.058137,,,,,,,,,,,,
185298,,,,,,,,,,,0.000000,0.000000,0.000000,0.000000,0.084182,0.058137,,,,,,,,,,,,
185303,,,,,,,,,,,0.000000,0.000000,0.000000,0.000000,0.084182,0.058137,,,,,,,,,,,,
185308,,,,,,,,,,,0.000000,0.000000,0.000000,0.000000,0.084182,0.058137,,,,,,,,,,,,
185313,,,,,,,,,,,0.000000,0.000000,0.000000,0.000000,0.084182,0.058137,,,,,,,,,,,,
185318,,,,,,,,,,,0.000000,0.000000,0.000000,0.000000,0.084182,0.058137,,,,,,,,,,,,
185329,,,,,,,,,,,0.000000,0.000000,0.000000,0.000000,0.084182,0.058137,,,,,,,,,,,,
185333,,,,,,,,,,,0.000000,0.000000,0.000000,0.000000,0.084182,0.058137,,,,,,,,,,,,
185338,,,,,,,,,,,0.000000,0.000000,0.000000,0.000000,0.084182,0.058137,,,,,,,,,,,,
185343,,,,,,,,,,,0.000000,0.000000,0.000000,0.000000,0.084182,0.058137,,,,,,,,,,,,
185348,,,,,,,,,,,0.000000,0.000000,0.000000,0.000000,0.084182,0.058137,,,,,,,,,,,,
185353,,,,,,,,,,,0.000000,0.000000,0.000000,0.000000,0.084182,0.058137,,,,,,,,,,,,
185358,,,,,,,,,,,0.000000,0.000000,0.000000,0.000000,0.084182,0.058137,,,,,,,,,,,,
185363,,,,,,,,,,,0.000000,0.000000,0.000000,0.000000,0.084182,0.058137,,,,,,,,,,,,
185368,,,,,,,,,,,0.000000,0.000000,0.000000,0.000000,0.084182,0.058137,,,,,,,,,,,,
185373,,,,,,,,,,,0.000000,0.000000,0.000000,0.000000,0.084182,0.058137,,,,,,,,,,,,
185378,,,,,,,,,,,0.000000,0.000000,0.000000,0.000000,0.084182,0.058137,,,,,,,,,,,,
185391,,,,,,,,,,,0.000000,0.000000,0.000000,0.000000,0.084182,0.058137,,,,,,,,,,,,
185393,,,,,,,,,,,0.000000,0.000000,0.000000,0.000000,0.084182,0.058137,,,,,,,,,,,,
185398,,,,,,,,,,,0.000000,0.000000,0.000000,0.000000,0.084182,0.058137,,,,,,,,,,,,
185403,,,,,,,,,,,0.000000,0.000000,0.000000,0.000000,0.084182,0.058137,,,,,,,,,,,,
185408,,,,,,,,,,,0.000000,0.000000,0.000000,0.000000,0.084182,0.058137,,,,,,,,,,,,
185413,,,,,,,,,,,0.000000,0.000000,0.000000,0.000000,0.084182,0.058137,,,,,,,,,,,,
185418,,,,,,,,,,,0.000000,0.000000,0.000000,0.000000,0.084182,0.058137,,,,,,,,,,,,
185423,,,,,,,,,,,0.000000,0.000000,0.000000,0.000000,0.084182,0.058137,,,,,,,,,,,,
185428,,,,,,,,,,,0.000000,0.000000,0.000000,0.000000,0.084182,0.058137,,,,,,,,,,,,
185433,,,,,,,,,,,0.000000,0.000000,0.000000,0.000000,0.084182,0.058137,,,,,,,,,,,,
185438,,,,,,,,,,,0.000000,0.000000,0.000000,0.000000,0.084182,0.058137,,,,,,,,,,,,
185451,,,,,,,,,,,0.000000,0.000000,0.000000,0.000000,0.084182,0.058137,,,,,,,,,,,,
185453,,,,,,,,,,,0.000000,0.000000,0.000000,0.000000,0.084182,0.058137,,,,,,,,,,,,
185458,,,,,,,,,,,0.000000,0.000000,0.000000,0.000000,0.084182,0.058137,,,,,,,,,,,,
185463,,,,,,,,,,,0.000000,0.000000,0.000000,0.000000,0.084182,0.058137,,,,,,,,,,,,
185468,,,,,,,,,,,0.000000,0.000000,0.000000,0.000000,0.084182,0.058137,,,,,,,,,,,,
185473,,,,,,,,,,,0.000000,0.000000,0.000000,0.000000,0.084182,0.058137,,,,,,,,,,,,
185478,,,,,,,,,,,0.000000,0.000000,0.000000,0.000000,0.084182,0.058137,,,,,,,,,,,,
185483,,,,,,,,,,,0.000000,0.000000,0.000000,0.000000,0.084182,0.058137,,,,,,,,,,,,
185488,,,,,,,,,,,0.000000,0.000000,0.000000,0.000000,0.084182,0.058137,,,,,,,,,,,,
185493,,,,,,,,,,,0.000000,0.000000,0.000000,0.000000,0.084182,0.058137,,,,,,,,,,,,
185498,,,,,,,,,,,0.000000,0.000000,0.000000,0.000000,0.084182,0.058137,,,,,,,,,,,,
185515,,,,,,,,,,,0.000000,0.000000,0.000000,0.000000,0.084182,0.058137,,,,,,,,,,,,
185518,,,,,,,,,,,0.000000,0.000000,0.000000,0.000000,0.084182,0.058137,,,,,,,,,,,,
185523,,,,,,,,,,,0.000000,0.000000,0.000000,0.000000,0.084182,0.058137,,,,,,,,,,,,
185528,,,,,,,,,,,0.000000,0.000000,0.000000,0.000000,0.084182,0.058137,,,,,,,,,,,,
185533,,,,,,,,,,,0.000000,0.000000,0.000000,0.000000,0.084182,0.058137,,,,,,,,,,,,
185538,,,,,,,,,,,0.000000,0.000000,0.000000,0.000000,0.084182,0.058137,,,,,,,,,,,,
185543,,,,,,,,,,,0.000000,0.000000,0.000000,0.000000,0.084182,0.058137,,,,,,,,,,,,
185548,,,,,,,,,,,0.000000,0.000000,0.000000,0.000000,0.084182,0.058137,,,,,,,,,,,,
185553,,,,,,,,,,,0.000000,0.000000,0.000000,0.000000,0.084182,0.058137,,,,,,,,,,,,
185558,,,,,,,,,,,0.000000,0.000000,0.000000,0.000000,0.084182,0.058137,,,,,,,,,,,,
185563,,,,,,,,,,,0.000000,0.000000,0.000000,0.000000,0.084182,0.058137,,,,,,,,,,,,
185568,,,,,,,,,,,0.000000,0.000000,0.000000,0.000000,0.084182,0.058137,,,,,,,,,,,,
185573,,,,,,,,,,,0.000000,0.000000,0.000000,0.000000,0.084182,0.058137,,,,,,,,,,,,
185578,,,,,,,,,,,0.000000,0.000000,0.000000,0.000000,0.084182,0.058137,,,,,,,,,,,,
185590,,,,,,,,,,,0.000000,0.000000,,,,,,,,,,,,,,,,
185591,,,,,,,,,,,0.000000,0.000000,0.000000,0.000000,0.084182,0.058137,,,,,,,,,,,,
185593,,,,,,,,,,,0.000000,0.000000,0.000000,0.000000,0.084182,0.058137,,,,,,,,,,,,
185598,,,,,,,,,,,0.000000,0.000000,0.000000,0.000000,0.084182,0.058137,,,,,,,,,,,,
185603,,,,,,,,,,,0.000000,0.000000,0.000000,0.000000,0.084182,0.058137,,,,,,,,,,,,
185608,,,,,,,,,,,0.000000,0.000000,0.000000,0.000000,0.084182,0.058137,,,,,,,,,,,,
185613,,,,,,,,,,,0.000000,0.000000,0.000000,0.000000,0.084182,0.058137,,,,,,,,,,,,
185618,,,,,,,,,,,0.000000,0.000000,0.000000,0.000000,0.084182,0.058137,,,,,,,,,,,,
185623,,,,,,,,,,,0.000000,0.000000,0.000000,0.000000,0.084182,0.058137,,,,,,,,,,,,
185628,,,,,,,,,,,0.000000,0.000000,0.000000,0.000000,0.084182,0.058137,,,,,,,,,,,,
185633,,,,,,,,,,,0.000000,0.000000,0.000000,0.000000,0.084182,0.058137,,,,,,,,,,,,
185638,,,,,,,,,,,0.000000,0.000000,0.000000,0.000000,0.084182,0.058137,,,,,,,,,,,,
185652,,,,,,,,,,,0.000000,0.000000,0.000000,0.000000,0.084182,0.058137,,,,,,,,,,,,
185653,,,,,,,,,,,0.000000,0.000000,0.000000,0.000000,0.084182,0.058137,,,,,,,,,,,,
185658,,,,,,,,,,,0.000000,0.000000,0.000000,0.000000,0.084182,0.058137,,,,,,,,,,,,
185663,,,,,,,,,,,0.000000,0.000000,0.000000,0.000000,0.084182,0.058137,,,,,,,,,,,,
185668,,,,,,,,,,,0.000000,0.000000,0.000000,0.000000,0.084182,0.058137,,,,,,,,,,,,
185673,,,,,,,,,,,0.000000,0.000000,0.000000,0.000000,0.084182,0.058137,,,,,,,,,,,,
185678,,,,,,,,,,,0.000000,0.000000,0.000000,0.000000,0.084182,0.058137,,,,,,,,,,,,
185683,,,,,,,,,,,0.000000,0.000000,0.000000,0.000000,0.084182,0.058137,,,,,,,,,,,,
185688,,,,,,,,,,,0.000000,0.000000,0.000000,0.000000,0.084182,0.058137,,,,,,,,,,,,
185693,,,,,,,,,,,0.000000,0.000000,0.000000,0.000000,0.084182,0.058137,,,,,,,,,,,,
185698,,,,,,,,,,,0.000000,0.000000,0.000000,0.000000,0.084182,0.058137,,,,,,,,,,,,
185710,,,,,,,,,,,0.000000,0.000000,0.000000,0.000000,0.084182,0.058137,,,,,,,,,,,,
185713,,,,,,,,,,,0.000000,0.000000,0.000000,0.000000,0.084182,0.058137,,,,,,,,,,,,
185718,,,,,,,,,,,0.000000,0.000000,0.000000,0.000000,0.084182,0.058137,,,,,,,,,,,,
185723,,,,,,,,,,,0.000000,0.000000,0.000000,0.000000,0.084182,0.058137,,,,,,,,,,,,
185728,,,,,,,,,,,0.000000,0.000000,0.000000,0.000000,0.084182,0.058137,,,,,,,,,,,,
185733,,,,,,,,,,,0.000000,0.000000,0.000000,0.000000,0.084182,0.058137,,,,,,,,,,,,
185738,,,,,,,,,,,0.000000,0.000000,0.000000,0.000000,0.084182,0.058137,,,,,,,,,,,,
185743,,,,,,,,,,,0.000000,0.000000,0.000000,0.000000,0.084182,0.058137,,,,,,,,,,,,
185748,,,,,,,,,,,0.000000,0.000000,0.000000,0.000000,0.084182,0.058137,,,,,,,,,,,,
185753,,,,,,,,,,,0.000000,0.000000,0.000000,0.000000,0.084182,0.058137,,,,,,,,,,,,
185758,,,,,,,,,,,0.000000,0.000000,0.000000,0.000000,0.084182,0.058137,,,,,,,,,,,,
185763,,,,,,,,,,,0.000000,0.000000,0.000000,0.000000,0.084182,0.058137,,,,,,,,,,,,
185768,,,,,,,,,,,0.000000,0.000000,0.000000,0.000000,0.084182,0.058137,,,,,,,,,,,,
185773,,,,,,,,,,,0.000000,0.000000,0.000000,0.000000,0.084182,0.058137,,,,,,,,,,,,
185778,,,,,,,,,,,0.000000,0.000000,0.000000,0.000000,0.084182,0.058137,,,,,,,,,,,,
185790,,,,,,,,,,,0.000000,0.000000,0.000000,0.000000,0.084182,0.058137,,,,,,,,,,,,
185793,,,,,,,,,,,0.000000,0.000000,0.000000,0.000000,0.084182,0.058137,,,,,,,,,,,,
185798,,,,,,,,,,,0.000000,0.000000,0.000000,0.000000,0.084182,0.058137,,,,,,,,,,,,
185803,,,,,,,,,,,0.000000,0.000000,0.000000,0.000000,0.084182,0.058137,,,,,,,,,,,,
185808,,,,,,,,,,,0.000000,0.000000,0.000000,0.000000,0.084182,0.058137,,,,,,,,,,,,
185813,,,,,,,,,,,0.000000,0.000000,0.000000,0.000000,0.084182,0.058137,,,,,,,,,,,,
185818,,,,,,,,,,,0.000000,0.000000,0.000000,0.000000,0.084182,0.058137,,,,,,,,,,,,
185823,,,,,,,,,,,0.000000,0.000000,0.000000,0.000000,0.084182,0.058137,,,,,,,,,,,,
185828,,,,,,,,,,,0.000000,0.000000,0.000000,0.000000,0.084182,0.058137,,,,,,,,,,,,
185833,,,,,,,,,,,0.000000,0.000000,0.000000,0.000000,0.084182,0.058137,,,,,,,,,,,,
185838,,,,,,,,,,,0.000000,0.000000,0.000000,0.000000,0.084182,0.058137,,,,,,,,,,,,
185851,,,,,,,,,,,0.000000,0.000000,0.000000,0.000000,0.084182,0.058137,,,,,,,,,,,,
185853,,,,,,,,,,,0.000000,0.000000,0.000000,0.000000,0.084182,0.058137,,,,,,,,,,,,
185858,,,,,,,,,,,0.000000,0.000000,0.000000,0.000000,0.084182,0.058137,,,,,,,,,,,,
185863,,,,,,,,,,,0.000000,0.000000,0.000000,0.000000,0.084182,0.058137,,,,,,,,,,,,
185868,,,,,,,,,,,0.000000,0.000000,0.000000,0.000000,0.084182,0.058137,,,,,,,,,,,,
185873,,,,,,,,,,,0.000000,0.000000,0.000000,0.000000,0.084182,0.058137,,,,,,,,,,,,
185878,,,,,,,,,,,0.000000,0.000000,0.000000,0.000000,0.084182,0.058137,,,,,,,,,,,,
185883,,,,,,,,,,,0.000000,0.000000,0.000000,0.000000,0.084182,0.058137,,,,,,,,,,,,
185888,,,,,,,,,,,0.000000,0.000000,0.000000,0.000000,0.084182,0.058137,,,,,,,,,,,,
185893,,,,,,,,,,,0.000000,0.000000,0.000000,0.000000,0.084182,0.058137,,,,,,,,,,,,
185898,,,,,,,,,,,0.000000,0.000000,0.000000,0.000000,0.084182,0.058137,,,,,,,,,,,,
185911,,,,,,,,,,,0.000000,0.000000,0.000000,0.000000,0.084182,0.058137,,,,,,,,,,,,
185913,,,,,,,,,,,0.000000,0.000000,0.000000,0.000000,0.084182,0.058137,,,,,,,,,,,,
185918,,,,,,,,,,,0.000000,0.000000,0.000000,0.000000,0.084182,0.058137,,,,,,,,,,,,
185923,,,,,,,,,,,0.000000,0.000000,0.000000,0.000000,0.084182,0.058137,,,,,,,,,,,,
185928,,,,,,,,,,,0.000000,0.000000,0.000000,0.000000,0.084182,0.058137,,,,,,,,,,,,
185933,,,,,,,,,,,0.000000,0.000000,0.000000,0.000000,0.084182,0.058137,,,,,,,,,,,,
185938,,,,,,,,,,,0.000000,0.000000,0.000000,0.000000,0.084182,0.058137,,,,,,,,,,,,
185943,,,,,,,,,,,0.000000,0.000000,0.000000,0.000000,0.084182,0.058137,,,,,,,,,,,,
185948,,,,,,,,,,,0.000000,0.000000,0.000000,0.000000,0.084182,0.058137,,,,,,,,,,,,
185953,,,,,,,,,,,0.000000,0.000000,0.000000,0.000000,0.084182,0.058137,,,,,,,,,,,,
185958,,,,,,,,,,,0.000000,0.000000,0.000000,0.000000,0.084182,0.058137,,,,,,,,,,,,
185971,,,,,,,,,,,0.000000,0.000000,0.000000,0.000000,0.084182,0.058137,,,,,,,,,,,,
185973,,,,,,,,,,,0.000000,0.000000,0.000000,0.000000,0.084182,0.058137,,,,,,,,,,,,
185978,,,,,,,,,,,0.000000,0.000000,0.000000,0.000000,0.084182,0.058137,,,,,,,,,,,,
185983,,,,,,,,,,,0.000000,0.000000,0.000000,0.000000,0.084182,0.058137,,,,,,,,,,,,
185988,,,,,,,,,,,0.000000,0.000000,0.000000,0.000000,0.084182,0.058137,,,,,,,,,,,,
185993,,,,,,,,,,,0.000000,0.000000,0.000000,0.000000,0.084182,0.058137,,,,,,,,,,,,
185998,,,,,,,,,,,0.000000,0.000000,0.000000,0.000000,0.084182,0.058137,,,,,,,,,,,,
186003,,,,,,,,,,,0.000000,0.000000,0.000000,0.000000,0.084182,0.058137,,,,,,,,,,,,
186008,,,,,,,,,,,0.000000,0.000000,0.000000,0.000000,0.084182,0.058137,,,,,,,,,,,,
186013,,,,,,,,,,,0.000000,0.000000,0.000000,0.000000,0.084182,0.058137,,,,,,,,,,,,
186018,,,,,,,,,,,0.000000,0.000000,0.000000,0.000000,0.084182,0.058137,,,,,,,,,,,,
186023,,,,,,,,,,,0.000000,0.000000,0.000000,0.000000,0.084182,0.058137,,,,,,,,,,,,
186028,,,,,,,,,,,0.000000,0.000000,0.000000,0.000000,0.084182,0.058137,,,,,,,,,,,,
186033,,,,,,,,,,,0.000000,0.000000,0.000000,0.000000,0.084182,0.058137,,,,,,,,,,,,
186038,,,,,,,,,,,0.000000,0.000000,0.000000,0.000000,0.084182,0.058137,,,,,,,,,,,,
186050,,,,,,,,,,,0.000000,0.000000,0.000000,0.000000,0.084182,0.058137,,,,,,,,,,,,
186051,,,,,,,,,,,0.000000,0.000000,0.000000,0.000000,0.084182,0.058137,,,,,,,,,,,,
186053,,,,,,,,,,,0.000000,0.000000,0.000000,0.000000,0.084182,0.058137,,,,,,,,,,,,
186058,,,,,,,,,,,0.000000,0.000000,0.000000,0.000000,0.084182,0.058137,,,,,,,,,,,,
186063,,,,,,,,,,,0.000000,0.000000,0.000000,0.000000,0.084182,0.058137,,,,,,,,,,,,
186068,,,,,,,,,,,0.000000,0.000000,0.000000,0.000000,0.084182,0.058137,,,,,,,,,,,,
186073,,,,,,,,,,,0.000000,0.000000,0.000000,0.000000,0.084182,0.058137,,,,,,,,,,,,
186078,,,,,,,,,,,0.000000,0.000000,0.000000,0.000000,0.084182,0.058137,,,,,,,,,,,,
186083,,,,,,,,,,,0.000000,0.000000,0.000000,0.000000,0.084182,0.058137,,,,,,,,,,,,
186088,,,,,,,,,,,0.000000,0.000000,0.000000,0.000000,0.084182,0.058137,,,,,,,,,,,,
186093,,,,,,,,,,,0.000000,0.000000,0.000000,0.000000,0.084182,0.058137,,,,,,,,,,,,
186098,,,,,,,,,,,0.000000,0.000000,0.000000,0.000000,0.084182,0.058137,,,,,,,,,,,,
186111,,,,,,,,,,,0.000000,0.000000,0.000000,0.000000,0.084182,0.058137,,,,,,,,,,,,
186113,,,,,,,,,,,0.000000,0.000000,0.000000,0.000000,0.084182,0.058137,,,,,,,,,,,,
186118,,,,,,,,,,,0.000000,0.000000,0.000000,0.000000,0.084182,0.058137,,,,,,,,,,,,
186123,,,,,,,,,,,0.000000,0.000000,0.000000,0.000000,0.084182,0.058137,,,,,,,,,,,,
186128,,,,,,,,,,,0.000000,0.000000,0.000000,0.000000,0.084182,0.058137,,,,,,,,,,,,
186133,,,,,,,,,,,0.000000,0.000000,0.000000,0.000000,0.084182,0.058137,,,,,,,,,,,,
186138,,,,,,,,,,,0.000000,0.000000,0.000000,0.000000,0.084182,0.058137,,,,,,,,,,,,
186143,,,,,,,,,,,0.000000,0.000000,0.000000,0.000000,0.084182,0.058137,,,,,,,,,,,,
186148,,,,,,,,,,,0.000000,0.000000,0.000000,0.000000,0.084182,0.058137,,,,,,,,,,,,
186153,,,,,,,,,,,0.000000,0.000000,0.000000,0.000000,0.084182,0.058137,,,,,,,,,,,,
186158,,,,,,,,,,,0.000000,0.000000,0.000000,0.000000,0.084182,0.058137,,,,,,,,,,,,
186171,,,,,,,,,,,0.000000,0.000000,0.000000,0.000000,0.084182,0.058137,,,,,,,,,,,,
186173,,,,,,,,,,,0.000000,0.000000,0.000000,0.000000,0.084182,0.058137,,,,,,,,,,,,
186178,,,,,,,,,,,0.000000,0.000000,0.000000,0.000000,0.084182,0.058137,,,,,,,,,,,,
186183,,,,,,,,,,,0.000000,0.000000,0.000000,0.000000,0.084182,0.058137,,,,,,,,,,,,
186188,,,,,,,,,,,0.000000,0.000000,0.000000,0.000000,0.084182,0.058137,,,,,,,,,,,,
186193,,,,,,,,,,,0.000000,0.000000,0.000000,0.000000,0.084182,0.058137,,,,,,,,,,,,
186198,,,,,,,,,,,0.000000,0.000000,0.000000,0.000000,0.084182,0.058137,,,,,,,,,,,,
186203,,,,,,,,,,,0.000000,0.000000,0.000000,0.000000,0.084182,0.058137,,,,,,,,,,,,
186208,,,,,,,,,,,0.000000,0.000000,0.000000,0.000000,0.084182,0.058137,,,,,,,,,,,,
186213,,,,,,,,,,,0.000000,0.000000,0.000000,0.000000,0.084182,0.058137,,,,,,,,,,,,
186218,,,,,,,,,,,0.000000,0.000000,0.000000,0.000000,0.084182,0.058137,,,,,,,,,,,,
186223,,,,,,,,,,,0.000000,0.000000,0.000000,0.000000,0.084182,0.058137,,,,,,,,,,,,
186228,,,,,,,,,,,0.000000,0.000000,0.000000,0.000000,0.084182,0.058137,,,,,,,,,,,,
186233,,,,,,,,,,,0.000000,0.000000,0.000000,0.000000,0.084182,0.058137,,,,,,,,,,,,
186238,,,,,,,,,,,0.000000,0.000000,0.000000,0.000000,0.084182,0.058137,,,,,,,,,,,,
186250,,,,,,,,,,,0.000000,0.000000,0.000000,0.000000,0.084182,0.058137,,,,,,,,,,,,
186253,,,,,,,,,,,0.000000,0.000000,0.000000,0.000000,0.084182,0.058137,,,,,,,,,,,,
186258,,,,,,,,,,,0.000000,0.000000,0.000000,0.000000,0.084182,0.058137,,,,,,,,,,,,
186263,,,,,,,,,,,0.000000,0.000000,0.000000,0.000000,0.084182,0.058137,,,,,,,,,,,,
186268,,,,,,,,,,,0.000000,0.000000,0.000000,0.000000,0.084182,0.058137,,,,,,,,,,,,
186273,,,,,,,,,,,0.000000,0.000000,0.000000,0.000000,0.084182,0.058137,,,,,,,,,,,,
186278,,,,,,,,,,,0.000000,0.000000,0.000000,0.000000,0.084182,0.058137,,,,,,,,,,,,
186283,,,,,,,,,,,0.000000,0.000000,0.000000,0.000000,0.084182,0.058137,,,,,,,,,,,,
186288,,,,,,,,,,,0.000000,0.000000,0.000000,0.000000,0.084182,0.058137,,,,,,,,,,,,
186293,,,,,,,,,,,0.000000,0.000000,0.000000,0.000000,0.084182,0.058137,,,,,,,,,,,,
186298,,,,,,,,,,,0.000000,0.000000,0.000000,0.000000,0.084182,0.058137,,,,,,,,,,,,
186310,,,,,,,,,,,0.000000,0.000000,0.000000,0.000000,0.084182,0.058137,,,,,,,,,,,,
186311,,,,,,,,,,,0.000000,0.000000,0.000000,0.000000,0.084182,0.058137,,,,,,,,,,,,
186313,,,,,,,,,,,0.000000,0.000000,0.000000,0.000000,0.084182,0.058137,,,,,,,,,,,,
186318,,,,,,,,,,,0.000000,0.000000,0.000000,0.000000,0.084182,0.058137,,,,,,,,,,,,
186323,,,,,,,,,,,0.000000,0.000000,0.000000,0.000000,0.084182,0.058137,,,,,,,,,,,,
186328,,,,,,,,,,,0.000000,0.000000,0.000000,0.000000,0.084182,0.058137,,,,,,,,,,,,
186333,,,,,,,,,,,0.000000,0.000000,0.000000,0.000000,0.084182,0.058137,,,,,,,,,,,,
186338,,,,,,,,,,,0.000000,0.000000,0.000000,0.000000,0.084182,0.058137,,,,,,,,,,,,
186343,,,,,,,,,,,0.000000,0.000000,0.000000,0.000000,0.084182,0.058137,,,,,,,,,,,,
186348,,,,,,,,,,,0.000000,0.000000,0.000000,0.000000,0.084182,0.058137,,,,,,,,,,,,
186353,,,,,,,,,,,0.000000,0.000000,0.000000,0.000000,0.084182,0.058137,,,,,,,,,,,,
186358,,,,,,,,,,,0.000000,0.000000,0.000000,0.000000,0.084182,0.058137,,,,,,,,,,,,
186371,,,,,,,,,,,0.000000,0.000000,0.000000,0.000000,0.084182,0.058137,,,,,,,,,,,,
186373,,,,,,,,,,,0.000000,0.000000,0.000000,0.000000,0.084182,0.058137,,,,,,,,,,,,
186378,,,,,,,,,,,0.000000,0.000000,0.000000,0.000000,0.084182,0.058137,,,,,,,,,,,,
186383,,,,,,,,,,,0.000000,0.000000,0.000000,0.000000,0.084182,0.058137,,,,,,,,,,,,
186388,,,,,,,,,,,0.000000,0.000000,0.000000,0.000000,0.084182,0.058137,,,,,,,,,,,,
186393,,,,,,,,,,,0.000000,0.000000,0.000000,0.000000,0.084182,0.058137,,,,,,,,,,,,
186398,,,,,,,,,,,0.000000,0.000000,0.000000,0.000000,0.084182,0.058137,,,,,,,,,,,,
186403,,,,,,,,,,,0.000000,0.000000,0.000000,0.000000,0.084182,0.058137,,,,,,,,,,,,
186408,,,,,,,,,,,0.000000,0.000000,0.000000,0.000000,0.084182,0.058137,,,,,,,,,,,,
186413,,,,,,,,,,,0.000000,0.000000,0.000000,0.000000,0.084182,0.058137,,,,,,,,,,,,
186418,,,,,,,,,,,0.000000,0.000000,0.000000,0.000000,0.084182,0.058137,,,,,,,,,,,,
186430,,,,,,,,,,,0.000000,0.000000,0.000000,0.000000,0.084182,0.058137,,,,,,,,,,,,
186431,,,,,,,,,,,0.000000,0.000000,0.000000,0.000000,0.084182,0.058137,,,,,,,,,,,,
186433,,,,,,,,,,,0.000000,0.000000,0.000000,0.000000,0.084182,0.058137,,,,,,,,,,,,
186438,,,,,,,,,,,0.000000,0.000000,0.000000,0.000000,0.084182,0.058137,,,,,,,,,,,,
186443,,,,,,,,,,,0.000000,0.000000,0.000000,0.000000,0.084182,0.058137,,,,,,,,,,,,
186448,,,,,,,,,,,0.000000,0.000000,0.000000,0.000000,0.084182,0.058137,,,,,,,,,,,,
186453,,,,,,,,,,,0.000000,0.000000,0.000000,0.000000,0.084182,0.058137,,,,,,,,,,,,
186458,,,,,,,,,,,0.000000,0.000000,0.000000,0.000000,0.084182,0.058137,,,,,,,,,,,,
186463,,,,,,,,,,,0.000000,0.000000,0.000000,0.000000,0.084182,0.058137,,,,,,,,,,,,
186468,,,,,,,,,,,0.000000,0.000000,0.000000,0.000000,0.084182,0.058137,,,,,,,,,,,,
186473,,,,,,,,,,,0.000000,0.000000,0.000000,0.000000,0.084182,0.058137,,,,,,,,,,,,
186478,,,,,,,,,,,0.000000,0.000000,0.000000,0.000000,0.084182,0.058137,,,,,,,,,,,,
186483,,,,,,,,,,,0.000000,0.000000,0.000000,0.000000,0.084182,0.058137,,,,,,,,,,,,
186488,,,,,,,,,,,0.000000,0.000000,0.000000,0.000000,0.084182,0.058137,,,,,,,,,,,,
186493,,,,,,,,,,,0.000000,0.000000,0.000000,0.000000,0.084182,0.058137,,,,,,,,,,,,
186498,,,,,,,,,,,0.000000,0.000000,0.000000,0.000000,0.084182,0.058137,,,,,,,,,,,,
186510,,,,,,,,,,,0.000000,0.000000,,,0.084182,0.058137,,,,,,,,,,,,
186511,,,,,,,,,,,0.000000,0.000000,0.000000,0.000000,0.084182,0.058137,,,,,,,,,,,,
186513,,,,,,,,,,,0.000000,0.000000,0.000000,0.000000,0.084182,0.058137,,,,,,,,,,,,
186518,,,,,,,,,,,0.000000,0.000000,0.000000,0.000000,0.084182,0.058137,,,,,,,,,,,,
186523,,,,,,,,,,,0.000000,0.000000,0.000000,0.000000,0.084182,0.058137,,,,,,,,,,,,
186528,,,,,,,,,,,0.000000,0.000000,0.000000,0.000000,0.084182,0.058137,,,,,,,,,,,,
186533,,,,,,,,,,,0.000000,0.000000,0.000000,0.000000,0.084182,0.058137,,,,,,,,,,,,
186538,,,,,,,,,,,0.000000,0.000000,0.000000,0.000000,0.084182,0.058137,,,,,,,,,,,,
186543,,,,,,,,,,,0.000000,0.000000,0.000000,0.000000,0.084182,0.058137,,,,,,,,,,,,
186548,,,,,,,,,,,0.000000,0.000000,0.000000,0.000000,0.084182,0.058137,,,,,,,,,,,,
186553,,,,,,,,,,,0.000000,0.000000,0.000000,0.000000,0.084182,0.058137,,,,,,,,,,,,
186558,,,,,,,,,,,0.000000,0.000000,0.000000,0.000000,0.084182,0.058137,,,,,,,,,,,,
186570,,,,,,,,,,,0.000000,0.000000,0.000000,0.000000,0.084182,0.058137,,,,,,,,,,,,
186573,,,,,,,,,,,0.000000,0.000000,0.000000,0.000000,0.084182,0.058137,,,,,,,,,,,,
186578,,,,,,,,,,,0.000000,0.000000,0.000000,0.000000,0.084182,0.058137,,,,,,,,,,,,
186583,,,,,,,,,,,0.000000,0.000000,0.000000,0.000000,0.084182,0.058137,,,,,,,,,,,,
186588,,,,,,,,,,,0.000000,0.000000,0.000000,0.000000,0.084182,0.058137,,,,,,,,,,,,
186593,,,,,,,,,,,0.000000,0.000000,0.000000,0.000000,0.084182,0.058137,,,,,,,,,,,,
186598,,,,,,,,,,,0.000000,0.000000,0.000000,0.000000,0.084182,0.058137,,,,,,,,,,,,
186603,,,,,,,,,,,0.000000,0.000000,0.000000,0.000000,0.084182,0.058137,,,,,,,,,,,,
186608,,,,,,,,,,,0.000000,0.000000,0.000000,0.000000,0.084182,0.058137,,,,,,,,,,,,
186613,,,,,,,,,,,0.000000,0.000000,0.000000,0.000000,0.084182,0.058137,,,,,,,,,,,,
186618,,,,,,,,,,,0.000000,0.000000,0.000000,0.000000,0.084182,0.058137,,,,,,,,,,,,
186630,,,,,,,,,,,0.000000,0.000000,0.000000,0.000000,0.084182,0.058137,,,,,,,,,,,,
186631,,,,,,,,,,,0.000000,0.000000,0.000000,0.000000,0.084182,0.058137,,,,,,,,,,,,
186633,,,,,,,,,,,0.000000,0.000000,0.000000,0.000000,0.084182,0.058137,,,,,,,,,,,,
186638,,,,,,,,,,,0.000000,0.000000,0.000000,0.000000,0.084182,0.058137,,,,,,,,,,,,
186643,,,,,,,,,,,0.000000,0.000000,0.000000,0.000000,0.084182,0.058137,,,,,,,,,,,,
186648,,,,,,,,,,,0.000000,0.000000,0.000000,0.000000,0.084182,0.058137,,,,,,,,,,,,
186653,,,,,,,,,,,0.000000,0.000000,0.000000,0.000000,0.084182,0.058137,,,,,,,,,,,,
186658,,,,,,,,,,,0.000000,0.000000,0.000000,0.000000,0.084182,0.058137,,,,,,,,,,,,
186663,,,,,,,,,,,0.000000,0.000000,0.000000,0.000000,0.084182,0.058137,,,,,,,,,,,,
186668,,,,,,,,,,,0.000000,0.000000,0.000000,0.000000,0.084182,0.058137,,,,,,,,,,,,
186673,,,,,,,,,,,0.000000,0.000000,0.000000,0.000000,0.084182,0.058137,,,,,,,,,,,,
186678,,,,,,,,,,,0.000000,0.000000,0.000000,0.000000,0.084182,0.058137,,,,,,,,,,,,
186683,,,,,,,,,,,0.000000,0.000000,0.000000,0.000000,0.084182,0.058137,,,,,,,,,,,,
186688,,,,,,,,,,,0.000000,0.000000,0.000000,0.000000,0.084182,0.058137,,,,,,,,,,,,
186693,,,,,,,,,,,0.000000,0.000000,0.000000,0.000000,0.084182,0.058137,,,,,,,,,,,,
186698,,,,,,,,,,,0.000000,0.000000,0.000000,0.000000,0.084182,0.058137,,,,,,,,,,,,
186710,,,,,,,,,,,0.000000,0.000000,0.000000,0.000000,0.084182,0.058137,,,,,,,,,,,,
186713,,,,,,,,,,,0.000000,0.000000,0.000000,0.000000,0.084182,0.058137,,,,,,,,,,,,
186718,,,,,,,,,,,0.000000,0.000000,0.000000,0.000000,0.084182,0.058137,,,,,,,,,,,,
186723,,,,,,,,,,,0.000000,0.000000,0.000000,0.000000,0.084182,0.058137,,,,,,,,,,,,
186728,,,,,,,,,,,0.000000,0.000000,0.000000,0.000000,0.084182,0.058137,,,,,,,,,,,,
186733,,,,,,,,,,,0.000000,0.000000,0.000000,0.000000,0.084182,0.058137,,,,,,,,,,,,
186738,,,,,,,,,,,0.000000,0.000000,0.000000,0.000000,0.084182,0.058137,,,,,,,,,,,,
186743,,,,,,,,,,,0.000000,0.000000,0.000000,0.000000,0.084182,0.058137,,,,,,,,,,,,
186748,,,,,,,,,,,0.000000,0.000000,0.000000,0.000000,0.084182,0.058137,,,,,,,,,,,,
186753,,,,,,,,,,,0.000000,0.000000,0.000000,0.000000,0.084182,0.058137,,,,,,,,,,,,
186758,,,,,,,,,,,0.000000,0.000000,0.000000,0.000000,0.084182,0.058137,,,,,,,,,,,,
186770,,,,,,,,,,,0.000000,0.000000,0.000000,0.000000,0.084182,0.058137,,,,,,,,,,,,
186773,,,,,,,,,,,0.000000,0.000000,0.000000,0.000000,0.084182,0.058137,,,,,,,,,,,,
186778,,,,,,,,,,,0.000000,0.000000,0.000000,0.000000,0.084182,0.058137,,,,,,,,,,,,
186783,,,,,,,,,,,0.000000,0.000000,0.000000,0.000000,0.084182,0.058137,,,,,,,,,,,,
186788,,,,,,,,,,,0.000000,0.000000,0.000000,0.000000,0.084182,0.058137,,,,,,,,,,,,
186793,,,,,,,,,,,0.000000,0.000000,0.000000,0.000000,0.084182,0.058137,,,,,,,,,,,,
186798,,,,,,,,,,,0.000000,0.000000,0.000000,0.000000,0.084182,0.058137,,,,,,,,,,,,
186803,,,,,,,,,,,0.000000,0.000000,0.000000,0.000000,0.084182,0.058137,,,,,,,,,,,,
186808,,,,,,,,,,,0.000000,0.000000,0.000000,0.000000,0.084182,0.058137,,,,,,,,,,,,
186813,,,,,,,,,,,0.000000,0.000000,0.000000,0.000000,0.084182,0.058137,,,,,,,,,,,,
186818,,,,,,,,,,,0.000000,0.000000,0.000000,0.000000,0.084182,0.058137,,,,,,,,,,,,
186830,,,,,,,,,,,0.000000,0.000000,0.000000,0.000000,0.084182,0.058137,,,,,,,,,,,,
186833,,,,,,,,,,,0.000000,0.000000,0.000000,0.000000,0.084182,0.058137,,,,,,,,,,,,
186838,,,,,,,,,,,0.000000,0.000000,0.000000,0.000000,0.084182,0.058137,,,,,,,,,,,,
186843,,,,,,,,,,,0.000000,0.000000,0.000000,0.000000,0.084182,0.058137,,,,,,,,,,,,
186848,,,,,,,,,,,0.000000,0.000000,0.000000,0.000000,0.084182,0.058137,,,,,,,,,,,,
186853,,,,,,,,,,,0.000000,0.000000,0.000000,0.000000,0.084182,0.058137,,,,,,,,,,,,
186858,,,,,,,,,,,0.000000,0.000000,0.000000,0.000000,0.084182,0.058137,,,,,,,,,,,,
186863,,,,,,,,,,,0.000000,0.000000,0.000000,0.000000,0.084182,0.058137,,,,,,,,,,,,
186868,,,,,,,,,,,0.000000,0.000000,0.000000,0.000000,0.084182,0.058137,,,,,,,,,,,,
186873,,,,,,,,,,,0.000000,0.000000,0.000000,0.000000,0.084182,0.058137,,,,,,,,,,,,
186878,,,,,,,,,,,0.000000,0.000000,0.000000,0.000000,0.084182,0.058137,,,,,,,,,,,,
186890,,,,,,,,,,,0.000000,0.000000,0.000000,0.000000,0.084182,0.058137,,,,,,,,,,,,
186891,,,,,,,,,,,0.000000,0.000000,0.000000,0.000000,0.084182,0.058137,,,,,,,,,,,,
186893,,,,,,,,,,,0.000000,0.000000,0.000000,0.000000,0.084182,0.058137,,,,,,,,,,,,
186898,,,,,,,,,,,0.000000,0.000000,0.000000,0.000000,0.084182,0.058137,,,,,,,,,,,,
186903,,,,,,,,,,,0.000000,0.000000,0.000000,0.000000,0.084182,0.058137,,,,,,,,,,,,
186908,,,,,,,,,,,0.000000,0.000000,0.000000,0.000000,0.084182,0.058137,,,,,,,,,,,,
186913,,,,,,,,,,,0.000000,0.000000,0.000000,0.000000,0.084182,0.058137,,,,,,,,,,,,
186918,,,,,,,,,,,0.000000,0.000000,0.000000,0.000000,0.084182,0.058137,,,,,,,,,,,,
186923,,,,,,,,,,,0.000000,0.000000,0.000000,0.000000,0.084182,0.058137,,,,,,,,,,,,
186928,,,,,,,,,,,0.000000,0.000000,0.000000,0.000000,0.084182,0.058137,,,,,,,,,,,,
186933,,,,,,,,,,,0.000000,0.000000,0.000000,0.000000,0.084182,0.058137,,,,,,,,,,,,
186938,,,,,,,,,,,0.000000,0.000000,0.000000,0.000000,0.084182,0.058137,,,,,,,,,,,,
186943,,,,,,,,,,,0.000000,0.000000,0.000000,0.000000,0.084182,0.058137,,,,,,,,,,,,
186948,,,,,,,,,,,0.000000,0.000000,0.000000,0.000000,0.084182,0.058137,,,,,,,,,,,,
186953,,,,,,,,,,,0.000000,0.000000,0.000000,0.000000,0.084182,0.058137,,,,,,,,,,,,
186958,,,,,,,,,,,0.000000,0.000000,0.000000,0.000000,0.084182,0.058137,,,,,,,,,,,,
186970,,,,,,,,,,,0.000000,0.000000,0.000000,0.000000,0.084182,0.058137,,,,,,,,,,,,
186973,,,,,,,,,,,0.000000,0.000000,0.000000,0.000000,0.084182,0.058137,,,,,,,,,,,,
186978,,,,,,,,,,,0.000000,0.000000,0.000000,0.000000,0.084182,0.058137,,,,,,,,,,,,
186983,,,,,,,,,,,0.000000,0.000000,0.000000,0.000000,0.084182,0.058137,,,,,,,,,,,,
186988,,,,,,,,,,,0.000000,0.000000,0.000000,0.000000,0.084182,0.058137,,,,,,,,,,,,
186993,,,,,,,,,,,0.000000,0.000000,0.000000,0.000000,0.084182,0.058137,,,,,,,,,,,,
186998,,,,,,,,,,,0.000000,0.000000,0.000000,0.000000,0.084182,0.058137,,,,,,,,,,,,
187003,,,,,,,,,,,0.000000,0.000000,0.000000,0.000000,0.084182,0.058137,,,,,,,,,,,,
187008,,,,,,,,,,,0.000000,0.000000,0.000000,0.000000,0.084182,0.058137,,,,,,,,,,,,
187013,,,,,,,,,,,0.000000,0.000000,0.000000,0.000000,0.084182,0.058137,,,,,,,,,,,,
187018,,,,,,,,,,,0.000000,0.000000,0.000000,0.000000,0.084182,0.058137,,,,,,,,,,,,
187030,,,,,,,,,,,0.000000,0.000000,0.000000,0.000000,0.084182,0.058137,,,,,,,,,,,,
187033,,,,,,,,,,,0.000000,0.000000,0.000000,0.000000,0.084182,0.058137,,,,,,,,,,,,
187038,,,,,,,,,,,0.000000,0.000000,0.000000,0.000000,0.084182,0.058137,,,,,,,,,,,,
187043,,,,,,,,,,,0.000000,0.000000,0.000000,0.000000,0.084182,0.058137,,,,,,,,,,,,
187048,,,,,,,,,,,0.000000,0.000000,0.000000,0.000000,0.084182,0.058137,,,,,,,,,,,,
187053,,,,,,,,,,,0.000000,0.000000,0.000000,0.000000,0.084182,0.058137,,,,,,,,,,,,
187058,,,,,,,,,,,0.000000,0.000000,0.000000,0.000000,0.084182,0.058137,,,,,,,,,,,,
187063,,,,,,,,,,,0.000000,0.000000,0.000000,0.000000,0.084182,0.058137,,,,,,,,,,,,
187068,,,,,,,,,,,0.000000,0.000000,0.000000,0.000000,0.084182,0.058137,,,,,,,,,,,,
187073,,,,,,,,,,,0.000000,0.000000,0.000000,0.000000,0.084182,0.058137,,,,,,,,,,,,
187078,,,,,,,,,,,0.000000,0.000000,0.000000,0.000000,0.084182,0.058137,,,,,,,,,,,,
187090,,,,,,,,,,,0.000000,0.000000,0.000000,0.000000,0.084182,0.058137,,,,,,,,,,,,
187091,,,,,,,,,,,0.000000,0.000000,0.000000,0.000000,0.084182,0.058137,,,,,,,,,,,,
187093,,,,,,,,,,,0.000000,0.000000,0.000000,0.000000,0.084182,0.058137,,,,,,,,,,,,
187098,,,,,,,,,,,0.000000,0.000000,0.000000,0.000000,0.084182,0.058137,,,,,,,,,,,,
187103,,,,,,,,,,,0.000000,0.000000,0.000000,0.000000,0.084182,0.058137,,,,,,,,,,,,
187108,,,,,,,,,,,0.000000,0.000000,0.000000,0.000000,0.084182,0.058137,,,,,,,,,,,,
187113,,,,,,,,,,,0.000000,0.000000,0.000000,0.000000,0.084182,0.058137,,,,,,,,,,,,
187118,,,,,,,,,,,0.000000,0.000000,0.000000,0.000000,0.084182,0.058137,,,,,,,,,,,,
187123,,,,,,,,,,,0.000000,0.000000,0.000000,0.000000,0.084182,0.058137,,,,,,,,,,,,
187128,,,,,,,,,,,0.000000,0.000000,0.000000,0.000000,0.084182,0.058137,,,,,,,,,,,,
187133,,,,,,,,,,,0.000000,0.000000,0.000000,0.000000,0.084182,0.058137,,,,,,,,,,,,
187138,,,,,,,,,,,0.000000,0.000000,0.000000,0.000000,0.084182,0.058137,,,,,,,,,,,,
187150,,,,,,,,,,,0.000000,0.000000,0.000000,0.000000,0.084182,0.058137,,,,,,,,,,,,
187151,,,,,,,,,,,0.000000,0.000000,0.000000,0.000000,0.084182,0.058137,,,,,,,,,,,,
187153,,,,,,,,,,,0.000000,0.000000,0.000000,0.000000,0.084182,0.058137,,,,,,,,,,,,
187158,,,,,,,,,,,0.000000,0.000000,0.000000,0.000000,0.084182,0.058137,,,,,,,,,,,,
187163,,,,,,,,,,,0.000000,0.000000,0.000000,0.000000,0.084182,0.058137,,,,,,,,,,,,
187168,,,,,,,,,,,0.000000,0.000000,0.000000,0.000000,0.084182,0.058137,,,,,,,,,,,,
187173,,,,,,,,,,,0.000000,0.000000,0.000000,0.000000,0.084182,0.058137,,,,,,,,,,,,
187178,,,,,,,,,,,0.000000,0.000000,0.000000,0.000000,0.084182,0.058137,,,,,,,,,,,,
187183,,,,,,,,,,,0.000000,0.000000,0.000000,0.000000,0.084182,0.058137,,,,,,,,,,,,
187188,,,,,,,,,,,0.000000,0.000000,0.000000,0.000000,0.084182,0.058137,,,,,,,,,,,,
187193,,,,,,,,,,,0.000000,0.000000,0.000000,0.000000,0.084182,0.058137,,,,,,,,,,,,
187198,,,,,,,,,,,0.000000,0.000000,0.000000,0.000000,0.084182,0.058137,,,,,,,,,,,,
187203,,,,,,,,,,,0.000000,0.000000,0.000000,0.000000,0.084182,0.058137,,,,,,,,,,,,
187208,,,,,,,,,,,0.000000,0.000000,0.000000,0.000000,0.084182,0.058137,,,,,,,,,,,,
187213,,,,,,,,,,,0.000000,0.000000,0.000000,0.000000,0.084182,0.058137,,,,,,,,,,,,
187218,,,,,,,,,,,0.000000,0.000000,0.000000,0.000000,0.084182,0.058137,,,,,,,,,,,,
187230,,,,,,,,,,,0.000000,0.000000,0.000000,0.000000,0.084182,0.058137,,,,,,,,,,,,
187233,,,,,,,,,,,0.000000,0.000000,0.000000,0.000000,0.084182,0.058137,,,,,,,,,,,,
187238,,,,,,,,,,,0.000000,0.000000,0.000000,0.000000,0.084182,0.058137,,,,,,,,,,,,
187243,,,,,,,,,,,0.000000,0.000000,0.000000,0.000000,0.084182,0.058137,,,,,,,,,,,,
187248,,,,,,,,,,,0.000000,0.000000,0.000000,0.000000,0.084182,0.058137,,,,,,,,,,,,
187253,,,,,,,,,,,0.000000,0.000000,0.000000,0.000000,0.084182,0.058137,,,,,,,,,,,,
187258,,,,,,,,,,,0.000000,0.000000,0.000000,0.000000,0.084182,0.058137,,,,,,,,,,,,
187263,,,,,,,,,,,0.000000,0.000000,0.000000,0.000000,0.084182,0.058137,,,,,,,,,,,,
187268,,,,,,,,,,,0.000000,0.000000,0.000000,0.000000,0.084182,0.058137,,,,,,,,,,,,
187273,,,,,,,,,,,0.000000,0.000000,0.000000,0.000000,0.084182,0.058137,,,,,,,,,,,,
187278,,,,,,,,,,,0.000000,0.000000,0.000000,0.000000,0.084182,0.058137,,,,,,,,,,,,
187290,,,,,,,,,,,0.000000,0.000000,0.000000,0.000000,0.084182,0.058137,,,,,,,,,,,,
187293,,,,,,,,,,,0.000000,0.000000,0.000000,0.000000,0.084182,0.058137,,,,,,,,,,,,
187298,,,,,,,,,,,0.000000,0.000000,0.000000,0.000000,0.084182,0.058137,,,,,,,,,,,,
187303,,,,,,,,,,,0.000000,0.000000,0.000000,0.000000,0.084182,0.058137,,,,,,,,,,,,
187308,,,,,,,,,,,0.000000,0.000000,0.000000,0.000000,0.084182,0.058137,,,,,,,,,,,,
187313,,,,,,,,,,,0.000000,0.000000,0.000000,0.000000,0.084182,0.058137,,,,,,,,,,,,
187318,,,,,,,,,,,0.000000,0.000000,0.000000,0.000000,0.084182,0.058137,,,,,,,,,,,,
187323,,,,,,,,,,,0.000000,0.000000,0.000000,0.000000,0.084182,0.058137,,,,,,,,,,,,
187328,,,,,,,,,,,0.000000,0.000000,0.000000,0.000000,0.084182,0.058137,,,,,,,,,,,,
187333,,,,,,,,,,,0.000000,0.000000,0.000000,0.000000,0.084182,0.058137,,,,,,,,,,,,
187338,,,,,,,,,,,0.000000,0.000000,0.000000,0.000000,0.084182,0.058137,,,,,,,,,,,,
187350,,,,,,,,,,,0.000000,0.000000,0.000000,0.000000,0.084182,0.058137,,,,,,,,,,,,
187353,,,,,,,,,,,0.000000,0.000000,0.000000,0.000000,0.084182,0.058137,,,,,,,,,,,,
187358,,,,,,,,,,,0.000000,0.000000,0.000000,0.000000,0.084182,0.058137,,,,,,,,,,,,
187363,,,,,,,,,,,0.000000,0.000000,0.000000,0.000000,0.084182,0.058137,,,,,,,,,,,,
187368,,,,,,,,,,,0.000000,0.000000,0.000000,0.000000,0.084182,0.058137,,,,,,,,,,,,
187373,,,,,,,,,,,0.000000,0.000000,0.000000,0.000000,0.084182,0.058137,,,,,,,,,,,,
187378,,,,,,,,,,,0.000000,0.000000,0.000000,0.000000,0.084182,0.058137,,,,,,,,,,,,
187383,,,,,,,,,,,0.000000,0.000000,0.000000,0.000000,0.084182,0.058137,,,,,,,,,,,,
187388,,,,,,,,,,,0.000000,0.000000,0.000000,0.000000,0.084182,0.058137,,,,,,,,,,,,
187393,,,,,,,,,,,0.000000,0.000000,0.000000,0.000000,0.084182,0.058137,,,,,,,,,,,,
187398,,,,,,,,,,,0.000000,0.000000,0.000000,0.000000,0.084182,0.058137,,,,,,,,,,,,
187403,,,,,,,,,,,0.000000,0.000000,0.000000,0.000000,0.084182,0.058137,,,,,,,,,,,,
187408,,,,,,,,,,,0.000000,0.000000,0.000000,0.000000,0.084182,0.058137,,,,,,,,,,,,
187413,,,,,,,,,,,0.000000,0.000000,0.000000,0.000000,0.084182,0.058137,,,,,,,,,,,,
187418,,,,,,,,,,,0.000000,0.000000,0.000000,0.000000,0.084182,0.058137,,,,,,,,,,,,
187430,,,,,,,,,,,0.000000,0.000000,0.000000,0.000000,0.084182,0.058137,,,,,,,,,,,,
187433,,,,,,,,,,,0.000000,0.000000,0.000000,0.000000,0.084182,0.058137,,,,,,,,,,,,
187438,,,,,,,,,,,0.000000,0.000000,0.000000,0.000000,0.084182,0.058137,,,,,,,,,,,,
187443,,,,,,,,,,,0.000000,0.000000,0.000000,0.000000,0.084182,0.058137,,,,,,,,,,,,
187448,,,,,,,,,,,0.000000,0.000000,0.000000,0.000000,0.084182,0.058137,,,,,,,,,,,,
187453,,,,,,,,,,,0.000000,0.000000,0.000000,0.000000,0.084182,0.058137,,,,,,,,,,,,
187458,,,,,,,,,,,0.000000,0.000000,0.000000,0.000000,0.084182,0.058137,,,,,,,,,,,,
187463,,,,,,,,,,,0.000000,0.000000,0.000000,0.000000,0.084182,0.058137,,,,,,,,,,,,
187468,,,,,,,,,,,0.000000,0.000000,0.000000,0.000000,0.084182,0.058137,,,,,,,,,,,,
187473,,,,,,,,,,,0.000000,0.000000,0.000000,0.000000,0.084182,0.058137,,,,,,,,,,,,
187478,,,,,,,,,,,0.000000,0.000000,0.000000,0.000000,0.084182,0.058137,,,,,,,,,,,,
187490,,,,,,,,,,,0.000000,0.000000,0.000000,0.000000,0.084182,0.058137,,,,,,,,,,,,
187493,,,,,,,,,,,0.000000,0.000000,0.000000,0.000000,0.084182,0.058137,,,,,,,,,,,,
187498,,,,,,,,,,,0.000000,0.000000,0.000000,0.000000,0.084182,0.058137,,,,,,,,,,,,
187503,,,,,,,,,,,0.000000,0.000000,0.000000,0.000000,0.084182,0.058137,,,,,,,,,,,,
187508,,,,,,,,,,,0.000000,0.000000,0.000000,0.000000,0.084182,0.058137,,,,,,,,,,,,
187513,,,,,,,,,,,0.000000,0.000000,0.000000,0.000000,0.084182,0.058137,,,,,,,,,,,,
187518,,,,,,,,,,,0.000000,0.000000,0.000000,0.000000,0.084182,0.058137,,,,,,,,,,,,
187523,,,,,,,,,,,0.000000,0.000000,0.000000,0.000000,0.084182,0.058137,,,,,,,,,,,,
187528,,,,,,,,,,,0.000000,0.000000,0.000000,0.000000,0.084182,0.058137,,,,,,,,,,,,
187533,,,,,,,,,,,0.000000,0.000000,0.000000,0.000000,0.084182,0.058137,,,,,,,,,,,,
187538,,,,,,,,,,,0.000000,0.000000,0.000000,0.000000,0.084182,0.058137,,,,,,,,,,,,
187550,,,,,,,,,,,0.000000,0.000000,0.000000,0.000000,0.084182,0.058137,,,,,,,,,,,,
187551,,,,,,,,,,,0.000000,0.000000,0.000000,0.000000,0.084182,0.058137,,,,,,,,,,,,
187553,,,,,,,,,,,0.000000,0.000000,0.000000,0.000000,0.084182,0.058137,,,,,,,,,,,,
187558,,,,,,,,,,,0.000000,0.000000,0.000000,0.000000,0.084182,0.058137,,,,,,,,,,,,
187563,,,,,,,,,,,0.000000,0.000000,0.000000,0.000000,0.084182,0.058137,,,,,,,,,,,,
187568,,,,,,,,,,,0.000000,0.000000,0.000000,0.000000,0.084182,0.058137,,,,,,,,,,,,
187573,,,,,,,,,,,0.000000,0.000000,0.000000,0.000000,0.084182,0.058137,,,,,,,,,,,,
187578,,,,,,,,,,,0.000000,0.000000,0.000000,0.000000,0.084182,0.058137,,,,,,,,,,,,
187583,,,,,,,,,,,0.000000,0.000000,0.000000,0.000000,0.084182,0.058137,,,,,,,,,,,,
187588,,,,,,,,,,,0.000000,0.000000,0.000000,0.000000,0.084182,0.058137,,,,,,,,,,,,
187593,,,,,,,,,,,0.000000,0.000000,0.000000,0.000000,0.084182,0.058137,,,,,,,,,,,,
187598,,,,,,,,,,,0.000000,0.000000,0.000000,0.000000,0.084182,0.058137,,,,,,,,,,,,
187610,,,,,,,,,,,0.000000,0.000000,0.000000,0.000000,0.084182,0.058137,,,,,,,,,,,,
187611,,,,,,,,,,,0.000000,0.000000,0.000000,0.000000,0.084182,0.058137,,,,,,,,,,,,
187613,,,,,,,,,,,0.000000,0.000000,0.000000,0.000000,0.084182,0.058137,,,,,,,,,,,,
187618,,,,,,,,,,,0.000000,0.000000,0.000000,0.000000,0.084182,0.058137,,,,,,,,,,,,
187623,,,,,,,,,,,0.000000,0.000000,0.000000,0.000000,0.084182,0.058137,,,,,,,,,,,,
187628,,,,,,,,,,,0.000000,0.000000,0.000000,0.000000,0.084182,0.058137,,,,,,,,,,,,
187633,,,,,,,,,,,0.000000,0.000000,0.000000,0.000000,0.084182,0.058137,,,,,,,,,,,,
187638,,,,,,,,,,,0.000000,0.000000,0.000000,0.000000,0.084182,0.058137,,,,,,,,,,,,
187643,,,,,,,,,,,0.000000,0.000000,0.000000,0.000000,0.084182,0.058137,,,,,,,,,,,,
187648,,,,,,,,,,,0.000000,0.000000,0.000000,0.000000,0.084182,0.058137,,,,,,,,,,,,
187653,,,,,,,,,,,0.000000,0.000000,0.000000,0.000000,0.084182,0.058137,,,,,,,,,,,,
187658,,,,,,,,,,,0.000000,0.000000,0.000000,0.000000,0.084182,0.058137,,,,,,,,,,,,
187663,,,,,,,,,,,0.000000,0.000000,0.000000,0.000000,0.084182,0.058137,,,,,,,,,,,,
187668,,,,,,,,,,,0.000000,0.000000,0.000000,0.000000,0.084182,0.058137,,,,,,,,,,,,
187673,,,,,,,,,,,0.000000,0.000000,0.000000,0.000000,0.084182,0.058137,,,,,,,,,,,,
187678,,,,,,,,,,,0.000000,0.000000,0.000000,0.000000,0.084182,0.058137,,,,,,,,,,,,
187694,,,,,,,,,,,0.000000,0.000000,0.000000,0.000000,0.084182,0.058137,,,,,,,,,,,,
187698,,,,,,,,,,,0.000000,0.000000,0.000000,0.000000,0.084182,0.058137,,,,,,,,,,,,
187703,,,,,,,,,,,0.000000,0.000000,0.000000,0.000000,0.084182,0.058137,,,,,,,,,,,,
187708,,,,,,,,,,,0.000000,0.000000,0.000000,0.000000,0.084182,0.058137,,,,,,,,,,,,
187713,,,,,,,,,,,0.000000,0.000000,0.000000,0.000000,0.084182,0.058137,,,,,,,,,,,,
187718,,,,,,,,,,,0.000000,0.000000,0.000000,0.000000,0.084182,0.058137,,,,,,,,,,,,
187723,,,,,,,,,,,0.000000,0.000000,0.000000,0.000000,0.084182,0.058137,,,,,,,,,,,,
187728,,,,,,,,,,,0.000000,0.000000,0.000000,0.000000,0.084182,0.058137,,,,,,,,,,,,
187733,,,,,,,,,,,0.000000,0.000000,0.000000,0.000000,0.084182,0.058137,,,,,,,,,,,,
187738,,,,,,,,,,,0.000000,0.000000,0.000000,0.000000,0.084182,0.058137,,,,,,,,,,,,
187750,,,,,,,,,,,0.000000,0.000000,0.000000,0.000000,0.084182,0.058137,,,,,,,,,,,,
187753,,,,,,,,,,,0.000000,0.000000,0.000000,0.000000,0.084182,0.058137,,,,,,,,,,,,
187758,,,,,,,,,,,0.000000,0.000000,0.000000,0.000000,0.084182,0.058137,,,,,,,,,,,,
187763,,,,,,,,,,,0.000000,0.000000,0.000000,0.000000,0.084182,0.058137,,,,,,,,,,,,
187768,,,,,,,,,,,0.000000,0.000000,0.000000,0.000000,0.084182,0.058137,,,,,,,,,,,,
187773,,,,,,,,,,,0.000000,0.000000,0.000000,0.000000,0.084182,0.058137,,,,,,,,,,,,
187778,,,,,,,,,,,0.000000,0.000000,0.000000,0.000000,0.084182,0.058137,,,,,,,,,,,,
187783,,,,,,,,,,,0.000000,0.000000,0.000000,0.000000,0.084182,0.058137,,,,,,,,,,,,
187788,,,,,,,,,,,0.000000,0.000000,0.000000,0.000000,0.084182,0.058137,,,,,,,,,,,,
187793,,,,,,,,,,,0.000000,0.000000,0.000000,0.000000,0.084182,0.058137,,,,,,,,,,,,
187798,,,,,,,,,,,0.000000,0.000000,0.000000,0.000000,0.084182,0.058137,,,,,,,,,,,,
187810,,,,,,,,,,,0.000000,0.000000,0.000000,0.000000,0.084182,0.058137,,,,,,,,,,,,
187813,,,,,,,,,,,0.000000,0.000000,0.000000,0.000000,0.084182,0.058137,,,,,,,,,,,,
187818,,,,,,,,,,,0.000000,0.000000,0.000000,0.000000,0.084182,0.058137,,,,,,,,,,,,
187823,,,,,,,,,,,0.000000,0.000000,0.000000,0.000000,0.084182,0.058137,,,,,,,,,,,,
187828,,,,,,,,,,,0.000000,0.000000,0.000000,0.000000,0.084182,0.058137,,,,,,,,,,,,
187833,,,,,,,,,,,0.000000,0.000000,0.000000,0.000000,0.084182,0.058137,,,,,,,,,,,,
187838,,,,,,,,,,,0.000000,0.000000,0.000000,0.000000,0.084182,0.058137,,,,,,,,,,,,
187843,,,,,,,,,,,0.000000,0.000000,0.000000,0.000000,0.084182,0.058137,,,,,,,,,,,,
187848,,,,,,,,,,,0.000000,0.000000,0.000000,0.000000,0.084182,0.058137,,,,,,,,,,,,
187853,,,,,,,,,,,0.000000,0.000000,0.000000,0.000000,0.084182,0.058137,,,,,,,,,,,,
187858,,,,,,,,,,,0.000000,0.000000,0.000000,0.000000,0.084182,0.058137,,,,,,,,,,,,
187863,,,,,,,,,,,0.000000,0.000000,0.000000,0.000000,0.084182,0.058137,,,,,,,,,,,,
187868,,,,,,,,,,,0.000000,0.000000,0.000000,0.000000,0.084182,0.058137,,,,,,,,,,,,
187873,,,,,,,,,,,0.000000,0.000000,0.000000,0.000000,0.084182,0.058137,,,,,,,,,,,,
187878,,,,,,,,,,,0.000000,0.000000,0.000000,0.000000,0.084182,0.058137,,,,,,,,,,,,
187890,,,,,,,,,,,0.000000,0.000000,0.000000,0.000000,0.084182,0.058137,,,,,,,,,,,,
187893,,,,,,,,,,,0.000000,0.000000,0.000000,0.000000,0.084182,0.058137,,,,,,,,,,,,
187898,,,,,,,,,,,0.000000,0.000000,0.000000,0.000000,0.084182,0.058137,,,,,,,,,,,,
187903,,,,,,,,,,,0.000000,0.000000,0.000000,0.000000,0.084182,0.058137,,,,,,,,,,,,
187908,,,,,,,,,,,0.000000,0.000000,0.000000,0.000000,0.084182,0.058137,,,,,,,,,,,,
187913,,,,,,,,,,,0.000000,0.000000,0.000000,0.000000,0.084182,0.058137,,,,,,,,,,,,
187918,,,,,,,,,,,0.000000,0.000000,0.000000,0.000000,0.084182,0.058137,,,,,,,,,,,,
187923,,,,,,,,,,,0.000000,0.000000,0.000000,0.000000,0.084182,0.058137,,,,,,,,,,,,
187928,,,,,,,,,,,0.000000,0.000000,0.000000,0.000000,0.084182,0.058137,,,,,,,,,,,,
187933,,,,,,,,,,,0.000000,0.000000,0.000000,0.000000,0.084182,0.058137,,,,,,,,,,,,
187938,,,,,,,,,,,0.000000,0.000000,0.000000,0.000000,0.084182,0.058137,,,,,,,,,,,,
187950,,,,,,,,,,,0.000000,0.000000,0.000000,0.000000,0.084182,0.058137,,,,,,,,,,,,
187953,,,,,,,,,,,0.000000,0.000000,0.000000,0.000000,0.084182,0.058137,,,,,,,,,,,,
187958,,,,,,,,,,,0.000000,0.000000,0.000000,0.000000,0.084182,0.058137,,,,,,,,,,,,
187963,,,,,,,,,,,0.000000,0.000000,0.000000,0.000000,0.084182,0.058137,,,,,,,,,,,,
187968,,,,,,,,,,,0.000000,0.000000,0.000000,0.000000,0.084182,0.058137,,,,,,,,,,,,
187973,,,,,,,,,,,0.000000,0.000000,0.000000,0.000000,0.084182,0.058137,,,,,,,,,,,,
187978,,,,,,,,,,,0.000000,0.000000,0.000000,0.000000,0.084182,0.058137,,,,,,,,,,,,
187983,,,,,,,,,,,0.000000,0.000000,0.000000,0.000000,0.084182,0.058137,,,,,,,,,,,,
187988,,,,,,,,,,,0.000000,0.000000,0.000000,0.000000,0.084182,0.058137,,,,,,,,,,,,
187993,,,,,,,,,,,0.000000,0.000000,0.000000,0.000000,0.084182,0.058137,,,,,,,,,,,,
187998,,,,,,,,,,,0.000000,0.000000,0.000000,0.000000,0.084182,0.058137,,,,,,,,,,,,
188012,,,,,,,,,,,0.000000,0.000000,0.000000,0.000000,0.084182,0.058137,,,,,,,,,,,,
188013,,,,,,,,,,,0.000000,0.000000,0.000000,0.000000,0.084182,0.058137,,,,,,,,,,,,
188018,,,,,,,,,,,0.000000,0.000000,0.000000,0.000000,0.084182,0.058137,,,,,,,,,,,,
188023,,,,,,,,,,,0.000000,0.000000,0.000000,0.000000,0.084182,0.058137,,,,,,,,,,,,
188028,,,,,,,,,,,0.000000,0.000000,0.000000,0.000000,0.084182,0.058137,,,,,,,,,,,,
188033,,,,,,,,,,,0.000000,0.000000,0.000000,0.000000,0.084182,0.058137,,,,,,,,,,,,
188038,,,,,,,,,,,0.000000,0.000000,0.000000,0.000000,0.084182,0.058137,,,,,,,,,,,,
188043,,,,,,,,,,,0.000000,0.000000,0.000000,0.000000,0.084182,0.058137,,,,,,,,,,,,
188048,,,,,,,,,,,0.000000,0.000000,0.000000,0.000000,0.084182,0.058137,,,,,,,,,,,,
188053,,,,,,,,,,,0.000000,0.000000,0.000000,0.000000,0.084182,0.058137,,,,,,,,,,,,
188058,,,,,,,,,,,0.000000,0.000000,0.000000,0.000000,0.084182,0.058137,,,,,,,,,,,,
188070,,,,,,,,,,,0.000000,0.000000,0.000000,0.000000,0.084182,0.058137,,,,,,,,,,,,
188073,,,,,,,,,,,0.000000,0.000000,0.000000,0.000000,0.084182,0.058137,,,,,,,,,,,,
188078,,,,,,,,,,,0.000000,0.000000,0.000000,0.000000,0.084182,0.058137,,,,,,,,,,,,
188083,,,,,,,,,,,0.000000,0.000000,0.000000,0.000000,0.084182,0.058137,,,,,,,,,,,,
188088,,,,,,,,,,,0.000000,0.000000,0.000000,0.000000,0.084182,0.058137,,,,,,,,,,,,
188093,,,,,,,,,,,0.000000,0.000000,0.000000,0.000000,0.084182,0.058137,,,,,,,,,,,,
188098,,,,,,,,,,,0.000000,0.000000,0.000000,0.000000,0.084182,0.058137,,,,,,,,,,,,
188103,,,,,,,,,,,0.000000,0.000000,0.000000,0.000000,0.084182,0.058137,,,,,,,,,,,,
188108,,,,,,,,,,,0.000000,0.000000,0.000000,0.000000,0.084182,0.058137,,,,,,,,,,,,
188113,,,,,,,,,,,0.000000,0.000000,0.000000,0.000000,0.084182,0.058137,,,,,,,,,,,,
188118,,,,,,,,,,,0.000000,0.000000,0.000000,0.000000,0.084182,0.058137,,,,,,,,,,,,
188123,,,,,,,,,,,0.000000,0.000000,0.000000,0.000000,0.084182,0.058137,,,,,,,,,,,,
188128,,,,,,,,,,,0.000000,0.000000,0.000000,0.000000,0.084182,0.058137,,,,,,,,,,,,
188133,,,,,,,,,,,0.000000,0.000000,0.000000,0.000000,0.084182,0.058137,,,,,,,,,,,,
188138,,,,,,,,,,,0.000000,0.000000,0.000000,0.000000,0.084182,0.058137,,,,,,,,,,,,
188150,,,,,,,,,,,0.000000,0.000000,0.000000,0.000000,0.084182,0.058137,,,,,,,,,,,,
188153,,,,,,,,,,,0.000000,0.000000,0.000000,0.000000,0.084182,0.058137,,,,,,,,,,,,
188158,,,,,,,,,,,0.000000,0.000000,0.000000,0.000000,0.084182,0.058137,,,,,,,,,,,,
188163,,,,,,,,,,,0.000000,0.000000,0.000000,0.000000,0.084182,0.058137,,,,,,,,,,,,
188168,,,,,,,,,,,0.000000,0.000000,0.000000,0.000000,0.084182,0.058137,,,,,,,,,,,,
188173,,,,,,,,,,,0.000000,0.000000,0.000000,0.000000,0.084182,0.058137,,,,,,,,,,,,
188178,,,,,,,,,,,0.000000,0.000000,0.000000,0.000000,0.084182,0.058137,,,,,,,,,,,,
188183,,,,,,,,,,,0.000000,0.000000,0.000000,0.000000,0.084182,0.058137,,,,,,,,,,,,
188188,,,,,,,,,,,0.000000,0.000000,0.000000,0.000000,0.084182,0.058137,,,,,,,,,,,,
188193,,,,,,,,,,,0.000000,0.000000,0.000000,0.000000,0.084182,0.058137,,,,,,,,,,,,
188198,,,,,,,,,,,0.000000,0.000000,0.000000,0.000000,0.084182,0.058137,,,,,,,,,,,,
188210,,,,,,,,,,,0.000000,0.000000,0.000000,0.000000,0.084182,0.058137,,,,,,,,,,,,
188211,,,,,,,,,,,0.000000,0.000000,0.000000,0.000000,0.084182,0.058137,,,,,,,,,,,,
188213,,,,,,,,,,,0.000000,0.000000,0.000000,0.000000,0.084182,0.058137,,,,,,,,,,,,
188218,,,,,,,,,,,0.000000,0.000000,0.000000,0.000000,0.084182,0.058137,,,,,,,,,,,,
188223,,,,,,,,,,,0.000000,0.000000,0.000000,0.000000,0.084182,0.058137,,,,,,,,,,,,
188228,,,,,,,,,,,0.000000,0.000000,0.000000,0.000000,0.084182,0.058137,,,,,,,,,,,,
188233,,,,,,,,,,,0.000000,0.000000,0.000000,0.000000,0.084182,0.058137,,,,,,,,,,,,
188238,,,,,,,,,,,0.000000,0.000000,0.000000,0.000000,0.084182,0.058137,,,,,,,,,,,,
188243,,,,,,,,,,,0.000000,0.000000,0.000000,0.000000,0.084182,0.058137,,,,,,,,,,,,
188248,,,,,,,,,,,0.000000,0.000000,0.000000,0.000000,0.084182,0.058137,,,,,,,,,,,,
188253,,,,,,,,,,,0.000000,0.000000,0.000000,0.000000,0.084182,0.058137,,,,,,,,,,,,
188258,,,,,,,,,,,0.000000,0.000000,0.000000,0.000000,0.084182,0.058137,,,,,,,,,,,,
188270,,,,,,,,,,,0.000000,0.000000,0.000000,0.000000,0.084182,0.058137,,,,,,,,,,,,
188273,,,,,,,,,,,0.000000,0.000000,0.000000,0.000000,0.084182,0.058137,,,,,,,,,,,,
188278,,,,,,,,,,,0.000000,0.000000,0.000000,0.000000,0.084182,0.058137,,,,,,,,,,,,
188283,,,,,,,,,,,0.000000,0.000000,0.000000,0.000000,0.084182,0.058137,,,,,,,,,,,,
188288,,,,,,,,,,,0.000000,0.000000,0.000000,0.000000,0.084182,0.058137,,,,,,,,,,,,
188293,,,,,,,,,,,0.000000,0.000000,0.000000,0.000000,0.084182,0.058137,,,,,,,,,,,,
188298,,,,,,,,,,,0.000000,0.000000,0.000000,0.000000,0.084182,0.058137,,,,,,,,,,,,
188303,,,,,,,,,,,0.000000,0.000000,0.000000,0.591445,0.084182,0.052163,,,,,,,,,,,,
188308,,,,,,,,,,,0.000000,0.000000,0.000000,0.540504,0.084182,0.052618,,,,,,,,,,,,
188313,,,,,,,,,,,0.000000,0.000000,0.000000,0.493950,0.084182,0.053034,,,,,,,,,,,,
188318,,,,,,,,,,,0.000000,0.000000,0.000000,0.451406,0.084182,0.053415,,,,,,,,,,,,
188323,,,,,,,,,,,0.000000,0.000000,0.000000,0.412526,0.084182,0.053762,,,,,,,,,,,,
188328,,,,,,,,,,,0.000000,0.000000,0.000000,0.376995,0.084182,0.054080,,,,,,,,,,,,
188333,,,,,,,,,,,0.000000,0.000000,0.000000,0.344525,0.084182,0.054370,,,,,,,,,,,,
188338,,,,,,,,,,,0.000000,0.000000,0.000000,0.314851,0.084182,0.054635,,,,,,,,,,,,
188350,,,,,,,,,,,0.000000,0.000000,0.000000,0.262950,0.084182,0.055099,,,,,,,,,,,,
188353,,,,,,,,,,,0.000000,0.000000,0.000000,0.240302,0.084182,0.055302,,,,,,,,,,,,
188358,,,,,,,,,,,0.000000,0.000000,0.000000,0.219605,0.084182,0.055487,,,,,,,,,,,,
188363,,,,,,,,,,,0.000000,0.000000,0.000000,0.200690,0.084182,0.055656,,,,,,,,,,,,
188368,,,,,,,,,,,0.000000,0.000000,0.000000,0.183405,0.084182,0.055810,,,,,,,,,,,,
188373,,,,,,,,,,,0.000000,0.000000,0.000000,0.167608,0.084182,0.055952,,,,,,,,,,,,
188378,,,,,,,,,,,0.000000,0.000000,0.000000,0.153172,0.084182,0.056081,,,,,,,,,,,,
188383,,,,,,,,,,,0.000000,0.000000,0.000000,0.139979,0.084182,0.056199,,,,,,,,,,,,
188388,,,,,,,,,,,0.000000,0.000000,0.000000,0.127923,0.084182,0.056306,,,,,,,,,,,,
188393,,,,,,,,,,,0.000000,0.000000,0.000000,0.116905,0.084182,0.056405,,,,,,,,,,,,
188398,,,,,,,,,,,0.000000,0.000000,0.000000,0.106836,0.084182,0.056495,,,,,,,,,,,,
188410,,,,,,,,,,,0.000000,0.000000,0.000000,0.089225,0.084182,0.056652,,,,,,,,,,,,
188413,,,,,,,,,,,0.000000,0.000000,0.000000,0.081540,0.084182,0.056721,,,,,,,,,,,,
188418,,,,,,,,,,,0.000000,0.000000,0.000000,0.665962,0.084182,0.050810,,,,,,,,,,,,
188423,,,,,,,,,,,0.000000,0.000000,0.000000,0.608602,0.084182,0.051323,,,,,,,,,,,,
188428,,,,,,,,,,,0.000000,0.000000,0.000000,0.556183,0.084182,0.051791,,,,,,,,,,,,
188433,,,,,,,,,,,0.000000,0.000000,0.000000,0.508279,0.084182,0.052220,,,,,,,,,,,,
188438,,,,,,,,,,,0.000000,0.000000,0.000000,0.464501,0.084182,0.052611,,,,,,,,,,,,
188443,,,,,,,,,,,0.000000,0.000000,0.000000,0.424493,0.084182,0.052969,,,,,,,,,,,,
188448,,,,,,,,,,,0.000000,0.000000,0.000000,0.387932,0.084182,0.053295,,,,,,,,,,,,
188453,,,,,,,,,,,0.000000,0.000000,0.000000,0.354519,0.084182,0.053594,,,,,,,,,,,,
188458,,,,,,,,,,,0.000000,0.000000,0.000000,0.323984,0.084182,0.053867,,,,,,,,,,,,
188470,,,,,,,,,,,0.000000,0.000000,0.000000,0.296079,0.084182,0.054116,,,,,,,,,,,,
188471,,,,,,,,,,,,,0.000000,0.270578,0.084182,0.054344,,,,,,,,,,,,
188473,,,,,,,,,,,0.000000,0.000000,0.000000,0.247273,0.084182,0.054553,,,,,,,,,,,,
188478,,,,,,,,,,,0.000000,0.000000,0.000000,0.225975,0.084182,0.054743,,,,,,,,,,,,
188483,,,,,,,,,,,0.000000,0.000000,0.000000,0.206512,0.084182,0.054917,,,,,,,,,,,,
188488,,,,,,,,,,,0.000000,0.000000,0.000000,0.188725,0.084182,0.055076,,,,,,,,,,,,
188493,,,,,,,,,,,0.000000,0.000000,0.000000,0.763915,0.084182,0.049248,,,,,,,,,,,,
188498,,,,,,,,,,,0.000000,0.000000,0.000000,0.698119,0.084182,0.049836,,,,,,,,,,,,
188503,,,,,,,,,,,0.000000,0.000000,0.000000,0.637990,0.084182,0.050373,,,,,,,,,,,,
188508,,,,,,,,,,,0.000000,0.000000,0.000000,0.583040,0.084182,0.050865,,,,,,,,,,,,
188513,,,,,,,,,,,0.000000,0.000000,0.000000,0.532822,0.084182,0.051314,,,,,,,,,,,,
188518,,,,,,,,,,,0.000000,0.000000,0.000000,0.486930,0.084182,0.051724,,,,,,,,,,,,
188530,,,,,,,,,,,0.000000,0.000000,0.000000,1.036436,0.084182,0.046125,,,,,,,,,,,,
188531,,,,,,,,,,,0.000000,0.000000,0.000000,0.947167,0.084182,0.046923,,,,,,,,,,,,
188533,,,,,,,,,,,0.000000,0.000000,0.000000,0.865588,0.084182,0.047652,,,,,,,,,,,,
188538,,,,,,,,,,,0.000000,0.000000,0.000000,0.791034,0.084182,0.048319,,,,,,,,,,,,
188543,,,,,,,,,,,0.000000,0.000000,0.000000,0.722902,0.084182,0.048928,,,,,,,,,,,,
188548,,,,,,,,,,,0.000000,0.000000,0.000000,0.660639,0.084182,0.049484,,,,,,,,,,,,
188553,,,,,,,,,,,0.000000,0.000000,0.000000,0.603738,0.084182,0.049993,,,,,,,,,,,,
188558,,,,,,,,,,,0.000000,0.000000,0.000000,0.551738,0.084182,0.050458,,,,,,,,,,,,
188563,,,,,,,,,,,0.000000,0.000000,0.000000,0.504216,0.084182,0.050883,,,,,,,,,,,,
188568,,,,,,,,,,,0.000000,0.000000,0.000000,0.460788,0.084182,0.051271,,,,,,,,,,,,
188573,,,,,,,,,,,0.000000,0.000000,0.000000,0.421100,0.084182,0.051626,,,,,,,,,,,,
188578,,,,,,,,,,,0.000000,0.000000,0.000000,0.384831,0.084182,0.051950,,,,,,,,,,,,
188583,,,,,,,,,,,0.000000,0.000000,0.000000,0.351685,0.084182,0.052246,,,,,,,,,,,,
188588,,,,,,,,,,,0.000000,0.000000,0.000000,0.321395,0.084182,0.052517,,,,,,,,,,,,
188593,,,,,,,,,,,0.000000,0.000000,0.000000,0.293713,0.084182,0.052764,,,,,,,,,,,,
188598,,,,,,,,,,,0.000000,0.000000,0.000000,0.268415,0.084182,0.052990,,,,,,,,,,,,
188610,,,,,,,,,,,0.000000,0.000000,0.000000,0.224169,0.084182,0.053386,,,,,,,,,,,,
188613,,,,,,,,,,,0.000000,0.000000,0.000000,0.204861,0.084182,0.053559,,,,,,,,,,,,
188618,,,,,,,,,,,0.000000,0.000000,0.000000,0.187217,0.084182,0.053716,,,,,,,,,,,,
188623,,,,,,,,,,,0.000000,0.000000,0.000000,0.171092,0.084182,0.053860,,,,,,,,,,,,
188628,,,,,,,,,,,0.000000,0.000000,0.000000,0.156356,0.084182,0.053992,,,,,,,,,,,,
188633,,,,,,,,,,,0.000000,0.000000,0.000000,0.142889,0.084182,0.054112,,,,,,,,,,,,
188638,,,,,,,,,,,0.000000,0.000000,0.000000,0.130582,0.084182,0.054223,,,,,,,,,,,,
188643,,,,,,,,,,,0.000000,0.000000,0.000000,0.119335,0.084182,0.054323,,,,,,,,,,,,
188648,,,,,,,,,,,0.000000,0.000000,0.000000,0.109056,0.084182,0.054415,,,,,,,,,,,,
188653,,,,,,,,,,,0.000000,0.000000,0.000000,0.099663,0.084182,0.054499,,,,,,,,,,,,
188658,,,,,,,,,,,0.000000,0.000000,0.000000,0.091079,0.084182,0.054576,,,,,,,,,,,,
188670,,,,,,,,,,,0.000000,0.000000,0.000000,0.083235,0.084182,0.054646,,,,,,,,,,,,
188671,,,,,,,,,,,,,0.000000,0.076066,0.084182,0.054710,,,,,,,,,,,,
188673,,,,,,,,,,,0.000000,0.000000,0.000000,0.069514,0.084182,0.054768,,,,,,,,,,,,
188678,,,,,,,,,,,0.000000,0.000000,0.000000,0.063527,0.084182,0.054822,,,,,,,,,,,,
188683,,,,,,,,,,,0.000000,0.000000,0.000000,0.058055,0.084182,0.054871,,,,,,,,,,,,
188688,,,,,,,,,,,0.000000,0.000000,0.000000,0.053055,0.084182,0.054916,,,,,,,,,,,,
188693,,,,,,,,,,,0.000000,0.000000,0.000000,0.048485,0.084182,0.054956,,,,,,,,,,,,
188698,,,,,,,,,,,0.000000,0.000000,0.000000,0.044309,0.084182,0.054994,,,,,,,,,,,,
188703,,,,,,,,,,,0.000000,0.000000,0.000000,0.040493,0.084182,0.055028,,,,,,,,,,,,
188708,,,,,,,,,,,0.000000,0.000000,0.000000,0.037005,0.084182,0.055059,,,,,,,,,,,,
188713,,,,,,,,,,,0.000000,0.000000,0.000000,0.033818,0.084182,0.055087,,,,,,,,,,,,
188718,,,,,,,,,,,0.000000,0.000000,0.000000,0.030905,0.084182,0.055114,,,,,,,,,,,,
188730,,,,,,,,,,,0.000000,0.000000,0.000000,0.025811,0.084182,0.055159,,,,,,,,,,,,
188733,,,,,,,,,,,0.000000,0.000000,0.000000,0.023588,0.084182,0.055179,,,,,,,,,,,,
188738,,,,,,,,,,,0.000000,0.000000,0.000000,0.021556,0.084182,0.055197,,,,,,,,,,,,
188743,,,,,,,,,,,0.000000,0.000000,0.000000,0.019699,0.084182,0.055214,,,,,,,,,,,,
188748,,,,,,,,,,,0.000000,0.000000,0.000000,0.018003,0.084182,0.055229,,,,,,,,,,,,
188753,,,,,,,,,,,0.000000,0.000000,0.000000,0.016452,0.084182,0.055243,,,,,,,,,,,,
188758,,,,,,,,,,,0.000000,0.000000,0.000000,0.015035,0.084182,0.055255,,,,,,,,,,,,
188763,,,,,,,,,,,0.000000,0.000000,0.000000,0.013740,0.084182,0.055267,,,,,,,,,,,,
188768,,,,,,,,,,,0.000000,0.000000,0.000000,0.012557,0.084182,0.055278,,,,,,,,,,,,
188773,,,,,,,,,,,0.000000,0.000000,0.000000,0.011475,0.084182,0.055287,,,,,,,,,,,,
188778,,,,,,,,,,,0.000000,0.000000,0.000000,0.010487,0.084182,0.055296,,,,,,,,,,,,
188783,,,,,,,,,,,0.000000,0.000000,0.000000,0.009584,0.084182,0.055304,,,,,,,,,,,,
188788,,,,,,,,,,,0.000000,0.000000,0.000000,0.008758,0.084182,0.055311,,,,,,,,,,,,
188793,,,,,,,,,,,0.000000,0.000000,0.000000,0.008004,0.084182,0.055318,,,,,,,,,,,,
188798,,,,,,,,,,,0.000000,0.000000,0.000000,0.007314,0.084182,0.055324,,,,,,,,,,,,
188810,,,,,,,,,,,0.000000,0.000000,0.000000,0.006109,0.084182,0.055335,,,,,,,,,,,,
188813,,,,,,,,,,,0.000000,0.000000,0.000000,0.005583,0.084182,0.055340,,,,,,,,,,,,
188818,,,,,,,,,,,0.000000,0.000000,0.000000,0.005102,0.084182,0.055344,,,,,,,,,,,,
188823,,,,,,,,,,,0.000000,0.000000,0.000000,0.004662,0.084182,0.055348,,,,,,,,,,,,
188828,,,,,,,,,,,0.000000,0.000000,0.000000,0.004261,0.084182,0.055352,,,,,,,,,,,,
188833,,,,,,,,,,,0.000000,0.000000,0.000000,0.003894,0.084182,0.055355,,,,,,,,,,,,
188838,,,,,,,,,,,0.000000,0.000000,0.000000,0.003558,0.084182,0.055358,,,,,,,,,,,,
188843,,,,,,,,,,,0.000000,0.000000,0.000000,0.003252,0.084182,0.055361,,,,,,,,,,,,
188848,,,,,,,,,,,0.000000,0.000000,0.000000,0.002972,0.084182,0.055363,,,,,,,,,,,,
188853,,,,,,,,,,,0.000000,0.000000,0.000000,0.002716,0.084182,0.055365,,,,,,,,,,,,
188858,,,,,,,,,,,0.000000,0.000000,0.000000,0.002482,0.084182,0.055368,,,,,,,,,,,,
188870,,,,,,,,,,,0.000000,0.000000,0.000000,0.002073,0.084182,0.055371,,,,,,,,,,,,
188873,,,,,,,,,,,0.000000,0.000000,0.000000,0.001894,0.084182,0.055373,,,,,,,,,,,,
188878,,,,,,,,,,,0.000000,0.000000,0.000000,0.001731,0.084182,0.055374,,,,,,,,,,,,
188883,,,,,,,,,,,0.000000,0.000000,0.000000,0.001582,0.084182,0.055376,,,,,,,,,,,,
188888,,,,,,,,,,,0.000000,0.000000,0.000000,0.001446,0.084182,0.055377,,,,,,,,,,,,
188893,,,,,,,,,,,0.000000,0.000000,0.000000,0.001321,0.084182,0.055378,,,,,,,,,,,,
188898,,,,,,,,,,,0.000000,0.000000,0.000000,0.001207,0.084182,0.055379,,,,,,,,,,,,
188903,,,,,,,,,,,0.000000,0.000000,0.000000,0.001103,0.084182,0.055380,,,,,,,,,,,,
188908,,,,,,,,,,,0.000000,0.000000,0.000000,0.001008,0.084182,0.055381,,,,,,,,,,,,
188913,,,,,,,,,,,0.000000,0.000000,0.000000,0.000922,0.084182,0.055382,,,,,,,,,,,,
188918,,,,,,,,,,,0.000000,0.000000,0.000000,0.000842,0.084182,0.055382,,,,,,,,,,,,
188930,,,,,,,,,,,0.000000,0.000000,0.000000,0.000703,0.084182,0.055383,,,,,,,,,,,,
188933,,,,,,,,,,,0.000000,0.000000,0.000000,0.000643,0.084182,0.055384,,,,,,,,,,,,
188938,,,,,,,,,,,0.000000,0.000000,0.000000,0.000587,0.084182,0.055385,,,,,,,,,,,,
188943,,,,,,,,,,,0.000000,0.000000,0.000000,0.000537,0.084182,0.055385,,,,,,,,,,,,
188948,,,,,,,,,,,0.000000,0.000000,0.000000,0.000491,0.084182,0.055385,,,,,,,,,,,,
188953,,,,,,,,,,,0.000000,0.000000,0.000000,0.000448,0.084182,0.055386,,,,,,,,,,,,
188958,,,,,,,,,,,0.000000,0.000000,0.000000,0.000410,0.084182,0.055386,,,,,,,,,,,,
188963,,,,,,,,,,,0.000000,0.000000,0.000000,0.000374,0.084182,0.055386,,,,,,,,,,,,
188968,,,,,,,,,,,0.000000,0.000000,0.000000,0.000342,0.084182,0.055387,,,,,,,,,,,,
188973,,,,,,,,,,,0.000000,0.000000,0.000000,0.000313,0.084182,0.055387,,,,,,,,,,,,
188978,,,,,,,,,,,0.000000,0.000000,0.000000,0.000286,0.084182,0.055387,,,,,,,,,,,,
188990,,,,,,,,,,,0.000000,0.000000,0.000000,0.000239,0.084182,0.055388,,,,,,,,,,,,
188993,,,,,,,,,,,0.000000,0.000000,0.000000,0.000218,0.084182,0.055388,,,,,,,,,,,,
188998,,,,,,,,,,,0.000000,0.000000,0.000000,0.000199,0.084182,0.055388,,,,,,,,,,,,
189003,,,,,,,,,,,0.000000,0.000000,0.000000,0.000182,0.084182,0.055388,,,,,,,,,,,,
189008,,,,,,,,,,,0.000000,0.000000,0.000000,0.000166,0.084182,0.055388,,,,,,,,,,,,
189013,,,,,,,,,,,0.000000,0.000000,0.000000,0.000152,0.084182,0.055388,,,,,,,,,,,,
189018,,,,,,,,,,,0.000000,0.000000,0.000000,0.000139,0.084182,0.055389,,,,,,,,,,,,
189023,,,,,,,,,,,0.000000,0.000000,0.000000,0.000127,0.084182,0.055389,,,,,,,,,,,,
189028,,,,,,,,,,,0.000000,0.000000,0.000000,0.000116,0.084182,0.055389,,,,,,,,,,,,
189033,,,,,,,,,,,0.000000,0.000000,0.000000,0.000106,0.084182,0.055389,,,,,,,,,,,,
189038,,,,,,,,,,,0.000000,0.000000,0.000000,0.000097,0.084182,0.055389,,,,,,,,,,,,
189043,,,,,,,,,,,0.000000,0.000000,0.000000,0.000089,0.084182,0.055389,,,,,,,,,,,,
189048,,,,,,,,,,,0.000000,0.000000,0.000000,0.000081,0.084182,0.055389,,,,,,,,,,,,
189053,,,,,,,,,,,0.000000,0.000000,0.000000,0.000074,0.084182,0.055389,,,,,,,,,,,,
189058,,,,,,,,,,,0.000000,0.000000,0.000000,0.000068,0.084182,0.055389,,,,,,,,,,,,
189070,,,,,,,,,,,0.000000,0.000000,0.000000,0.000056,0.084182,0.055389,,,,,,,,,,,,
189073,,,,,,,,,,,0.000000,0.000000,0.000000,0.000052,0.084182,0.055389,,,,,,,,,,,,
189078,,,,,,,,,,,0.000000,0.000000,0.000000,0.000047,0.084182,0.055389,,,,,,,,,,,,
189083,,,,,,,,,,,0.000000,0.000000,0.000000,0.000043,0.084182,0.055389,,,,,,,,,,,,
189088,,,,,,,,,,,0.000000,0.000000,0.000000,0.000039,0.084182,0.055389,,,,,,,,,,,,
189093,,,,,,,,,,,0.000000,0.000000,0.000000,0.000036,0.084182,0.055389,,,,,,,,,,,,
189098,,,,,,,,,,,0.000000,0.000000,0.000000,0.000033,0.084182,0.055389,,,,,,,,,,,,
189103,,,,,,,,,,,0.000000,0.000000,0.000000,0.000030,0.084182,0.055390,,,,,,,,,,,,
189108,,,,,,,,,,,0.000000,0.000000,0.000000,0.000027,0.084182,0.055390,,,,,,,,,,,,
189113,,,,,,,,,,,0.000000,0.000000,0.000000,0.000025,0.084182,0.055390,,,,,,,,,,,,
189118,,,,,,,,,,,0.000000,0.000000,0.000000,0.000023,0.084182,0.055390,,,,,,,,,,,,
189130,,,,,,,,,,,0.000000,0.000000,0.000000,0.000021,0.084182,0.055390,,,,,,,,,,,,
189131,,,,,,,,,,,,,0.000000,0.000019,0.084182,0.055390,,,,,,,,,,,,
189133,,,,,,,,,,,0.000000,0.000000,0.000000,0.000018,0.084182,0.055390,,,,,,,,,,,,
189138,,,,,,,,,,,0.000000,0.000000,0.000000,0.000016,0.084182,0.055390,,,,,,,,,,,,
189143,,,,,,,,,,,0.000000,0.000000,0.000000,0.000015,0.084182,0.055390,,,,,,,,,,,,
189148,,,,,,,,,,,0.000000,0.000000,0.000000,0.000013,0.084182,0.055390,,,,,,,,,,,,
189153,,,,,,,,,,,0.000000,0.000000,0.000000,0.000012,0.084182,0.055390,,,,,,,,,,,,
189158,,,,,,,,,,,0.000000,0.000000,0.000000,0.000011,0.084182,0.055390,,,,,,,,,,,,
189163,,,,,,,,,,,0.000000,0.000000,0.000000,0.000010,0.084182,0.055390,,,,,,,,,,,,
189168,,,,,,,,,,,0.000000,0.000000,0.000000,0.000009,0.084182,0.055390,,,,,,,,,,,,
189173,,,,,,,,,,,0.000000,0.000000,0.000000,0.000009,0.084182,0.055390,,,,,,,,,,,,
189178,,,,,,,,,,,0.000000,0.000000,0.000000,0.000008,0.084182,0.055390,,,,,,,,,,,,
189190,,,,,,,,,,,0.000000,0.000000,0.000000,0.000007,0.084182,0.055390,,,,,,,,,,,,
189191,,,,,,,,,,,0.000000,0.000000,0.000000,0.000007,0.084182,0.055390,,,,,,,,,,,,
189193,,,,,,,,,,,0.000000,0.000000,0.000000,0.000006,0.084182,0.055390,,,,,,,,,,,,
189198,,,,,,,,,,,0.000000,0.000000,0.000000,0.000005,0.084182,0.055390,,,,,,,,,,,,
189203,,,,,,,,,,,0.000000,0.000000,0.000000,0.000005,0.084182,0.055390,,,,,,,,,,,,
189208,,,,,,,,,,,0.000000,0.000000,0.000000,0.000005,0.084182,0.055390,,,,,,,,,,,,
189213,,,,,,,,,,,0.000000,0.000000,0.000000,0.000004,0.084182,0.055390,,,,,,,,,,,,
189218,,,,,,,,,,,0.000000,0.000000,0.000000,0.000004,0.084182,0.055390,,,,,,,,,,,,
189223,,,,,,,,,,,0.000000,0.000000,0.000000,0.000003,0.084182,0.055390,,,,,,,,,,,,
189228,,,,,,,,,,,0.000000,0.000000,0.000000,0.000003,0.084182,0.055390,,,,,,,,,,,,
189233,,,,,,,,,,,0.000000,0.000000,0.000000,0.000003,0.084182,0.055390,,,,,,,,,,,,
189238,,,,,,,,,,,0.000000,0.000000,0.000000,0.000003,0.084182,0.055390,,,,,,,,,,,,
189243,,,,,,,,,,,0.000000,0.000000,0.000000,0.000002,0.084182,0.055390,,,,,,,,,,,,
189248,,,,,,,,,,,0.000000,0.000000,0.000000,0.000002,0.084182,0.055390,,,,,,,,,,,,
189253,,,,,,,,,,,0.000000,0.000000,0.000000,0.000002,0.084182,0.055390,,,,,,,,,,,,
189258,,,,,,,,,,,0.000000,0.000000,0.000000,0.000002,0.084182,0.055390,,,,,,,,,,,,
189270,,,,,,,,,,,0.000000,0.000000,0.000000,0.000002,0.084182,0.055390,,,,,,,,,,,,
189273,,,,,,,,,,,0.000000,0.000000,0.000000,0.000001,0.084182,0.055390,,,,,,,,,,,,
189278,,,,,,,,,,,0.000000,0.000000,0.000000,0.000001,0.084182,0.055390,,,,,,,,,,,,
189283,,,,,,,,,,,0.000000,0.000000,0.000000,0.000001,0.084182,0.055390,,,,,,,,,,,,
189288,,,,,,,,,,,0.000000,0.000000,0.000000,0.000001,0.084182,0.055390,,,,,,,,,,,,
189293,,,,,,,,,,,0.000000,0.000000,0.000000,0.000001,0.084182,0.055390,,,,,,,,,,,,
189298,,,,,,,,,,,0.000000,0.000000,0.000000,0.000001,0.084182,0.055390,,,,,,,,,,,,
189303,,,,,,,,,,,0.000000,0.000000,0.000000,0.000001,0.084182,0.055390,,,,,,,,,,,,
189308,,,,,,,,,,,0.000000,0.000000,0.000000,0.000001,0.084182,0.055390,,,,,,,,,,,,
189313,,,,,,,,,,,0.000000,0.000000,0.000000,0.000001,0.084182,0.055390,,,,,,,,,,,,
189318,,,,,,,,,,,0.000000,0.000000,0.000000,0.000001,0.084182,0.055390,,,,,,,,,,,,
189330,,,,,,,,,,,0.000000,0.000000,0.000000,0.000001,0.084182,0.055390,,,,,,,,,,,,
189333,,,,,,,,,,,0.000000,0.000000,0.000000,0.000000,0.084182,0.055390,,,,,,,,,,,,
189338,,,,,,,,,,,0.000000,0.000000,0.000000,0.000000,0.084182,0.055390,,,,,,,,,,,,
189343,,,,,,,,,,,0.000000,0.000000,0.000000,0.000000,0.084182,0.055390,,,,,,,,,,,,
189348,,,,,,,,,,,0.000000,0.000000,0.000000,0.000000,0.084182,0.055390,,,,,,,,,,,,
189353,,,,,,,,,,,0.000000,0.000000,0.000000,0.000000,0.084182,0.055390,,,,,,,,,,,,
189358,,,,,,,,,,,0.000000,0.000000,0.000000,0.000000,0.084182,0.055390,,,,,,,,,,,,
189363,,,,,,,,,,,0.000000,0.000000,0.000000,0.000000,0.084182,0.055390,,,,,,,,,,,,
189368,,,,,,,,,,,0.000000,0.000000,0.000000,0.000000,0.084182,0.055390,,,,,,,,,,,,
189373,,,,,,,,,,,0.000000,0.000000,0.000000,0.000000,0.084182,0.055390,,,,,,,,,,,,
189378,,,,,,,,,,,0.000000,0.000000,0.000000,0.000000,0.084182,0.055390,,,,,,,,,,,,
189402,,,,,,,,,,,0.000000,0.000000,0.000000,0.000000,0.084182,0.055390,,,,,,,,,,,,
189403,,,,,,,,,,,0.000000,0.000000,0.000000,0.000000,0.084182,0.055390,,,,,,,,,,,,
189408,,,,,,,,,,,0.000000,0.000000,0.000000,0.000000,0.084182,0.055390,,,,,,,,,,,,
189413,,,,,,,,,,,0.000000,0.000000,0.000000,0.000000,0.084182,0.055390,,,,,,,,,,,,
189418,,,,,,,,,,,0.000000,0.000000,0.000000,0.000000,0.084182,0.055390,,,,,,,,,,,,
189423,,,,,,,,,,,0.000000,0.000000,0.000000,0.000000,0.084182,0.055390,,,,,,,,,,,,
189428,,,,,,,,,,,0.000000,0.000000,0.000000,0.000000,0.084182,0.055390,,,,,,,,,,,,
189433,,,,,,,,,,,0.000000,0.000000,0.000000,0.000000,0.084182,0.055390,,,,,,,,,,,,
189438,,,,,,,,,,,0.000000,0.000000,0.000000,0.000000,0.084182,0.055390,,,,,,,,,,,,
189450,,,,,,,,,,,0.000000,0.000000,0.000000,0.000000,0.084182,0.055390,,,,,,,,,,,,
189453,,,,,,,,,,,0.000000,0.000000,0.000000,0.000000,0.084182,0.055390,,,,,,,,,,,,
189458,,,,,,,,,,,0.000000,0.000000,0.000000,0.000000,0.084182,0.055390,,,,,,,,,,,,
189463,,,,,,,,,,,0.000000,0.000000,0.000000,0.000000,0.084182,0.055390,,,,,,,,,,,,
189468,,,,,,,,,,,0.000000,0.000000,0.000000,0.000000,0.084182,0.055390,,,,,,,,,,,,
189473,,,,,,,,,,,0.000000,0.000000,0.000000,0.000000,0.084182,0.055390,,,,,,,,,,,,
189478,,,,,,,,,,,0.000000,0.000000,0.000000,0.000000,0.084182,0.055390,,,,,,,,,,,,
189483,,,,,,,,,,,0.000000,0.000000,0.000000,0.000000,0.084182,0.055390,,,,,,,,,,,,
189488,,,,,,,,,,,0.000000,0.000000,0.000000,0.000000,0.084182,0.055390,,,,,,,,,,,,
189493,,,,,,,,,,,0.000000,0.000000,0.000000,0.000000,0.084182,0.055390,,,,,,,,,,,,
189498,,,,,,,,,,,0.000000,0.000000,0.000000,0.000000,0.084182,0.055390,,,,,,,,,,,,
189503,,,,,,,,,,,0.000000,0.000000,0.000000,0.000000,0.084182,0.055390,,,,,,,,,,,,
189508,,,,,,,,,,,0.000000,0.000000,0.000000,0.000000,0.084182,0.055390,,,,,,,,,,,,
189513,,,,,,,,,,,0.000000,0.000000,0.000000,0.000000,0.084182,0.055390,,,,,,,,,,,,
189518,,,,,,,,,,,0.000000,0.000000,0.000000,0.000000,0.084182,0.055390,,,,,,,,,,,,
189530,,,,,,,,,,,0.000000,0.000000,0.000000,0.000000,0.084182,0.055390,,,,,,,,,,,,
189533,,,,,,,,,,,0.000000,0.000000,0.000000,0.000000,0.084182,0.055390,,,,,,,,,,,,
189538,,,,,,,,,,,0.000000,0.000000,0.000000,0.000000,0.084182,0.055390,,,,,,,,,,,,
189543,,,,,,,,,,,0.000000,0.000000,0.000000,0.000000,0.084182,0.055390,,,,,,,,,,,,
189548,,,,,,,,,,,0.000000,0.000000,0.000000,0.000000,0.084182,0.055390,,,,,,,,,,,,
189553,,,,,,,,,,,0.000000,0.000000,0.000000,0.000000,0.084182,0.055390,,,,,,,,,,,,
189558,,,,,,,,,,,0.000000,0.000000,0.000000,0.000000,0.084182,0.055390,,,,,,,,,,,,
189563,,,,,,,,,,,0.000000,0.000000,0.000000,0.000000,0.084182,0.055390,,,,,,,,,,,,
189568,,,,,,,,,,,0.000000,0.000000,0.000000,0.000000,0.084182,0.055390,,,,,,,,,,,,
189573,,,,,,,,,,,0.000000,0.000000,0.000000,0.000000,0.084182,0.055390,,,,,,,,,,,,
189578,,,,,,,,,,,0.000000,0.000000,0.000000,0.000000,0.084182,0.055390,,,,,,,,,,,,
189590,,,,,,,,,,,0.000000,0.000000,0.000000,0.000000,0.084182,0.055390,,,,,,,,,,,,
189593,,,,,,,,,,,0.000000,0.000000,0.000000,0.000000,0.084182,0.055390,,,,,,,,,,,,
189598,,,,,,,,,,,0.000000,0.000000,0.000000,0.000000,0.084182,0.055390,,,,,,,,,,,,
189603,,,,,,,,,,,0.000000,0.000000,0.000000,0.000000,0.084182,0.055390,,,,,,,,,,,,
189608,,,,,,,,,,,0.000000,0.000000,0.000000,0.000000,0.084182,0.055390,,,,,,,,,,,,
189613,,,,,,,,,,,0.000000,0.000000,0.000000,0.000000,0.084182,0.055390,,,,,,,,,,,,
189618,,,,,,,,,,,0.000000,0.000000,0.000000,0.000000,0.084182,0.055390,,,,,,,,,,,,
189623,,,,,,,,,,,0.000000,0.000000,0.000000,0.000000,0.084182,0.055390,,,,,,,,,,,,
189628,,,,,,,,,,,0.000000,0.000000,0.000000,0.591445,0.084182,0.049416,,,,,,,,,,,,
189633,,,,,,,,,,,0.000000,0.000000,0.000000,0.540504,0.084182,0.049872,,,,,,,,,,,,
189638,,,,,,,,,,,0.000000,0.000000,0.000000,0.493950,0.084182,0.050288,,,,,,,,,,,,
189654,,,,,,,,,,,0.000000,0.000000,0.000000,1.364895,0.084182,0.041129,,,,,,,,,,,,
189658,,,,,,,,,,,0.000000,0.000000,0.000000,1.838781,0.084182,0.036206,,,,,,,,,,,,
189663,,,,,,,,,,,0.000000,0.000000,0.000000,2.271852,0.084182,0.031648,,,,,,,,,,,,
189668,,,,,,,,,,,0.000000,0.000000,0.000000,2.667621,0.084182,0.027424,,,,,,,,,,,,
189673,,,,,,,,,,,0.000000,0.000000,0.000000,2.437859,0.084182,0.029478,,,,,,,,,,,,
189678,,,,,,,,,,,0.000000,0.000000,0.000000,2.819330,0.084182,0.025381,,,,,,,,,,,,
189683,,,,,,,,,,,0.000000,0.000000,0.000000,3.167946,0.084182,0.021578,,,,,,,,,,,,
189688,,,,,,,,,,,0.000000,0.000000,0.000000,2.895090,0.084182,0.024017,,,,,,,,,,,,
189693,,,,,,,,,,,0.000000,0.000000,0.000000,3.237180,0.084182,0.020273,,,,,,,,,,,,
189698,,,,,,,,,,,0.000000,0.000000,0.000000,2.958361,0.084182,0.022765,,,,,,,,,,,,
189710,,,,,,,,,,,0.000000,0.000000,0.000000,3.295002,0.084182,0.019069,,,,,,,,,,,,
189711,,,,,,,,,,,0.000000,0.000000,0.000000,3.011203,0.084182,0.021606,,,,,,,,,,,,
189713,,,,,,,,,,,0.000000,0.000000,0.000000,2.751847,0.084182,0.023924,,,,,,,,,,,,
189718,,,,,,,,,,,0.000000,0.000000,0.000000,3.106275,0.084182,0.020069,,,,,,,,,,,,
189723,,,,,,,,,,,0.000000,0.000000,0.000000,2.838731,0.084182,0.022461,,,,,,,,,,,,
189728,,,,,,,,,,,0.000000,0.000000,0.000000,2.594230,0.084182,0.024646,,,,,,,,,,,,
189733,,,,,,,,,,,0.000000,0.000000,0.000000,2.370789,0.084182,0.026644,,,,,,,,,,,,
189738,,,,,,,,,,,0.000000,0.000000,0.000000,2.166592,0.084182,0.028469,,,,,,,,,,,,
189743,,,,,,,,,,,0.000000,0.000000,0.000000,1.979983,0.084182,0.030137,,,,,,,,,,,,
189748,,,,,,,,,,,0.000000,0.000000,0.000000,1.809447,0.084182,0.031662,,,,,,,,,,,,
189753,,,,,,,,,,,0.000000,0.000000,0.000000,1.653599,0.084182,0.033055,,,,,,,,,,,,
189758,,,,,,,,,,,0.000000,0.000000,0.000000,1.511174,0.084182,0.034328,,,,,,,,,,,,
189763,,,,,,,,,,,0.000000,0.000000,0.000000,1.381016,0.084182,0.035491,,,,,,,,,,,,
189768,,,,,,,,,,,0.000000,0.000000,0.000000,1.262069,0.084182,0.036555,,,,,,,,,,,,
189773,,,,,,,,,,,0.000000,0.000000,0.000000,1.153367,0.084182,0.037526,,,,,,,,,,,,
189778,,,,,,,,,,,0.000000,0.000000,0.000000,1.054027,0.084182,0.038414,,,,,,,,,,,,
189790,,,,,,,,,,,0.000000,0.000000,0.000000,1.554688,0.084182,0.034449,,,,,,,,,,,,
189791,,,,,,,,,,,,,0.000000,1.420783,,,,,,,,,,,,,,
189793,,,,,,,,,,,0.000000,0.000000,0.000000,1.298411,0.084182,0.035543,,,,,,,,,,,,
189798,,,,,,,,,,,0.000000,0.000000,0.000000,1.186578,0.084182,0.036543,,,,,,,,,,,,
189803,,,,,,,,,,,0.000000,0.000000,0.000000,1.084378,0.084182,0.037456,,,,,,,,,,,,
189808,,,,,,,,,,,0.000000,0.000000,0.000000,0.990980,0.084182,0.038291,,,,,,,,,,,,
189813,,,,,,,,,,,0.000000,0.000000,0.000000,0.905627,0.084182,0.039054,,,,,,,,,,,,
189818,,,,,,,,,,,0.000000,0.000000,0.000000,0.827625,0.084182,0.039751,,,,,,,,,,,,
189823,,,,,,,,,,,0.000000,0.000000,0.000000,0.756342,0.084182,0.040389,,,,,,,,,,,,
189828,,,,,,,,,,,0.000000,0.000000,0.000000,0.691198,0.084182,0.040971,,,,,,,,,,,,
189833,,,,,,,,,,,0.000000,0.000000,0.000000,0.631665,0.084182,0.041503,,,,,,,,,,,,
189838,,,,,,,,,,,0.000000,0.000000,0.000000,0.577259,0.084182,0.041989,,,,,,,,,,,,
189850,,,,,,,,,,,0.000000,0.000000,0.000000,0.482103,0.084182,0.042840,,,,,,,,,,,,
189853,,,,,,,,,,,0.000000,0.000000,0.000000,0.440579,0.084182,0.043211,,,,,,,,,,,,
189858,,,,,,,,,,,0.000000,0.000000,0.000000,0.402632,0.084182,0.043550,,,,,,,,,,,,
189863,,,,,,,,,,,0.000000,0.000000,0.000000,0.367953,0.084182,0.043860,,,,,,,,,,,,
189868,,,,,,,,,,,0.000000,0.000000,0.000000,0.336261,0.084182,0.044144,,,,,,,,,,,,
189873,,,,,,,,,,,0.000000,0.000000,0.000000,0.307299,0.084182,0.044403,,,,,,,,,,,,
189878,,,,,,,,,,,0.000000,0.000000,0.000000,0.280831,0.084182,0.044639,,,,,,,,,,,,
189883,,,,,,,,,,,0.000000,0.000000,0.000000,0.256643,0.084182,0.044855,,,,,,,,,,,,
189888,,,,,,,,,,,0.000000,0.000000,0.000000,0.234538,0.084182,0.045053,,,,,,,,,,,,
189893,,,,,,,,,,,0.000000,0.000000,0.000000,0.214338,0.084182,0.045234,,,,,,,,,,,,
189898,,,,,,,,,,,0.000000,0.000000,0.000000,0.195877,0.084182,0.045399,,,,,,,,,,,,
189911,,,,,,,,,,,0.000000,0.000000,0.000000,0.163588,0.084182,0.045687,,,,,,,,,,,,
189913,,,,,,,,,,,0.000000,0.000000,0.000000,0.149498,0.084182,0.045813,,,,,,,,,,,,
189918,,,,,,,,,,,0.000000,0.000000,0.000000,0.136622,0.084182,0.045928,,,,,,,,,,,,
189923,,,,,,,,,,,0.000000,0.000000,0.000000,0.124855,0.084182,0.046033,,,,,,,,,,,,
189928,,,,,,,,,,,0.000000,0.000000,0.000000,0.114101,0.084182,0.046130,,,,,,,,,,,,
189933,,,,,,,,,,,0.000000,0.000000,0.000000,0.104273,0.084182,0.046217,,,,,,,,,,,,
189938,,,,,,,,,,,0.000000,0.000000,0.000000,0.095292,0.084182,0.046298,,,,,,,,,,,,
189943,,,,,,,,,,,0.000000,0.000000,0.000000,0.087085,0.084182,0.046371,,,,,,,,,,,,
189948,,,,,,,,,,,0.000000,0.000000,0.000000,0.079584,0.084182,0.046438,,,,,,,,,,,,
189953,,,,,,,,,,,0.000000,0.000000,0.000000,0.072729,0.084182,0.046499,,,,,,,,,,,,
189958,,,,,,,,,,,0.000000,0.000000,0.000000,0.066465,0.084182,0.046555,,,,,,,,,,,,
189963,,,,,,,,,,,0.000000,0.000000,0.000000,0.060741,0.084182,0.046607,,,,,,,,,,,,
189968,,,,,,,,,,,0.000000,0.000000,0.000000,0.055509,0.084182,0.046653,,,,,,,,,,,,
189973,,,,,,,,,,,0.000000,0.000000,0.000000,0.050728,0.084182,0.046696,,,,,,,,,,,,
189978,,,,,,,,,,,0.000000,0.000000,0.000000,0.046359,0.084182,0.046735,,,,,,,,,,,,
189990,,,,,,,,,,,0.000000,0.000000,0.000000,0.038717,0.084182,0.046803,,,,,,,,,,,,
189993,,,,,,,,,,,0.000000,0.000000,0.000000,0.035382,0.084182,0.046833,,,,,,,,,,,,
189998,,,,,,,,,,,0.000000,0.000000,0.000000,0.032335,0.084182,0.046861,,,,,,,,,,,,
190003,,,,,,,,,,,0.000000,0.000000,0.000000,0.029550,0.084182,0.046885,,,,,,,,,,,,
190008,,,,,,,,,,,0.000000,0.000000,0.000000,0.027005,0.084182,0.046908,,,,,,,,,,,,
190013,,,,,,,,,,,0.000000,0.000000,0.000000,0.024679,0.084182,0.046929,,,,,,,,,,,,
190018,,,,,,,,,,,0.000000,0.000000,0.000000,0.022553,0.084182,0.046948,,,,,,,,,,,,
190023,,,,,,,,,,,0.000000,0.000000,0.000000,0.020611,0.084182,0.046965,,,,,,,,,,,,
190028,,,,,,,,,,,0.000000,0.000000,0.000000,0.018835,0.084182,0.046981,,,,,,,,,,,,
190033,,,,,,,,,,,0.000000,0.000000,0.000000,0.017213,0.084182,0.046996,,,,,,,,,,,,
190038,,,,,,,,,,,0.000000,0.000000,0.000000,0.015731,0.084182,0.047009,,,,,,,,,,,,
190050,,,,,,,,,,,0.000000,0.000000,0.000000,0.013137,0.084182,0.047032,,,,,,,,,,,,
190053,,,,,,,,,,,0.000000,0.000000,0.000000,0.012006,0.084182,0.047042,,,,,,,,,,,,
190058,,,,,,,,,,,0.000000,0.000000,0.000000,0.010972,0.084182,0.047051,,,,,,,,,,,,
190063,,,,,,,,,,,0.000000,0.000000,0.000000,0.010027,0.084182,0.047060,,,,,,,,,,,,
190068,,,,,,,,,,,0.000000,0.000000,0.000000,0.009163,0.084182,0.047068,,,,,,,,,,,,
190073,,,,,,,,,,,0.000000,0.000000,0.000000,0.008374,0.084182,0.047075,,,,,,,,,,,,
190078,,,,,,,,,,,0.000000,0.000000,0.000000,0.007653,0.084182,0.047081,,,,,,,,,,,,
190083,,,,,,,,,,,0.000000,0.000000,0.000000,0.006994,0.084182,0.047087,,,,,,,,,,,,
190088,,,,,,,,,,,0.000000,0.000000,0.000000,0.006391,0.084182,0.047092,,,,,,,,,,,,
190093,,,,,,,,,,,0.000000,0.000000,0.000000,0.005841,0.084182,0.047097,,,,,,,,,,,,
190098,,,,,,,,,,,0.000000,0.000000,0.000000,0.005338,0.084182,0.047102,,,,,,,,,,,,
190110,,,,,,,,,,,0.000000,0.000000,0.000000,0.004878,0.084182,0.047106,,,,,,,,,,,,
190111,,,,,,,,,,,0.000000,0.000000,0.000000,0.004458,0.084182,0.047110,,,,,,,,,,,,
190113,,,,,,,,,,,0.000000,0.000000,0.000000,0.004074,0.084182,0.047113,,,,,,,,,,,,
190118,,,,,,,,,,,0.000000,0.000000,0.000000,0.003723,0.084182,0.047116,,,,,,,,,,,,
190123,,,,,,,,,,,0.000000,0.000000,0.000000,0.003402,0.084182,0.047119,,,,,,,,,,,,
190128,,,,,,,,,,,0.000000,0.000000,0.000000,0.003109,0.084182,0.047122,,,,,,,,,,,,
190133,,,,,,,,,,,0.000000,0.000000,0.000000,0.002841,0.084182,0.047124,,,,,,,,,,,,
190138,,,,,,,,,,,0.000000,0.000000,0.000000,0.002597,0.084182,0.047126,,,,,,,,,,,,
190143,,,,,,,,,,,0.000000,0.000000,0.000000,0.002373,0.084182,0.047128,,,,,,,,,,,,
190148,,,,,,,,,,,0.000000,0.000000,0.000000,0.002169,0.084182,0.047130,,,,,,,,,,,,
190153,,,,,,,,,,,0.000000,0.000000,0.000000,0.001982,0.084182,0.047132,,,,,,,,,,,,
190158,,,,,,,,,,,0.000000,0.000000,0.000000,0.001811,0.084182,0.047133,,,,,,,,,,,,
190170,,,,,,,,,,,0.000000,0.000000,0.000000,0.001655,0.084182,0.047135,,,,,,,,,,,,
190171,,,,,,,,,,,0.000000,0.000000,0.000000,0.001513,0.084182,0.047136,,,,,,,,,,,,
190173,,,,,,,,,,,0.000000,0.000000,0.000000,0.001382,0.084182,0.047137,,,,,,,,,,,,
190178,,,,,,,,,,,0.000000,0.000000,0.000000,0.001263,0.084182,0.047138,,,,,,,,,,,,
190183,,,,,,,,,,,0.000000,0.000000,0.000000,0.001154,0.084182,0.047139,,,,,,,,,,,,
190188,,,,,,,,,,,0.000000,0.000000,0.000000,0.001055,0.084182,0.047140,,,,,,,,,,,,
190193,,,,,,,,,,,0.000000,0.000000,0.000000,0.000964,0.084182,0.047141,,,,,,,,,,,,
190198,,,,,,,,,,,0.000000,0.000000,0.000000,0.000881,0.084182,0.047142,,,,,,,,,,,,
190203,,,,,,,,,,,0.000000,0.000000,0.000000,0.000805,0.084182,0.047142,,,,,,,,,,,,
190208,,,,,,,,,,,0.000000,0.000000,0.000000,0.000736,0.084182,0.047143,,,,,,,,,,,,
190213,,,,,,,,,,,0.000000,0.000000,0.000000,0.000673,0.084182,0.047144,,,,,,,,,,,,
190218,,,,,,,,,,,0.000000,0.000000,0.000000,0.000615,0.084182,0.047144,,,,,,,,,,,,
190223,,,,,,,,,,,0.000000,0.000000,0.000000,0.000562,0.084182,0.047145,,,,,,,,,,,,
190228,,,,,,,,,,,0.000000,0.000000,0.000000,0.000513,0.084182,0.047145,,,,,,,,,,,,
190233,,,,,,,,,,,0.000000,0.000000,0.000000,0.000469,0.084182,0.047145,,,,,,,,,,,,
190238,,,,,,,,,,,0.000000,0.000000,0.000000,0.000429,0.084182,0.047146,,,,,,,,,,,,
190250,,,,,,,,,,,0.000000,0.000000,0.000000,0.000358,0.084182,0.047146,,,,,,,,,,,,
190253,,,,,,,,,,,0.000000,0.000000,0.000000,0.000327,0.084182,0.047147,,,,,,,,,,,,
190258,,,,,,,,,,,0.000000,0.000000,0.000000,0.000299,0.084182,0.047147,,,,,,,,,,,,
190263,,,,,,,,,,,0.000000,0.000000,0.000000,0.000273,0.084182,0.047147,,,,,,,,,,,,
190268,,,,,,,,,,,0.000000,0.000000,0.000000,0.000250,0.084182,0.047147,,,,,,,,,,,,
190273,,,,,,,,,,,0.000000,0.000000,0.000000,0.000228,0.084182,0.047148,,,,,,,,,,,,
190278,,,,,,,,,,,0.000000,0.000000,0.000000,0.000209,0.084182,0.047148,,,,,,,,,,,,
190283,,,,,,,,,,,0.000000,0.000000,0.000000,0.000191,0.084182,0.047148,,,,,,,,,,,,
190288,,,,,,,,,,,0.000000,0.000000,0.000000,0.000174,0.084182,0.047148,,,,,,,,,,,,
190293,,,,,,,,,,,0.000000,0.000000,0.000000,0.000159,0.084182,0.047148,,,,,,,,,,,,
190298,,,,,,,,,,,0.000000,0.000000,0.000000,0.000145,0.084182,0.047148,,,,,,,,,,,,
190310,,,,,,,,,,,0.000000,0.000000,0.000000,0.000121,0.084182,0.047148,,,,,,,,,,,,
190313,,,,,,,,,,,0.000000,0.000000,0.000000,0.000111,0.084182,0.047149,,,,,,,,,,,,
190318,,,,,,,,,,,0.000000,0.000000,0.000000,0.000101,0.084182,0.047149,,,,,,,,,,,,
190323,,,,,,,,,,,0.000000,0.000000,0.000000,0.000093,0.084182,0.047149,,,,,,,,,,,,
190328,,,,,,,,,,,0.000000,0.000000,0.000000,0.000085,0.084182,0.047149,,,,,,,,,,,,
190333,,,,,,,,,,,0.000000,0.000000,0.000000,0.000077,0.084182,0.047149,,,,,,,,,,,,
190338,,,,,,,,,,,0.000000,0.000000,0.000000,0.000071,0.084182,0.047149,,,,,,,,,,,,
190343,,,,,,,,,,,0.000000,0.000000,0.000000,0.000065,0.084182,0.047149,,,,,,,,,,,,
190348,,,,,,,,,,,0.000000,0.000000,0.000000,0.000059,0.084182,0.047149,,,,,,,,,,,,
190353,,,,,,,,,,,0.000000,0.000000,0.000000,0.000054,0.084182,0.047149,,,,,,,,,,,,
190358,,,,,,,,,,,0.000000,0.000000,0.000000,0.000049,0.084182,0.047149,,,,,,,,,,,,
190370,,,,,,,,,,,0.000000,0.000000,0.000000,0.000041,0.084182,0.047149,,,,,,,,,,,,
190373,,,,,,,,,,,0.000000,0.000000,0.000000,0.000038,0.084182,0.047149,,,,,,,,,,,,
190378,,,,,,,,,,,0.000000,0.000000,0.000000,0.000034,0.084182,0.047149,,,,,,,,,,,,
190383,,,,,,,,,,,0.000000,0.000000,0.000000,0.000031,0.084182,0.047149,,,,,,,,,,,,
190388,,,,,,,,,,,0.000000,0.000000,0.000000,0.000029,0.084182,0.047149,,,,,,,,,,,,
190393,,,,,,,,,,,0.000000,0.000000,0.000000,0.000026,0.084182,0.047149,,,,,,,,,,,,
190398,,,,,,,,,,,0.000000,0.000000,0.000000,0.000024,0.084182,0.047149,,,,,,,,,,,,
190403,,,,,,,,,,,0.000000,0.000000,0.000000,0.000022,0.084182,0.047149,,,,,,,,,,,,
190408,,,,,,,,,,,0.000000,0.000000,0.000000,0.000020,0.084182,0.047149,,,,,,,,,,,,
190413,,,,,,,,,,,0.000000,0.000000,0.000000,0.000018,0.084182,0.047149,,,,,,,,,,,,
190418,,,,,,,,,,,0.000000,0.000000,0.000000,0.000017,0.084182,0.047149,,,,,,,,,,,,
190423,,,,,,,,,,,0.000000,0.000000,0.000000,0.000015,0.084182,0.047149,,,,,,,,,,,,
190428,,,,,,,,,,,0.000000,0.000000,0.000000,0.000014,0.084182,0.047149,,,,,,,,,,,,
190433,,,,,,,,,,,0.000000,0.000000,0.000000,0.000013,0.084182,0.047149,,,,,,,,,,,,
190438,,,,,,,,,,,0.000000,0.000000,0.000000,0.000012,0.084182,0.047149,,,,,,,,,,,,
190450,,,,,,,,,,,0.000000,0.000000,0.000000,0.000010,0.084182,0.047149,,,,,,,,,,,,
190453,,,,,,,,,,,0.000000,0.000000,0.000000,0.000009,0.084182,0.047149,,,,,,,,,,,,
190458,,,,,,,,,,,0.000000,0.000000,0.000000,0.000008,0.084182,0.047149,,,,,,,,,,,,
190463,,,,,,,,,,,0.000000,0.000000,0.000000,0.000007,0.084182,0.047149,,,,,,,,,,,,
190468,,,,,,,,,,,0.000000,0.000000,0.000000,0.000007,0.084182,0.047150,,,,,,,,,,,,
190473,,,,,,,,,,,0.000000,0.000000,0.000000,0.000006,0.084182,0.047150,,,,,,,,,,,,
190478,,,,,,,,,,,0.000000,0.000000,0.000000,0.000006,0.084182,0.047150,,,,,,,,,,,,
190483,,,,,,,,,,,0.000000,0.000000,0.000000,0.000005,0.084182,0.047150,,,,,,,,,,,,
190488,,,,,,,,,,,0.000000,0.000000,0.000000,0.000005,0.084182,0.047150,,,,,,,,,,,,
190493,,,,,,,,,,,0.000000,0.000000,0.000000,0.000004,0.084182,0.047150,,,,,,,,,,,,
190498,,,,,,,,,,,0.000000,0.000000,0.000000,0.000004,0.084182,0.047150,,,,,,,,,,,,
190510,,,,,,,,,,,0.000000,0.000000,0.000000,0.000003,0.084182,0.047150,,,,,,,,,,,,
190513,,,,,,,,,,,0.000000,0.000000,0.000000,0.000003,0.084182,0.047150,,,,,,,,,,,,
190518,,,,,,,,,,,0.000000,0.000000,0.000000,0.000003,0.084182,0.047150,,,,,,,,,,,,
190523,,,,,,,,,,,0.000000,0.000000,0.000000,0.000003,0.084182,0.047150,,,,,,,,,,,,
190528,,,,,,,,,,,0.000000,0.000000,0.000000,0.000002,0.084182,0.047150,,,,,,,,,,,,
190533,,,,,,,,,,,0.000000,0.000000,0.000000,0.000002,0.084182,0.047150,,,,,,,,,,,,
190538,,,,,,,,,,,0.000000,0.000000,0.000000,0.000002,0.084182,0.047150,,,,,,,,,,,,
190543,,,,,,,,,,,0.000000,0.000000,0.000000,0.000002,0.084182,0.047150,,,,,,,,,,,,
190548,,,,,,,,,,,0.000000,0.000000,0.000000,0.000002,0.084182,0.047150,,,,,,,,,,,,
190553,,,,,,,,,,,0.000000,0.000000,0.000000,0.000001,0.084182,0.047150,,,,,,,,,,,,
190558,,,,,,,,,,,0.000000,0.000000,0.000000,0.000001,0.084182,0.047150,,,,,,,,,,,,
190570,,,,,,,,,,,0.000000,0.000000,0.000000,0.000001,0.084182,0.047150,,,,,,,,,,,,
190571,,,,,,,,,,,0.000000,0.000000,0.000000,0.000001,0.084182,0.047150,,,,,,,,,,,,
190573,,,,,,,,,,,0.000000,0.000000,0.000000,0.000001,0.084182,0.047150,,,,,,,,,,,,
190578,,,,,,,,,,,0.000000,0.000000,0.000000,0.000001,0.084182,0.047150,,,,,,,,,,,,
190583,,,,,,,,,,,0.000000,0.000000,0.000000,0.000001,0.084182,0.047150,,,,,,,,,,,,
190588,,,,,,,,,,,0.000000,0.000000,0.000000,0.000001,0.084182,0.047150,,,,,,,,,,,,
190593,,,,,,,,,,,0.000000,0.000000,0.000000,0.000001,0.084182,0.047150,,,,,,,,,,,,
190598,,,,,,,,,,,0.000000,0.000000,0.000000,0.000001,0.084182,0.047150,,,,,,,,,,,,
190603,,,,,,,,,,,0.000000,0.000000,0.000000,0.000001,0.084182,0.047150,,,,,,,,,,,,
190608,,,,,,,,,,,0.000000,0.000000,0.000000,0.000001,0.084182,0.047150,,,,,,,,,,,,
190613,,,,,,,,,,,0.000000,0.000000,0.000000,0.000000,0.084182,0.047150,,,,,,,,,,,,
190618,,,,,,,,,,,0.000000,0.000000,0.000000,0.000000,0.084182,0.047150,,,,,,,,,,,,
190630,,,,,,,,,,,0.000000,0.000000,0.000000,0.000000,0.084182,0.047150,,,,,,,,,,,,
190631,,,,,,,,,,,0.000000,0.000000,0.000000,0.000000,0.084182,0.047150,,,,,,,,,,,,
190633,,,,,,,,,,,0.000000,0.000000,0.000000,0.000000,0.084182,0.047150,,,,,,,,,,,,
190638,,,,,,,,,,,0.000000,0.000000,0.000000,0.000000,0.084182,0.047150,,,,,,,,,,,,
190643,,,,,,,,,,,0.000000,0.000000,0.000000,0.000000,0.084182,0.047150,,,,,,,,,,,,
190648,,,,,,,,,,,0.000000,0.000000,0.000000,0.000000,0.084182,0.047150,,,,,,,,,,,,
190653,,,,,,,,,,,0.000000,0.000000,0.000000,0.000000,0.084182,0.047150,,,,,,,,,,,,
190658,,,,,,,,,,,0.000000,0.000000,0.000000,0.000000,0.084182,0.047150,,,,,,,,,,,,
190663,,,,,,,,,,,0.000000,0.000000,0.000000,0.000000,0.084182,0.047150,,,,,,,,,,,,
190668,,,,,,,,,,,0.000000,0.000000,0.000000,0.000000,0.084182,0.047150,,,,,,,,,,,,
190673,,,,,,,,,,,0.000000,0.000000,0.000000,0.000000,0.084182,0.047150,,,,,,,,,,,,
190678,,,,,,,,,,,0.000000,0.000000,0.000000,0.000000,0.084182,0.047150,,,,,,,,,,,,
190683,,,,,,,,,,,0.000000,0.000000,0.000000,0.000000,0.084182,0.047150,,,,,,,,,,,,
190688,,,,,,,,,,,0.000000,0.000000,0.000000,0.000000,0.084182,0.047150,,,,,,,,,,,,
190693,,,,,,,,,,,0.000000,0.000000,0.000000,0.000000,0.084182,0.047150,,,,,,,,,,,,
190698,,,,,,,,,,,0.000000,0.000000,0.000000,0.000000,0.084182,0.047150,,,,,,,,,,,,
190710,,,,,,,,,,,0.000000,0.000000,0.000000,0.000000,0.084182,0.047150,,,,,,,,,,,,
190713,,,,,,,,,,,0.000000,0.000000,0.000000,0.000000,0.084182,0.047150,,,,,,,,,,,,
190718,,,,,,,,,,,0.000000,0.000000,0.000000,0.000000,0.084182,0.047150,,,,,,,,,,,,
190723,,,,,,,,,,,0.000000,0.000000,0.000000,0.000000,0.084182,0.047150,,,,,,,,,,,,
190728,,,,,,,,,,,0.000000,0.000000,0.000000,0.000000,0.084182,0.047150,,,,,,,,,,,,
190733,,,,,,,,,,,0.000000,0.000000,0.000000,0.000000,0.084182,0.047150,,,,,,,,,,,,
190738,,,,,,,,,,,0.000000,0.000000,0.000000,0.000000,0.084182,0.047150,,,,,,,,,,,,
190743,,,,,,,,,,,0.000000,0.000000,0.000000,0.000000,0.084182,0.047150,,,,,,,,,,,,
190748,,,,,,,,,,,0.000000,0.000000,0.000000,0.000000,0.084182,0.047150,,,,,,,,,,,,
190753,,,,,,,,,,,0.000000,0.000000,0.000000,0.000000,0.084182,0.047150,,,,,,,,,,,,
190758,,,,,,,,,,,0.000000,0.000000,0.000000,0.000000,0.084182,0.047150,,,,,,,,,,,,
190770,,,,,,,,,,,0.000000,0.000000,0.000000,0.000000,0.084182,0.047150,,,,,,,,,,,,
190771,,,,,,,,,,,0.000000,0.000000,0.000000,0.000000,0.084182,0.047150,,,,,,,,,,,,
190773,,,,,,,,,,,0.000000,0.000000,0.000000,0.000000,0.084182,0.047150,,,,,,,,,,,,
190778,,,,,,,,,,,0.000000,0.000000,0.000000,0.000000,0.084182,0.047150,,,,,,,,,,,,
190783,,,,,,,,,,,0.000000,0.000000,0.000000,0.000000,0.084182,0.047150,,,,,,,,,,,,
190788,,,,,,,,,,,0.000000,0.000000,0.000000,0.000000,0.084182,0.047150,,,,,,,,,,,,
190793,,,,,,,,,,,0.000000,0.000000,0.000000,0.000000,0.084182,0.047150,,,,,,,,,,,,
190798,,,,,,,,,,,0.000000,0.000000,0.000000,0.000000,0.084182,0.047150,,,,,,,,,,,,
190803,,,,,,,,,,,0.000000,0.000000,0.000000,0.000000,0.084182,0.047150,,,,,,,,,,,,
190808,,,,,,,,,,,0.000000,0.000000,0.000000,0.000000,0.084182,0.047150,,,,,,,,,,,,
190813,,,,,,,,,,,0.000000,0.000000,0.000000,0.000000,0.084182,0.047150,,,,,,,,,,,,
190818,,,,,,,,,,,0.000000,0.000000,0.000000,0.000000,0.084182,0.047150,,,,,,,,,,,,
190830,,,,,,,,,,,0.000000,0.000000,0.000000,0.000000,0.084182,0.047150,,,,,,,,,,,,
190833,,,,,,,,,,,0.000000,0.000000,0.000000,0.000000,0.084182,0.047150,,,,,,,,,,,,
190838,,,,,,,,,,,0.000000,0.000000,0.000000,0.000000,0.084182,0.047150,,,,,,,,,,,,
190843,,,,,,,,,,,0.000000,0.000000,0.000000,0.000000,0.084182,0.047150,,,,,,,,,,,,
190848,,,,,,,,,,,0.000000,0.000000,0.000000,0.000000,0.084182,0.047150,,,,,,,,,,,,
190853,,,,,,,,,,,0.000000,0.000000,0.000000,0.000000,0.084182,0.047150,,,,,,,,,,,,
190858,,,,,,,,,,,0.000000,0.000000,0.000000,0.000000,0.084182,0.047150,,,,,,,,,,,,
190863,,,,,,,,,,,0.000000,0.000000,0.000000,0.000000,0.084182,0.047150,,,,,,,,,,,,
190868,,,,,,,,,,,0.000000,0.000000,0.000000,0.000000,0.084182,0.047150,,,,,,,,,,,,
190873,,,,,,,,,,,0.000000,0.000000,0.000000,0.000000,0.084182,0.047150,,,,,,,,,,,,
190878,,,,,,,,,,,0.000000,0.000000,0.000000,0.000000,0.084182,0.047150,,,,,,,,,,,,
190883,,,,,,,,,,,0.000000,0.000000,0.000000,0.000000,0.084182,0.047150,,,,,,,,,,,,
190888,,,,,,,,,,,0.000000,0.000000,0.000000,0.000000,0.084182,0.047150,,,,,,,,,,,,
190893,,,,,,,,,,,0.000000,0.000000,0.000000,0.000000,0.084182,0.047150,,,,,,,,,,,,
190898,,,,,,,,,,,0.000000,0.000000,0.000000,0.000000,0.084182,0.047150,,,,,,,,,,,,
190910,,,,,,,,,,,0.000000,0.000000,0.000000,0.000000,0.084182,0.047150,,,,,,,,,,,,
190913,,,,,,,,,,,0.000000,0.000000,0.000000,0.000000,0.084182,0.047150,,,,,,,,,,,,
190918,,,,,,,,,,,0.000000,0.000000,0.000000,0.000000,0.084182,0.047150,,,,,,,,,,,,
190923,,,,,,,,,,,0.000000,0.000000,0.000000,0.000000,0.084182,0.047150,,,,,,,,,,,,
190928,,,,,,,,,,,0.000000,0.000000,0.000000,0.000000,0.084182,0.047150,,,,,,,,,,,,
190933,,,,,,,,,,,0.000000,0.000000,0.000000,0.000000,0.084182,0.047150,,,,,,,,,,,,
190938,,,,,,,,,,,0.000000,0.000000,0.000000,0.000000,0.084182,0.047150,,,,,,,,,,,,
190943,,,,,,,,,,,0.000000,0.000000,0.000000,0.000000,0.084182,0.047150,,,,,,,,,,,,
190948,,,,,,,,,,,0.000000,0.000000,0.000000,0.000000,0.084182,0.047150,,,,,,,,,,,,
190953,,,,,,,,,,,0.000000,0.000000,0.000000,0.000000,0.084182,0.047150,,,,,,,,,,,,
190958,,,,,,,,,,,0.000000,0.000000,0.000000,0.000000,0.084182,0.047150,,,,,,,,,,,,
190969,,,,,,,,,,,0.000000,0.000000,0.000000,0.000000,0.084182,0.047150,,,,,,,,,,,,
190973,,,,,,,,,,,0.000000,0.000000,0.000000,0.000000,0.084182,0.047150,,,,,,,,,,,,
190978,,,,,,,,,,,0.000000,0.000000,0.000000,0.000000,0.084182,0.047150,,,,,,,,,,,,
190983,,,,,,,,,,,0.000000,0.000000,0.000000,0.000000,0.084182,0.047150,,,,,,,,,,,,
190988,,,,,,,,,,,0.000000,0.000000,0.000000,0.000000,0.084182,0.047150,,,,,,,,,,,,
190993,,,,,,,,,,,0.000000,0.000000,0.000000,0.000000,0.084182,0.047150,,,,,,,,,,,,
190998,,,,,,,,,,,0.000000,0.000000,0.000000,0.000000,0.084182,0.047150,,,,,,,,,,,,
191003,,,,,,,,,,,0.000000,0.000000,0.000000,0.000000,0.084182,0.047150,,,,,,,,,,,,
191008,,,,,,,,,,,0.000000,0.000000,0.000000,0.000000,0.084182,0.047150,,,,,,,,,,,,
191013,,,,,,,,,,,0.000000,0.000000,0.000000,0.000000,0.084182,0.047150,,,,,,,,,,,,
191018,,,,,,,,,,,0.000000,0.000000,0.000000,0.000000,0.084182,0.047150,,,,,,,,,,,,
191030,,,,,,,,,,,0.000000,0.000000,0.000000,0.000000,0.084182,0.047150,,,,,,,,,,,,
191033,,,,,,,,,,,0.000000,0.000000,0.000000,0.000000,0.084182,0.047150,,,,,,,,,,,,
191038,,,,,,,,,,,0.000000,0.000000,0.000000,0.000000,0.084182,0.047150,,,,,,,,,,,,
191043,,,,,,,,,,,0.000000,0.000000,0.000000,0.000000,0.084182,0.047150,,,,,,,,,,,,
191048,,,,,,,,,,,0.000000,0.000000,0.000000,0.000000,0.084182,0.047150,,,,,,,,,,,,
191053,,,,,,,,,,,0.000000,0.000000,0.000000,0.000000,0.084182,0.047150,,,,,,,,,,,,
191058,,,,,,,,,,,0.000000,0.000000,0.000000,0.000000,0.084182,0.047150,,,,,,,,,,,,
191063,,,,,,,,,,,0.000000,0.000000,0.000000,0.000000,0.084182,0.047150,,,,,,,,,,,,
191068,,,,,,,,,,,0.000000,0.000000,0.000000,0.000000,0.084182,0.047150,,,,,,,,,,,,
191073,,,,,,,,,,,0.000000,0.000000,0.000000,0.000000,0.084182,0.047150,,,,,,,,,,,,
191078,,,,,,,,,,,0.000000,0.000000,0.000000,0.000000,0.084182,0.047150,,,,,,,,,,,,
191090,,,,,,,,,,,0.000000,0.000000,0.000000,0.000000,0.084182,0.047150,,,,,,,,,,,,
191093,,,,,,,,,,,0.000000,0.000000,0.000000,0.000000,0.084182,0.047150,,,,,,,,,,,,
191098,,,,,,,,,,,0.000000,0.000000,0.000000,0.000000,0.084182,0.047150,,,,,,,,,,,,
191103,,,,,,,,,,,0.000000,0.000000,0.000000,0.000000,0.084182,0.047150,,,,,,,,,,,,
191108,,,,,,,,,,,0.000000,0.000000,0.000000,0.000000,0.084182,0.047150,,,,,,,,,,,,
191113,,,,,,,,,,,0.000000,0.000000,0.000000,0.000000,0.084182,0.047150,,,,,,,,,,,,
191118,,,,,,,,,,,0.000000,0.000000,0.000000,0.000000,0.084182,0.047150,,,,,,,,,,,,
191123,,,,,,,,,,,0.000000,0.000000,0.000000,0.000000,0.084182,0.047150,,,,,,,,,,,,
191128,,,,,,,,,,,0.000000,0.000000,0.000000,0.000000,0.084182,0.047150,,,,,,,,,,,,
191133,,,,,,,,,,,0.000000,0.000000,0.000000,0.000000,0.084182,0.047150,,,,,,,,,,,,
191138,,,,,,,,,,,0.000000,0.000000,0.000000,0.000000,0.084182,0.047150,,,,,,,,,,,,
191143,,,,,,,,,,,0.000000,0.000000,0.000000,0.000000,0.084182,0.047150,,,,,,,,,,,,
191148,,,,,,,,,,,0.000000,0.000000,0.000000,0.000000,0.084182,0.047150,,,,,,,,,,,,
191153,,,,,,,,,,,0.000000,0.000000,0.000000,0.000000,0.084182,0.047150,,,,,,,,,,,,
191158,,,,,,,,,,,0.000000,0.000000,0.000000,0.000000,0.084182,0.047150,,,,,,,,,,,,
191170,,,,,,,,,,,0.000000,0.000000,0.000000,0.000000,0.084182,0.047150,,,,,,,,,,,,
191173,,,,,,,,,,,0.000000,0.000000,0.000000,0.000000,0.084182,0.047150,,,,,,,,,,,,
191178,,,,,,,,,,,0.000000,0.000000,0.000000,0.000000,0.084182,0.047150,,,,,,,,,,,,
191183,,,,,,,,,,,0.000000,0.000000,0.000000,0.000000,0.084182,0.047150,,,,,,,,,,,,
191188,,,,,,,,,,,0.000000,0.000000,0.000000,0.000000,0.084182,0.047150,,,,,,,,,,,,
191193,,,,,,,,,,,0.000000,0.000000,0.000000,0.000000,0.084182,0.047150,,,,,,,,,,,,
191198,,,,,,,,,,,0.000000,0.000000,0.000000,0.000000,0.084182,0.047150,,,,,,,,,,,,
191203,,,,,,,,,,,0.000000,0.000000,0.000000,0.000000,0.084182,0.047150,,,,,,,,,,,,
191208,,,,,,,,,,,0.000000,0.000000,0.000000,0.000000,0.084182,0.047150,,,,,,,,,,,,
191213,,,,,,,,,,,0.000000,0.000000,0.000000,0.000000,0.084182,0.047150,,,,,,,,,,,,
191218,,,,,,,,,,,0.000000,0.000000,0.000000,0.000000,0.084182,0.047150,,,,,,,,,,,,
191230,,,,,,,,,,,0.000000,0.000000,0.000000,0.000000,0.084182,0.047150,,,,,,,,,,,,
191233,,,,,,,,,,,0.000000,0.000000,0.000000,0.000000,0.084182,0.047150,,,,,,,,,,,,
191238,,,,,,,,,,,0.000000,0.000000,0.000000,0.000000,0.084182,0.047150,,,,,,,,,,,,
191243,,,,,,,,,,,0.000000,0.000000,0.000000,0.000000,0.084182,0.047150,,,,,,,,,,,,
191248,,,,,,,,,,,0.000000,0.000000,0.000000,0.000000,0.084182,0.047150,,,,,,,,,,,,
191253,,,,,,,,,,,0.000000,0.000000,0.000000,0.000000,0.084182,0.047150,,,,,,,,,,,,
191258,,,,,,,,,,,0.000000,0.000000,0.000000,0.000000,0.084182,0.047150,,,,,,,,,,,,
191263,,,,,,,,,,,0.000000,0.000000,0.000000,0.000000,0.084182,0.047150,,,,,,,,,,,,
191268,,,,,,,,,,,0.000000,0.000000,0.000000,0.000000,0.084182,0.047150,,,,,,,,,,,,
191273,,,,,,,,,,,0.000000,0.000000,0.000000,0.000000,0.084182,0.047150,,,,,,,,,,,,
191278,,,,,,,,,,,0.000000,0.000000,0.000000,0.000000,0.084182,0.047150,,,,,,,,,,,,
191290,,,,,,,,,,,0.000000,0.000000,0.000000,0.000000,0.084182,0.047150,,,,,,,,,,,,
191293,,,,,,,,,,,0.000000,0.000000,0.000000,0.000000,0.084182,0.047150,,,,,,,,,,,,
191298,,,,,,,,,,,0.000000,0.000000,0.000000,0.000000,0.084182,0.047150,,,,,,,,,,,,
191303,,,,,,,,,,,0.000000,0.000000,0.000000,0.000000,0.084182,0.047150,,,,,,,,,,,,
191308,,,,,,,,,,,0.000000,0.000000,0.000000,0.000000,0.084182,0.047150,,,,,,,,,,,,
191313,,,,,,,,,,,0.000000,0.000000,0.000000,0.000000,0.084182,0.047150,,,,,,,,,,,,
191318,,,,,,,,,,,0.000000,0.000000,0.000000,0.000000,0.084182,0.047150,,,,,,,,,,,,
191323,,,,,,,,,,,0.000000,0.000000,0.000000,0.000000,0.084182,0.047150,,,,,,,,,,,,
191328,,,,,,,,,,,0.000000,0.000000,0.000000,0.000000,0.084182,0.047150,,,,,,,,,,,,
191333,,,,,,,,,,,0.000000,0.000000,0.000000,0.000000,0.084182,0.047150,,,,,,,,,,,,
191338,,,,,,,,,,,0.000000,0.000000,0.000000,0.000000,0.084182,0.047150,,,,,,,,,,,,
191343,,,,,,,,,,,0.000000,0.000000,0.000000,0.000000,0.084182,0.047150,,,,,,,,,,,,
191348,,,,,,,,,,,0.000000,0.000000,0.000000,0.000000,0.084182,0.047150,,,,,,,,,,,,
191353,,,,,,,,,,,0.000000,0.000000,0.000000,0.000000,0.084182,0.047150,,,,,,,,,,,,
191358,,,,,,,,,,,0.000000,0.000000,0.000000,0.000000,0.084182,0.047150,,,,,,,,,,,,
191370,,,,,,,,,,,0.000000,0.000000,0.000000,0.000000,0.084182,0.047150,,,,,,,,,,,,
191373,,,,,,,,,,,0.000000,0.000000,0.000000,0.000000,0.084182,0.047150,,,,,,,,,,,,
191378,,,,,,,,,,,0.000000,0.000000,0.000000,0.000000,0.084182,0.047150,,,,,,,,,,,,
191383,,,,,,,,,,,0.000000,0.000000,0.000000,0.000000,0.084182,0.047150,,,,,,,,,,,,
191388,,,,,,,,,,,0.000000,0.000000,0.000000,0.000000,0.084182,0.047150,,,,,,,,,,,,
191393,,,,,,,,,,,0.000000,0.000000,0.000000,0.000000,0.084182,0.047150,,,,,,,,,,,,
191398,,,,,,,,,,,0.000000,0.000000,0.000000,0.000000,0.084182,0.047150,,,,,,,,,,,,
191403,,,,,,,,,,,0.000000,0.000000,0.000000,0.000000,0.084182,0.047150,,,,,,,,,,,,
191408,,,,,,,,,,,0.000000,0.000000,0.000000,0.000000,0.084182,0.047150,,,,,,,,,,,,
191413,,,,,,,,,,,0.000000,0.000000,0.000000,0.000000,0.084182,0.047150,,,,,,,,,,,,
191418,,,,,,,,,,,0.000000,0.000000,0.000000,0.000000,0.084182,0.047150,,,,,,,,,,,,
191430,,,,,,,,,,,0.000000,0.000000,0.000000,0.000000,0.084182,0.047150,,,,,,,,,,,,
191433,,,,,,,,,,,0.000000,0.000000,0.000000,0.000000,0.084182,0.047150,,,,,,,,,,,,
191438,,,,,,,,,,,0.000000,0.000000,0.000000,0.000000,0.084182,0.047150,,,,,,,,,,,,
191443,,,,,,,,,,,0.000000,0.000000,0.000000,0.000000,0.084182,0.047150,,,,,,,,,,,,
191448,,,,,,,,,,,0.000000,0.000000,0.000000,0.000000,0.084182,0.047150,,,,,,,,,,,,
191453,,,,,,,,,,,0.000000,0.000000,0.000000,0.000000,0.084182,0.047150,,,,,,,,,,,,
191458,,,,,,,,,,,0.000000,0.000000,0.000000,0.000000,0.084182,0.047150,,,,,,,,,,,,
191463,,,,,,,,,,,0.000000,0.000000,0.000000,0.000000,0.084182,0.047150,,,,,,,,,,,,
