ts,x,y,yaw,x_des,y_des,yaw_des,v_ff,w_ff,v_actual,w_actual,omega_l_cmd,omega_r_cmd,omega_l_meas,omega_r_meas,duty_l,duty_r,x_err,y_err,yaw_err,x_raw,y_raw,yaw_raw,acc_x,acc_y,acc_z,gyro_x,gyro_y,gyro_z
776216,,,,,,,,,,,0.000000,0.000000,0.000000,0.000000,0.000000,0.000000,,,,,,,,,,,,
776221,,,,,,,,,,,0.000000,0.000000,0.000000,0.000000,0.000000,0.000000,,,,,,,,,,,,
776226,,,,,,,,,,,0.000000,0.000000,0.000000,0.000000,0.000000,0.000000,,,,,,,,,,,,
776231,,,,,,,,,,,0.000000,0.000000,0.000000,0.000000,0.000000,0.000000,,,,,,,,,,,,
776236,,,,,,,,,,,0.000000,0.000000,0.000000,0.000000,0.000000,0.000000,,,,,,,,,,,,
776241,,,,,,,,,,,0.000000,0.000000,0.000000,0.000000,0.000000,0.000000,,,,,,,,,,,,
776246,,,,,,,,,,,0.000000,0.000000,0.000000,0.000000,0.000000,0.000000,,,,,,,,,,,,
776251,,,,,,,,,,,0.000000,0.000000,0.000000,0.000000,0.000000,0.000000,,,,,,,,,,,,
776256,,,,,,,,,,,0.000000,0.000000,0.000000,0.000000,0.000000,0.000000,,,,,,,,,,,,
776261,,,,,,,,,,,0.000000,0.000000,0.000000,0.000000,0.000000,0.000000,,,,,,,,,,,,
776266,,,,,,,,,,,0.000000,0.000000,0.000000,0.000000,0.000000,0.000000,,,,,,,,,,,,
776271,,,,,,,,,,,0.000000,0.000000,0.000000,0.000000,0.000000,0.000000,,,,,,,,,,,,
776276,,,,,,,,,,,0.000000,0.000000,0.000000,0.000000,0.000000,0.000000,,,,,,,,,,,,
776281,,,,,,,,,,,0.000000,0.000000,0.000000,0.000000,0.000000,0.000000,,,,,,,,,,,,
776286,,,,,,,,,,,0.000000,0.000000,0.000000,0.000000,0.000000,0.000000,,,,,,,,,,,,
776291,,,,,,,,,,,0.000000,0.000000,0.000000,0.000000,0.000000,0.000000,,,,,,,,,,,,
776296,,,,,,,,,,,0.000000,0.000000,0.000000,0.000000,0.000000,0.000000,,,,,,,,,,,,
776301,,,,,,,,,,,0.000000,0.000000,0.000000,0.000000,0.000000,0.000000,,,,,,,,,,,,
776306,,,,,,,,,,,0.000000,0.000000,0.000000,0.000000,0.000000,0.000000,,,,,,,,,,,,
776311,,,,,,,,,,,0.000000,0.000000,0.000000,0.000000,0.000000,0.000000,,,,,,,,,,,,
776316,,,,,,,,,,,0.000000,0.000000,0.000000,0.000000,0.000000,0.000000,,,,,,,,,,,,
776321,,,,,,,,,,,0.000000,0.000000,0.000000,0.000000,0.000000,0.000000,,,,,,,,,,,,
776326,,,,,,,,,,,0.000000,0.000000,0.000000,0.000000,0.000000,0.000000,,,,,,,,,,,,
776331,,,,,,,,,,,0.000000,0.000000,0.000000,0.000000,0.000000,0.000000,,,,,,,,,,,,
776336,,,,,,,,,,,0.000000,0.000000,0.000000,0.000000,0.000000,0.000000,,,,,,,,,,,,
776341,,,,,,,,,,,0.000000,0.000000,0.000000,0.000000,0.000000,0.000000,,,,,,,,,,,,
776346,,,,,,,,,,,0.000000,0.000000,0.000000,0.000000,0.000000,0.000000,,,,,,,,,,,,
776351,,,,,,,,,,,0.000000,0.000000,0.000000,0.000000,0.000000,0.000000,,,,,,,,,,,,
776356,,,,,,,,,,,0.000000,0.000000,0.000000,0.000000,0.000000,0.000000,,,,,,,,,,,,
776361,,,,,,,,,,,0.000000,0.000000,0.000000,0.000000,0.000000,0.000000,,,,,,,,,,,,
776366,,,,,,,,,,,0.000000,0.000000,0.000000,0.000000,0.000000,0.000000,,,,,,,,,,,,
776371,,,,,,,,,,,0.000000,0.000000,0.000000,0.000000,0.000000,0.000000,,,,,,,,,,,,
776376,,,,,,,,,,,0.000000,0.000000,0.000000,0.000000,0.000000,0.000000,,,,,,,,,,,,
776381,,,,,,,,,,,0.000000,0.000000,0.000000,0.000000,0.000000,0.000000,,,,,,,,,,,,
776386,,,,,,,,,,,0.000000,0.000000,0.000000,0.000000,0.000000,0.000000,,,,,,,,,,,,
776391,,,,,,,,,,,0.000000,0.000000,0.000000,0.000000,0.000000,0.000000,,,,,,,,,,,,
776396,,,,,,,,,,,0.000000,0.000000,0.000000,0.000000,0.000000,0.000000,,,,,,,,,,,,
776401,,,,,,,,,,,0.000000,0.000000,0.000000,0.000000,0.000000,0.000000,,,,,,,,,,,,
776406,,,,,,,,,,,0.000000,0.000000,0.000000,0.000000,0.000000,0.000000,,,,,,,,,,,,
776411,,,,,,,,,,,0.000000,0.000000,0.000000,0.000000,0.000000,0.000000,,,,,,,,,,,,
776416,,,,,,,,,,,0.000000,0.000000,0.000000,0.000000,0.000000,0.000000,,,,,,,,,,,,
776421,,,,,,,,,,,0.000000,0.000000,0.000000,0.000000,0.000000,0.000000,,,,,,,,,,,,
776426,,,,,,,,,,,0.000000,0.000000,,,0.000000,0.000000,,,,,,,,,,,,
776749,,,,,,,,,,,0.000000,0.000000,0.000000,0.000000,0.000000,0.000000,,,,,,,,,,,,
776756,,,,,,,,,,,0.000000,0.000000,0.000000,0.000000,0.000000,0.000000,,,,,,,,,,,,
776757,,,,,,,,,,,0.000000,0.000000,0.000000,0.000000,0.000000,0.000000,,,,,,,,,,,,
776762,,,,,,,,,,,0.000000,0.000000,0.000000,0.000000,0.000000,0.000000,,,,,,,,,,,,
776766,,,,,,,,,,,0.000000,0.000000,0.000000,0.000000,0.000000,0.000000,,,,,,,,,,,,
776771,,,,,,,,,,,0.000000,0.000000,0.000000,0.000000,0.000000,0.000000,,,,,,,,,,,,
776776,,,,,,,,,,,0.000000,0.000000,0.000000,0.000000,0.000000,0.000000,,,,,,,,,,,,
776781,,,,,,,,,,,0.000000,0.000000,0.000000,0.000000,0.000000,0.000000,,,,,,,,,,,,
776786,,,,,,,,,,,0.000000,0.000000,0.000000,0.000000,0.000000,0.000000,,,,,,,,,,,,
776791,,,,,,,,,,,0.000000,0.000000,0.000000,0.000000,0.000000,0.000000,,,,,,,,,,,,
776796,,,,,,,,,,,0.000000,0.000000,0.000000,0.000000,0.000000,0.000000,,,,,,,,,,,,
776807,,,,,,,,,,,0.000000,0.000000,0.000000,0.000000,0.000000,0.000000,,,,,,,,,,,,
776811,,,,,,,,,,,0.000000,0.000000,0.000000,0.000000,0.000000,0.000000,,,,,,,,,,,,
776816,,,,,,,,,,,0.000000,0.000000,0.000000,0.000000,0.000000,0.000000,,,,,,,,,,,,
776821,,,,,,,,,,,0.000000,0.000000,0.000000,0.000000,0.000000,0.000000,,,,,,,,,,,,
776826,,,,,,,,,,,0.000000,0.000000,0.000000,0.000000,0.000000,0.000000,,,,,,,,,,,,
776831,,,,,,,,,,,0.000000,0.000000,0.000000,0.000000,0.000000,0.000000,,,,,,,,,,,,
776836,,,,,,,,,,,0.000000,0.000000,0.000000,0.000000,0.000000,0.000000,,,,,,,,,,,,
776841,,,,,,,,,,,0.000000,0.000000,0.000000,0.000000,0.000000,0.000000,,,,,,,,,,,,
776846,,,,,,,,,,,0.000000,0.000000,0.000000,0.000000,0.000000,0.000000,,,,,,,,,,,,
776851,,,,,,,,,,,0.000000,0.000000,0.000000,0.000000,0.000000,0.000000,,,,,,,,,,,,
776856,,,,,,,,,,,0.000000,0.000000,0.000000,0.000000,0.000000,0.000000,,,,,,,,,,,,
776866,,,,,,,,,,,0.000000,0.000000,0.000000,0.000000,0.000000,0.000000,,,,,,,,,,,,
776871,,,,,,,,,,,0.000000,0.000000,0.000000,0.000000,0.000000,0.000000,,,,,,,,,,,,
776876,,,,,,,,,,,0.000000,0.000000,0.000000,0.000000,0.000000,0.000000,,,,,,,,,,,,
776881,,,,,,,,,,,0.000000,0.000000,0.000000,0.000000,0.000000,0.000000,,,,,,,,,,,,
776886,,,,,,,,,,,0.000000,0.000000,0.000000,0.000000,0.000000,0.000000,,,,,,,,,,,,
776891,,,,,,,,,,,0.000000,0.000000,0.000000,0.000000,0.000000,0.000000,,,,,,,,,,,,
776896,,,,,,,,,,,0.000000,0.000000,0.000000,0.000000,0.000000,0.000000,,,,,,,,,,,,
776901,,,,,,,,,,,0.000000,0.000000,0.000000,0.000000,0.000000,0.000000,,,,,,,,,,,,
776906,,,,,,,,,,,0.000000,0.000000,0.000000,0.000000,0.000000,0.000000,,,,,,,,,,,,
776911,,,,,,,,,,,0.000000,0.000000,0.000000,0.000000,0.000000,0.000000,,,,,,,,,,,,
776916,,,,,,,,,,,0.000000,0.000000,0.000000,0.000000,0.000000,0.000000,,,,,,,,,,,,
776921,,,,,,,,,,,0.000000,0.000000,0.000000,0.000000,0.000000,0.000000,,,,,,,,,,,,
776926,,,,,,,,,,,0.000000,0.000000,0.000000,0.000000,0.000000,0.000000,,,,,,,,,,,,
776931,,,,,,,,,,,0.000000,0.000000,0.000000,0.000000,0.000000,0.000000,,,,,,,,,,,,
776936,,,,,,,,,,,0.000000,0.000000,0.000000,0.000000,0.000000,0.000000,,,,,,,,,,,,
776947,,,,,,,,,,,0.000000,0.000000,0.000000,0.000000,0.000000,0.000000,,,,,,,,,,,,
776951,,,,,,,,,,,0.000000,0.000000,0.000000,0.000000,0.000000,0.000000,,,,,,,,,,,,
776956,,,,,,,,,,,0.000000,0.000000,0.000000,0.000000,0.000000,0.000000,,,,,,,,,,,,
776961,,,,,,,,,,,0.000000,0.000000,0.000000,0.000000,0.000000,0.000000,,,,,,,,,,,,
776966,,,,,,,,,,,0.000000,0.000000,0.000000,0.000000,0.000000,0.000000,,,,,,,,,,,,
776971,,,,,,,,,,,0.000000,0.000000,0.000000,0.000000,0.000000,0.000000,,,,,,,,,,,,
776976,,,,,,,,,,,0.000000,0.000000,0.000000,0.000000,0.000000,0.000000,,,,,,,,,,,,
776981,,,,,,,,,,,0.000000,0.000000,0.000000,0.000000,0.000000,0.000000,,,,,,,,,,,,
776986,,,,,,,,,,,0.000000,0.000000,0.000000,0.000000,0.000000,0.000000,,,,,,,,,,,,
776991,,,,,,,,,,,0.000000,0.000000,0.000000,0.000000,0.000000,0.000000,,,,,,,,,,,,
776996,,,,,,,,,,,0.000000,0.000000,0.000000,0.000000,0.000000,0.000000,,,,,,,,,,,,
777005,,,,,,,,,,,0.000000,0.000000,0.000000,0.000000,0.000000,0.000000,,,,,,,,,,,,
777006,,,,,,,,,,,0.000000,0.000000,0.000000,0.000000,0.000000,0.000000,,,,,,,,,,,,
777011,,,,,,,,,,,0.000000,0.000000,0.000000,0.000000,0.000000,0.000000,,,,,,,,,,,,
777016,,,,,,,,,,,0.000000,0.000000,0.000000,0.000000,0.000000,0.000000,,,,,,,,,,,,
777021,,,,,,,,,,,0.000000,0.000000,0.000000,0.000000,0.000000,0.000000,,,,,,,,,,,,
777026,,,,,,,,,,,0.000000,0.000000,0.000000,0.000000,0.000000,0.000000,,,,,,,,,,,,
777031,,,,,,,,,,,0.000000,0.000000,0.000000,0.000000,0.000000,0.000000,,,,,,,,,,,,
777036,,,,,,,,,,,0.000000,0.000000,0.000000,0.000000,0.000000,0.000000,,,,,,,,,,,,
777041,,,,,,,,,,,0.000000,0.000000,0.000000,0.000000,0.000000,0.000000,,,,,,,,,,,,
777046,,,,,,,,,,,0.000000,0.000000,0.000000,0.000000,0.000000,0.000000,,,,,,,,,,,,
777051,,,,,,,,,,,0.000000,0.000000,0.000000,0.000000,0.000000,0.000000,,,,,,,,,,,,
777056,,,,,,,,,,,0.000000,0.000000,0.000000,0.000000,0.000000,0.000000,,,,,,,,,,,,
777066,,,,,,,,,,,0.000000,0.000000,0.000000,0.000000,0.000000,0.000000,,,,,,,,,,,,
777067,,,,,,,,,,,0.000000,0.000000,0.000000,0.000000,0.000000,0.000000,,,,,,,,,,,,
777071,,,,,,,,,,,0.000000,0.000000,0.000000,0.000000,0.000000,0.000000,,,,,,,,,,,,
777076,,,,,,,,,,,0.000000,0.000000,0.000000,0.000000,0.000000,0.000000,,,,,,,,,,,,
777081,,,,,,,,,,,0.000000,0.000000,0.000000,0.000000,0.000000,0.000000,,,,,,,,,,,,
777086,,,,,,,,,,,0.000000,0.000000,0.000000,0.000000,0.000000,0.000000,,,,,,,,,,,,
777091,,,,,,,,,,,0.000000,0.000000,0.000000,0.000000,0.000000,0.000000,,,,,,,,,,,,
777096,,,,,,,,,,,0.000000,0.000000,0.000000,0.000000,0.000000,0.000000,,,,,,,,,,,,
777101,,,,,,,,,,,0.000000,0.000000,0.000000,0.000000,0.000000,0.000000,,,,,,,,,,,,
777106,,,,,,,,,,,0.000000,0.000000,0.000000,0.000000,0.000000,0.000000,,,,,,,,,,,,
777111,,,,,,,,,,,0.000000,0.000000,0.000000,0.000000,0.000000,0.000000,,,,,,,,,,,,
777116,,,,,,,,,,,0.000000,0.000000,0.000000,0.000000,0.000000,0.000000,,,,,,,,,,,,
777131,,,,,,,,,,,0.000000,0.000000,0.000000,0.000000,0.000000,0.000000,,,,,,,,,,,,
777136,,,,,,,,,,,0.000000,0.000000,0.000000,0.000000,0.000000,0.000000,,,,,,,,,,,,
777141,,,,,,,,,,,0.000000,0.000000,0.000000,0.000000,0.000000,0.000000,,,,,,,,,,,,
777146,,,,,,,,,,,0.000000,0.000000,0.000000,0.000000,0.000000,0.000000,,,,,,,,,,,,
777151,,,,,,,,,,,0.000000,0.000000,0.000000,0.000000,0.000000,0.000000,,,,,,,,,,,,
777156,,,,,,,,,,,0.000000,0.000000,0.000000,0.000000,0.000000,0.000000,,,,,,,,,,,,
777161,,,,,,,,,,,0.000000,0.000000,0.000000,0.000000,0.000000,0.000000,,,,,,,,,,,,
777166,,,,,,,,,,,0.000000,0.000000,0.000000,0.000000,0.000000,0.000000,,,,,,,,,,,,
777171,,,,,,,,,,,0.000000,0.000000,0.000000,0.000000,0.000000,0.000000,,,,,,,,,,,,
777176,,,,,,,,,,,0.000000,0.000000,0.000000,0.000000,0.000000,0.000000,,,,,,,,,,,,
777181,,,,,,,,,,,0.000000,0.000000,0.000000,0.000000,0.000000,0.000000,,,,,,,,,,,,
777186,,,,,,,,,,,0.000000,0.000000,0.000000,0.000000,0.000000,0.000000,,,,,,,,,,,,
777191,,,,,,,,,,,0.000000,0.000000,0.000000,0.000000,0.000000,0.000000,,,,,,,,,,,,
777196,,,,,,,,,,,0.000000,0.000000,0.000000,0.000000,0.000000,0.000000,,,,,,,,,,,,
777209,,,,,,,,,,,0.000000,0.000000,0.000000,0.000000,0.000000,0.000000,,,,,,,,,,,,
777211,,,,,,,,,,,0.000000,0.000000,0.000000,0.000000,0.000000,0.000000,,,,,,,,,,,,
777216,,,,,,,,,,,0.000000,0.000000,0.000000,0.000000,0.000000,0.000000,,,,,,,,,,,,
777221,,,,,,,,,,,0.000000,0.000000,0.000000,0.000000,0.000000,0.000000,,,,,,,,,,,,
777226,,,,,,,,,,,0.000000,0.000000,0.000000,0.000000,0.000000,0.000000,,,,,,,,,,,,
777231,,,,,,,,,,,0.000000,0.000000,0.000000,0.000000,0.000000,0.000000,,,,,,,,,,,,
777236,,,,,,,,,,,0.000000,0.000000,0.000000,0.000000,0.000000,0.000000,,,,,,,,,,,,
777241,,,,,,,,,,,0.000000,0.000000,0.000000,0.000000,0.000000,0.000000,,,,,,,,,,,,
777246,,,,,,,,,,,0.000000,0.000000,0.000000,0.000000,0.000000,0.000000,,,,,,,,,,,,
777251,,,,,,,,,,,0.000000,0.000000,0.000000,0.000000,0.000000,0.000000,,,,,,,,,,,,
777256,,,,,,,,,,,0.000000,0.000000,0.000000,0.000000,0.000000,0.000000,,,,,,,,,,,,
777268,,,,,,,,,,,0.000000,0.000000,0.000000,0.000000,0.000000,0.000000,,,,,,,,,,,,
777271,,,,,,,,,,,0.000000,0.000000,0.000000,0.000000,0.000000,0.000000,,,,,,,,,,,,
777276,,,,,,,,,,,0.000000,0.000000,0.000000,0.000000,0.000000,0.000000,,,,,,,,,,,,
777281,,,,,,,,,,,0.000000,0.000000,0.000000,0.000000,0.000000,0.000000,,,,,,,,,,,,
777286,,,,,,,,,,,0.000000,0.000000,0.000000,0.000000,0.000000,0.000000,,,,,,,,,,,,
777291,,,,,,,,,,,0.000000,0.000000,0.000000,0.000000,0.000000,0.000000,,,,,,,,,,,,
777296,,,,,,,,,,,0.000000,0.000000,0.000000,0.000000,0.000000,0.000000,,,,,,,,,,,,
777301,,,,,,,,,,,0.000000,0.000000,0.000000,0.000000,0.000000,0.000000,,,,,,,,,,,,
777306,,,,,,,,,,,0.000000,0.000000,0.000000,0.000000,0.000000,0.000000,,,,,,,,,,,,
777311,,,,,,,,,,,0.000000,0.000000,0.000000,0.000000,0.000000,0.000000,,,,,,,,,,,,
777316,,,,,,,,,,,0.000000,0.000000,0.000000,0.000000,0.000000,0.000000,,,,,,,,,,,,
777328,,,,,,,,,,,0.000000,0.000000,0.000000,0.000000,0.000000,0.000000,,,,,,,,,,,,
777331,,,,,,,,,,,0.000000,0.000000,0.000000,0.000000,0.000000,0.000000,,,,,,,,,,,,
777336,,,,,,,,,,,0.000000,0.000000,0.000000,0.000000,0.000000,0.000000,,,,,,,,,,,,
777341,,,,,,,,,,,0.000000,0.000000,0.000000,0.000000,0.000000,0.000000,,,,,,,,,,,,
777346,,,,,,,,,,,0.000000,0.000000,0.000000,0.000000,0.000000,0.000000,,,,,,,,,,,,
777351,,,,,,,,,,,0.000000,0.000000,0.000000,0.000000,0.000000,0.000000,,,,,,,,,,,,
777356,,,,,,,,,,,0.000000,0.000000,0.000000,0.000000,0.000000,0.000000,,,,,,,,,,,,
777361,,,,,,,,,,,0.000000,0.000000,0.000000,0.000000,0.000000,0.000000,,,,,,,,,,,,
777366,,,,,,,,,,,0.000000,0.000000,0.000000,0.000000,0.000000,0.000000,,,,,,,,,,,,
777371,,,,,,,,,,,0.000000,0.000000,0.000000,0.000000,0.000000,0.000000,,,,,,,,,,,,
777376,,,,,,,,,,,0.000000,0.000000,0.000000,0.000000,0.000000,0.000000,,,,,,,,,,,,
777388,,,,,,,,,,,0.000000,0.000000,0.000000,0.000000,0.000000,0.000000,,,,,,,,,,,,
777391,,,,,,,,,,,0.000000,0.000000,0.000000,0.000000,0.000000,0.000000,,,,,,,,,,,,
777396,,,,,,,,,,,0.000000,0.000000,0.000000,0.000000,0.000000,0.000000,,,,,,,,,,,,
777401,,,,,,,,,,,0.000000,0.000000,0.000000,0.000000,0.000000,0.000000,,,,,,,,,,,,
777406,,,,,,,,,,,0.000000,0.000000,0.000000,0.000000,0.000000,0.000000,,,,,,,,,,,,
777411,,,,,,,,,,,0.000000,0.000000,0.000000,0.000000,0.000000,0.000000,,,,,,,,,,,,
777416,,,,,,,,,,,0.000000,0.000000,0.000000,0.000000,0.000000,0.000000,,,,,,,,,,,,
777421,,,,,,,,,,,0.000000,0.000000,0.000000,0.000000,0.000000,0.000000,,,,,,,,,,,,
777426,,,,,,,,,,,0.000000,0.000000,0.000000,0.000000,0.000000,0.000000,,,,,,,,,,,,
777431,,,,,,,,,,,0.000000,0.000000,0.000000,0.000000,0.000000,0.000000,,,,,,,,,,,,
777436,,,,,,,,,,,0.000000,0.000000,0.000000,0.000000,0.000000,0.000000,,,,,,,,,,,,
777441,,,,,,,,,,,0.000000,0.000000,0.000000,0.000000,0.000000,0.000000,,,,,,,,,,,,
777446,,,,,,,,,,,0.000000,0.000000,0.000000,0.000000,0.000000,0.000000,,,,,,,,,,,,
777451,,,,,,,,,,,0.000000,0.000000,0.000000,0.000000,0.000000,0.000000,,,,,,,,,,,,
777456,,,,,,,,,,,0.000000,0.000000,0.000000,0.000000,0.000000,0.000000,,,,,,,,,,,,
777468,,,,,,,,,,,0.000000,0.000000,0.000000,0.000000,0.000000,0.000000,,,,,,,,,,,,
777471,,,,,,,,,,,0.000000,0.000000,0.000000,0.000000,0.000000,0.000000,,,,,,,,,,,,
777476,,,,,,,,,,,0.000000,0.000000,0.000000,0.000000,0.000000,0.000000,,,,,,,,,,,,
777481,,,,,,,,,,,0.000000,0.000000,0.000000,0.000000,0.000000,0.000000,,,,,,,,,,,,
777486,,,,,,,,,,,0.000000,0.000000,0.000000,0.000000,0.000000,0.000000,,,,,,,,,,,,
777491,,,,,,,,,,,0.000000,0.000000,0.000000,0.000000,0.000000,0.000000,,,,,,,,,,,,
777496,,,,,,,,,,,0.000000,0.000000,0.000000,0.000000,0.000000,0.000000,,,,,,,,,,,,
777501,,,,,,,,,,,0.000000,0.000000,0.000000,0.000000,0.000000,0.000000,,,,,,,,,,,,
777506,,,,,,,,,,,0.000000,0.000000,0.000000,0.000000,0.000000,0.000000,,,,,,,,,,,,
777511,,,,,,,,,,,0.000000,0.000000,0.000000,0.000000,0.000000,0.000000,,,,,,,,,,,,
777516,,,,,,,,,,,0.000000,0.000000,0.000000,0.000000,0.000000,0.000000,,,,,,,,,,,,
777528,,,,,,,,,,,0.000000,0.000000,0.000000,0.000000,0.000000,0.000000,,,,,,,,,,,,
777531,,,,,,,,,,,0.000000,0.000000,0.000000,0.000000,0.000000,0.000000,,,,,,,,,,,,
777536,,,,,,,,,,,0.000000,0.000000,0.000000,0.000000,0.000000,0.000000,,,,,,,,,,,,
777541,,,,,,,,,,,0.000000,0.000000,0.000000,0.000000,0.000000,0.000000,,,,,,,,,,,,
777546,,,,,,,,,,,0.000000,0.000000,0.000000,0.000000,0.000000,0.000000,,,,,,,,,,,,
777551,,,,,,,,,,,0.000000,0.000000,0.000000,0.000000,0.000000,0.000000,,,,,,,,,,,,
777556,,,,,,,,,,,0.000000,0.000000,0.000000,0.000000,0.000000,0.000000,,,,,,,,,,,,
777561,,,,,,,,,,,0.000000,0.000000,0.000000,0.000000,0.000000,0.000000,,,,,,,,,,,,
777566,,,,,,,,,,,0.000000,0.000000,0.000000,0.000000,0.000000,0.000000,,,,,,,,,,,,
777571,,,,,,,,,,,0.000000,0.000000,0.000000,0.000000,0.000000,0.000000,,,,,,,,,,,,
777576,,,,,,,,,,,0.000000,0.000000,0.000000,0.000000,0.000000,0.000000,,,,,,,,,,,,
777587,,,,,,,,,,,0.000000,0.000000,0.000000,0.000000,0.000000,0.000000,,,,,,,,,,,,
777588,,,,,,,,,,,0.000000,0.000000,0.000000,0.000000,0.000000,0.000000,,,,,,,,,,,,
777591,,,,,,,,,,,0.000000,0.000000,0.000000,0.000000,0.000000,0.000000,,,,,,,,,,,,
777596,,,,,,,,,,,0.000000,0.000000,0.000000,0.000000,0.000000,0.000000,,,,,,,,,,,,
777601,,,,,,,,,,,0.000000,0.000000,0.000000,0.000000,0.000000,0.000000,,,,,,,,,,,,
777606,,,,,,,,,,,0.000000,0.000000,0.000000,0.000000,0.000000,0.000000,,,,,,,,,,,,
777611,,,,,,,,,,,0.000000,0.000000,0.000000,0.000000,0.000000,0.000000,,,,,,,,,,,,
777616,,,,,,,,,,,0.000000,0.000000,0.000000,0.000000,0.000000,0.000000,,,,,,,,,,,,
777621,,,,,,,,,,,0.000000,0.000000,0.000000,0.000000,0.000000,0.000000,,,,,,,,,,,,
777626,,,,,,,,,,,0.000000,0.000000,0.000000,0.000000,0.000000,0.000000,,,,,,,,,,,,
777631,,,,,,,,,,,0.000000,0.000000,0.000000,0.000000,0.000000,0.000000,,,,,,,,,,,,
777636,,,,,,,,,,,0.000000,0.000000,0.000000,0.000000,0.000000,0.000000,,,,,,,,,,,,
777641,,,,,,,,,,,0.000000,0.000000,0.000000,0.000000,0.000000,0.000000,,,,,,,,,,,,
777646,,,,,,,,,,,0.000000,0.000000,0.000000,0.000000,0.000000,0.000000,,,,,,,,,,,,
777651,,,,,,,,,,,0.000000,0.000000,0.000000,0.000000,0.000000,0.000000,,,,,,,,,,,,
777656,,,,,,,,,,,0.000000,0.000000,0.000000,0.000000,0.000000,0.000000,,,,,,,,,,,,
777667,,,,,,,,,,,0.000000,0.000000,0.000000,0.000000,0.000000,0.000000,,,,,,,,,,,,
777671,,,,,,,,,,,0.000000,0.000000,0.000000,0.000000,0.000000,0.000000,,,,,,,,,,,,
777676,,,,,,,,,,,0.000000,0.000000,0.000000,0.000000,0.000000,0.000000,,,,,,,,,,,,
777681,,,,,,,,,,,0.000000,0.000000,0.000000,0.000000,0.000000,0.000000,,,,,,,,,,,,
777686,,,,,,,,,,,0.000000,0.000000,0.000000,0.000000,0.000000,0.000000,,,,,,,,,,,,
777691,,,,,,,,,,,0.000000,0.000000,0.000000,0.000000,0.000000,0.000000,,,,,,,,,,,,
777696,,,,,,,,,,,0.000000,0.000000,0.000000,0.000000,0.000000,0.000000,,,,,,,,,,,,
777701,,,,,,,,,,,0.000000,0.000000,0.000000,0.000000,0.000000,0.000000,,,,,,,,,,,,
777706,,,,,,,,,,,0.000000,0.000000,0.000000,0.000000,0.000000,0.000000,,,,,,,,,,,,
777711,,,,,,,,,,,0.000000,0.000000,0.000000,0.000000,0.000000,0.000000,,,,,,,,,,,,
777716,,,,,,,,,,,0.000000,0.000000,0.000000,0.000000,0.000000,0.000000,,,,,,,,,,,,
777728,,,,,,,,,,,0.000000,0.000000,0.000000,0.000000,0.000000,0.000000,,,,,,,,,,,,
777731,,,,,,,,,,,0.000000,0.000000,0.000000,0.000000,0.000000,0.000000,,,,,,,,,,,,
777736,,,,,,,,,,,0.000000,0.000000,0.000000,0.000000,0.000000,0.000000,,,,,,,,,,,,
777741,,,,,,,,,,,0.000000,0.000000,0.000000,0.000000,0.000000,0.000000,,,,,,,,,,,,
777746,,,,,,,,,,,0.000000,0.000000,0.000000,0.000000,0.000000,0.000000,,,,,,,,,,,,
777751,,,,,,,,,,,0.000000,0.000000,0.000000,0.000000,0.000000,0.000000,,,,,,,,,,,,
777756,,,,,,,,,,,0.000000,0.000000,0.000000,0.000000,0.000000,0.000000,,,,,,,,,,,,
777761,,,,,,,,,,,0.000000,0.000000,0.000000,0.000000,0.000000,0.000000,,,,,,,,,,,,
777766,,,,,,,,,,,0.000000,0.000000,0.000000,0.000000,0.000000,0.000000,,,,,,,,,,,,
777771,,,,,,,,,,,0.000000,0.000000,0.000000,0.000000,0.000000,0.000000,,,,,,,,,,,,
777776,,,,,,,,,,,0.000000,0.000000,0.000000,0.000000,0.000000,0.000000,,,,,,,,,,,,
777788,,,,,,,,,,,0.000000,0.000000,0.000000,0.000000,0.000000,0.000000,,,,,,,,,,,,
777791,,,,,,,,,,,0.000000,0.000000,0.000000,0.000000,0.000000,0.000000,,,,,,,,,,,,
777796,,,,,,,,,,,0.000000,0.000000,0.000000,0.000000,0.000000,0.000000,,,,,,,,,,,,
777801,,,,,,,,,,,0.000000,0.000000,0.000000,0.000000,0.000000,0.000000,,,,,,,,,,,,
777806,,,,,,,,,,,0.000000,0.000000,0.000000,0.000000,0.000000,0.000000,,,,,,,,,,,,
777811,,,,,,,,,,,0.000000,0.000000,0.000000,0.000000,0.000000,0.000000,,,,,,,,,,,,
777816,,,,,,,,,,,0.000000,0.000000,0.000000,0.000000,0.000000,0.000000,,,,,,,,,,,,
777821,,,,,,,,,,,0.000000,0.000000,0.000000,0.000000,0.000000,0.000000,,,,,,,,,,,,
777826,,,,,,,,,,,0.000000,0.000000,0.000000,0.000000,0.000000,0.000000,,,,,,,,,,,,
777831,,,,,,,,,,,0.000000,0.000000,0.000000,0.000000,0.000000,0.000000,,,,,,,,,,,,
777836,,,,,,,,,,,0.000000,0.000000,0.000000,0.000000,0.000000,0.000000,,,,,,,,,,,,
777848,,,,,,,,,,,0.000000,0.000000,0.000000,0.000000,0.000000,0.000000,,,,,,,,,,,,
777851,,,,,,,,,,,0.000000,0.000000,0.000000,0.000000,0.000000,0.000000,,,,,,,,,,,,
777856,,,,,,,,,,,0.000000,0.000000,0.000000,0.000000,0.000000,0.000000,,,,,,,,,,,,
777861,,,,,,,,,,,0.000000,0.000000,0.000000,0.000000,0.000000,0.000000,,,,,,,,,,,,
777866,,,,,,,,,,,0.000000,0.000000,0.000000,0.000000,0.000000,0.000000,,,,,,,,,,,,
777871,,,,,,,,,,,0.000000,0.000000,0.000000,0.000000,0.000000,0.000000,,,,,,,,,,,,
777876,,,,,,,,,,,0.000000,0.000000,0.000000,0.000000,0.000000,0.000000,,,,,,,,,,,,
777881,,,,,,,,,,,0.000000,0.000000,0.000000,0.000000,0.000000,0.000000,,,,,,,,,,,,
777886,,,,,,,,,,,0.000000,0.000000,0.000000,0.000000,0.000000,0.000000,,,,,,,,,,,,
777891,,,,,,,,,,,0.000000,0.000000,0.000000,0.000000,0.000000,0.000000,,,,,,,,,,,,
777896,,,,,,,,,,,0.000000,0.000000,0.000000,0.000000,0.000000,0.000000,,,,,,,,,,,,
777901,,,,,,,,,,,0.000000,0.000000,0.000000,0.000000,0.000000,0.000000,,,,,,,,,,,,
777906,,,,,,,,,,,0.000000,0.000000,0.000000,0.000000,0.000000,0.000000,,,,,,,,,,,,
777911,,,,,,,,,,,0.000000,0.000000,0.000000,0.000000,0.000000,0.000000,,,,,,,,,,,,
777916,,,,,,,,,,,0.000000,0.000000,0.000000,0.000000,0.000000,0.000000,,,,,,,,,,,,
777928,,,,,,,,,,,0.000000,0.000000,0.000000,0.000000,0.000000,0.000000,,,,,,,,,,,,
777931,,,,,,,,,,,0.000000,0.000000,0.000000,0.000000,0.000000,0.000000,,,,,,,,,,,,
777936,,,,,,,,,,,0.000000,0.000000,0.000000,0.000000,0.000000,0.000000,,,,,,,,,,,,
777941,,,,,,,,,,,0.000000,0.000000,0.000000,0.000000,0.000000,0.000000,,,,,,,,,,,,
777946,,,,,,,,,,,0.000000,0.000000,0.000000,0.000000,0.000000,0.000000,,,,,,,,,,,,
777951,,,,,,,,,,,0.000000,0.000000,0.000000,0.000000,0.000000,0.000000,,,,,,,,,,,,
777956,,,,,,,,,,,0.000000,0.000000,0.000000,0.000000,0.000000,0.000000,,,,,,,,,,,,
777961,,,,,,,,,,,0.000000,0.000000,0.000000,0.000000,0.000000,0.000000,,,,,,,,,,,,
777966,,,,,,,,,,,0.000000,0.000000,0.000000,0.000000,0.000000,0.000000,,,,,,,,,,,,
777971,,,,,,,,,,,0.000000,0.000000,0.000000,0.000000,0.000000,0.000000,,,,,,,,,,,,
777976,,,,,,,,,,,0.000000,0.000000,0.000000,0.000000,0.000000,0.000000,,,,,,,,,,,,
777988,,,,,,,,,,,0.000000,0.000000,0.000000,0.000000,0.000000,0.000000,,,,,,,,,,,,
777991,,,,,,,,,,,0.000000,0.000000,0.000000,0.000000,0.000000,0.000000,,,,,,,,,,,,
777996,,,,,,,,,,,0.000000,0.000000,0.000000,0.000000,0.000000,0.000000,,,,,,,,,,,,
778001,,,,,,,,,,,0.000000,0.000000,0.000000,0.000000,0.000000,0.000000,,,,,,,,,,,,
778006,,,,,,,,,,,0.000000,0.000000,0.000000,0.000000,0.000000,0.000000,,,,,,,,,,,,
778011,,,,,,,,,,,0.000000,0.000000,0.000000,0.000000,0.000000,0.000000,,,,,,,,,,,,
778016,,,,,,,,,,,0.000000,0.000000,0.000000,0.000000,0.000000,0.000000,,,,,,,,,,,,
778021,,,,,,,,,,,0.000000,0.000000,0.000000,0.000000,0.000000,0.000000,,,,,,,,,,,,
778026,,,,,,,,,,,0.000000,0.000000,0.000000,0.000000,0.000000,0.000000,,,,,,,,,,,,
778031,,,,,,,,,,,0.000000,0.000000,0.000000,0.000000,0.000000,0.000000,,,,,,,,,,,,
778036,,,,,,,,,,,0.000000,0.000000,0.000000,0.000000,0.000000,0.000000,,,,,,,,,,,,
778048,,,,,,,,,,,0.000000,0.000000,0.000000,0.000000,0.000000,0.000000,,,,,,,,,,,,
778051,,,,,,,,,,,0.000000,0.000000,0.000000,0.000000,0.000000,0.000000,,,,,,,,,,,,
778056,,,,,,,,,,,0.000000,0.000000,0.000000,0.000000,0.000000,0.000000,,,,,,,,,,,,
778061,,,,,,,,,,,0.000000,0.000000,0.000000,0.000000,0.000000,0.000000,,,,,,,,,,,,
778066,,,,,,,,,,,0.000000,0.000000,0.000000,0.000000,0.000000,0.000000,,,,,,,,,,,,
778071,,,,,,,,,,,0.000000,0.000000,0.000000,0.000000,0.000000,0.000000,,,,,,,,,,,,
778076,,,,,,,,,,,0.000000,0.000000,0.000000,0.000000,0.000000,0.000000,,,,,,,,,,,,
778081,,,,,,,,,,,0.000000,0.000000,0.000000,0.000000,0.000000,0.000000,,,,,,,,,,,,
778086,,,,,,,,,,,0.000000,0.000000,0.000000,0.000000,0.000000,0.000000,,,,,,,,,,,,
778091,,,,,,,,,,,0.000000,0.000000,0.000000,0.000000,0.000000,0.000000,,,,,,,,,,,,
778096,,,,,,,,,,,0.000000,0.000000,0.000000,0.000000,0.000000,0.000000,,,,,,,,,,,,
778101,,,,,,,,,,,0.000000,0.000000,0.000000,0.000000,0.000000,0.000000,,,,,,,,,,,,
778106,,,,,,,,,,,0.000000,0.000000,0.000000,0.000000,0.000000,0.000000,,,,,,,,,,,,
778111,,,,,,,,,,,0.000000,0.000000,0.000000,0.000000,0.000000,0.000000,,,,,,,,,,,,
778116,,,,,,,,,,,0.000000,0.000000,0.000000,0.000000,0.000000,0.000000,,,,,,,,,,,,
778128,,,,,,,,,,,0.000000,0.000000,0.000000,0.000000,0.000000,0.000000,,,,,,,,,,,,
778131,,,,,,,,,,,0.000000,0.000000,0.000000,0.000000,0.000000,0.000000,,,,,,,,,,,,
778136,,,,,,,,,,,0.000000,0.000000,0.000000,0.000000,0.000000,0.000000,,,,,,,,,,,,
778141,,,,,,,,,,,0.000000,0.000000,0.000000,0.000000,0.000000,0.000000,,,,,,,,,,,,
778146,,,,,,,,,,,0.000000,0.000000,0.000000,0.000000,0.000000,0.000000,,,,,,,,,,,,
778151,,,,,,,,,,,0.000000,0.000000,0.000000,0.000000,0.000000,0.000000,,,,,,,,,,,,
778156,,,,,,,,,,,0.000000,0.000000,0.000000,0.000000,0.000000,0.000000,,,,,,,,,,,,
778161,,,,,,,,,,,0.000000,0.000000,0.000000,0.000000,0.000000,0.000000,,,,,,,,,,,,
778166,,,,,,,,,,,0.000000,0.000000,0.000000,0.000000,0.000000,0.000000,,,,,,,,,,,,
778171,,,,,,,,,,,0.000000,0.000000,0.000000,0.000000,0.000000,0.000000,,,,,,,,,,,,
778176,,,,,,,,,,,0.000000,0.000000,0.000000,0.000000,0.000000,0.000000,,,,,,,,,,,,
778187,,,,,,,,,,,0.000000,0.000000,0.000000,0.000000,0.000000,0.000000,,,,,,,,,,,,
778191,,,,,,,,,,,0.000000,0.000000,0.000000,0.000000,0.000000,0.000000,,,,,,,,,,,,
778196,,,,,,,,,,,0.000000,0.000000,0.000000,0.000000,0.000000,0.000000,,,,,,,,,,,,
778201,,,,,,,,,,,0.000000,0.000000,0.000000,0.000000,0.000000,0.000000,,,,,,,,,,,,
778206,,,,,,,,,,,0.000000,0.000000,0.000000,0.000000,0.000000,0.000000,,,,,,,,,,,,
778211,,,,,,,,,,,0.000000,0.000000,0.000000,0.000000,0.000000,0.000000,,,,,,,,,,,,
778216,,,,,,,,,,,0.000000,0.000000,0.000000,0.000000,0.000000,0.000000,,,,,,,,,,,,
778221,,,,,,,,,,,0.000000,0.000000,0.000000,0.000000,0.000000,0.000000,,,,,,,,,,,,
778226,,,,,,,,,,,0.000000,0.000000,0.000000,0.000000,0.000000,0.000000,,,,,,,,,,,,
778231,,,,,,,,,,,0.000000,0.000000,0.000000,0.000000,0.000000,0.000000,,,,,,,,,,,,
778236,,,,,,,,,,,0.000000,0.000000,0.000000,0.000000,0.000000,0.000000,,,,,,,,,,,,
778248,,,,,,,,,,,0.000000,0.000000,0.000000,0.000000,0.000000,0.000000,,,,,,,,,,,,
778251,,,,,,,,,,,0.000000,0.000000,0.000000,0.000000,0.000000,0.000000,,,,,,,,,,,,
778256,,,,,,,,,,,0.000000,0.000000,0.000000,0.000000,0.000000,0.000000,,,,,,,,,,,,
778261,,,,,,,,,,,0.000000,0.000000,0.000000,0.000000,0.000000,0.000000,,,,,,,,,,,,
778266,,,,,,,,,,,0.000000,0.000000,0.000000,0.000000,0.000000,0.000000,,,,,,,,,,,,
778271,,,,,,,,,,,0.000000,0.000000,0.000000,0.000000,0.000000,0.000000,,,,,,,,,,,,
778276,,,,,,,,,,,0.000000,0.000000,0.000000,0.000000,0.000000,0.000000,,,,,,,,,,,,
778281,,,,,,,,,,,0.000000,0.000000,0.000000,0.000000,0.000000,0.000000,,,,,,,,,,,,
778286,,,,,,,,,,,0.000000,0.000000,0.000000,0.000000,0.000000,0.000000,,,,,,,,,,,,
778291,,,,,,,,,,,0.000000,0.000000,0.000000,0.000000,0.000000,0.000000,,,,,,,,,,,,
778296,,,,,,,,,,,0.000000,0.000000,0.000000,0.000000,0.000000,0.000000,,,,,,,,,,,,
778308,,,,,,,,,,,0.000000,0.000000,0.000000,0.000000,0.000000,0.000000,,,,,,,,,,,,
778311,,,,,,,,,,,0.000000,0.000000,0.000000,0.000000,0.000000,0.000000,,,,,,,,,,,,
778316,,,,,,,,,,,0.000000,0.000000,0.000000,0.000000,0.000000,0.000000,,,,,,,,,,,,
778321,,,,,,,,,,,0.000000,0.000000,0.000000,0.000000,0.000000,0.000000,,,,,,,,,,,,
778326,,,,,,,,,,,0.000000,0.000000,0.000000,0.000000,0.000000,0.000000,,,,,,,,,,,,
778331,,,,,,,,,,,0.000000,0.000000,0.000000,0.000000,0.000000,0.000000,,,,,,,,,,,,
778336,,,,,,,,,,,0.000000,0.000000,0.000000,0.000000,0.000000,0.000000,,,,,,,,,,,,
778341,,,,,,,,,,,0.000000,0.000000,0.000000,0.000000,0.000000,0.000000,,,,,,,,,,,,
778346,,,,,,,,,,,0.000000,0.000000,0.000000,0.000000,0.000000,0.000000,,,,,,,,,,,,
778351,,,,,,,,,,,0.000000,0.000000,0.000000,0.000000,0.000000,0.000000,,,,,,,,,,,,
778356,,,,,,,,,,,0.000000,0.000000,0.000000,0.000000,0.000000,0.000000,,,,,,,,,,,,
778361,,,,,,,,,,,0.000000,0.000000,0.000000,0.000000,0.000000,0.000000,,,,,,,,,,,,
778366,,,,,,,,,,,0.000000,0.000000,0.000000,0.000000,0.000000,0.000000,,,,,,,,,,,,
778371,,,,,,,,,,,0.000000,0.000000,0.000000,0.000000,0.000000,0.000000,,,,,,,,,,,,
778376,,,,,,,,,,,0.000000,0.000000,0.000000,0.000000,0.000000,0.000000,,,,,,,,,,,,
778388,,,,,,,,,,,0.000000,0.000000,0.000000,0.000000,0.000000,0.000000,,,,,,,,,,,,
778391,,,,,,,,,,,0.000000,0.000000,0.000000,0.000000,0.000000,0.000000,,,,,,,,,,,,
778396,,,,,,,,,,,0.000000,0.000000,0.000000,0.000000,0.000000,0.000000,,,,,,,,,,,,
778401,,,,,,,,,,,0.000000,0.000000,0.000000,0.000000,0.000000,0.000000,,,,,,,,,,,,
778406,,,,,,,,,,,0.000000,0.000000,0.000000,0.000000,0.000000,0.000000,,,,,,,,,,,,
778411,,,,,,,,,,,0.000000,0.000000,0.000000,0.000000,0.000000,0.000000,,,,,,,,,,,,
778416,,,,,,,,,,,0.000000,0.000000,0.000000,0.000000,0.000000,0.000000,,,,,,,,,,,,
778421,,,,,,,,,,,0.000000,0.000000,0.000000,0.000000,0.000000,0.000000,,,,,,,,,,,,
778426,,,,,,,,,,,0.000000,0.000000,0.000000,0.000000,0.000000,0.000000,,,,,,,,,,,,
778431,,,,,,,,,,,0.000000,0.000000,0.000000,0.000000,0.000000,0.000000,,,,,,,,,,,,
778436,,,,,,,,,,,0.000000,0.000000,0.000000,0.000000,0.000000,0.000000,,,,,,,,,,,,
778448,,,,,,,,,,,0.000000,0.000000,0.000000,0.000000,0.000000,0.000000,,,,,,,,,,,,
778451,,,,,,,,,,,0.000000,0.000000,0.000000,0.000000,0.000000,0.000000,,,,,,,,,,,,
778456,,,,,,,,,,,0.000000,0.000000,0.000000,0.000000,0.000000,0.000000,,,,,,,,,,,,
778461,,,,,,,,,,,0.000000,0.000000,0.000000,0.000000,0.000000,0.000000,,,,,,,,,,,,
778466,,,,,,,,,,,0.000000,0.000000,0.000000,0.000000,0.000000,0.000000,,,,,,,,,,,,
778471,,,,,,,,,,,0.000000,0.000000,0.000000,0.000000,0.000000,0.000000,,,,,,,,,,,,
778476,,,,,,,,,,,0.000000,0.000000,0.000000,0.000000,0.000000,0.000000,,,,,,,,,,,,
778481,,,,,,,,,,,0.000000,0.000000,0.000000,0.000000,0.000000,0.000000,,,,,,,,,,,,
778486,,,,,,,,,,,0.000000,0.000000,0.000000,0.000000,0.000000,0.000000,,,,,,,,,,,,
778491,,,,,,,,,,,0.000000,0.000000,0.000000,0.000000,0.000000,0.000000,,,,,,,,,,,,
778496,,,,,,,,,,,0.000000,0.000000,0.000000,0.000000,0.000000,0.000000,,,,,,,,,,,,
778508,,,,,,,,,,,0.000000,0.000000,0.000000,0.000000,0.000000,0.000000,,,,,,,,,,,,
778511,,,,,,,,,,,0.000000,0.000000,0.000000,0.000000,0.000000,0.000000,,,,,,,,,,,,
778516,,,,,,,,,,,0.000000,0.000000,0.000000,0.000000,0.000000,0.000000,,,,,,,,,,,,
778521,,,,,,,,,,,0.000000,0.000000,0.000000,0.000000,0.000000,0.000000,,,,,,,,,,,,
778526,,,,,,,,,,,0.000000,0.000000,0.000000,0.000000,0.000000,0.000000,,,,,,,,,,,,
778531,,,,,,,,,,,0.000000,0.000000,0.000000,0.000000,0.000000,0.000000,,,,,,,,,,,,
778536,,,,,,,,,,,0.000000,0.000000,0.000000,0.000000,0.000000,0.000000,,,,,,,,,,,,
778541,,,,,,,,,,,0.000000,0.000000,0.000000,0.000000,0.000000,0.000000,,,,,,,,,,,,
778546,,,,,,,,,,,0.000000,0.000000,0.000000,0.000000,0.000000,0.000000,,,,,,,,,,,,
778551,,,,,,,,,,,0.000000,0.000000,0.000000,0.000000,0.000000,0.000000,,,,,,,,,,,,
778556,,,,,,,,,,,0.000000,0.000000,0.000000,0.000000,0.000000,0.000000,,,,,,,,,,,,
778561,,,,,,,,,,,0.000000,0.000000,0.000000,0.000000,0.000000,0.000000,,,,,,,,,,,,
778566,,,,,,,,,,,0.000000,0.000000,0.000000,0.000000,0.000000,0.000000,,,,,,,,,,,,
778571,,,,,,,,,,,0.000000,0.000000,0.000000,0.000000,0.000000,0.000000,,,,,,,,,,,,
778576,,,,,,,,,,,0.000000,0.000000,0.000000,0.000000,0.000000,0.000000,,,,,,,,,,,,
778587,,,,,,,,,,,0.000000,0.000000,0.000000,0.000000,0.000000,0.000000,,,,,,,,,,,,
778591,,,,,,,,,,,0.000000,0.000000,0.000000,0.000000,0.000000,0.000000,,,,,,,,,,,,
778596,,,,,,,,,,,0.000000,0.000000,0.000000,0.000000,0.000000,0.000000,,,,,,,,,,,,
778601,,,,,,,,,,,0.000000,0.000000,0.000000,0.000000,0.000000,0.000000,,,,,,,,,,,,
778606,,,,,,,,,,,0.000000,0.000000,0.000000,0.000000,0.000000,0.000000,,,,,,,,,,,,
778611,,,,,,,,,,,0.000000,0.000000,0.000000,0.000000,0.000000,0.000000,,,,,,,,,,,,
778616,,,,,,,,,,,0.000000,0.000000,0.000000,0.000000,0.000000,0.000000,,,,,,,,,,,,
778621,,,,,,,,,,,0.000000,0.000000,0.000000,0.000000,0.000000,0.000000,,,,,,,,,,,,
778626,,,,,,,,,,,0.000000,0.000000,0.000000,0.000000,0.000000,0.000000,,,,,,,,,,,,
778631,,,,,,,,,,,0.000000,0.000000,0.000000,0.000000,0.000000,0.000000,,,,,,,,,,,,
778636,,,,,,,,,,,0.000000,0.000000,0.000000,0.000000,0.000000,0.000000,,,,,,,,,,,,
778646,,,,,,,,,,,0.000000,0.000000,0.000000,0.000000,0.000000,0.000000,,,,,,,,,,,,
778651,,,,,,,,,,,0.000000,0.000000,0.000000,0.000000,0.000000,0.000000,,,,,,,,,,,,
778656,,,,,,,,,,,0.000000,0.000000,0.000000,0.000000,0.000000,0.000000,,,,,,,,,,,,
778661,,,,,,,,,,,0.000000,0.000000,0.000000,0.000000,0.000000,0.000000,,,,,,,,,,,,
778666,,,,,,,,,,,0.000000,0.000000,0.000000,0.000000,0.000000,0.000000,,,,,,,,,,,,
778671,,,,,,,,,,,0.000000,0.000000,0.000000,0.000000,0.000000,0.000000,,,,,,,,,,,,
778676,,,,,,,,,,,0.000000,0.000000,0.000000,0.000000,0.000000,0.000000,,,,,,,,,,,,
778681,,,,,,,,,,,0.000000,0.000000,0.000000,0.000000,0.000000,0.000000,,,,,,,,,,,,
778686,,,,,,,,,,,0.000000,0.000000,0.000000,0.000000,0.000000,0.000000,,,,,,,,,,,,
778691,,,,,,,,,,,0.000000,0.000000,0.000000,0.000000,0.000000,0.000000,,,,,,,,,,,,
778696,,,,,,,,,,,0.000000,0.000000,0.000000,0.000000,0.000000,0.000000,,,,,,,,,,,,
778706,,,,,,,,,,,0.000000,0.000000,0.000000,0.000000,0.000000,0.000000,,,,,,,,,,,,
778711,,,,,,,,,,,0.000000,0.000000,0.000000,0.000000,0.000000,0.000000,,,,,,,,,,,,
778716,,,,,,,,,,,0.000000,0.000000,0.000000,0.000000,0.000000,0.000000,,,,,,,,,,,,
778721,,,,,,,,,,,0.000000,0.000000,0.000000,0.000000,0.000000,0.000000,,,,,,,,,,,,
778726,,,,,,,,,,,0.000000,0.000000,0.000000,0.000000,0.000000,0.000000,,,,,,,,,,,,
778731,,,,,,,,,,,0.000000,0.000000,0.000000,0.000000,0.000000,0.000000,,,,,,,,,,,,
778736,,,,,,,,,,,0.000000,0.000000,0.000000,0.000000,0.000000,0.000000,,,,,,,,,,,,
778741,,,,,,,,,,,0.000000,0.000000,0.000000,0.000000,0.000000,0.000000,,,,,,,,,,,,
778746,,,,,,,,,,,0.000000,0.000000,0.000000,0.000000,0.000000,0.000000,,,,,,,,,,,,
778751,,,,,,,,,,,0.000000,0.000000,0.000000,0.000000,0.000000,0.000000,,,,,,,,,,,,
778756,,,,,,,,,,,0.000000,0.000000,0.000000,0.000000,0.000000,0.000000,,,,,,,,,,,,
778769,,,,,,,,,,,0.000000,0.000000,0.000000,0.000000,0.000000,0.000000,,,,,,,,,,,,
778771,,,,,,,,,,,0.000000,0.000000,0.000000,0.000000,0.000000,0.000000,,,,,,,,,,,,
778776,,,,,,,,,,,0.000000,0.000000,0.000000,0.000000,0.000000,0.000000,,,,,,,,,,,,
778781,,,,,,,,,,,0.000000,0.000000,0.000000,0.000000,0.000000,0.000000,,,,,,,,,,,,
778786,,,,,,,,,,,0.000000,0.000000,0.000000,0.000000,0.000000,0.000000,,,,,,,,,,,,
778791,,,,,,,,,,,0.000000,0.000000,0.000000,0.000000,0.000000,0.000000,,,,,,,,,,,,
778796,,,,,,,,,,,0.000000,0.000000,0.000000,0.000000,0.000000,0.000000,,,,,,,,,,,,
778801,,,,,,,,,,,0.000000,0.000000,0.000000,0.000000,0.000000,0.000000,,,,,,,,,,,,
778806,,,,,,,,,,,0.000000,0.000000,0.000000,0.000000,0.000000,0.000000,,,,,,,,,,,,
778811,,,,,,,,,,,0.000000,0.000000,0.000000,0.000000,0.000000,0.000000,,,,,,,,,,,,
778816,,,,,,,,,,,0.000000,0.000000,0.000000,0.000000,0.000000,0.000000,,,,,,,,,,,,
778821,,,,,,,,,,,0.000000,0.000000,0.000000,0.000000,0.000000,0.000000,,,,,,,,,,,,
778826,,,,,,,,,,,0.000000,0.000000,0.000000,0.000000,0.000000,0.000000,,,,,,,,,,,,
778831,,,,,,,,,,,0.000000,0.000000,0.000000,0.000000,0.000000,0.000000,,,,,,,,,,,,
778836,,,,,,,,,,,0.000000,0.000000,0.000000,0.000000,0.000000,0.000000,,,,,,,,,,,,
778848,,,,,,,,,,,0.000000,0.000000,0.000000,0.000000,0.000000,0.000000,,,,,,,,,,,,
778851,,,,,,,,,,,0.000000,0.000000,0.000000,0.000000,0.000000,0.000000,,,,,,,,,,,,
778856,,,,,,,,,,,0.000000,0.000000,0.000000,0.000000,0.000000,0.000000,,,,,,,,,,,,
778861,,,,,,,,,,,0.000000,0.000000,0.000000,0.000000,0.000000,0.000000,,,,,,,,,,,,
778866,,,,,,,,,,,0.000000,0.000000,0.000000,0.000000,0.000000,0.000000,,,,,,,,,,,,
778871,,,,,,,,,,,0.000000,0.000000,0.000000,0.000000,0.000000,0.000000,,,,,,,,,,,,
778876,,,,,,,,,,,0.000000,0.000000,0.000000,0.000000,0.000000,0.000000,,,,,,,,,,,,
778881,,,,,,,,,,,0.000000,0.000000,0.000000,0.000000,0.000000,0.000000,,,,,,,,,,,,
778886,,,,,,,,,,,0.000000,0.000000,0.000000,0.000000,0.000000,0.000000,,,,,,,,,,,,
778891,,,,,,,,,,,0.000000,0.000000,0.000000,0.000000,0.000000,0.000000,,,,,,,,,,,,
778896,,,,,,,,,,,0.000000,0.000000,0.000000,0.000000,0.000000,0.000000,,,,,,,,,,,,
778908,,,,,,,,,,,0.000000,0.000000,0.000000,0.000000,0.000000,0.000000,,,,,,,,,,,,
778911,,,,,,,,,,,0.000000,0.000000,0.000000,0.000000,0.000000,0.000000,,,,,,,,,,,,
778916,,,,,,,,,,,0.000000,0.000000,0.000000,0.000000,0.000000,0.000000,,,,,,,,,,,,
778921,,,,,,,,,,,0.000000,0.000000,0.000000,0.000000,0.000000,0.000000,,,,,,,,,,,,
778926,,,,,,,,,,,0.000000,0.000000,0.000000,0.000000,0.000000,0.000000,,,,,,,,,,,,
778931,,,,,,,,,,,0.000000,0.000000,0.000000,0.000000,0.000000,0.000000,,,,,,,,,,,,
778936,,,,,,,,,,,0.000000,0.000000,0.000000,0.000000,0.000000,0.000000,,,,,,,,,,,,
778941,,,,,,,,,,,0.000000,0.000000,0.000000,0.000000,0.000000,0.000000,,,,,,,,,,,,
778946,,,,,,,,,,,0.000000,0.000000,0.000000,0.000000,0.000000,0.000000,,,,,,,,,,,,
778951,,,,,,,,,,,0.000000,0.000000,0.000000,0.000000,0.000000,0.000000,,,,,,,,,,,,
778956,,,,,,,,,,,0.000000,0.000000,0.000000,0.000000,0.000000,0.000000,,,,,,,,,,,,
778968,,,,,,,,,,,0.000000,0.000000,0.000000,0.000000,0.000000,0.000000,,,,,,,,,,,,
778971,,,,,,,,,,,0.000000,0.000000,0.000000,0.000000,0.000000,0.000000,,,,,,,,,,,,
778976,,,,,,,,,,,0.000000,0.000000,0.000000,0.000000,0.000000,0.000000,,,,,,,,,,,,
778981,,,,,,,,,,,0.000000,0.000000,0.000000,0.000000,0.000000,0.000000,,,,,,,,,,,,
778986,,,,,,,,,,,0.000000,0.000000,0.000000,0.000000,0.000000,0.000000,,,,,,,,,,,,
778991,,,,,,,,,,,0.000000,0.000000,0.000000,0.000000,0.000000,0.000000,,,,,,,,,,,,
778996,,,,,,,,,,,0.000000,0.000000,0.000000,0.000000,0.000000,0.000000,,,,,,,,,,,,
779001,,,,,,,,,,,0.000000,0.000000,0.000000,0.000000,0.000000,0.000000,,,,,,,,,,,,
779006,,,,,,,,,,,0.000000,0.000000,0.000000,0.000000,0.000000,0.000000,,,,,,,,,,,,
779011,,,,,,,,,,,0.000000,0.000000,0.000000,0.000000,0.000000,0.000000,,,,,,,,,,,,
779016,,,,,,,,,,,0.000000,0.000000,0.000000,0.000000,0.000000,0.000000,,,,,,,,,,,,
779021,,,,,,,,,,,0.000000,0.000000,0.000000,0.000000,0.000000,0.000000,,,,,,,,,,,,
779026,,,,,,,,,,,0.000000,0.000000,0.000000,0.000000,0.000000,0.000000,,,,,,,,,,,,
779031,,,,,,,,,,,0.000000,0.000000,0.000000,0.000000,0.000000,0.000000,,,,,,,,,,,,
779036,,,,,,,,,,,0.000000,0.000000,0.000000,0.000000,0.000000,0.000000,,,,,,,,,,,,
779048,,,,,,,,,,,0.000000,0.000000,0.000000,0.000000,0.000000,0.000000,,,,,,,,,,,,
779051,,,,,,,,,,,0.000000,0.000000,0.000000,0.000000,0.000000,0.000000,,,,,,,,,,,,
779056,,,,,,,,,,,0.000000,0.000000,0.000000,0.000000,0.000000,0.000000,,,,,,,,,,,,
779061,,,,,,,,,,,0.000000,0.000000,0.000000,0.000000,0.000000,0.000000,,,,,,,,,,,,
779066,,,,,,,,,,,0.000000,0.000000,0.000000,0.000000,0.000000,0.000000,,,,,,,,,,,,
779071,,,,,,,,,,,0.000000,0.000000,0.000000,0.000000,0.000000,0.000000,,,,,,,,,,,,
779076,,,,,,,,,,,0.000000,0.000000,0.000000,0.000000,0.000000,0.000000,,,,,,,,,,,,
779081,,,,,,,,,,,0.000000,0.000000,0.000000,0.000000,0.000000,0.000000,,,,,,,,,,,,
779086,,,,,,,,,,,0.000000,0.000000,0.000000,0.000000,0.000000,0.000000,,,,,,,,,,,,
779091,,,,,,,,,,,0.000000,0.000000,0.000000,0.000000,0.000000,0.000000,,,,,,,,,,,,
779096,,,,,,,,,,,0.000000,0.000000,0.000000,0.000000,0.000000,0.000000,,,,,,,,,,,,
779108,,,,,,,,,,,0.000000,0.000000,0.000000,0.000000,0.000000,0.000000,,,,,,,,,,,,
779111,,,,,,,,,,,0.000000,0.000000,0.000000,0.000000,0.000000,0.000000,,,,,,,,,,,,
779116,,,,,,,,,,,0.000000,0.000000,0.000000,0.000000,0.000000,0.000000,,,,,,,,,,,,
779121,,,,,,,,,,,0.000000,0.000000,0.000000,0.000000,0.000000,0.000000,,,,,,,,,,,,
779126,,,,,,,,,,,0.000000,0.000000,0.000000,0.000000,0.000000,0.000000,,,,,,,,,,,,
779131,,,,,,,,,,,0.000000,0.000000,0.000000,0.000000,0.000000,0.000000,,,,,,,,,,,,
779136,,,,,,,,,,,0.000000,0.000000,0.000000,0.000000,0.000000,0.000000,,,,,,,,,,,,
779141,,,,,,,,,,,0.000000,0.000000,0.000000,0.000000,0.000000,0.000000,,,,,,,,,,,,
779146,,,,,,,,,,,0.000000,0.000000,0.000000,0.000000,0.000000,0.000000,,,,,,,,,,,,
779151,,,,,,,,,,,0.000000,0.000000,0.000000,0.000000,0.000000,0.000000,,,,,,,,,,,,
779156,,,,,,,,,,,0.000000,0.000000,0.000000,0.000000,0.000000,0.000000,,,,,,,,,,,,
779167,,,,,,,,,,,0.000000,0.000000,0.000000,0.000000,0.000000,0.000000,,,,,,,,,,,,
779171,,,,,,,,,,,0.000000,0.000000,0.000000,0.000000,0.000000,0.000000,,,,,,,,,,,,
779176,,,,,,,,,,,0.000000,0.000000,0.000000,0.000000,0.000000,0.000000,,,,,,,,,,,,
779181,,,,,,,,,,,0.000000,0.000000,0.000000,0.000000,0.000000,0.000000,,,,,,,,,,,,
779186,,,,,,,,,,,0.000000,0.000000,0.000000,0.000000,0.000000,0.000000,,,,,,,,,,,,
779191,,,,,,,,,,,0.000000,0.000000,0.000000,0.000000,0.000000,0.000000,,,,,,,,,,,,
779196,,,,,,,,,,,0.000000,0.000000,0.000000,0.000000,0.000000,0.000000,,,,,,,,,,,,
779201,,,,,,,,,,,0.000000,0.000000,0.000000,0.000000,0.000000,0.000000,,,,,,,,,,,,
779206,,,,,,,,,,,0.000000,0.000000,0.000000,0.000000,0.000000,0.000000,,,,,,,,,,,,
779211,,,,,,,,,,,0.000000,0.000000,0.000000,0.000000,0.000000,0.000000,,,,,,,,,,,,
779216,,,,,,,,,,,0.000000,0.000000,0.000000,0.000000,0.000000,0.000000,,,,,,,,,,,,
779228,,,,,,,,,,,0.000000,0.000000,0.000000,0.000000,0.000000,0.000000,,,,,,,,,,,,
779231,,,,,,,,,,,0.000000,0.000000,0.000000,0.000000,0.000000,0.000000,,,,,,,,,,,,
779236,,,,,,,,,,,0.000000,0.000000,0.000000,0.000000,0.000000,0.000000,,,,,,,,,,,,
779241,,,,,,,,,,,0.000000,0.000000,0.000000,0.000000,0.000000,0.000000,,,,,,,,,,,,
779246,,,,,,,,,,,0.000000,0.000000,0.000000,0.000000,0.000000,0.000000,,,,,,,,,,,,
779251,,,,,,,,,,,0.000000,0.000000,0.000000,0.000000,0.000000,0.000000,,,,,,,,,,,,
779256,,,,,,,,,,,0.000000,0.000000,0.000000,0.000000,0.000000,0.000000,,,,,,,,,,,,
779261,,,,,,,,,,,0.000000,0.000000,0.000000,0.000000,0.000000,0.000000,,,,,,,,,,,,
779266,,,,,,,,,,,0.000000,0.000000,0.000000,0.000000,0.000000,0.000000,,,,,,,,,,,,
779271,,,,,,,,,,,0.000000,0.000000,0.000000,0.000000,0.000000,0.000000,,,,,,,,,,,,
779276,,,,,,,,,,,0.000000,0.000000,0.000000,0.000000,0.000000,0.000000,,,,,,,,,,,,
779281,,,,,,,,,,,0.000000,0.000000,0.000000,0.000000,0.000000,0.000000,,,,,,,,,,,,
779286,,,,,,,,,,,0.000000,0.000000,0.000000,0.000000,0.000000,0.000000,,,,,,,,,,,,
779291,,,,,,,,,,,0.000000,0.000000,0.000000,0.000000,0.000000,0.000000,,,,,,,,,,,,
779296,,,,,,,,,,,0.000000,0.000000,0.000000,0.000000,0.000000,0.000000,,,,,,,,,,,,
779311,,,,,,,,,,,0.000000,0.000000,0.000000,0.000000,0.000000,0.000000,,,,,,,,,,,,
779316,,,,,,,,,,,0.000000,0.000000,0.000000,0.000000,0.000000,0.000000,,,,,,,,,,,,
779321,,,,,,,,,,,0.000000,0.000000,0.000000,0.000000,0.000000,0.000000,,,,,,,,,,,,
779326,,,,,,,,,,,0.000000,0.000000,0.000000,0.000000,0.000000,0.000000,,,,,,,,,,,,
779331,,,,,,,,,,,0.000000,0.000000,0.000000,0.000000,0.000000,0.000000,,,,,,,,,,,,
779336,,,,,,,,,,,0.000000,0.000000,0.000000,0.000000,0.000000,0.000000,,,,,,,,,,,,
779341,,,,,,,,,,,0.000000,0.000000,0.000000,0.000000,0.000000,0.000000,,,,,,,,,,,,
779346,,,,,,,,,,,0.000000,0.000000,0.000000,0.000000,0.000000,0.000000,,,,,,,,,,,,
779351,,,,,,,,,,,0.000000,0.000000,0.000000,0.000000,0.000000,0.000000,,,,,,,,,,,,
779356,,,,,,,,,,,0.000000,0.000000,0.000000,0.000000,0.000000,0.000000,,,,,,,,,,,,
779368,,,,,,,,,,,0.000000,0.000000,0.000000,0.000000,0.000000,0.000000,,,,,,,,,,,,
779371,,,,,,,,,,,0.000000,0.000000,0.000000,0.000000,0.000000,0.000000,,,,,,,,,,,,
779376,,,,,,,,,,,0.000000,0.000000,0.000000,0.000000,0.000000,0.000000,,,,,,,,,,,,
779381,,,,,,,,,,,0.000000,0.000000,0.000000,0.000000,0.000000,0.000000,,,,,,,,,,,,
779386,,,,,,,,,,,0.000000,0.000000,0.000000,0.000000,0.000000,0.000000,,,,,,,,,,,,
779391,,,,,,,,,,,0.000000,0.000000,0.000000,0.000000,0.000000,0.000000,,,,,,,,,,,,
779396,,,,,,,,,,,0.000000,0.000000,0.000000,0.000000,0.000000,0.000000,,,,,,,,,,,,
779401,,,,,,,,,,,0.000000,0.000000,0.000000,0.000000,0.000000,0.000000,,,,,,,,,,,,
779406,,,,,,,,,,,0.000000,0.000000,0.000000,0.000000,0.000000,0.000000,,,,,,,,,,,,
779411,,,,,,,,,,,0.000000,0.000000,0.000000,0.000000,0.000000,0.000000,,,,,,,,,,,,
779416,,,,,,,,,,,0.000000,0.000000,0.000000,0.000000,0.000000,0.000000,,,,,,,,,,,,
779428,,,,,,,,,,,0.000000,0.000000,0.000000,0.000000,0.000000,0.000000,,,,,,,,,,,,
779431,,,,,,,,,,,0.000000,0.000000,0.000000,0.000000,0.000000,0.000000,,,,,,,,,,,,
779436,,,,,,,,,,,0.000000,0.000000,0.000000,0.000000,0.000000,0.000000,,,,,,,,,,,,
779441,,,,,,,,,,,0.000000,0.000000,0.000000,0.000000,0.000000,0.000000,,,,,,,,,,,,
779446,,,,,,,,,,,0.000000,0.000000,0.000000,0.000000,0.000000,0.000000,,,,,,,,,,,,
779451,,,,,,,,,,,0.000000,0.000000,0.000000,0.000000,0.000000,0.000000,,,,,,,,,,,,
779456,,,,,,,,,,,0.000000,0.000000,0.000000,0.000000,0.000000,0.000000,,,,,,,,,,,,
779461,,,,,,,,,,,0.000000,0.000000,0.000000,0.000000,0.000000,0.000000,,,,,,,,,,,,
779466,,,,,,,,,,,0.000000,0.000000,0.000000,0.000000,0.000000,0.000000,,,,,,,,,,,,
779471,,,,,,,,,,,0.000000,0.000000,0.000000,0.000000,0.000000,0.000000,,,,,,,,,,,,
779476,,,,,,,,,,,0.000000,0.000000,0.000000,0.000000,0.000000,0.000000,,,,,,,,,,,,
779481,,,,,,,,,,,0.000000,0.000000,0.000000,0.000000,0.000000,0.000000,,,,,,,,,,,,
779486,,,,,,,,,,,0.000000,0.000000,0.000000,0.000000,0.000000,0.000000,,,,,,,,,,,,
779491,,,,,,,,,,,0.000000,0.000000,0.000000,0.000000,0.000000,0.000000,,,,,,,,,,,,
779496,,,,,,,,,,,0.000000,0.000000,0.000000,0.000000,0.000000,0.000000,,,,,,,,,,,,
779508,,,,,,,,,,,0.000000,0.000000,0.000000,0.000000,0.000000,0.000000,,,,,,,,,,,,
779511,,,,,,,,,,,0.000000,0.000000,0.000000,0.000000,0.000000,0.000000,,,,,,,,,,,,
779516,,,,,,,,,,,0.000000,0.000000,0.000000,0.000000,0.000000,0.000000,,,,,,,,,,,,
779521,,,,,,,,,,,0.000000,0.000000,0.000000,0.000000,0.000000,0.000000,,,,,,,,,,,,
779526,,,,,,,,,,,0.000000,0.000000,0.000000,0.000000,0.000000,0.000000,,,,,,,,,,,,
779531,,,,,,,,,,,0.000000,0.000000,0.000000,0.000000,0.000000,0.000000,,,,,,,,,,,,
779536,,,,,,,,,,,0.000000,0.000000,0.000000,0.000000,0.000000,0.000000,,,,,,,,,,,,
779541,,,,,,,,,,,0.000000,0.000000,0.000000,0.000000,0.000000,0.000000,,,,,,,,,,,,
779546,,,,,,,,,,,0.000000,0.000000,0.000000,0.000000,0.000000,0.000000,,,,,,,,,,,,
779551,,,,,,,,,,,0.000000,0.000000,0.000000,0.000000,0.000000,0.000000,,,,,,,,,,,,
779556,,,,,,,,,,,0.000000,0.000000,0.000000,0.000000,0.000000,0.000000,,,,,,,,,,,,
779567,,,,,,,,,,,0.000000,0.000000,,,0.000000,0.000000,,,,,,,,,,,,
779568,,,,,,,,,,,0.000000,0.000000,0.000000,0.000000,0.000000,0.000000,,,,,,,,,,,,
779571,,,,,,,,,,,0.000000,0.000000,0.000000,0.000000,0.000000,0.000000,,,,,,,,,,,,
779576,,,,,,,,,,,0.000000,0.000000,0.000000,0.000000,0.000000,0.000000,,,,,,,,,,,,
779581,,,,,,,,,,,0.000000,0.000000,0.000000,0.000000,0.000000,0.000000,,,,,,,,,,,,
779586,,,,,,,,,,,0.000000,0.000000,0.000000,0.000000,0.000000,0.000000,,,,,,,,,,,,
779591,,,,,,,,,,,0.000000,0.000000,0.000000,0.000000,0.000000,0.000000,,,,,,,,,,,,
779596,,,,,,,,,,,0.000000,0.000000,0.000000,0.000000,0.000000,0.000000,,,,,,,,,,,,
779601,,,,,,,,,,,0.000000,0.000000,0.000000,0.000000,0.000000,0.000000,,,,,,,,,,,,
779606,,,,,,,,,,,0.000000,0.000000,0.000000,0.000000,0.000000,0.000000,,,,,,,,,,,,
779611,,,,,,,,,,,0.000000,0.000000,0.000000,0.000000,0.000000,0.000000,,,,,,,,,,,,
779616,,,,,,,,,,,0.000000,0.000000,0.000000,0.000000,0.000000,0.000000,,,,,,,,,,,,
779627,,,,,,,,,,,0.000000,0.000000,,,,,,,,,,,,,,,,
779628,,,,,,,,,,,0.000000,0.000000,0.000000,0.000000,0.000000,0.000000,,,,,,,,,,,,
779631,,,,,,,,,,,0.000000,0.000000,0.000000,0.000000,0.000000,0.000000,,,,,,,,,,,,
779636,,,,,,,,,,,0.000000,0.000000,0.000000,0.000000,0.000000,0.000000,,,,,,,,,,,,
779641,,,,,,,,,,,0.000000,0.000000,0.000000,0.000000,0.000000,0.000000,,,,,,,,,,,,
779646,,,,,,,,,,,0.000000,0.000000,0.000000,0.000000,0.000000,0.000000,,,,,,,,,,,,
779651,,,,,,,,,,,0.000000,0.000000,0.000000,0.000000,0.000000,0.000000,,,,,,,,,,,,
779656,,,,,,,,,,,0.000000,0.000000,0.000000,0.000000,0.000000,0.000000,,,,,,,,,,,,
779661,,,,,,,,,,,0.000000,0.000000,0.000000,0.000000,0.000000,0.000000,,,,,,,,,,,,
779666,,,,,,,,,,,0.000000,0.000000,0.000000,0.000000,0.000000,0.000000,,,,,,,,,,,,
779671,,,,,,,,,,,0.000000,0.000000,0.000000,0.000000,0.000000,0.000000,,,,,,,,,,,,
779676,,,,,,,,,,,0.000000,0.000000,0.000000,0.000000,0.000000,0.000000,,,,,,,,,,,,
779687,,,,,,,,,,,0.000000,0.000000,0.000000,0.000000,0.000000,0.000000,,,,,,,,,,,,
779688,,,,,,,,,,,0.000000,0.000000,0.000000,0.000000,0.000000,0.000000,,,,,,,,,,,,
779691,,,,,,,,,,,0.000000,0.000000,0.000000,0.000000,0.000000,0.000000,,,,,,,,,,,,
779696,,,,,,,,,,,0.000000,0.000000,0.000000,0.000000,0.000000,0.000000,,,,,,,,,,,,
779701,,,,,,,,,,,0.000000,0.000000,0.000000,0.000000,0.000000,0.000000,,,,,,,,,,,,
779706,,,,,,,,,,,0.000000,0.000000,0.000000,0.000000,0.000000,0.000000,,,,,,,,,,,,
779711,,,,,,,,,,,0.000000,0.000000,0.000000,0.000000,0.000000,0.000000,,,,,,,,,,,,
779716,,,,,,,,,,,0.000000,0.000000,0.000000,0.000000,0.000000,0.000000,,,,,,,,,,,,
779721,,,,,,,,,,,0.000000,0.000000,0.000000,0.000000,0.000000,0.000000,,,,,,,,,,,,
779726,,,,,,,,,,,0.000000,0.000000,0.000000,0.000000,0.000000,0.000000,,,,,,,,,,,,
779731,,,,,,,,,,,0.000000,0.000000,0.000000,0.000000,0.000000,0.000000,,,,,,,,,,,,
779736,,,,,,,,,,,0.000000,0.000000,0.000000,0.000000,0.000000,0.000000,,,,,,,,,,,,
779741,,,,,,,,,,,0.000000,0.000000,0.000000,0.000000,0.000000,0.000000,,,,,,,,,,,,
779746,,,,,,,,,,,0.000000,0.000000,0.000000,0.000000,0.000000,0.000000,,,,,,,,,,,,
779751,,,,,,,,,,,0.000000,0.000000,0.000000,0.000000,0.000000,0.000000,,,,,,,,,,,,
779756,,,,,,,,,,,0.000000,0.000000,0.000000,0.000000,0.000000,0.000000,,,,,,,,,,,,
779767,,,,,,,,,,,0.000000,0.000000,0.000000,0.000000,0.000000,0.000000,,,,,,,,,,,,
779768,,,,,,,,,,,0.000000,0.000000,0.000000,0.000000,0.000000,0.000000,,,,,,,,,,,,
779771,,,,,,,,,,,0.000000,0.000000,0.000000,0.000000,0.000000,0.000000,,,,,,,,,,,,
779776,,,,,,,,,,,0.000000,0.000000,0.000000,0.000000,0.000000,0.000000,,,,,,,,,,,,
779781,,,,,,,,,,,0.000000,0.000000,0.000000,0.000000,0.000000,0.000000,,,,,,,,,,,,
779786,,,,,,,,,,,0.000000,0.000000,0.000000,0.000000,0.000000,0.000000,,,,,,,,,,,,
779791,,,,,,,,,,,0.000000,0.000000,0.000000,0.000000,0.000000,0.000000,,,,,,,,,,,,
779796,,,,,,,,,,,0.000000,0.000000,0.000000,0.000000,0.000000,0.000000,,,,,,,,,,,,
779801,,,,,,,,,,,0.000000,0.000000,0.000000,0.000000,0.000000,0.000000,,,,,,,,,,,,
779806,,,,,,,,,,,0.000000,0.000000,0.000000,0.000000,0.000000,0.000000,,,,,,,,,,,,
779811,,,,,,,,,,,0.000000,0.000000,0.000000,0.000000,0.000000,0.000000,,,,,,,,,,,,
779816,,,,,,,,,,,0.000000,0.000000,0.000000,0.000000,0.000000,0.000000,,,,,,,,,,,,
779828,,,,,,,,,,,0.000000,0.000000,0.000000,0.000000,0.000000,0.000000,,,,,,,,,,,,
779831,,,,,,,,,,,0.000000,0.000000,0.000000,0.000000,0.000000,0.000000,,,,,,,,,,,,
779836,,,,,,,,,,,0.000000,0.000000,0.000000,0.000000,0.000000,0.000000,,,,,,,,,,,,
779841,,,,,,,,,,,0.000000,0.000000,0.000000,0.000000,0.000000,0.000000,,,,,,,,,,,,
779846,,,,,,,,,,,0.000000,0.000000,0.000000,0.000000,0.000000,0.000000,,,,,,,,,,,,
779851,,,,,,,,,,,0.000000,0.000000,0.000000,0.000000,0.000000,0.000000,,,,,,,,,,,,
779856,,,,,,,,,,,0.000000,0.000000,0.000000,0.000000,0.000000,0.000000,,,,,,,,,,,,
779861,,,,,,,,,,,0.000000,0.000000,0.000000,0.000000,0.000000,0.000000,,,,,,,,,,,,
779866,,,,,,,,,,,0.000000,0.000000,0.000000,0.000000,0.000000,0.000000,,,,,,,,,,,,
779871,,,,,,,,,,,0.000000,0.000000,0.000000,0.000000,0.000000,0.000000,,,,,,,,,,,,
779876,,,,,,,,,,,0.000000,0.000000,0.000000,0.000000,0.000000,0.000000,,,,,,,,,,,,
779888,,,,,,,,,,,0.000000,0.000000,0.000000,0.000000,0.000000,0.000000,,,,,,,,,,,,
779891,,,,,,,,,,,0.000000,0.000000,0.000000,0.000000,0.000000,0.000000,,,,,,,,,,,,
779896,,,,,,,,,,,0.000000,0.000000,0.000000,0.000000,0.000000,0.000000,,,,,,,,,,,,
779901,,,,,,,,,,,0.000000,0.000000,0.000000,0.000000,0.000000,0.000000,,,,,,,,,,,,
779906,,,,,,,,,,,0.000000,0.000000,0.000000,0.000000,0.000000,0.000000,,,,,,,,,,,,
779911,,,,,,,,,,,0.000000,0.000000,0.000000,0.000000,0.000000,0.000000,,,,,,,,,,,,
779916,,,,,,,,,,,0.000000,0.000000,0.000000,0.000000,0.000000,0.000000,,,,,,,,,,,,
779921,,,,,,,,,,,0.000000,0.000000,0.000000,0.000000,0.000000,0.000000,,,,,,,,,,,,
779926,,,,,,,,,,,0.000000,0.000000,0.000000,0.000000,0.000000,0.000000,,,,,,,,,,,,
779931,,,,,,,,,,,0.000000,0.000000,0.000000,0.000000,0.000000,0.000000,,,,,,,,,,,,
779936,,,,,,,,,,,0.000000,0.000000,0.000000,0.000000,0.000000,0.000000,,,,,,,,,,,,
779948,,,,,,,,,,,0.000000,0.000000,0.000000,0.000000,0.000000,0.000000,,,,,,,,,,,,
779951,,,,,,,,,,,0.000000,0.000000,0.000000,0.000000,0.000000,0.000000,,,,,,,,,,,,
779956,,,,,,,,,,,0.000000,0.000000,0.000000,0.000000,0.000000,0.000000,,,,,,,,,,,,
779961,,,,,,,,,,,0.000000,0.000000,0.000000,0.000000,0.000000,0.000000,,,,,,,,,,,,
779966,,,,,,,,,,,0.000000,0.000000,0.000000,0.000000,0.000000,0.000000,,,,,,,,,,,,
779971,,,,,,,,,,,0.000000,0.000000,0.000000,0.000000,0.000000,0.000000,,,,,,,,,,,,
779976,,,,,,,,,,,0.000000,0.000000,0.000000,0.000000,0.000000,0.000000,,,,,,,,,,,,
779981,,,,,,,,,,,0.000000,0.000000,0.000000,0.000000,0.000000,0.000000,,,,,,,,,,,,
779986,,,,,,,,,,,0.000000,0.000000,0.000000,0.000000,0.000000,0.000000,,,,,,,,,,,,
779991,,,,,,,,,,,0.000000,0.000000,0.000000,0.000000,0.000000,0.000000,,,,,,,,,,,,
779996,,,,,,,,,,,0.000000,0.000000,0.000000,0.000000,0.000000,0.000000,,,,,,,,,,,,
780001,,,,,,,,,,,0.000000,0.000000,0.000000,0.000000,0.000000,0.000000,,,,,,,,,,,,
780006,,,,,,,,,,,0.000000,0.000000,0.000000,0.000000,0.000000,0.000000,,,,,,,,,,,,
780011,,,,,,,,,,,0.000000,0.000000,0.000000,0.000000,0.000000,0.000000,,,,,,,,,,,,
780016,,,,,,,,,,,0.000000,0.000000,0.000000,0.000000,0.000000,0.000000,,,,,,,,,,,,
780028,,,,,,,,,,,0.000000,0.000000,0.000000,0.000000,0.000000,0.000000,,,,,,,,,,,,
780031,,,,,,,,,,,0.000000,0.000000,0.000000,0.000000,0.000000,0.000000,,,,,,,,,,,,
780036,,,,,,,,,,,0.000000,0.000000,0.000000,0.000000,0.000000,0.000000,,,,,,,,,,,,
780041,,,,,,,,,,,0.000000,0.000000,0.000000,0.000000,0.000000,0.000000,,,,,,,,,,,,
780046,,,,,,,,,,,0.000000,0.000000,0.000000,0.000000,0.000000,0.000000,,,,,,,,,,,,
780051,,,,,,,,,,,0.000000,0.000000,0.000000,0.000000,0.000000,0.000000,,,,,,,,,,,,
780056,,,,,,,,,,,0.000000,0.000000,0.000000,0.000000,0.000000,0.000000,,,,,,,,,,,,
780061,,,,,,,,,,,0.000000,0.000000,0.000000,0.000000,0.000000,0.000000,,,,,,,,,,,,
780066,,,,,,,,,,,0.000000,0.000000,0.000000,0.000000,0.000000,0.000000,,,,,,,,,,,,
780071,,,,,,,,,,,0.000000,0.000000,0.000000,0.000000,0.000000,0.000000,,,,,,,,,,,,
780076,,,,,,,,,,,0.000000,0.000000,0.000000,0.000000,0.000000,0.000000,,,,,,,,,,,,
780088,,,,,,,,,,,0.000000,0.000000,0.000000,0.000000,0.000000,0.000000,,,,,,,,,,,,
780091,,,,,,,,,,,0.000000,0.000000,0.000000,0.000000,0.000000,0.000000,,,,,,,,,,,,
780096,,,,,,,,,,,0.000000,0.000000,0.000000,0.000000,0.000000,0.000000,,,,,,,,,,,,
780101,,,,,,,,,,,0.000000,0.000000,0.000000,0.000000,0.000000,0.000000,,,,,,,,,,,,
780106,,,,,,,,,,,0.000000,0.000000,0.000000,0.000000,0.000000,0.000000,,,,,,,,,,,,
780111,,,,,,,,,,,0.000000,0.000000,0.000000,0.000000,0.000000,0.000000,,,,,,,,,,,,
780116,,,,,,,,,,,0.000000,0.000000,0.000000,0.000000,0.000000,0.000000,,,,,,,,,,,,
780121,,,,,,,,,,,0.000000,0.000000,0.000000,0.000000,0.000000,0.000000,,,,,,,,,,,,
780126,,,,,,,,,,,0.000000,0.000000,0.000000,0.000000,0.000000,0.000000,,,,,,,,,,,,
780131,,,,,,,,,,,0.000000,0.000000,0.000000,0.000000,0.000000,0.000000,,,,,,,,,,,,
780136,,,,,,,,,,,0.000000,0.000000,0.000000,0.000000,0.000000,0.000000,,,,,,,,,,,,
780148,,,,,,,,,,,0.000000,0.000000,0.000000,0.000000,0.000000,0.000000,,,,,,,,,,,,
780151,,,,,,,,,,,0.000000,0.000000,0.000000,0.000000,0.000000,0.000000,,,,,,,,,,,,
780156,,,,,,,,,,,0.000000,0.000000,0.000000,0.000000,0.000000,0.000000,,,,,,,,,,,,
780161,,,,,,,,,,,0.000000,0.000000,0.000000,0.000000,0.000000,0.000000,,,,,,,,,,,,
780166,,,,,,,,,,,0.000000,0.000000,0.000000,0.000000,0.000000,0.000000,,,,,,,,,,,,
780171,,,,,,,,,,,0.000000,0.000000,0.000000,0.000000,0.000000,0.000000,,,,,,,,,,,,
780176,,,,,,,,,,,0.000000,0.000000,0.000000,0.000000,0.000000,0.000000,,,,,,,,,,,,
780181,,,,,,,,,,,0.000000,0.000000,0.000000,0.000000,0.000000,0.000000,,,,,,,,,,,,
780186,,,,,,,,,,,0.000000,0.000000,0.000000,0.000000,0.000000,0.000000,,,,,,,,,,,,
780191,,,,,,,,,,,0.000000,0.000000,0.000000,0.000000,0.000000,0.000000,,,,,,,,,,,,
780196,,,,,,,,,,,0.000000,0.000000,0.000000,0.000000,0.000000,0.000000,,,,,,,,,,,,
780201,,,,,,,,,,,0.000000,0.000000,0.000000,0.000000,0.000000,0.000000,,,,,,,,,,,,
780206,,,,,,,,,,,0.000000,0.000000,0.000000,0.000000,0.000000,0.000000,,,,,,,,,,,,
780211,,,,,,,,,,,0.000000,0.000000,0.000000,0.000000,0.000000,0.000000,,,,,,,,,,,,
780216,,,,,,,,,,,0.000000,0.000000,0.000000,0.000000,0.000000,0.000000,,,,,,,,,,,,
780227,,,,,,,,,,,0.000000,0.000000,0.000000,0.000000,0.000000,0.000000,,,,,,,,,,,,
780231,,,,,,,,,,,0.000000,0.000000,0.000000,0.000000,0.000000,0.000000,,,,,,,,,,,,
780236,,,,,,,,,,,0.000000,0.000000,0.000000,0.000000,0.000000,0.000000,,,,,,,,,,,,
780241,,,,,,,,,,,0.000000,0.000000,0.000000,0.000000,0.000000,0.000000,,,,,,,,,,,,
780246,,,,,,,,,,,0.000000,0.000000,0.000000,0.000000,0.000000,0.000000,,,,,,,,,,,,
780251,,,,,,,,,,,0.000000,0.000000,0.000000,0.000000,0.000000,0.000000,,,,,,,,,,,,
780256,,,,,,,,,,,0.000000,0.000000,0.000000,0.000000,0.000000,0.000000,,,,,,,,,,,,
780261,,,,,,,,,,,0.000000,0.000000,0.000000,0.000000,0.000000,0.000000,,,,,,,,,,,,
780266,,,,,,,,,,,0.000000,0.000000,0.000000,0.000000,0.000000,0.000000,,,,,,,,,,,,
780271,,,,,,,,,,,0.000000,0.000000,0.000000,0.000000,0.000000,0.000000,,,,,,,,,,,,
780276,,,,,,,,,,,0.000000,0.000000,0.000000,0.000000,0.000000,0.000000,,,,,,,,,,,,
780288,,,,,,,,,,,0.000000,0.000000,0.000000,0.000000,0.000000,0.000000,,,,,,,,,,,,
780291,,,,,,,,,,,0.000000,0.000000,0.000000,0.000000,0.000000,0.000000,,,,,,,,,,,,
780296,,,,,,,,,,,0.000000,0.000000,0.000000,0.000000,0.000000,0.000000,,,,,,,,,,,,
780301,,,,,,,,,,,0.000000,0.000000,0.000000,0.000000,0.000000,0.000000,,,,,,,,,,,,
780306,,,,,,,,,,,0.000000,0.000000,0.000000,0.000000,0.000000,0.000000,,,,,,,,,,,,
780311,,,,,,,,,,,0.000000,0.000000,0.000000,0.000000,0.000000,0.000000,,,,,,,,,,,,
780316,,,,,,,,,,,0.000000,0.000000,0.000000,0.000000,0.000000,0.000000,,,,,,,,,,,,
780321,,,,,,,,,,,0.000000,0.000000,0.000000,0.000000,0.000000,0.000000,,,,,,,,,,,,
780326,,,,,,,,,,,0.000000,0.000000,0.000000,0.000000,0.000000,0.000000,,,,,,,,,,,,
780331,,,,,,,,,,,0.000000,0.000000,0.000000,0.000000,0.000000,0.000000,,,,,,,,,,,,
780336,,,,,,,,,,,0.000000,0.000000,0.000000,0.000000,0.000000,0.000000,,,,,,,,,,,,
780348,,,,,,,,,,,0.000000,0.000000,0.000000,0.000000,0.000000,0.000000,,,,,,,,,,,,
780351,,,,,,,,,,,0.000000,0.000000,0.000000,0.000000,0.000000,0.000000,,,,,,,,,,,,
780356,,,,,,,,,,,0.000000,0.000000,0.000000,0.000000,0.000000,0.000000,,,,,,,,,,,,
780361,,,,,,,,,,,0.000000,0.000000,0.000000,0.000000,0.000000,0.000000,,,,,,,,,,,,
780366,,,,,,,,,,,0.000000,0.000000,0.000000,0.000000,0.000000,0.000000,,,,,,,,,,,,
780371,,,,,,,,,,,0.000000,0.000000,0.000000,0.000000,0.000000,0.000000,,,,,,,,,,,,
780376,,,,,,,,,,,0.000000,0.000000,0.000000,0.000000,0.000000,0.000000,,,,,,,,,,,,
780381,,,,,,,,,,,0.000000,0.000000,0.000000,0.000000,0.000000,0.000000,,,,,,,,,,,,
780386,,,,,,,,,,,0.000000,0.000000,0.000000,0.000000,0.000000,0.000000,,,,,,,,,,,,
780391,,,,,,,,,,,0.000000,0.000000,0.000000,0.000000,0.000000,0.000000,,,,,,,,,,,,
780396,,,,,,,,,,,0.000000,0.000000,0.000000,0.000000,0.000000,0.000000,,,,,,,,,,,,
780408,,,,,,,,,,,0.000000,0.000000,0.000000,0.000000,0.000000,0.000000,,,,,,,,,,,,
780411,,,,,,,,,,,0.000000,0.000000,0.000000,0.000000,0.000000,0.000000,,,,,,,,,,,,
780416,,,,,,,,,,,0.000000,0.000000,0.000000,0.000000,0.000000,0.000000,,,,,,,,,,,,
780421,,,,,,,,,,,0.000000,0.000000,0.000000,0.000000,0.000000,0.000000,,,,,,,,,,,,
780426,,,,,,,,,,,0.000000,0.000000,0.000000,0.000000,0.000000,0.000000,,,,,,,,,,,,
780431,,,,,,,,,,,0.000000,0.000000,0.000000,0.000000,0.000000,0.000000,,,,,,,,,,,,
780436,,,,,,,,,,,0.000000,0.000000,0.000000,0.000000,0.000000,0.000000,,,,,,,,,,,,
780441,,,,,,,,,,,0.000000,0.000000,0.000000,0.000000,0.000000,0.000000,,,,,,,,,,,,
780446,,,,,,,,,,,0.000000,0.000000,0.000000,0.000000,0.000000,0.000000,,,,,,,,,,,,
780451,,,,,,,,,,,0.000000,0.000000,0.000000,0.000000,0.000000,0.000000,,,,,,,,,,,,
780456,,,,,,,,,,,0.000000,0.000000,0.000000,0.000000,0.000000,0.000000,,,,,,,,,,,,
780461,,,,,,,,,,,0.000000,0.000000,0.000000,0.000000,0.000000,0.000000,,,,,,,,,,,,
780466,,,,,,,,,,,0.000000,0.000000,0.000000,0.000000,0.000000,0.000000,,,,,,,,,,,,
780471,,,,,,,,,,,0.000000,0.000000,0.000000,0.000000,0.000000,0.000000,,,,,,,,,,,,
780476,,,,,,,,,,,0.000000,0.000000,0.000000,0.000000,0.000000,0.000000,,,,,,,,,,,,
780488,,,,,,,,,,,0.000000,0.000000,0.000000,0.000000,0.000000,0.000000,,,,,,,,,,,,
780491,,,,,,,,,,,0.000000,0.000000,0.000000,0.000000,0.000000,0.000000,,,,,,,,,,,,
780496,,,,,,,,,,,0.000000,0.000000,0.000000,0.000000,0.000000,0.000000,,,,,,,,,,,,
780501,,,,,,,,,,,0.000000,0.000000,0.000000,0.000000,0.000000,0.000000,,,,,,,,,,,,
780506,,,,,,,,,,,0.000000,0.000000,0.000000,0.000000,0.000000,0.000000,,,,,,,,,,,,
780511,,,,,,,,,,,0.000000,0.000000,0.000000,0.000000,0.000000,0.000000,,,,,,,,,,,,
780516,,,,,,,,,,,0.000000,0.000000,0.000000,0.000000,0.000000,0.000000,,,,,,,,,,,,
780521,,,,,,,,,,,0.000000,0.000000,0.000000,0.000000,0.000000,0.000000,,,,,,,,,,,,
780526,,,,,,,,,,,0.000000,0.000000,0.000000,0.000000,0.000000,0.000000,,,,,,,,,,,,
780531,,,,,,,,,,,0.000000,0.000000,0.000000,0.000000,0.000000,0.000000,,,,,,,,,,,,
780536,,,,,,,,,,,0.000000,0.000000,0.000000,0.000000,0.000000,0.000000,,,,,,,,,,,,
780548,,,,,,,,,,,0.000000,0.000000,0.000000,0.000000,0.000000,0.000000,,,,,,,,,,,,
780551,,,,,,,,,,,0.000000,0.000000,0.000000,0.000000,0.000000,0.000000,,,,,,,,,,,,
780556,,,,,,,,,,,0.000000,0.000000,0.000000,0.000000,0.000000,0.000000,,,,,,,,,,,,
780561,,,,,,,,,,,0.000000,0.000000,0.000000,0.000000,0.000000,0.000000,,,,,,,,,,,,
780566,,,,,,,,,,,0.000000,0.000000,0.000000,0.000000,0.000000,0.000000,,,,,,,,,,,,
780571,,,,,,,,,,,0.000000,0.000000,0.000000,0.000000,0.000000,0.000000,,,,,,,,,,,,
780576,,,,,,,,,,,0.000000,0.000000,0.000000,0.000000,0.000000,0.000000,,,,,,,,,,,,
780581,,,,,,,,,,,0.000000,0.000000,0.000000,0.000000,0.000000,0.000000,,,,,,,,,,,,
780586,,,,,,,,,,,0.000000,0.000000,0.000000,0.000000,0.000000,0.000000,,,,,,,,,,,,
780591,,,,,,,,,,,0.000000,0.000000,0.000000,0.000000,0.000000,0.000000,,,,,,,,,,,,
780596,,,,,,,,,,,0.000000,0.000000,0.000000,0.000000,0.000000,0.000000,,,,,,,,,,,,
780608,,,,,,,,,,,0.000000,0.000000,0.000000,0.000000,0.000000,0.000000,,,,,,,,,,,,
780611,,,,,,,,,,,0.000000,0.000000,0.000000,0.000000,0.000000,0.000000,,,,,,,,,,,,
780616,,,,,,,,,,,0.000000,0.000000,0.000000,0.000000,0.000000,0.000000,,,,,,,,,,,,
780621,,,,,,,,,,,0.000000,0.000000,0.000000,0.000000,0.000000,0.000000,,,,,,,,,,,,
780626,,,,,,,,,,,0.000000,0.000000,0.000000,0.000000,0.000000,0.000000,,,,,,,,,,,,
780631,,,,,,,,,,,0.000000,0.000000,0.000000,0.000000,0.000000,0.000000,,,,,,,,,,,,
780636,,,,,,,,,,,0.000000,0.000000,0.000000,0.000000,0.000000,0.000000,,,,,,,,,,,,
780641,,,,,,,,,,,0.000000,0.000000,0.000000,0.000000,0.000000,0.000000,,,,,,,,,,,,
780646,,,,,,,,,,,0.000000,0.000000,0.000000,0.000000,0.000000,0.000000,,,,,,,,,,,,
780651,,,,,,,,,,,0.000000,0.000000,0.000000,0.000000,0.000000,0.000000,,,,,,,,,,,,
780656,,,,,,,,,,,0.000000,0.000000,0.000000,0.000000,0.000000,0.000000,,,,,,,,,,,,
780661,,,,,,,,,,,0.000000,0.000000,0.000000,0.000000,0.000000,0.000000,,,,,,,,,,,,
780666,,,,,,,,,,,0.000000,0.000000,0.000000,0.000000,0.000000,0.000000,,,,,,,,,,,,
780671,,,,,,,,,,,0.000000,0.000000,0.000000,0.000000,0.000000,0.000000,,,,,,,,,,,,
780676,,,,,,,,,,,0.000000,0.000000,0.000000,0.000000,0.000000,0.000000,,,,,,,,,,,,
780687,,,,,,,,,,,0.000000,0.000000,0.000000,0.000000,0.000000,0.000000,,,,,,,,,,,,
780688,,,,,,,,,,,0.000000,0.000000,0.000000,0.000000,0.000000,0.000000,,,,,,,,,,,,
780691,,,,,,,,,,,0.000000,0.000000,0.000000,0.000000,0.000000,0.000000,,,,,,,,,,,,
780696,,,,,,,,,,,0.000000,0.000000,0.000000,0.000000,0.000000,0.000000,,,,,,,,,,,,
780701,,,,,,,,,,,0.000000,0.000000,0.000000,0.000000,0.000000,0.000000,,,,,,,,,,,,
780706,,,,,,,,,,,0.000000,0.000000,0.000000,0.000000,0.000000,0.000000,,,,,,,,,,,,
780711,,,,,,,,,,,0.000000,0.000000,0.000000,0.000000,0.000000,0.000000,,,,,,,,,,,,
780716,,,,,,,,,,,0.000000,0.000000,0.000000,0.000000,0.000000,0.000000,,,,,,,,,,,,
780721,,,,,,,,,,,0.000000,0.000000,0.000000,0.000000,0.000000,0.000000,,,,,,,,,,,,
780726,,,,,,,,,,,0.000000,0.000000,0.000000,0.000000,0.000000,0.000000,,,,,,,,,,,,
780731,,,,,,,,,,,0.000000,0.000000,0.000000,0.000000,0.000000,0.000000,,,,,,,,,,,,
780736,,,,,,,,,,,0.000000,0.000000,0.000000,0.000000,0.000000,0.000000,,,,,,,,,,,,
780758,,,,,,,,,,,0.000000,0.000000,0.000000,0.000000,0.000000,0.000000,,,,,,,,,,,,
780761,,,,,,,,,,,0.000000,0.000000,0.000000,0.000000,0.000000,0.000000,,,,,,,,,,,,
780766,,,,,,,,,,,0.000000,0.000000,0.000000,0.000000,0.000000,0.000000,,,,,,,,,,,,
780771,,,,,,,,,,,0.000000,0.000000,0.000000,0.000000,0.000000,0.000000,,,,,,,,,,,,
780776,,,,,,,,,,,0.000000,0.000000,0.000000,0.000000,0.000000,0.000000,,,,,,,,,,,,
780781,,,,,,,,,,,0.000000,0.000000,0.000000,0.000000,0.000000,0.000000,,,,,,,,,,,,
780786,,,,,,,,,,,0.000000,0.000000,0.000000,0.000000,0.000000,0.000000,,,,,,,,,,,,
780791,,,,,,,,,,,0.000000,0.000000,0.000000,0.000000,0.000000,0.000000,,,,,,,,,,,,
780796,,,,,,,,,,,0.000000,0.000000,0.000000,0.000000,0.000000,0.000000,,,,,,,,,,,,
780807,,,,,,,,,,,0.000000,0.000000,,,,,,,,,,,,,,,,
780808,,,,,,,,,,,0.000000,0.000000,0.000000,0.000000,0.000000,0.000000,,,,,,,,,,,,
780811,,,,,,,,,,,0.000000,0.000000,0.000000,0.000000,0.000000,0.000000,,,,,,,,,,,,
780816,,,,,,,,,,,0.000000,0.000000,0.000000,0.000000,0.000000,0.000000,,,,,,,,,,,,
780821,,,,,,,,,,,0.000000,0.000000,0.000000,0.000000,0.000000,0.000000,,,,,,,,,,,,
780826,,,,,,,,,,,0.000000,0.000000,0.000000,0.000000,0.000000,0.000000,,,,,,,,,,,,
780831,,,,,,,,,,,0.000000,0.000000,0.000000,0.000000,0.000000,0.000000,,,,,,,,,,,,
780836,,,,,,,,,,,0.000000,0.000000,0.000000,0.000000,0.000000,0.000000,,,,,,,,,,,,
780841,,,,,,,,,,,0.000000,0.000000,0.000000,0.000000,0.000000,0.000000,,,,,,,,,,,,
780846,,,,,,,,,,,0.000000,0.000000,0.000000,0.000000,0.000000,0.000000,,,,,,,,,,,,
780851,,,,,,,,,,,0.000000,0.000000,0.000000,0.000000,0.000000,0.000000,,,,,,,,,,,,
780856,,,,,,,,,,,0.000000,0.000000,0.000000,0.000000,0.000000,0.000000,,,,,,,,,,,,
780868,,,,,,,,,,,0.000000,0.000000,0.000000,0.000000,0.000000,0.000000,,,,,,,,,,,,
780871,,,,,,,,,,,0.000000,0.000000,0.000000,0.000000,0.000000,0.000000,,,,,,,,,,,,
780876,,,,,,,,,,,0.000000,0.000000,0.000000,0.000000,0.000000,0.000000,,,,,,,,,,,,
780881,,,,,,,,,,,0.000000,0.000000,0.000000,0.000000,0.000000,0.000000,,,,,,,,,,,,
780886,,,,,,,,,,,0.000000,0.000000,0.000000,0.000000,0.000000,0.000000,,,,,,,,,,,,
780891,,,,,,,,,,,0.000000,0.000000,0.000000,0.000000,0.000000,0.000000,,,,,,,,,,,,
780896,,,,,,,,,,,0.000000,0.000000,0.000000,0.000000,0.000000,0.000000,,,,,,,,,,,,
780901,,,,,,,,,,,0.000000,0.000000,0.000000,0.000000,0.000000,0.000000,,,,,,,,,,,,
780906,,,,,,,,,,,0.000000,0.000000,0.000000,0.000000,0.000000,0.000000,,,,,,,,,,,,
780911,,,,,,,,,,,0.000000,0.000000,0.000000,0.000000,0.000000,0.000000,,,,,,,,,,,,
780916,,,,,,,,,,,0.000000,0.000000,0.000000,0.000000,0.000000,0.000000,,,,,,,,,,,,
780921,,,,,,,,,,,0.000000,0.000000,0.000000,0.000000,0.000000,0.000000,,,,,,,,,,,,
780926,,,,,,,,,,,0.000000,0.000000,0.000000,0.000000,0.000000,0.000000,,,,,,,,,,,,
780931,,,,,,,,,,,0.000000,0.000000,0.000000,0.000000,0.000000,0.000000,,,,,,,,,,,,
780936,,,,,,,,,,,0.000000,0.000000,0.000000,0.000000,0.000000,0.000000,,,,,,,,,,,,
780948,,,,,,,,,,,0.000000,0.000000,0.000000,0.000000,0.000000,0.000000,,,,,,,,,,,,
780951,,,,,,,,,,,0.000000,0.000000,0.000000,0.000000,0.000000,0.000000,,,,,,,,,,,,
780956,,,,,,,,,,,0.000000,0.000000,0.000000,0.000000,0.000000,0.000000,,,,,,,,,,,,
780961,,,,,,,,,,,0.000000,0.000000,0.000000,0.000000,0.000000,0.000000,,,,,,,,,,,,
780966,,,,,,,,,,,0.000000,0.000000,0.000000,0.000000,0.000000,0.000000,,,,,,,,,,,,
780971,,,,,,,,,,,0.000000,0.000000,0.000000,0.000000,0.000000,0.000000,,,,,,,,,,,,
780976,,,,,,,,,,,0.000000,0.000000,0.000000,0.000000,0.000000,0.000000,,,,,,,,,,,,
780981,,,,,,,,,,,0.000000,0.000000,0.000000,0.000000,0.000000,0.000000,,,,,,,,,,,,
780986,,,,,,,,,,,0.000000,0.000000,0.000000,0.000000,0.000000,0.000000,,,,,,,,,,,,
780991,,,,,,,,,,,0.000000,0.000000,0.000000,0.000000,0.000000,0.000000,,,,,,,,,,,,
780996,,,,,,,,,,,0.000000,0.000000,0.000000,0.000000,0.000000,0.000000,,,,,,,,,,,,
781008,,,,,,,,,,,0.000000,0.000000,0.000000,0.000000,0.000000,0.000000,,,,,,,,,,,,
781011,,,,,,,,,,,0.000000,0.000000,0.000000,0.000000,0.000000,0.000000,,,,,,,,,,,,
781016,,,,,,,,,,,0.000000,0.000000,0.000000,0.000000,0.000000,0.000000,,,,,,,,,,,,
781021,,,,,,,,,,,0.000000,0.000000,0.000000,0.000000,0.000000,0.000000,,,,,,,,,,,,
781026,,,,,,,,,,,0.000000,0.000000,0.000000,0.000000,0.000000,0.000000,,,,,,,,,,,,
781031,,,,,,,,,,,0.000000,0.000000,0.000000,0.000000,0.000000,0.000000,,,,,,,,,,,,
781036,,,,,,,,,,,0.000000,0.000000,0.000000,0.000000,0.000000,0.000000,,,,,,,,,,,,
781041,,,,,,,,,,,0.000000,0.000000,0.000000,0.000000,0.000000,0.000000,,,,,,,,,,,,
781046,,,,,,,,,,,0.000000,0.000000,0.000000,0.000000,0.000000,0.000000,,,,,,,,,,,,
781051,,,,,,,,,,,0.000000,0.000000,0.000000,0.000000,0.000000,0.000000,,,,,,,,,,,,
781056,,,,,,,,,,,0.000000,0.000000,0.000000,0.000000,0.000000,0.000000,,,,,,,,,,,,
781068,,,,,,,,,,,0.000000,0.000000,0.000000,0.000000,0.000000,0.000000,,,,,,,,,,,,
781071,,,,,,,,,,,0.000000,0.000000,0.000000,0.000000,0.000000,0.000000,,,,,,,,,,,,
781076,,,,,,,,,,,0.000000,0.000000,0.000000,0.000000,0.000000,0.000000,,,,,,,,,,,,
781081,,,,,,,,,,,0.000000,0.000000,0.000000,0.000000,0.000000,0.000000,,,,,,,,,,,,
781086,,,,,,,,,,,0.000000,0.000000,0.000000,0.000000,0.000000,0.000000,,,,,,,,,,,,
781091,,,,,,,,,,,0.000000,0.000000,0.000000,0.000000,0.000000,0.000000,,,,,,,,,,,,
781096,,,,,,,,,,,0.000000,0.000000,0.000000,0.000000,0.000000,0.000000,,,,,,,,,,,,
781101,,,,,,,,,,,0.000000,0.000000,0.000000,0.000000,0.000000,0.000000,,,,,,,,,,,,
781106,,,,,,,,,,,0.000000,0.000000,0.000000,0.000000,0.000000,0.000000,,,,,,,,,,,,
781111,,,,,,,,,,,0.000000,0.000000,0.000000,0.000000,0.000000,0.000000,,,,,,,,,,,,
781116,,,,,,,,,,,0.000000,0.000000,0.000000,0.000000,0.000000,0.000000,,,,,,,,,,,,
781121,,,,,,,,,,,0.000000,0.000000,0.000000,0.000000,0.000000,0.000000,,,,,,,,,,,,
781126,,,,,,,,,,,0.000000,0.000000,0.000000,0.000000,0.000000,0.000000,,,,,,,,,,,,
781131,,,,,,,,,,,0.000000,0.000000,0.000000,0.000000,0.000000,0.000000,,,,,,,,,,,,
781136,,,,,,,,,,,0.000000,0.000000,0.000000,0.000000,0.000000,0.000000,,,,,,,,,,,,
781148,,,,,,,,,,,0.000000,0.000000,0.000000,0.000000,0.000000,0.000000,,,,,,,,,,,,
781151,,,,,,,,,,,0.000000,0.000000,0.000000,0.000000,0.000000,0.000000,,,,,,,,,,,,
781156,,,,,,,,,,,0.000000,0.000000,0.000000,0.000000,0.000000,0.000000,,,,,,,,,,,,
781161,,,,,,,,,,,0.000000,0.000000,0.000000,0.000000,0.000000,0.000000,,,,,,,,,,,,
781166,,,,,,,,,,,0.000000,0.000000,0.000000,0.000000,0.000000,0.000000,,,,,,,,,,,,
781171,,,,,,,,,,,0.000000,0.000000,0.000000,0.000000,0.000000,0.000000,,,,,,,,,,,,
781176,,,,,,,,,,,0.000000,0.000000,0.000000,0.000000,0.000000,0.000000,,,,,,,,,,,,
781181,,,,,,,,,,,0.000000,0.000000,0.000000,0.000000,0.000000,0.000000,,,,,,,,,,,,
781186,,,,,,,,,,,0.000000,0.000000,0.000000,0.000000,0.000000,0.000000,,,,,,,,,,,,
781191,,,,,,,,,,,0.000000,0.000000,0.000000,0.000000,0.000000,0.000000,,,,,,,,,,,,
781196,,,,,,,,,,,0.000000,0.000000,0.000000,0.000000,0.000000,0.000000,,,,,,,,,,,,
781207,,,,,,,,,,,0.000000,0.000000,,,0.000000,0.000000,,,,,,,,,,,,
781208,,,,,,,,,,,0.000000,0.000000,0.000000,0.000000,0.000000,0.000000,,,,,,,,,,,,
781211,,,,,,,,,,,0.000000,0.000000,0.000000,0.000000,0.000000,0.000000,,,,,,,,,,,,
781216,,,,,,,,,,,0.000000,0.000000,0.000000,0.000000,0.000000,0.000000,,,,,,,,,,,,
781221,,,,,,,,,,,0.000000,0.000000,0.000000,0.000000,0.000000,0.000000,,,,,,,,,,,,
781226,,,,,,,,,,,0.000000,0.000000,0.000000,0.000000,0.000000,0.000000,,,,,,,,,,,,
781231,,,,,,,,,,,0.000000,0.000000,0.000000,0.000000,0.000000,0.000000,,,,,,,,,,,,
781236,,,,,,,,,,,0.000000,0.000000,0.000000,0.000000,0.000000,0.000000,,,,,,,,,,,,
781241,,,,,,,,,,,0.000000,0.000000,0.000000,0.000000,0.000000,0.000000,,,,,,,,,,,,
781246,,,,,,,,,,,0.000000,0.000000,0.000000,0.000000,0.000000,0.000000,,,,,,,,,,,,
781251,,,,,,,,,,,0.000000,0.000000,0.000000,0.000000,0.000000,0.000000,,,,,,,,,,,,
781256,,,,,,,,,,,0.000000,0.000000,0.000000,0.000000,0.000000,0.000000,,,,,,,,,,,,
781272,,,,,,,,,,,0.000000,0.000000,0.000000,0.000000,0.000000,0.000000,,,,,,,,,,,,
781276,,,,,,,,,,,0.000402,0.000429,0.000000,0.000000,0.000004,0.000004,,,,,,,,,,,,
781281,,,,,,,,,,,0.000402,0.000429,0.000000,0.000000,0.000004,0.000004,,,,,,,,,,,,
781286,,,,,,,,,,,0.000402,0.000429,0.000000,0.000000,0.000004,0.000004,,,,,,,,,,,,
781291,,,,,,,,,,,54.270641,70.909851,0.000000,0.000000,0.548134,0.716190,,,,,,,,,,,,
781296,,,,,,,,,,,54.270641,70.909851,1.182890,1.182890,0.541614,0.711333,,,,,,,,,,,,
781301,,,,,,,,,,,54.270641,70.909851,3.446787,4.629677,0.524057,0.683494,,,,,,,,,,,,
781306,,,,,,,,,,,54.270641,70.909851,6.107139,9.553926,0.502270,0.640387,,,,,,,,,,,,
781311,,,,,,,,,,,53.882927,71.312645,10.312689,15.236937,0.460694,0.593192,,,,,,,,,,,,
781316,,,,,,,,,,,53.882927,71.312645,14.747458,22.204803,0.420260,0.528424,,,,,,,,,,,,
781328,,,,,,,,,,,53.882927,71.312645,24.258480,38.053589,0.330911,0.376294,,,,,,,,,,,,
781331,,,,,,,,,,,52.152855,72.428101,24.534872,39.507584,0.313608,0.376201,,,,,,,,,,,,
781336,,,,,,,,,,,52.152855,72.428101,27.153236,43.793571,0.289924,0.336204,,,,,,,,,,,,
781341,,,,,,,,,,,52.152855,72.428101,29.546082,47.710407,0.268256,0.299508,,,,,,,,,,,,
781346,,,,,,,,,,,52.152855,72.428101,31.141386,50.698441,0.254405,0.271800,,,,,,,,,,,,
781351,,,,,,,,,,,49.419853,72.979523,32.007843,52.837666,0.220151,0.257937,,,,,,,,,,,,
781356,,,,,,,,,,,49.419853,72.979523,31.616781,53.609749,0.225842,0.252153,,,,,,,,,,,,
781361,,,,,,,,,,,49.419853,72.979523,31.259401,53.723888,0.231232,0.252937,,,,,,,,,,,,
781366,,,,,,,,,,,49.419853,72.979523,30.341358,53.236752,0.242320,0.259783,,,,,,,,,,,,
781371,,,,,,,,,,,45.761829,73.036087,30.093830,53.383018,0.209782,0.260851,,,,,,,,,,,,
781376,,,,,,,,,,,45.761829,73.036087,29.867622,52.925243,0.213634,0.267440,,,,,,,,,,,,
781381,,,,,,,,,,,45.761829,73.036087,29.069452,51.915451,0.223284,0.279650,,,,,,,,,,,,
781386,,,,,,,,,,,45.761829,73.036087,28.340029,50.992634,0.232321,0.291082,,,,,,,,,,,,
781391,,,,,,,,,,,41.270954,72.676514,27.673431,50.149296,0.195438,0.298173,,,,,,,,,,,,
781396,,,,,,,,,,,41.270954,72.676514,27.064247,49.378597,0.202950,0.308209,,,,,,,,,,,,
781408,,,,,,,,,,,41.270954,72.676514,26.386448,48.805984,0.212457,0.318250,,,,,,,,,,,,
781411,,,,,,,,,,,36.588989,72.023926,25.296667,46.968094,0.177664,0.332608,,,,,,,,,,,,
781416,,,,,,,,,,,36.588989,72.023926,24.892195,46.471390,0.182878,0.340131,,,,,,,,,,,,
781421,,,,,,,,,,,36.588989,72.023926,24.522560,46.608913,0.187781,0.341297,,,,,,,,,,,,
781426,,,,,,,,,,,36.588989,72.023926,24.776207,46.734592,0.186426,0.342569,,,,,,,,,,,,
781431,,,,,,,,,,,32.109745,71.345863,24.416561,46.849445,0.145999,0.337089,,,,,,,,,,,,
781436,,,,,,,,,,,32.109745,71.345863,24.087893,46.954407,0.150088,0.338479,,,,,,,,,,,,
781441,,,,,,,,,,,32.109745,71.345863,23.196087,47.050327,0.159898,0.339949,,,,,,,,,,,,
781446,,,,,,,,,,,32.109745,71.345863,22.972538,47.729431,0.163047,0.335520,,,,,,,,,,,,
781451,,,,,,,,,,,28.410418,70.895691,22.768244,47.758598,0.128661,0.333040,,,,,,,,,,,,
781456,,,,,,,,,,,28.410418,70.895691,22.581545,48.376701,0.131111,0.329111,,,,,,,,,,,,
781468,,,,,,,,,,,28.410418,70.895691,22.102179,50.131256,0.136958,0.315246,,,,,,,,,,,,
781471,,,,,,,,,,,25.910585,70.741188,20.789959,48.179222,0.125594,0.335477,,,,,,,,,,,,
781476,,,,,,,,,,,25.910585,70.741188,20.773651,48.761093,0.126270,0.331857,,,,,,,,,,,,
781481,,,,,,,,,,,25.910585,70.741188,20.167301,49.292850,0.132908,0.328684,,,,,,,,,,,,
781486,,,,,,,,,,,25.910585,70.741188,19.613176,50.370251,0.139079,0.319947,,,,,,,,,,,,
781491,,,,,,,,,,,24.678942,70.626114,19.106779,50.763409,0.132384,0.316851,,,,,,,,,,,,
781496,,,,,,,,,,,24.678942,70.626114,18.643997,51.714149,0.137615,0.309235,,,,,,,,,,,,
781501,,,,,,,,,,,24.678942,70.626114,18.812521,52.583004,0.136517,0.302351,,,,,,,,,,,,
781506,,,,,,,,,,,24.678942,70.626114,18.375084,52.785580,0.141522,0.302109,,,,,,,,,,,,
781511,,,,,,,,,,,24.687000,70.486717,17.975325,53.562149,0.146271,0.294642,,,,,,,,,,,,
781516,,,,,,,,,,,24.687000,70.486717,17.609997,54.271835,0.150632,0.289166,,,,,,,,,,,,
781528,,,,,,,,,,,24.687000,70.486717,17.409647,57.267578,0.153927,0.261378,,,,,,,,,,,,
781531,,,,,,,,,,,25.522799,69.847687,16.501595,55.292336,0.172267,0.276195,,,,,,,,,,,,
781536,,,,,,,,,,,25.522799,69.847687,16.263199,55.853001,0.175577,0.271988,,,,,,,,,,,,
781541,,,,,,,,,,,25.522799,69.847687,16.045336,56.365376,0.178704,0.268213,,,,,,,,,,,,
781546,,,,,,,,,,,25.522799,69.847687,15.846237,56.833618,0.181662,0.264832,,,,,,,,,,,,
781551,,,,,,,,,,,26.876776,68.582260,15.664288,57.261532,0.198143,0.249030,,,,,,,,,,,,
781556,,,,,,,,,,,26.876776,68.582260,16.089455,57.652588,0.194970,0.246213,,,,,,,,,,,,
781561,,,,,,,,,,,26.876776,68.582260,15.886557,57.418518,0.198098,0.249670,,,,,,,,,,,,
781566,,,,,,,,,,,26.876776,68.582260,16.292580,57.796055,0.195096,0.246973,,,,,,,,,,,,
781571,,,,,,,,,,,28.643072,66.808624,16.072186,58.141071,0.216220,0.226653,,,,,,,,,,,,
781576,,,,,,,,,,,28.643072,66.808624,16.462219,57.864929,0.213538,0.230309,,,,,,,,,,,,
781581,,,,,,,,,,,28.643072,66.808624,16.818659,58.204014,0.211156,0.227779,,,,,,,,,,,,
781586,,,,,,,,,,,28.643072,66.808624,17.144400,57.922451,0.209048,0.231483,,,,,,,,,,,,
781591,,,,,,,,,,,30.575127,64.714073,17.442083,58.256584,0.226705,0.207842,,,,,,,,,,,,
781596,,,,,,,,,,,30.575127,64.714073,17.714128,57.970493,0.225271,0.211377,,,,,,,,,,,,
781608,,,,,,,,,,,30.575127,64.714073,20.919966,64.806381,0.194178,0.143009,,,,,,,,,,,,
781609,,,,,,,,,,,30.575127,64.714073,19.118124,59.816040,0.213342,0.193402,,,,,,,,,,,,
781611,,,,,,,,,,,32.578320,62.588226,18.654366,56.438408,0.239404,0.206535,,,,,,,,,,,,
781616,,,,,,,,,,,32.578320,62.588226,18.821997,56.308914,0.239103,0.208458,,,,,,,,,,,,
781621,,,,,,,,,,,32.578320,62.588226,19.566633,56.190575,0.232958,0.210281,,,,,,,,,,,,
781626,,,,,,,,,,,32.578320,62.588226,19.655689,56.082428,0.233360,0.212013,,,,,,,,,,,,
781631,,,,,,,,,,,34.582790,60.692314,20.328520,55.983597,0.248102,0.194513,,,,,,,,,,,,
781636,,,,,,,,,,,34.582790,60.692314,20.943399,55.301830,0.243317,0.201870,,,,,,,,,,,,
781641,,,,,,,,,,,34.582790,60.692314,22.096764,55.270233,0.233032,0.202728,,,,,,,,,,,,
781646,,,,,,,,,,,34.582790,60.692314,22.559345,54.649910,0.229608,0.209536,,,,,,,,,,,,
781651,,,,,,,,,,,36.788628,59.321899,22.982084,54.674461,0.248820,0.196051,,,,,,,,,,,,
781656,,,,,,,,,,,36.788628,59.321899,23.368412,54.105453,0.246299,0.202262,,,,,,,,,,,,
781668,,,,,,,,,,,36.788628,59.321899,25.461857,54.915668,0.227390,0.194524,,,,,,,,,,,,
781671,,,,,,,,,,,38.856258,58.339890,24.451712,52.551552,0.259608,0.208924,,,,,,,,,,,,
781676,,,,,,,,,,,38.856258,58.339890,25.302904,52.165390,0.252451,0.213403,,,,,,,,,,,,
781681,,,,,,,,,,,38.856258,58.339890,26.080784,51.812489,0.245950,0.217585,,,,,,,,,,,,
781686,,,,,,,,,,,38.856258,58.339890,26.200220,51.489983,0.246021,0.221495,,,,,,,,,,,,
781691,,,,,,,,,,,40.938988,57.994713,26.900814,51.195255,0.261247,0.221670,,,,,,,,,,,,
781696,,,,,,,,,,,40.938988,57.994713,27.541065,51.517357,0.256184,0.219097,,,,,,,,,,,,
781701,,,,,,,,,,,40.938988,57.994713,28.126171,51.220272,0.251614,0.222745,,,,,,,,,,,,
781706,,,,,,,,,,,40.938988,57.994713,28.660883,50.948772,0.247495,0.226165,,,,,,,,,,,,
781711,,,,,,,,,,,42.988941,57.994316,29.740984,50.700657,0.258518,0.229371,,,,,,,,,,,,
781716,,,,,,,,,,,42.988941,57.994316,30.136612,50.473911,0.255847,0.232391,,,,,,,,,,,,
781728,,,,,,,,,,,42.988941,57.994316,32.735882,51.882755,0.231596,0.219036,,,,,,,,,,,,
781731,,,,,,,,,,,45.119686,58.506023,31.690668,49.779861,0.264699,0.246054,,,,,,,,,,,,
781736,,,,,,,,,,,45.119686,58.506023,32.509815,49.632427,0.257768,0.248416,,,,,,,,,,,,
781741,,,,,,,,,,,45.119686,58.506023,32.666962,50.089134,0.257442,0.244691,,,,,,,,,,,,
781746,,,,,,,,,,,45.119686,58.506023,33.402020,49.915062,0.251263,0.247290,,,,,,,,,,,,
781751,,,,,,,,,,,47.206322,59.088261,34.073765,49.755981,0.266726,0.255637,,,,,,,,,,,,
781756,,,,,,,,,,,47.206322,59.088261,34.687653,50.202049,0.261839,0.252065,,,,,,,,,,,,
781761,,,,,,,,,,,47.206322,59.088261,35.248669,50.018250,0.257424,0.254810,,,,,,,,,,,,
781766,,,,,,,,,,,47.206322,59.088261,35.761364,50.441727,0.253442,0.251440,,,,,,,,,,,,
781771,,,,,,,,,,,49.246731,59.762852,36.229900,50.237286,0.270462,0.261183,,,,,,,,,,,,
781776,,,,,,,,,,,49.246731,59.762852,36.658081,50.641895,0.267439,0.258049,,,,,,,,,,,,
781787,,,,,,,,,,,49.246731,59.762852,42.372387,56.926105,0.210984,0.195490,,,,,,,,,,,,
781788,,,,,,,,,,,49.246731,59.762852,38.722843,52.023048,0.248531,0.245295,,,,,,,,,,,,
781791,,,,,,,,,,,51.356430,60.647301,37.753418,50.499516,0.280683,0.270389,,,,,,,,,,,,
781796,,,,,,,,,,,51.356430,60.647301,38.050377,50.881542,0.279044,0.267546,,,,,,,,,,,,
781801,,,,,,,,,,,51.356430,60.647301,38.913204,51.230663,0.271660,0.264996,,,,,,,,,,,,
781806,,,,,,,,,,,51.356430,60.647301,39.701717,52.141159,0.264940,0.256742,,,,,,,,,,,,
781811,,,,,,,,,,,53.451088,61.536251,39.830868,52.381790,0.285957,0.264140,,,,,,,,,,,,
781816,,,,,,,,,,,53.451088,61.536251,40.540340,52.601696,0.280154,0.262835,,,,,,,,,,,,
781821,,,,,,,,,,,53.451088,61.536251,41.188705,52.802662,0.274896,0.261698,,,,,,,,,,,,
781826,,,,,,,,,,,53.451088,61.536251,41.781227,52.986317,0.270138,0.260717,,,,,,,,,,,,
781831,,,,,,,,,,,55.579483,62.430801,42.322716,53.154152,0.287333,0.268912,,,,,,,,,,,,
781836,,,,,,,,,,,55.579483,62.430801,42.817566,53.898979,0.283661,0.262317,,,,,,,,,,,,
781841,,,,,,,,,,,55.579483,62.430801,43.269794,53.988209,0.280369,0.262269,,,,,,,,,,,,
781846,,,,,,,,,,,55.579483,62.430801,43.683071,54.661198,0.277426,0.256316,,,,,,,,,,,,
781851,,,,,,,,,,,57.789665,63.493519,44.060753,54.684776,0.297124,0.267588,,,,,,,,,,,,
781856,,,,,,,,,,,57.789665,63.493519,44.405907,55.297768,0.295011,0.262278,,,,,,,,,,,,
781868,,,,,,,,,,,57.789665,63.493519,46.815014,57.583889,0.272673,0.240120,,,,,,,,,,,,
781871,,,,,,,,,,,59.948177,64.584106,45.740051,55.581402,0.306429,0.271951,,,,,,,,,,,,
781876,,,,,,,,,,,59.948177,64.584106,45.940567,55.525723,0.305825,0.273414,,,,,,,,,,,,
781881,,,,,,,,,,,59.948177,64.584106,46.715256,56.066284,0.299401,0.268860,,,,,,,,,,,,
781886,,,,,,,,,,,59.948177,64.584106,46.831776,55.968842,0.299547,0.270696,,,,,,,,,,,,
781891,,,,,,,,,,,61.996490,65.646568,47.529705,56.471237,0.314498,0.277214,,,,,,,,,,,,
781896,,,,,,,,,,,61.996490,65.646568,48.167522,56.930363,0.309503,0.273495,,,,,,,,,,,,
781901,,,,,,,,,,,61.996490,65.646568,48.750404,56.758499,0.304999,0.276102,,,,,,,,,,,,
781906,,,,,,,,,,,61.996490,65.646568,49.283081,57.192883,0.300943,0.272604,,,,,,,,,,,,
781911,,,,,,,,,,,63.986412,66.706261,49.769878,57.589851,0.317396,0.280142,,,,,,,,,,,,
781916,,,,,,,,,,,63.986412,66.706261,50.214748,57.952629,0.314324,0.277390,,,,,,,,,,,,
781928,,,,,,,,,,,63.986412,66.706261,52.798264,60.290684,0.290294,0.254724,,,,,,,,,,,,
781931,,,,,,,,,,,65.816956,67.841324,51.207962,58.055058,0.325963,0.289410,,,,,,,,,,,,
781936,,,,,,,,,,,65.816956,67.841324,51.528969,58.377766,0.324182,0.287129,,,,,,,,,,,,
781941,,,,,,,,,,,65.816956,67.841324,52.413773,58.672680,0.316674,0.285097,,,,,,,,,,,,
781946,,,,,,,,,,,65.816956,67.841324,52.630924,58.942192,0.315821,0.283292,,,,,,,,,,,,
781951,,,,,,,,,,,67.712219,68.935516,53.420815,59.779938,0.328304,0.286772,,,,,,,,,,,,
781956,,,,,,,,,,,67.712219,68.935516,54.142673,59.954082,0.322443,0.285928,,,,,,,,,,,,
781961,,,,,,,,,,,67.712219,68.935516,54.210915,60.113228,0.323110,0.285219,,,,,,,,,,,,
781966,,,,,,,,,,,67.712219,68.935516,54.864723,60.850113,0.317857,0.278659,,,,,,,,,,,,
781971,,,,,,,,,,,69.432205,69.925003,55.462219,60.932083,0.330479,0.288633,,,,,,,,,,,,
781976,,,,,,,,,,,69.432205,69.925003,56.008251,61.598438,0.326361,0.282802,,,,,,,,,,,,
781988,,,,,,,,,,,69.432205,69.925003,58.717758,63.926956,0.300920,0.260179,,,,,,,,,,,,
781991,,,,,,,,,,,71.036049,71.011597,56.617611,61.378139,0.339402,0.297497,,,,,,,,,,,,
781996,,,,,,,,,,,71.036049,71.011597,57.064129,61.414631,0.336334,0.298091,,,,,,,,,,,,
782001,,,,,,,,,,,71.036049,71.011597,57.472187,62.039425,0.333610,0.292741,,,,,,,,,,,,
782006,,,,,,,,,,,71.036049,71.011597,57.845100,62.610405,0.331200,0.287871,,,,,,,,,,,,
782011,,,,,,,,,,,72.675766,72.077087,58.777340,63.132206,0.339664,0.294202,,,,,,,,,,,,
782016,,,,,,,,,,,72.675766,72.077087,59.037838,63.017620,0.338423,0.296254,,,,,,,,,,,,
782021,,,,,,,,,,,72.675766,72.077087,59.867344,63.504349,0.331409,0.292244,,,,,,,,,,,,
782026,,,,,,,,,,,72.675766,72.077087,60.033962,63.949154,0.331007,0.288609,,,,,,,,,,,,
782031,,,,,,,,,,,74.020226,72.942932,60.777672,64.355652,0.338339,0.294061,,,,,,,,,,,,
782036,,,,,,,,,,,74.020226,72.942932,61.457329,64.727135,0.332798,0.291168,,,,,,,,,,,,
782041,,,,,,,,,,,74.020226,72.942932,62.078445,65.066620,0.327781,0.288561,,,,,,,,,,,,
782046,,,,,,,,,,,74.020226,72.942932,62.646065,65.376869,0.323243,0.286215,,,,,,,,,,,,
782051,,,,,,,,,,,0.000000,0.000000,63.164795,65.660393,-0.428463,-0.452616,,,,,,,,,,,,
782056,,,,,,,,,,,0.000000,0.000000,61.864513,64.145164,-0.421647,-0.443878,,,,,,,,,,,,
782068,,,,,,,,,,,0.000000,0.000000,53.288155,53.571346,-0.347043,-0.349359,,,,,,,,,,,,
782071,,,,,,,,,,,0.000000,0.000000,48.106991,48.365791,-0.300042,-0.302140,,,,,,,,,,,,
782076,,,,,,,,,,,0.000000,0.000000,42.780636,42.425701,-0.251057,-0.246982,,,,,,,,,,,,
782081,,,,,,,,,,,0.000000,0.000000,39.095932,37.588676,-0.218119,-0.202370,,,,,,,,,,,,
782086,,,,,,,,,,,0.000000,0.000000,35.728592,33.759712,-0.188019,-0.167457,,,,,,,,,,,,
782091,,,,,,,,,,,0.000000,0.000000,32.059837,30.851982,-0.154537,-0.141465,,,,,,,,,,,,
782096,,,,,,,,,,,0.000000,0.000000,29.298517,27.011805,-0.129854,-0.105764,,,,,,,,,,,,
782101,,,,,,,,,,,0.000000,0.000000,25.592140,24.093828,-0.095349,-0.078994,,,,,,,,,,,,
782106,,,,,,,,,,,0.000000,0.000000,22.796438,20.835732,-0.069672,-0.048496,,,,,,,,,,,,
782111,,,,,,,,,,,0.000000,0.000000,19.650087,17.858255,-0.040174,-0.020507,,,,,,,,,,,,
782116,,,,,,,,,,,0.000000,0.000000,17.366177,15.728676,-0.019071,-0.000784,,,,,,,,,,,,
782128,,,,,,,,,,,0.000000,0.000000,13.422494,12.646368,0.017555,0.027455,,,,,,,,,,,,
782131,,,,,,,,,,,0.000000,0.000000,12.857857,12.148579,0.021915,0.031218,,,,,,,,,,,,
782136,,,,,,,,,,,0.000000,0.000000,14.707631,13.467999,0.001947,0.016677,,,,,,,,,,,,
782141,,,,,,,,,,,0.000000,0.000000,16.989529,15.856667,-0.022571,-0.008795,,,,,,,,,,,,
782146,,,,,,,,,,,0.000000,0.000000,17.891996,16.856709,-0.033385,-0.020481,,,,,,,,,,,,
782151,,,,,,,,,,,0.000000,0.000000,17.533844,16.587727,-0.031557,-0.019450,,,,,,,,,,,,
782156,,,,,,,,,,,0.000000,0.000000,17.206541,16.341911,-0.030004,-0.018626,,,,,,,,,,,,
782161,,,,,,,,,,,0.000000,0.000000,16.315983,14.934380,-0.022730,-0.006045,,,,,,,,,,,,
782166,,,,,,,,,,,0.000000,0.000000,15.502129,14.239523,-0.016142,-0.000520,,,,,,,,,,,,
782171,,,,,,,,,,,0.000000,0.000000,14.166927,13.013070,-0.004207,0.010443,,,,,,,,,,,,
782176,,,,,,,,,,,0.000000,0.000000,12.946727,11.892252,0.006701,0.020462,,,,,,,,,,,,
782188,,,,,,,,,,,0.000000,0.000000,14.055584,13.225872,-0.007332,0.004421,,,,,,,,,,,,
782191,,,,,,,,,,,0.000000,0.000000,14.027864,12.678170,-0.008457,0.008630,,,,,,,,,,,,
782196,,,,,,,,,,,0.000000,0.000000,14.593975,13.360532,-0.015578,0.000470,,,,,,,,,,,,
782201,,,,,,,,,,,0.000000,0.000000,15.111328,13.392676,-0.022262,-0.001190,,,,,,,,,,,,
782206,,,,,,,,,,,0.000000,0.000000,14.401231,13.422052,-0.016602,-0.002826,,,,,,,,,,,,
782211,,,,,,,,,,,0.000000,0.000000,14.343740,12.857453,-0.017461,0.001534,,,,,,,,,,,,
782216,,,,,,,,,,,0.000000,0.000000,14.291200,12.932928,-0.018365,-0.000514,,,,,,,,,,,,
782221,,,,,,,,,,,0.000000,0.000000,14.243185,13.001902,-0.019309,-0.002504,,,,,,,,,,,,
782226,,,,,,,,,,,0.000000,0.000000,14.790751,13.064935,-0.026264,-0.004441,,,,,,,,,,,,
782231,,,,,,,,,,,0.000000,0.000000,14.699711,13.122539,-0.026823,-0.006329,,,,,,,,,,,,
782236,,,,,,,,,,,0.000000,0.000000,14.025066,12.583736,-0.021479,-0.002199,,,,,,,,,,,,
782248,,,,,,,,,,,0.000000,0.000000,13.875161,12.130919,-0.022886,-0.000212,,,,,,,,,,,,
782251,,,,,,,,,,,0.000000,0.000000,13.271536,11.677525,-0.018177,0.003154,,,,,,,,,,,,
782256,,,,,,,,,,,0.000000,0.000000,12.719901,11.263182,-0.013933,0.006172,,,,,,,,,,,,
782261,,,,,,,,,,,0.000000,0.000000,12.215778,10.884526,-0.010113,0.008870,,,,,,,,,,,,
782266,,,,,,,,,,,0.000000,0.000000,11.755075,9.947040,-0.006681,0.017250,,,,,,,,,,,,
782271,,,,,,,,,,,0.000000,0.000000,11.334053,9.681744,-0.003605,0.018935,,,,,,,,,,,,
782276,,,,,,,,,,,0.000000,0.000000,10.949293,8.847853,-0.000852,0.026389,,,,,,,,,,,,
782281,,,,,,,,,,,0.000000,0.000000,10.006228,8.677230,0.007578,0.027227,,,,,,,,,,,,
782286,,,,,,,,,,,0.000000,0.000000,9.144390,7.929858,0.015282,0.033908,,,,,,,,,,,,
782291,,,,,,,,,,,0.000000,0.000000,8.948227,7.838303,0.016349,0.034040,,,,,,,,,,,,
782296,,,,,,,,,,,0.000000,0.000000,8.177514,7.163188,0.023238,0.040074,,,,,,,,,,,,
782301,,,,,,,,,,,0.000000,0.000000,7.473183,7.137666,0.029534,0.039616,,,,,,,,,,,,
782306,,,,,,,,,,,0.000000,0.000000,6.829516,6.522898,0.035288,0.045111,,,,,,,,,,,,
782311,,,,,,,,,,,-35.779987,-34.691273,6.241289,5.961079,-0.320832,-0.300248,,,,,,,,,,,,
782316,,,,,,,,,,,-35.779987,-34.691273,5.112280,5.447650,-0.313631,-0.299128,,,,,,,,,,,,
782327,,,,,,,,,,,-35.779987,-34.691273,3.489069,2.612664,-0.301326,-0.274509,,,,,,,,,,,,
782328,,,,,,,,,,,-35.779987,-34.691273,3.188555,2.387634,-0.302217,-0.275966,,,,,,,,,,,,
782331,,,,,,,,,,,9.650330,22.733416,2.322479,1.590542,0.161479,0.308366,,,,,,,,,,,,
782336,,,,,,,,,,,9.650330,22.733416,1.530999,1.453548,0.170206,0.311864,,,,,,,,,,,,
782341,,,,,,,,,,,9.650330,22.733416,1.990578,2.511244,0.166376,0.303309,,,,,,,,,,,,
782346,,,,,,,,,,,9.650330,22.733416,2.410574,4.660729,0.162900,0.283621,,,,,,,,,,,,
782351,,,,,,,,,,,-7.243719,29.259401,2.794396,6.625079,-0.010882,0.331501,,,,,,,,,,,,
782356,,,,,,,,,,,-7.243719,29.259401,2.553714,7.828794,-0.009455,0.321607,,,,,,,,,,,,
782361,,,,,,,,,,,-7.243719,29.259401,2.333762,8.928833,-0.008213,0.312640,,,,,,,,,,,,
782366,,,,,,,,,,,-7.243719,29.259401,2.132755,9.934126,-0.007141,0.304519,,,,,,,,,,,,
782371,,,,,,,,,,,-19.793058,36.515182,1.949060,11.444277,-0.132972,0.364483,,,,,,,,,,,,
782376,,,,,,,,,,,-19.793058,36.515182,1.781187,13.415803,-0.133450,0.347078,,,,,,,,,,,,
782388,,,,,,,,,,,-19.793058,36.515182,-0.133938,20.933378,-0.118230,0.274821,,,,,,,,,,,,
782391,,,,,,,,,,,-33.327103,44.103195,-0.713847,22.087606,-0.251032,0.341360,,,,,,,,,,,,
782396,,,,,,,,,,,-33.327103,44.103195,-1.835253,26.099644,-0.242967,0.303040,,,,,,,,,,,,
782401,,,,,,,,,,,-33.327103,44.103195,-2.860072,28.583235,-0.235766,0.279756,,,,,,,,,,,,
782406,,,,,,,,,,,-33.327103,44.103195,-3.796623,29.670025,-0.229353,0.270332,,,,,,,,,,,,
782411,,,,,,,,,,,-45.613392,48.567604,-4.652509,29.480320,-0.347754,0.318782,,,,,,,,,,,,
782416,,,,,,,,,,,-45.613392,48.567604,-6.617567,29.306953,-0.332003,0.322441,,,,,,,,,,,,
782421,,,,,,,,,,,-45.613392,48.567604,-8.413374,30.331409,-0.317765,0.314020,,,,,,,,,,,,
782426,,,,,,,,,,,-45.613392,48.567604,-10.054508,31.267628,-0.304909,0.306388,,,,,,,,,,,,
782431,,,,,,,,,,,-49.739460,47.493599,-12.737181,32.714653,-0.323043,0.282656,,,,,,,,,,,,
782436,,,,,,,,,,,-49.739460,47.493599,-14.005904,33.445602,-0.313929,0.276751,,,,,,,,,,,,
782448,,,,,,,,,,,-49.739460,47.493599,-18.234127,35.499413,-0.277841,0.258277,,,,,,,,,,,,
782451,,,,,,,,,,,-45.132725,43.457008,-18.437952,34.807621,-0.232405,0.225694,,,,,,,,,,,,
782456,,,,,,,,,,,-45.132725,43.457008,-19.807112,35.358303,-0.221246,0.220997,,,,,,,,,,,,
782461,,,,,,,,,,,-45.132725,43.457008,-21.058346,35.861553,-0.211141,0.216724,,,,,,,,,,,,
782466,,,,,,,,,,,-45.132725,43.457008,-22.793255,36.912903,-0.196026,0.206865,,,,,,,,,,,,
782471,,,,,,,,,,,-35.732765,41.036827,-23.787291,37.282257,-0.093280,0.179345,,,,,,,,,,,,
782476,,,,,,,,,,,-35.732765,41.036827,-25.287155,38.211243,-0.079326,0.170338,,,,,,,,,,,,
782481,,,,,,,,,,,-35.732765,41.036827,-25.474947,38.468769,-0.078474,0.168020,,,,,,,,,,,,
782486,,,,,,,,,,,-35.732765,41.036827,-26.238008,38.704117,-0.071793,0.165899,,,,,,,,,,,,
782491,,,,,,,,,,,-24.722309,42.604050,-26.935349,39.510635,0.045506,0.173816,,,,,,,,,,,,
782496,,,,,,,,,,,-24.722309,42.604050,-26.981180,39.656246,0.046190,0.172654,,,,,,,,,,,,
782508,,,,,,,,,,,-24.722309,42.604050,-26.857576,40.686283,0.045634,0.162354,,,,,,,,,,,,
782511,,,,,,,,,,,-15.795403,47.189426,-25.135773,38.956299,0.118620,0.226331,,,,,,,,,,,,
782516,,,,,,,,,,,-15.795403,47.189426,-24.153713,39.149654,0.109635,0.225202,,,,,,,,,,,,
782521,,,,,,,,,,,-15.795403,47.189426,-22.664793,39.326355,0.095433,0.224221,,,,,,,,,,,,
782526,,,,,,,,,,,-15.795403,47.189426,-20.712669,39.487839,0.076403,0.223376,,,,,,,,,,,,
782531,,,,,,,,,,,-11.296533,53.469982,-18.928682,39.635414,0.104315,0.286089,,,,,,,,,,,,
782536,,,,,,,,,,,-11.296533,53.469982,-17.298351,39.770279,0.088612,0.286111,,,,,,,,,,,,
782541,,,,,,,,,,,-11.296533,53.469982,-15.808441,39.302082,0.074164,0.292209,,,,,,,,,,,,
782546,,,,,,,,,,,-11.296533,53.469982,-14.446857,40.057098,0.060863,0.286001,,,,,,,,,,,,
782551,,,,,,,,,,,-11.481927,61.203911,-13.202547,40.155643,0.046738,0.364459,,,,,,,,,,,,
782556,,,,,,,,,,,-11.481927,61.203911,-12.065409,40.837143,0.035425,0.359681,,,,,,,,,,,,
782561,,,,,,,,,,,-11.481927,61.203911,-11.026213,41.459946,0.024988,0.355427,,,,,,,,,,,,
782566,,,,,,,,,,,-11.481927,61.203911,-10.076523,42.029106,0.015350,0.351653,,,,,,,,,,,,
782571,,,,,,,,,,,-15.976307,69.994179,-9.208630,43.140690,-0.038949,0.431125,,,,,,,,,,,,
782576,,,,,,,,,,,-15.976307,69.994179,-9.006933,43.565086,-0.041663,0.429524,,,,,,,,,,,,
782588,,,,,,,,,,,-15.976307,69.994179,-8.062716,48.274811,-0.052612,0.386316,,,,,,,,,,,,
782591,,,,,,,,,,,-21.116360,77.197701,-7.368272,47.074116,-0.112332,0.473370,,,,,,,,,,,,
782596,,,,,,,,,,,-21.116360,77.197701,-7.325087,48.934059,-0.114143,0.457597,,,,,,,,,,,,
782601,,,,,,,,,,,-21.116360,77.197701,-7.285620,50.042362,-0.115921,0.449230,,,,,,,,,,,,
782606,,,,,,,,,,,-21.116360,77.197701,-7.840998,51.646652,-0.111694,0.435742,,,,,,,,,,,,
782611,,,,,,,,,,,-21.242052,77.194214,-8.348541,53.704208,-0.109165,0.417481,,,,,,,,,,,,
782616,,,,,,,,,,,-21.242052,77.194214,-8.220924,54.993103,-0.111743,0.406812,,,,,,,,,,,,
782621,,,,,,,,,,,-21.242052,77.194214,-8.695745,56.170986,-0.108250,0.397135,,,,,,,,,,,,
782626,,,,,,,,,,,-21.242052,77.194214,-8.538223,57.247417,-0.111095,0.388366,,,,,,,,,,,,
782631,,,,,,,,,,,-12.651134,77.432304,-8.985714,58.822578,-0.021078,0.376856,,,,,,,,,,,,
782636,,,,,,,,,,,-12.651134,77.432304,-9.394662,59.670628,-0.017314,0.370152,,,,,,,,,,,,
782648,,,,,,,,,,,-12.651134,77.432304,-8.927034,63.938438,-0.022651,0.329634,,,,,,,,,,,,
782651,,,,,,,,,,,2.689957,77.857452,-8.749592,61.388634,0.130129,0.361031,,,,,,,,,,,,
782656,,,,,,,,,,,2.689957,77.857452,-7.995988,62.607113,0.123662,0.350371,,,,,,,,,,,,
782661,,,,,,,,,,,2.689957,77.857452,-7.307292,63.720642,0.117775,0.340649,,,,,,,,,,,,
782666,,,,,,,,,,,2.689957,77.857452,-6.677914,64.146820,0.112418,0.337759,,,,,,,,,,,,
782671,,,,,,,,,,,21.674910,78.383598,-6.102744,65.127731,0.299293,0.334537,,,,,,,,,,,,
782676,,,,,,,,,,,21.674910,78.383598,-5.577113,65.432716,0.296762,0.332782,,,,,,,,,,,,
782681,,,,,,,,,,,21.674910,78.383598,-3.913866,65.711433,0.282689,0.331262,,,,,,,,,,,,
782686,,,,,,,,,,,21.674910,78.383598,-2.985319,66.557587,0.275869,0.323983,,,,,,,,,,,,
782691,,,,,,,,,,,21.674910,78.383598,-0.953858,66.739418,0.257817,0.323329,,,,,,,,,,,,
782696,,,,,,,,,,,42.327141,78.955948,0.311188,66.905586,0.455891,0.328596,,,,,,,,,,,,
782708,,,,,,,,,,,42.327141,78.955948,6.205430,69.389328,0.404114,0.305018,,,,,,,,,,,,
782711,,,,,,,,,,,64.339935,79.566002,8.036735,66.370033,0.611560,0.342631,,,,,,,,,,,,
782716,,,,,,,,,,,64.339935,79.566002,12.076088,66.568016,0.576392,0.341951,,,,,,,,,,,,
782721,,,,,,,,,,,64.339935,79.566002,16.950420,66.748947,0.532388,0.341423,,,,,,,,,,,,
782726,,,,,,,,,,,64.339935,79.566002,21.996370,66.914299,0.486163,0.341035,,,,,,,,,,,,
782731,,,,,,,,,,,42.475651,78.960060,26.607712,67.065407,0.222993,0.334654,,,,,,,,,,,,
782736,,,,,,,,,,,42.475651,78.960060,30.821877,66.612053,0.182017,0.340422,,,,,,,,,,,,
782741,,,,,,,,,,,42.475651,78.960060,33.490185,66.789192,0.156233,0.339868,,,,,,,,,,,,
782746,,,,,,,,,,,42.475651,78.960060,35.337227,66.359627,0.138476,0.345424,,,,,,,,,,,,
782751,,,,,,,,,,,51.940350,79.222359,35.842293,66.558510,0.229682,0.347324,,,,,,,,,,,,
782756,,,,,,,,,,,51.940350,79.222359,35.712414,66.740257,0.232604,0.346755,,,,,,,,,,,,
782761,,,,,,,,,,,51.940350,79.222359,35.002277,66.906357,0.241399,0.346326,,,,,,,,,,,,
782766,,,,,,,,,,,51.940350,79.222359,34.353302,67.058144,0.249647,0.346024,,,,,,,,,,,,
782771,,,,,,,,,,,60.242756,79.452454,33.760223,66.605415,0.341250,0.354137,,,,,,,,,,,,
782776,,,,,,,,,,,60.242756,79.452454,33.218227,66.783127,0.349373,0.353627,,,,,,,,,,,,
782787,,,,,,,,,,,60.242756,79.452454,34.228512,68.256989,0.344150,0.340549,,,,,,,,,,,,
782791,,,,,,,,,,,67.549545,79.654953,33.646183,65.926666,0.426432,0.367250,,,,,,,,,,,,
782796,,,,,,,,,,,67.549545,79.654953,34.296898,65.571396,0.423250,0.372211,,,,,,,,,,,,
782801,,,,,,,,,,,67.549545,79.654953,35.483013,65.838165,0.414595,0.370925,,,,,,,,,,,,
782806,,,,,,,,,,,67.549545,79.654953,37.158413,66.081963,0.400881,0.369844,,,,,,,,,,,,
782811,,,,,,,,,,,73.677025,79.824760,38.098064,66.304756,0.456317,0.370666,,,,,,,,,,,,
782816,,,,,,,,,,,73.677025,79.824760,39.548229,65.916916,0.445228,0.375936,,,,,,,,,,,,
782821,,,,,,,,,,,73.677025,79.824760,41.464935,66.153931,0.429282,0.374932,,,,,,,,,,,,
782826,,,,,,,,,,,73.677025,79.824760,43.807999,66.961975,0.408838,0.368138,,,,,,,,,,,,
782831,,,,,,,,,,,78.225746,79.950821,45.357811,67.108978,0.442114,0.369213,,,,,,,,,,,,
782836,,,,,,,,,,,78.225746,79.950821,46.774136,66.651871,0.431096,0.375114,,,,,,,,,,,,
782845,,,,,,,,,,,78.225746,79.950821,53.982922,71.557137,0.361433,0.326901,,,,,,,,,,,,
782846,,,,,,,,,,,78.225746,79.950821,49.924805,66.576797,0.404844,0.378042,,,,,,,,,,,,
782851,,,,,,,,,,,79.999992,79.999992,51.539219,66.756973,0.409288,0.378056,,,,,,,,,,,,
782856,,,,,,,,,,,79.999992,79.999992,52.423138,66.921631,0.403207,0.377717,,,,,,,,,,,,
782861,,,,,,,,,,,79.999992,79.999992,53.230927,66.480659,0.397806,0.383479,,,,,,,,,,,,
782866,,,,,,,,,,,79.999992,79.999992,54.560585,66.669113,0.387053,0.382927,,,,,,,,,,,,
782871,,,,,,,,,,,79.999992,79.999992,55.184273,67.432785,0.383298,0.376547,,,,,,,,,,,,
782876,,,,,,,,,,,79.999992,79.999992,55.754246,67.539230,0.380023,0.376729,,,,,,,,,,,,
782881,,,,,,,,,,,79.999992,79.999992,56.275124,67.636513,0.377186,0.376992,,,,,,,,,,,,
782886,,,,,,,,,,,79.999992,79.999992,56.751141,67.133972,0.374751,0.383304,,,,,,,,,,,,
782891,,,,,,,,,,,79.840668,74.250832,57.186157,67.266159,0.371073,0.325189,,,,,,,,,,,,
782896,,,,,,,,,,,79.840668,74.250832,56.992260,67.386963,0.375297,0.324668,,,,,,,,,,,,
782908,,,,,,,,,,,79.840668,74.250832,58.948116,68.710342,0.359361,0.311895,,,,,,,,,,,,
782911,,,,,,,,,,,75.734589,62.827221,56.828129,65.749535,0.341391,0.226974,,,,,,,,,,,,
782916,,,,,,,,,,,75.734589,62.827221,56.665070,64.818069,0.344929,0.236090,,,,,,,,,,,,
782921,,,,,,,,,,,75.734589,62.827221,56.516056,63.966835,0.348341,0.244488,,,,,,,,,,,,
782926,,,,,,,,,,,75.734589,62.827221,56.379875,63.188919,0.351638,0.252231,,,,,,,,,,,,
782931,,,,,,,,,,,68.932098,49.296074,55.663979,61.886559,0.292099,0.128684,,,,,,,,,,,,
782936,,,,,,,,,,,68.932098,49.296074,55.009743,60.696369,0.300033,0.139446,,,,,,,,,,,,
782941,,,,,,,,,,,68.932098,49.296074,53.820412,59.017246,0.313438,0.155265,,,,,,,,,,,,
782946,,,,,,,,,,,68.932098,49.296074,53.324963,57.482750,0.319953,0.169792,,,,,,,,,,,,
782951,,,,,,,,,,,60.166756,34.296165,52.280743,56.080418,0.243530,0.031637,,,,,,,,,,,,
782956,,,,,,,,,,,60.166756,34.296165,51.326462,54.207424,0.253957,0.048376,,,,,,,,,,,,
782968,,,,,,,,,,,60.166756,34.296165,49.351746,50.676800,0.275402,0.079929,,,,,,,,,,,,
782971,,,,,,,,,,,51.858147,20.868128,46.875404,47.494888,0.217578,-0.025195,,,,,,,,,,,,
782976,,,,,,,,,,,51.858147,20.868128,45.203796,45.769924,0.234959,-0.010436,,,,,,,,,,,,
782981,,,,,,,,,,,51.858147,20.868128,43.676163,43.010643,0.251054,0.014943,,,,,,,,,,,,
782986,,,,,,,,,,,51.858147,20.868128,41.688660,41.080463,0.271946,0.032223,,,,,,,,,,,,
782991,,,,,,,,,,,47.685280,13.170677,40.463787,39.316528,0.243188,-0.029726,,,,,,,,,,,,
782996,,,,,,,,,,,47.685280,13.170677,39.344414,37.113079,0.255216,-0.010086,,,,,,,,,,,,
783001,,,,,,,,,,,47.685280,13.170677,37.730007,35.099411,0.272355,0.007858,,,,,,,,,,,,
783006,,,,,,,,,,,47.685280,13.170677,36.846092,33.259182,0.282279,0.024251,,,,,,,,,,,,
783011,,,,,,,,,,,50.355724,13.967217,36.038311,30.986008,0.318493,0.053246,,,,,,,,,,,,
783016,,,,,,,,,,,50.355724,13.967217,35.300102,29.500067,0.327380,0.066552,,,,,,,,,,,,
783021,,,,,,,,,,,50.355724,13.967217,34.625477,28.142109,0.335699,0.078715,,,,,,,,,,,,
783026,,,,,,,,,,,50.355724,13.967217,34.600403,26.309668,0.337526,0.095805,,,,,,,,,,,,
783031,,,,,,,,,,,59.571949,22.724949,34.577488,25.226500,0.432417,0.193963,,,,,,,,,,,,
783036,,,,,,,,,,,59.571949,22.724949,34.556545,24.236626,0.435128,0.203711,,,,,,,,,,,,
783048,,,,,,,,,,,59.571949,22.724949,37.508232,24.024937,0.409670,0.205342,,,,,,,,,,,,
783051,,,,,,,,,,,73.958008,38.099564,36.643421,22.547110,0.565910,0.375421,,,,,,,,,,,,
783056,,,,,,,,,,,73.958008,38.099564,38.218876,22.379457,0.553729,0.378670,,,,,,,,,,,,
783061,,,,,,,,,,,73.958008,38.099564,40.841526,23.409134,0.530815,0.369842,,,,,,,,,,,,
783066,,,,,,,,,,,73.958008,38.099564,43.238285,24.941570,0.509919,0.355833,,,,,,,,,,,,
783071,,,,,,,,,,,79.312088,55.177856,46.020058,26.342016,0.538971,0.515495,,,,,,,,,,,,
783076,,,,,,,,,,,79.312088,55.177856,47.970791,28.213287,0.522598,0.499479,,,,,,,,,,,,
783081,,,,,,,,,,,79.312088,55.177856,50.344952,30.514830,0.501753,0.478930,,,,,,,,,,,,
783086,,,,,,,,,,,79.312088,55.177856,52.514626,33.801029,0.482736,0.448206,,,,,,,,,,,,
783091,,,,,,,,,,,79.806946,73.033936,54.497425,36.804188,0.470388,0.600358,,,,,,,,,,,,
783096,,,,,,,,,,,79.806946,73.033936,56.900890,40.731575,0.448644,0.564314,,,,,,,,,,,,
783108,,,,,,,,,,,79.806946,73.033936,62.655334,52.934929,0.393939,0.445802,,,,,,,,,,,,
783111,,,,,,,,,,,79.999992,79.999992,60.807487,53.107193,0.416267,0.516429,,,,,,,,,,,,
783116,,,,,,,,,,,79.999992,79.999992,61.484573,56.813286,0.411348,0.481687,,,,,,,,,,,,
783121,,,,,,,,,,,79.999992,79.999992,61.511898,60.200172,0.412923,0.449798,,,,,,,,,,,,
783126,,,,,,,,,,,79.999992,79.999992,61.536869,63.295349,0.414520,0.420516,,,,,,,,,,,,
783131,,,,,,,,,,,79.999992,79.999992,61.559689,66.123932,0.416136,0.393618,,,,,,,,,,,,
783136,,,,,,,,,,,79.999992,79.999992,62.171989,68.708893,0.411796,0.368898,,,,,,,,,,,,
783141,,,,,,,,,,,79.999992,79.999992,62.731552,71.071213,0.407927,0.346167,,,,,,,,,,,,
783146,,,,,,,,,,,79.999992,79.999992,63.242920,72.047173,0.404489,0.337203,,,,,,,,,,,,
783151,,,,,,,,,,,79.999992,79.999992,63.710243,73.530518,0.401445,0.323017,,,,,,,,,,,,
783156,,,,,,,,,,,79.999992,79.999992,64.137314,73.703209,0.398760,0.321919,,,,,,,,,,,,
783168,,,,,,,,,,,79.999992,79.999992,65.996376,75.657860,0.382348,0.302593,,,,,,,,,,,,
783171,,,,,,,,,,,79.999992,79.999992,63.269318,71.507210,0.411292,0.344949,,,,,,,,,,,,
783176,,,,,,,,,,,79.999992,79.999992,63.734367,71.262726,0.408268,0.348267,,,,,,,,,,,,
783181,,,,,,,,,,,79.999992,79.999992,63.567917,71.039299,0.411576,0.351398,,,,,,,,,,,,
783186,,,,,,,,,,,79.999992,79.999992,64.598694,70.243675,0.402808,0.360329,,,,,,,,,,,,
783191,,,,,,,,,,,79.999992,79.999992,64.949242,70.108025,0.400808,0.362675,,,,,,,,,,,,
783196,,,,,,,,,,,79.999992,79.999992,65.269600,69.392609,0.399077,0.370890,,,,,,,,,,,,
783201,,,,,,,,,,,79.999992,79.999992,65.562363,69.330261,0.397593,0.372581,,,,,,,,,,,,
783206,,,,,,,,,,,79.999992,79.999992,65.238464,69.273277,0.402309,0.374223,,,,,,,,,,,,
783211,,,,,,,,,,,79.999992,79.999992,66.125359,68.629761,0.394827,0.381795,,,,,,,,,,,,
783216,,,,,,,,,,,79.999992,79.999992,66.344414,68.633118,0.394002,0.382898,,,,,,,,,,,,
783221,,,,,,,,,,,79.999992,79.999992,66.544601,69.227623,0.393346,0.378031,,,,,,,,,,,,
783226,,,,,,,,,,,79.999992,79.999992,66.727547,69.179482,0.392844,0.379594,,,,,,,,,,,,
783231,,,,,,,,,,,79.999992,79.999992,67.486183,69.726929,0.386509,0.375147,,,,,,,,,,,,
783236,,,,,,,,,,,79.999992,79.999992,67.588036,70.227226,0.386731,0.371121,,,,,,,,,,,,
783248,,,,,,,,,,,79.999992,79.999992,69.959282,72.703926,0.364368,0.347128,,,,,,,,,,,,
783251,,,,,,,,,,,79.999992,79.999992,66.890900,69.990593,0.396362,0.375262,,,,,,,,,,,,
783256,,,,,,,,,,,79.999992,79.999992,67.635468,69.876740,0.390153,0.377413,,,,,,,,,,,,
783261,,,,,,,,,,,79.999992,79.999992,67.724457,70.364136,0.390491,0.373503,,,,,,,,,,,,
783266,,,,,,,,,,,79.999992,79.999992,68.397232,70.218109,0.384923,0.375941,,,,,,,,,,,,
783271,,,,,,,,,,,79.999992,79.999992,68.420616,70.676102,0.385847,0.372294,,,,,,,,,,,,
783276,,,,,,,,,,,79.999992,79.999992,69.033424,71.094650,0.380816,0.368999,,,,,,,,,,,,
783281,,,,,,,,,,,79.999992,79.999992,69.002007,71.477150,0.382230,0.366026,,,,,,,,,,,,
783286,,,,,,,,,,,79.999992,79.999992,69.564743,71.235260,0.377646,0.369322,,,,,,,,,,,,
783291,,,,,,,,,,,79.999992,79.999992,69.487564,71.605644,0.379469,0.366457,,,,,,,,,,,,
783296,,,,,,,,,,,79.999992,79.999992,69.417038,71.352684,0.381233,0.369851,,,,,,,,,,,,
783308,,,,,,,,,,,79.999992,79.999992,72.027290,73.154297,0.356046,0.352580,,,,,,,,,,,,
783311,,,,,,,,,,,79.999992,79.999992,69.372238,70.402168,0.383659,0.381061,,,,,,,,,,,,
783316,,,,,,,,,,,79.999992,79.999992,69.903084,70.252861,0.379360,0.383529,,,,,,,,,,,,
783321,,,,,,,,,,,79.999992,79.999992,70.388206,70.707863,0.375470,0.379908,,,,,,,,,,,,
783326,,,,,,,,,,,79.999992,79.999992,70.240105,71.123672,0.377927,0.376637,,,,,,,,,,,,
783331,,,,,,,,,,,79.999992,79.999992,70.696205,71.503670,0.374297,0.373687,,,,,,,,,,,,
783336,,,,,,,,,,,79.999992,79.999992,71.113022,71.850937,0.371017,0.371029,,,,,,,,,,,,
783341,,,,,,,,,,,79.999992,79.999992,70.902489,72.168297,0.374032,0.368639,,,,,,,,,,,,
783346,,,,,,,,,,,79.999992,79.999992,71.301537,71.866875,0.370912,0.372466,,,,,,,,,,,,
783351,,,,,,,,,,,79.999992,79.999992,71.666214,72.182861,0.368098,0.370088,,,,,,,,,,,,
783356,,,,,,,,,,,79.999992,79.999992,71.408035,72.471626,0.371539,0.367953,,,,,,,,,,,,
783368,,,,,,,,,,,79.999992,79.999992,74.281532,74.578354,0.343313,0.347268,,,,,,,,,,,,
783371,,,,,,,,,,,79.999992,79.999992,71.432320,71.703575,0.372662,0.376845,,,,,,,,,,,,
783376,,,,,,,,,,,79.999992,79.999992,71.785736,72.625069,0.369949,0.368368,,,,,,,,,,,,
783381,,,,,,,,,,,79.999992,79.999992,72.108711,72.875748,0.367508,0.366573,,,,,,,,,,,,
783386,,,,,,,,,,,79.999992,79.999992,72.403870,73.104836,0.365316,0.364972,,,,,,,,,,,,
783391,,,,,,,,,,,79.999992,79.999992,72.673599,73.314194,0.363352,0.363547,,,,,,,,,,,,
783396,,,,,,,,,,,79.999992,79.999992,72.920097,74.096970,0.361594,0.356309,,,,,,,,,,,,
783401,,,,,,,,,,,79.999992,79.999992,73.145370,74.220879,0.360027,0.355648,,,,,,,,,,,,
783406,,,,,,,,,,,79.999992,79.999992,73.351234,74.925560,0.358633,0.349109,,,,,,,,,,,,
783411,,,,,,,,,,,79.999992,79.999992,73.539368,74.978096,0.357398,0.349086,,,,,,,,,,,,
783416,,,,,,,,,,,79.999992,79.999992,73.711304,75.617554,0.356308,0.343129,,,,,,,,,,,,
783431,,,,,,,,,,,79.999992,79.999992,79.937706,82.610733,0.293303,0.271897,,,,,,,,,,,,
783432,,,,,,,,,,,79.999992,79.999992,73.644096,76.086899,0.356874,0.337526,,,,,,,,,,,,
783436,,,,,,,,,,,79.999992,79.999992,72.624123,75.447968,0.367812,0.344371,,,,,,,,,,,,
783441,,,,,,,,,,,79.999992,79.999992,73.466331,75.455513,0.360043,0.344750,,,,,,,,,,,,
783446,,,,,,,,,,,79.999992,79.999992,73.644554,76.053856,0.358896,0.339161,,,,,,,,,,,,
783451,,,,,,,,,,,79.999992,79.999992,73.807426,76.600662,0.357887,0.334033,,,,,,,,,,,,
783456,,,,,,,,,,,79.999992,79.999992,74.547714,77.100372,0.351029,0.329326,,,,,,,,,,,,
783461,,,,,,,,,,,79.999992,79.999992,74.632797,77.557037,0.350715,0.325003,,,,,,,,,,,,
783466,,,,,,,,,,,79.999992,79.999992,74.710556,77.974373,0.350466,0.321033,,,,,,,,,,,,
783471,,,,,,,,,,,79.999992,79.999992,75.373062,78.355766,0.344304,0.317383,,,,,,,,,,,,
783476,,,,,,,,,,,79.999992,79.999992,75.387054,78.704308,0.344625,0.314027,,,,,,,,,,,,
783481,,,,,,,,,,,79.999992,79.999992,75.991287,79.022827,0.338984,0.310940,,,,,,,,,,,,
783486,,,,,,,,,,,79.999992,79.999992,75.952034,79.313911,0.339781,0.308098,,,,,,,,,,,,
783491,,,,,,,,,,,79.999992,79.999992,75.916161,79.579926,0.340548,0.305479,,,,,,,,,,,,
783496,,,,,,,,,,,79.999992,79.999992,76.474823,79.823029,0.335314,0.303066,,,,,,,,,,,,
783508,,,,,,,,,,,79.999992,79.999992,79.002663,82.339447,0.309491,0.276658,,,,,,,,,,,,
783511,,,,,,,,,,,79.999992,79.999992,75.746819,78.796204,0.342475,0.312211,,,,,,,,,,,,
783516,,,,,,,,,,,79.999992,79.999992,76.320068,79.106812,0.337110,0.309194,,,,,,,,,,,,
783521,,,,,,,,,,,79.999992,79.999992,76.252495,79.390663,0.338161,0.306417,,,,,,,,,,,,
783526,,,,,,,,,,,79.999992,79.999992,76.782188,79.650070,0.333185,0.303857,,,,,,,,,,,,
783531,,,,,,,,,,,79.999992,79.999992,77.266258,79.887131,0.328618,0.301498,,,,,,,,,,,,
783536,,,,,,,,,,,79.999992,79.999992,77.117195,80.103775,0.330397,0.299321,,,,,,,,,,,,
783541,,,,,,,,,,,79.999992,79.999992,77.572411,80.301758,0.326088,0.297311,,,,,,,,,,,,
783546,,,,,,,,,,,79.999992,79.999992,77.988419,79.891243,0.322129,0.301427,,,,,,,,,,,,
783551,,,,,,,,,,,79.999992,79.999992,78.368599,80.107529,0.318490,0.299254,,,,,,,,,,,,
783556,,,,,,,,,,,79.999992,79.999992,78.124588,80.305191,0.321118,0.297247,,,,,,,,,,,,
783568,,,,,,,,,,,79.999992,79.999992,80.971916,82.742126,0.291752,0.271549,,,,,,,,,,,,
783571,,,,,,,,,,,79.999992,79.999992,77.546455,79.755646,0.326252,0.301438,,,,,,,,,,,,
783576,,,,,,,,,,,79.999992,79.999992,77.373253,79.392166,0.328246,0.305134,,,,,,,,,,,,
783581,,,,,,,,,,,79.999992,79.999992,77.806419,79.651443,0.324134,0.302576,,,,,,,,,,,,
783586,,,,,,,,,,,79.999992,79.999992,78.202278,79.888390,0.320355,0.300218,,,,,,,,,,,,
783591,,,,,,,,,,,79.999992,79.999992,77.972595,80.104927,0.322855,0.298042,,,,,,,,,,,,
783596,,,,,,,,,,,79.999992,79.999992,78.354141,79.711365,0.319204,0.302006,,,,,,,,,,,,
783601,,,,,,,,,,,79.999992,79.999992,78.702820,79.943146,0.315847,0.299694,,,,,,,,,,,,
783606,,,,,,,,,,,79.999992,79.999992,78.430023,80.154968,0.318732,0.297560,,,,,,,,,,,,
783611,,,,,,,,,,,79.999992,79.999992,78.772171,80.348541,0.315433,0.295590,,,,,,,,,,,,
783616,,,,,,,,,,,79.999992,79.999992,79.084846,79.933998,0.312398,0.299742,,,,,,,,,,,,
783628,,,,,,,,,,,79.999992,79.999992,81.182442,83.023575,0.290420,0.267524,,,,,,,,,,,,
783631,,,,,,,,,,,79.999992,79.999992,77.738853,79.421410,0.325082,0.303603,,,,,,,,,,,,
783636,,,,,,,,,,,79.999992,79.999992,78.140526,79.678169,0.321251,0.301068,,,,,,,,,,,,
783641,,,,,,,,,,,79.999992,79.999992,78.507607,79.321365,0.317730,0.304704,,,,,,,,,,,,
783646,,,,,,,,,,,79.999992,79.999992,78.251625,79.586739,0.320465,0.302091,,,,,,,,,,,,
783651,,,,,,,,,,,79.999992,79.999992,78.609138,79.829254,0.317028,0.299683,,,,,,,,,,,,
783656,,,,,,,,,,,79.999992,79.999992,78.344414,79.459435,0.319841,0.303435,,,,,,,,,,,,
783661,,,,,,,,,,,79.999992,79.999992,78.693932,79.712914,0.316477,0.300929,,,,,,,,,,,,
783666,,,,,,,,,,,79.999992,79.999992,78.421898,79.944565,0.319355,0.298618,,,,,,,,,,,,
783671,,,,,,,,,,,79.999992,79.999992,78.764740,79.564819,0.316050,0.302459,,,,,,,,,,,,
783676,,,,,,,,,,,79.999992,79.999992,78.486610,79.809227,0.318983,0.300034,,,,,,,,,,,,
783681,,,,,,,,,,,79.999992,79.999992,78.823883,80.032578,0.315727,0.297797,,,,,,,,,,,,
783686,,,,,,,,,,,79.999992,79.999992,79.132103,79.645248,0.312732,0.301706,,,,,,,,,,,,
783691,,,,,,,,,,,79.999992,79.999992,78.822334,79.882729,0.315948,0.299343,,,,,,,,,,,,
783696,,,,,,,,,,,79.999992,79.999992,78.539246,80.099754,0.318924,0.297163,,,,,,,,,,,,
783708,,,,,,,,,,,79.999992,79.999992,81.318222,82.621490,0.290169,0.270707,,,,,,,,,,,,
783711,,,,,,,,,,,79.876854,75.556366,77.862938,79.053955,0.323692,0.261597,,,,,,,,,,,,
783716,,,,,,,,,,,79.876854,75.556366,78.253929,79.342361,0.319945,0.258334,,,,,,,,,,,,
783721,,,,,,,,,,,79.876854,75.556366,78.019798,79.014481,0.322472,0.261267,,,,,,,,,,,,
783726,,,,,,,,,,,79.876854,75.556366,78.397278,78.714844,0.318845,0.263947,,,,,,,,,,,,
783731,,,,,,,,,,,79.672813,68.194260,78.742241,78.441010,0.313448,0.192040,,,,,,,,,,,,
783736,,,,,,,,,,,79.672813,68.194260,78.466049,78.190765,0.316330,0.193543,,,,,,,,,,,,
783741,,,,,,,,,,,79.672813,68.194260,78.805092,77.962074,0.313027,0.194853,,,,,,,,,,,,
783746,,,,,,,,,,,79.672813,68.194260,78.523483,77.161636,0.315958,0.201961,,,,,,,,,,,,
783751,,,,,,,,,,,79.481087,61.275784,78.857574,77.021584,0.310762,0.132602,,,,,,,,,,,,
783756,,,,,,,,,,,79.481087,61.275784,79.162895,76.302147,0.307741,0.138294,,,,,,,,,,,,
783768,,,,,,,,,,,79.481087,61.275784,81.247627,75.615425,0.285774,0.141580,,,,,,,,,,,,
783771,,,,,,,,,,,79.328072,55.754719,78.389870,72.059875,0.312915,0.120294,,,,,,,,,,,,
783776,,,,,,,,,,,79.328072,55.754719,78.144028,71.176346,0.315492,0.127588,,,,,,,,,,,,
783781,,,,,,,,,,,79.328072,55.754719,78.510803,69.777473,0.311906,0.140174,,,,,,,,,,,,
783786,,,,,,,,,,,79.328072,55.754719,78.845993,68.499084,0.308603,0.151684,,,,,,,,,,,,
783791,,,,,,,,,,,79.244972,52.756493,79.152313,67.330803,0.304718,0.131927,,,,,,,,,,,,
783796,,,,,,,,,,,79.244972,52.756493,79.432243,66.263145,0.301900,0.141253,,,,,,,,,,,,
783801,,,,,,,,,,,79.244972,52.756493,79.096619,64.695999,0.305271,0.155730,,,,,,,,,,,,
783806,,,,,,,,,,,79.244972,52.756493,79.381348,63.263832,0.302410,0.169001,,,,,,,,,,,,
783811,,,,,,,,,,,79.254601,53.103748,79.050110,62.546463,0.305839,0.178703,,,,,,,,,,,,
783816,,,,,,,,,,,79.254601,53.103748,79.338844,61.299438,0.302943,0.190354,,,,,,,,,,,,
783828,,,,,,,,,,,79.254601,53.103748,81.986015,60.923779,0.275217,0.191972,,,,,,,,,,,,
783831,,,,,,,,,,,79.514153,79.986534,79.064659,58.042179,0.307071,0.491810,,,,,,,,,,,,
783836,,,,,,,,,,,79.514153,79.986534,79.352142,58.365997,0.304213,0.490734,,,,,,,,,,,,
783841,,,,,,,,,,,79.514153,79.986534,79.614868,59.253372,0.301575,0.483934,,,,,,,,,,,,
783846,,,,,,,,,,,79.514153,79.986534,79.854965,61.247204,0.299140,0.465869,,,,,,,,,,,,
783851,,,,,,,,,,,75.743469,79.882027,80.074379,62.477863,0.258806,0.454258,,,,,,,,,,,,
783856,,,,,,,,,,,75.743469,79.882027,79.683449,64.193970,0.262321,0.438666,,,,,,,,,,,,
783861,,,,,,,,,,,75.743469,79.882027,79.326187,65.762268,0.265536,0.424395,,,,,,,,,,,,
783866,,,,,,,,,,,75.743469,79.882027,79.591148,67.195488,0.262501,0.411331,,,,,,,,,,,,
783871,,,,,,,,,,,69.416451,79.706688,79.241837,69.096710,0.201742,0.391627,,,,,,,,,,,,
783876,,,,,,,,,,,69.416451,79.706688,78.922615,70.242737,0.203983,0.381113,,,,,,,,,,,,
783888,,,,,,,,,,,69.416451,79.706688,78.884941,77.091850,0.201723,0.312483,,,,,,,,,,,,
783891,,,,,,,,,,,61.908451,79.498611,75.047791,74.592026,0.163700,0.335891,,,,,,,,,,,,
783896,,,,,,,,,,,61.908451,79.498611,73.906914,74.673294,0.173909,0.335561,,,,,,,,,,,,
783901,,,,,,,,,,,61.908451,79.498611,72.864304,74.747559,0.183240,0.335293,,,,,,,,,,,,
783906,,,,,,,,,,,61.908451,79.498611,71.911491,74.815430,0.191768,0.335083,,,,,,,,,,,,
783911,,,,,,,,,,,54.281742,79.287254,71.040741,74.286011,0.122532,0.338764,,,,,,,,,,,,
783916,,,,,,,,,,,54.281742,79.287254,69.653549,74.393631,0.134867,0.338177,,,,,,,,,,,,
783921,,,,,,,,,,,54.281742,79.287254,68.977280,74.491989,0.140160,0.337673,,,,,,,,,,,,
783926,,,,,,,,,,,54.281742,79.287254,67.767815,75.173317,0.150906,0.331271,,,,,,,,,,,,
783931,,,,,,,,,,,49.057838,79.142479,66.662521,75.204514,0.107960,0.329905,,,,,,,,,,,,
783936,,,,,,,,,,,49.057838,79.142479,65.652420,75.824471,0.116401,0.324037,,,,,,,,,,,,
783941,,,,,,,,,,,49.057838,79.142479,64.729324,75.799583,0.124065,0.324620,,,,,,,,,,,,
783946,,,,,,,,,,,49.057838,79.142479,63.294289,76.368286,0.136992,0.319211,,,,,,,,,,,,
783951,,,,,,,,,,,46.581116,79.073845,61.982853,76.888008,0.123799,0.313546,,,,,,,,,,,,
783956,,,,,,,,,,,46.581116,79.073845,60.784370,76.771523,0.134363,0.314941,,,,,,,,,,,,
783968,,,,,,,,,,,46.581116,79.073845,59.412609,79.790962,0.144954,0.283851,,,,,,,,,,,,
783971,,,,,,,,,,,46.516960,79.072060,56.661167,77.058662,0.170813,0.311357,,,,,,,,,,,,
783976,,,,,,,,,,,46.516960,79.072060,55.329597,77.518921,0.183247,0.306910,,,,,,,,,,,,
783981,,,,,,,,,,,46.516960,79.072060,54.704163,77.939537,0.188683,0.302817,,,,,,,,,,,,
783986,,,,,,,,,,,46.516960,79.072060,53.541153,78.323929,0.199611,0.299048,,,,,,,,,,,,
783991,,,,,,,,,,,48.196068,79.118599,52.478313,78.675209,0.226602,0.296045,,,,,,,,,,,,
783996,,,,,,,,,,,48.196068,79.118599,52.098461,78.404793,0.230010,0.298821,,,,,,,,,,,,
784001,,,,,,,,,,,48.196068,79.118599,51.159878,78.749107,0.239100,0.295414,,,,,,,,,,,,
784006,,,,,,,,,,,48.196068,79.118599,50.893581,79.063766,0.241493,0.292273,,,,,,,,,,,,
784011,,,,,,,,,,,50.880844,79.192993,50.650219,79.351326,0.270797,0.290126,,,,,,,,,,,,
784016,,,,,,,,,,,50.880844,79.192993,50.427818,79.022675,0.273067,0.293429,,,,,,,,,,,,
784028,,,,,,,,,,,50.880844,79.192993,50.763252,81.671028,0.269257,0.265680,,,,,,,,,,,,
784031,,,,,,,,,,,50.880844,79.192993,48.756783,78.776802,0.289534,0.294664,,,,,,,,,,,,
784036,,,,,,,,,,,50.880844,79.192993,48.697464,78.497635,0.290346,0.297526,,,,,,,,,,,,
784041,,,,,,,,,,,50.880844,79.192993,48.643257,78.833954,0.291112,0.294198,,,,,,,,,,,,
784046,,,,,,,,,,,50.880844,79.192993,48.593716,78.549866,0.291836,0.297104,,,,,,,,,,,,
784051,,,,,,,,,,,50.880844,79.192993,48.548443,78.881691,0.292522,0.293816,,,,,,,,,,,,
784056,,,,,,,,,,,50.880844,79.192993,49.098515,78.593491,0.287199,0.296758,,,,,,,,,,,,
784061,,,,,,,,,,,50.880844,79.192993,49.009762,78.921555,0.288274,0.293505,,,,,,,,,,,,
784066,,,,,,,,,,,50.880844,79.192993,49.520100,78.629921,0.283307,0.296478,,,,,,,,,,,,
784071,,,,,,,,,,,53.985352,79.279037,49.395039,78.363403,0.316061,0.300095,,,,,,,,,,,,
784076,,,,,,,,,,,57.283104,77.959511,49.872192,77.528397,0.345009,0.295293,,,,,,,,,,,,
784088,,,,,,,,,,,60.459999,76.008896,51.380226,79.392998,0.363029,0.255780,,,,,,,,,,,,
784091,,,,,,,,,,,63.152622,74.072876,49.320618,75.512085,0.411934,0.275085,,,,,,,,,,,,
784096,,,,,,,,,,,63.152622,74.072876,49.804180,75.514107,0.408434,0.274921,,,,,,,,,,,,
784101,,,,,,,,,,,63.152622,74.072876,50.837540,75.515953,0.399332,0.274758,,,,,,,,,,,,
784106,,,,,,,,,,,63.152622,74.072876,51.781895,75.517639,0.391025,0.274597,,,,,,,,,,,,
784111,,,,,,,,,,,65.739792,72.645599,52.644913,74.927734,0.409576,0.265995,,,,,,,,,,,,
784116,,,,,,,,,,,65.739792,72.645599,53.433601,74.980087,0.402920,0.265238,,,,,,,,,,,,
784121,,,,,,,,,,,65.739792,72.645599,54.154358,74.436485,0.396871,0.270495,,,,,,,,,,,,
784126,,,,,,,,,,,65.739792,72.645599,55.404480,73.939705,0.385403,0.275333,,,,,,,,,,,,
784131,,,,,,,,,,,68.251930,72.081261,56.546928,73.485710,0.400270,0.274089,,,,,,,,,,,,
784136,,,,,,,,,,,68.251930,72.081261,57.590977,73.070816,0.390896,0.278139,,,,,,,,,,,,
784141,,,,,,,,,,,68.251930,72.081261,57.953659,72.691658,0.388299,0.281870,,,,,,,,,,,,
784146,,,,,,,,,,,68.251930,72.081261,58.285103,72.345161,0.385981,0.285308,,,,,,,,,,,,
784151,,,,,,,,,,,70.287033,71.747581,59.179443,72.028503,0.398500,0.285110,,,,,,,,,,,,
784156,,,,,,,,,,,70.287033,71.747581,59.405312,71.147675,0.397329,0.293978,,,,,,,,,,,,
784168,,,,,,,,,,,70.287033,71.747581,62.635849,72.391632,0.366028,0.280728,,,,,,,,,,,,
784171,,,,,,,,,,,72.248405,72.311928,60.789680,69.705193,0.405250,0.313496,,,,,,,,,,,,
784176,,,,,,,,,,,72.248405,72.311928,60.876858,69.615921,0.405515,0.314658,,,,,,,,,,,,
784181,,,,,,,,,,,72.248405,72.311928,61.547970,69.534340,0.399874,0.315752,,,,,,,,,,,,
784186,,,,,,,,,,,72.248405,72.311928,62.161278,69.459778,0.394750,0.316783,,,,,,,,,,,,
784191,,,,,,,,,,,74.074432,73.241661,62.721764,69.983086,0.408540,0.321173,,,,,,,,,,,,
784196,,,,,,,,,,,74.074432,73.241661,63.233974,69.869873,0.404502,0.322642,,,,,,,,,,,,
784201,,,,,,,,,,,74.074432,73.241661,64.293510,69.766418,0.394885,0.324024,,,,,,,,,,,,
784206,,,,,,,,,,,74.074432,73.241661,64.670349,70.263313,0.392057,0.319353,,,,,,,,,,,,
784211,,,,,,,,,,,75.530449,74.104607,65.606171,70.125969,0.398251,0.329754,,,,,,,,,,,,
784216,,,,,,,,,,,75.530449,74.104607,65.869949,70.591896,0.396580,0.325446,,,,,,,,,,,,
784228,,,,,,,,,,,75.530449,74.104607,69.605408,73.008476,0.359754,0.300811,,,,,,,,,,,,
784231,,,,,,,,,,,76.764526,75.278854,67.158951,70.268913,0.397520,0.340450,,,,,,,,,,,,
784236,,,,,,,,,,,76.764526,75.278854,67.880432,70.722534,0.391194,0.336370,,,,,,,,,,,,
784241,,,,,,,,,,,76.764526,75.278854,68.539772,70.545639,0.385423,0.338612,,,,,,,,,,,,
784246,,,,,,,,,,,76.764526,75.278854,69.142319,70.975426,0.380159,0.334745,,,,,,,,,,,,
784251,,,,,,,,,,,76.764526,75.278854,69.692970,71.368195,0.375360,0.331208,,,,,,,,,,,,
784256,,,,,,,,,,,77.359390,75.772041,70.196198,71.727127,0.376993,0.332955,,,,,,,,,,,,
784261,,,,,,,,,,,77.359390,75.772041,70.656075,72.055145,0.373064,0.330047,,,,,,,,,,,,
784266,,,,,,,,,,,77.359390,75.772041,71.667793,72.354912,0.363516,0.327391,,,,,,,,,,,,
784271,,,,,,,,,,,77.332764,75.806671,72.000923,72.628860,0.360452,0.325315,,,,,,,,,,,,
784276,,,,,,,,,,,77.332764,75.806671,72.305359,72.879211,0.357910,0.323104,,,,,,,,,,,,
784288,,,,,,,,,,,77.332764,75.806671,75.571442,76.050697,0.324954,0.290689,,,,,,,,,,,,
784291,,,,,,,,,,,76.871964,75.155945,72.019684,73.049103,0.356349,0.314408,,,,,,,,,,,,
784296,,,,,,,,,,,76.871964,75.155945,72.913956,73.263260,0.347802,0.312456,,,,,,,,,,,,
784301,,,,,,,,,,,76.871964,75.155945,73.139755,73.458977,0.345917,0.310668,,,,,,,,,,,,
784306,,,,,,,,,,,76.871964,75.155945,73.346107,74.229279,0.344206,0.303058,,,,,,,,,,,,
784311,,,,,,,,,,,76.025917,74.227226,74.126129,74.341789,0.328136,0.292634,,,,,,,,,,,,
784316,,,,,,,,,,,76.025917,74.227226,74.247520,74.444611,0.327100,0.291584,,,,,,,,,,,,
784321,,,,,,,,,,,76.025917,74.227226,74.358459,75.130020,0.326157,0.284640,,,,,,,,,,,,
784326,,,,,,,,,,,76.025917,74.227226,75.051292,75.164948,0.319326,0.284197,,,,,,,,,,,,
784331,,,,,,,,,,,74.790703,72.774727,75.093002,75.196869,0.306527,0.269110,,,,,,,,,,,,
784336,,,,,,,,,,,74.790703,72.774727,75.131119,75.226044,0.306111,0.268574,,,,,,,,,,,,
784348,,,,,,,,,,,74.790703,72.774727,77.390892,76.878723,0.282329,0.250501,,,,,,,,,,,,
784351,,,,,,,,,,,72.964462,70.845222,74.865311,74.397255,0.289132,0.255666,,,,,,,,,,,,
784356,,,,,,,,,,,72.964462,70.845222,74.923042,73.903854,0.288359,0.260294,,,,,,,,,,,,
784361,,,,,,,,,,,72.964462,70.845222,74.975800,74.044395,0.287630,0.258569,,,,,,,,,,,,
784366,,,,,,,,,,,72.964462,70.845222,75.024010,74.172829,0.286942,0.256952,,,,,,,,,,,,
784371,,,,,,,,,,,70.797020,68.339195,75.068069,74.290199,0.264400,0.230122,,,,,,,,,,,,
784376,,,,,,,,,,,70.797020,68.339195,74.516891,73.806015,0.269540,0.234418,,,,,,,,,,,,
784381,,,,,,,,,,,70.797020,68.339195,74.604630,73.954979,0.268282,0.232366,,,,,,,,,,,,
784386,,,,,,,,,,,70.797020,68.339195,74.684814,73.499672,0.267091,0.236403,,,,,,,,,,,,
784391,,,,,,,,,,,68.217667,65.552238,74.166641,73.675026,0.245885,0.205968,,,,,,,,,,,,
784396,,,,,,,,,,,68.217667,65.552238,74.284546,73.243828,0.244099,0.209511,,,,,,,,,,,,
784401,,,,,,,,,,,68.217667,65.552238,74.392296,72.849770,0.242404,0.212722,,,,,,,,,,,,
784406,,,,,,,,,,,68.217667,65.552238,73.899323,72.489655,0.246766,0.215629,,,,,,,,,,,,
784411,,,,,,,,,,,65.215797,62.408321,74.040253,72.160553,0.214455,0.186506,,,,,,,,,,,,
784416,,,,,,,,,,,65.215797,62.408321,73.577599,71.859802,0.218245,0.188568,,,,,,,,,,,,
784428,,,,,,,,,,,65.215797,62.408321,74.961510,72.496811,0.201751,0.179562,,,,,,,,,,,,
784431,,,,,,,,,,,11.175279,41.390163,72.053726,69.209869,-0.315665,-0.000532,,,,,,,,,,,,
784436,,,,,,,,,,,11.175279,41.390163,70.579285,67.980370,-0.306860,0.009104,,,,,,,,,,,,
784441,,,,,,,,,,,11.175279,41.390163,67.457504,66.265320,-0.281271,0.023767,,,,,,,,,,,,
784446,,,,,,,,,,,11.175279,41.390163,63.421711,64.697990,-0.246138,0.037109,,,,,,,,,,,,
784451,,,,,,,,,,,6.111707,37.812267,58.550632,62.674210,-0.253306,0.019082,,,,,,,,,,,,
784456,,,,,,,,,,,6.111707,37.812267,52.916210,60.233292,-0.201643,0.041249,,,,,,,,,,,,
784461,,,,,,,,,,,6.111707,37.812267,46.584190,57.411163,-0.142370,0.067510,,,,,,,,,,,,
784466,,,,,,,,,,,6.111707,37.812267,41.388996,54.240662,-0.093946,0.097572,,,,,,,,,,,,
784471,,,,,,,,,,,1.293640,34.521965,36.049820,51.343239,-0.092210,0.091961,,,,,,,,,,,,
784476,,,,,,,,,,,1.293640,34.521965,31.761951,49.286816,-0.052378,0.111049,,,,,,,,,,,,
784488,,,,,,,,,,,1.293640,34.521965,28.688263,49.861279,-0.027391,0.101832,,,,,,,,,,,,
784491,,,,,,,,,,,-2.384405,32.272331,26.808783,47.341049,-0.048296,0.103031,,,,,,,,,,,,
784496,,,,,,,,,,,-2.384405,32.272331,26.274071,47.403667,-0.045814,0.100891,,,,,,,,,,,,
784501,,,,,,,,,,,-2.384405,32.272331,24.602524,46.869450,-0.031798,0.104774,,,,,,,,,,,,
784506,,,,,,,,,,,-2.384405,32.272331,23.074947,45.789799,-0.019068,0.114219,,,,,,,,,,,,
784511,,,,,,,,,,,-4.030535,31.603857,21.087498,44.803139,-0.018166,0.116080,,,,,,,,,,,,
784516,,,,,,,,,,,-4.030535,31.603857,19.271227,43.901459,-0.002334,0.123867,,,,,,,,,,,,
784521,,,,,,,,,,,-4.030535,31.603857,18.202837,43.668888,0.006127,0.124987,,,,,,,,,,,,
784526,,,,,,,,,,,-4.030535,31.603857,17.817913,44.047791,0.007791,0.119953,,,,,,,,,,,,
784531,,,,,,,,,,,-3.436087,32.900898,18.057587,43.802616,0.009190,0.134285,,,,,,,,,,,,
784536,,,,,,,,,,,-3.436087,32.900898,18.276617,43.578556,0.004828,0.135458,,,,,,,,,,,,
784548,,,,,,,,,,,-3.436087,32.900898,19.047388,45.043037,-0.007556,0.117960,,,,,,,,,,,,
784551,,,,,,,,,,,-0.750365,35.963890,18.589722,42.937805,0.021944,0.168945,,,,,,,,,,,,
784556,,,,,,,,,,,-0.750365,35.963890,18.762920,42.788231,0.018261,0.169758,,,,,,,,,,,,
784561,,,,,,,,,,,-0.750365,35.963890,18.329756,42.651543,0.020684,0.170457,,,,,,,,,,,,
784566,,,,,,,,,,,-0.750365,35.963890,18.525345,43.118069,0.016801,0.165076,,,,,,,,,,,,
784571,,,,,,,,,,,6.297838,42.536045,18.112642,42.952969,0.090228,0.232407,,,,,,,,,,,,
784576,,,,,,,,,,,6.297838,42.536045,18.326931,43.393536,0.086883,0.227915,,,,,,,,,,,,
784581,,,,,,,,,,,6.297838,42.536045,17.931318,43.796154,0.089675,0.223763,,,,,,,,,,,,
784586,,,,,,,,,,,6.297838,42.536045,17.569780,44.164097,0.092164,0.219921,,,,,,,,,,,,
784591,,,,,,,,,,,16.901983,51.889595,17.830826,44.500347,0.195502,0.310833,,,,,,,,,,,,
784596,,,,,,,,,,,16.901983,51.889595,17.477943,44.807636,0.198973,0.308468,,,,,,,,,,,,
784601,,,,,,,,,,,16.901983,51.889595,17.746899,45.679905,0.196199,0.300366,,,,,,,,,,,,
784606,,,,,,,,,,,16.901983,51.889595,18.584133,45.885601,0.187658,0.298910,,,,,,,,,,,,
784611,,,,,,,,,,,29.897390,62.950817,18.166368,46.665024,0.322963,0.403356,,,,,,,,,,,,
784616,,,,,,,,,,,29.897390,62.950817,18.376030,47.377316,0.322019,0.397791,,,,,,,,,,,,
784628,,,,,,,,,,,29.897390,62.950817,20.211420,52.050068,0.305411,0.352818,,,,,,,,,,,,
784631,,,,,,,,,,,45.837288,75.891701,19.653496,50.524208,0.473008,0.500022,,,,,,,,,,,,
784636,,,,,,,,,,,45.837288,75.891701,21.509405,52.086998,0.456882,0.486774,,,,,,,,,,,,
784641,,,,,,,,,,,45.837288,75.891701,24.388355,54.698074,0.430237,0.462783,,,,,,,,,,,,
784646,,,,,,,,,,,45.837288,75.891701,27.610785,57.675701,0.399835,0.434828,,,,,,,,,,,,
784651,,,,,,,,,,,62.167915,79.505806,31.738556,60.988308,0.524907,0.439695,,,,,,,,,,,,
784656,,,,,,,,,,,62.167915,79.505806,35.510799,64.015602,0.489850,0.410971,,,,,,,,,,,,
784661,,,,,,,,,,,62.167915,79.505806,38.366695,65.599266,0.463671,0.396525,,,,,,,,,,,,
784666,,,,,,,,,,,62.167915,79.505806,39.793724,65.863640,0.451639,0.395246,,,,,,,,,,,,
784671,,,,,,,,,,,76.559731,79.904655,41.097843,65.513794,0.586062,0.404172,,,,,,,,,,,,
784676,,,,,,,,,,,76.559731,79.904655,43.472527,65.785522,0.565624,0.402866,,,,,,,,,,,,
784688,,,,,,,,,,,76.559731,79.904655,54.734493,71.207352,0.456918,0.349781,,,,,,,,,,,,
784691,,,,,,,,,,,79.999992,79.999992,54.160313,68.622917,0.499646,0.377717,,,,,,,,,,,,
784696,,,,,,,,,,,79.999992,79.999992,57.184258,69.809753,0.471688,0.366867,,,,,,,,,,,,
784701,,,,,,,,,,,79.999992,79.999992,59.947750,69.711472,0.446059,0.368879,,,,,,,,,,,,
784706,,,,,,,,,,,79.999992,79.999992,61.881775,69.030212,0.428530,0.376788,,,,,,,,,,,,
784711,,,,,,,,,,,79.999992,79.999992,63.649223,68.999077,0.412491,0.378200,,,,,,,,,,,,
784716,,,,,,,,,,,79.999992,79.999992,64.672997,69.562065,0.403786,0.373614,,,,,,,,,,,,
784721,,,,,,,,,,,79.999992,79.999992,65.608589,70.076561,0.395869,0.369461,,,,,,,,,,,,
784726,,,,,,,,,,,79.999992,79.999992,66.463600,70.546745,0.388673,0.365705,,,,,,,,,,,,
784731,,,,,,,,,,,79.999992,79.999992,67.244972,70.976433,0.382134,0.362310,,,,,,,,,,,,
784736,,,,,,,,,,,79.999992,79.999992,67.959045,70.777664,0.376198,0.365220,,,,,,,,,,,,
784748,,,,,,,,,,,79.999992,79.999992,69.779572,73.163628,0.359444,0.342038,,,,,,,,,,,,
784751,,,,,,,,,,,79.999992,79.999992,66.135223,70.410698,0.397273,0.370526,,,,,,,,,,,,
784756,,,,,,,,,,,79.999992,79.999992,66.353432,70.260658,0.396456,0.373001,,,,,,,,,,,,
784761,,,,,,,,,,,79.999992,79.999992,66.552849,70.714989,0.395807,0.369386,,,,,,,,,,,,
784766,,,,,,,,,,,79.999992,79.999992,66.143639,71.130188,0.401284,0.366121,,,,,,,,,,,,
784771,,,,,,,,,,,79.999992,79.999992,65.769676,71.509621,0.406447,0.363176,,,,,,,,,,,,
784776,,,,,,,,,,,79.999992,79.999992,66.019371,71.264931,0.405348,0.366496,,,,,,,,,,,,
784781,,,,,,,,,,,79.999992,79.999992,66.247559,71.632759,0.404441,0.363654,,,,,,,,,,,,
784786,,,,,,,,,,,79.999992,79.999992,65.864647,71.968910,0.409684,0.361096,,,,,,,,,,,,
784791,,,,,,,,,,,79.999992,79.999992,66.106163,71.684662,0.408658,0.364770,,,,,,,,,,,,
784796,,,,,,,,,,,79.999992,79.999992,66.326874,72.016342,0.407819,0.362252,,,,,,,,,,,,
784808,,,,,,,,,,,79.999992,79.999992,69.446510,75.330063,0.378078,0.329403,,,,,,,,,,,,
784811,,,,,,,,,,,79.999992,79.999992,66.422295,71.799095,0.409678,0.365533,,,,,,,,,,,,
784816,,,,,,,,,,,79.999992,79.999992,67.207222,72.120918,0.403108,0.363103,,,,,,,,,,,,
784821,,,,,,,,,,,79.999992,79.999992,67.333099,72.415024,0.403116,0.360920,,,,,,,,,,,,
784826,,,,,,,,,,,79.999992,79.999992,67.448135,72.683800,0.403221,0.358964,,,,,,,,,,,,
784831,,,,,,,,,,,79.999992,79.999992,68.144707,72.929420,0.397441,0.357215,,,,,,,,,,,,
784836,,,,,,,,,,,79.999992,79.999992,68.189835,73.153885,0.398171,0.355655,,,,,,,,,,,,
784841,,,,,,,,,,,79.999992,79.999992,68.231079,73.359016,0.398935,0.354268,,,,,,,,,,,,
784846,,,,,,,,,,,79.999992,79.999992,68.860214,74.137924,0.393758,0.347065,,,,,,,,,,,,
784851,,,,,,,,,,,79.999992,79.999992,68.843719,74.258301,0.395038,0.346435,,,,,,,,,,,,
784856,,,,,,,,,,,79.999992,79.999992,69.420090,74.368309,0.390332,0.345898,,,,,,,,,,,,
784861,,,,,,,,,,,79.999992,79.999992,69.355370,74.468842,0.392044,0.345446,,,,,,,,,,,,
784866,,,,,,,,,,,79.999992,79.999992,69.887672,74.560715,0.387732,0.345071,,,,,,,,,,,,
784871,,,,,,,,,,,79.999992,79.999992,69.782684,74.644676,0.389804,0.344767,,,,,,,,,,,,
784876,,,,,,,,,,,79.999992,79.999992,69.686737,74.721405,0.391795,0.344528,,,,,,,,,,,,
784888,,,,,,,,,,,79.999992,79.999992,71.712029,77.589218,0.372524,0.315665,,,,,,,,,,,,
784891,,,,,,,,,,,79.999992,79.999992,69.084129,74.455109,0.399894,0.347561,,,,,,,,,,,,
784896,,,,,,,,,,,79.999992,79.999992,69.639793,75.139610,0.395374,0.341202,,,,,,,,,,,,
784901,,,,,,,,,,,79.999992,79.999992,69.556152,75.173714,0.397254,0.341343,,,,,,,,,,,,
784906,,,,,,,,,,,79.999992,79.999992,70.071159,75.204880,0.393097,0.341511,,,,,,,,,,,,
784911,,,,,,,,,,,79.999992,79.999992,70.541809,75.233360,0.389336,0.341703,,,,,,,,,,,,
784916,,,,,,,,,,,79.999992,79.999992,70.380478,75.259392,0.391912,0.341917,,,,,,,,,,,,
784921,,,,,,,,,,,79.999992,79.999992,70.824486,75.874626,0.388389,0.336177,,,,,,,,,,,,
784926,,,,,,,,,,,79.999992,79.999992,71.230255,75.845421,0.385208,0.336884,,,,,,,,,,,,
784931,,,,,,,,,,,79.999992,79.999992,71.601074,75.818733,0.382340,0.337569,,,,,,,,,,,,
784936,,,,,,,,,,,79.999992,79.999992,71.939949,76.385788,0.379757,0.332260,,,,,,,,,,,,
784961,,,,,,,,,,,79.999992,79.999992,69.548439,73.109840,0.401994,0.361029,,,,,,,,,,,,
784966,,,,,,,,,,,79.999992,79.999992,69.472664,73.318771,0.403804,0.359608,,,,,,,,,,,,
784971,,,,,,,,,,,79.999992,79.999992,69.994865,74.101151,0.399583,0.352374,,,,,,,,,,,,
784976,,,,,,,,,,,79.999992,79.999992,71.063530,74.816139,0.389790,0.345743,,,,,,,,,,,,
784981,,,,,,,,,,,79.999992,79.999992,71.448708,75.469551,0.386793,0.339662,,,,,,,,,,,,
784986,,,,,,,,,,,79.999992,79.999992,72.392151,76.066681,0.378120,0.334084,,,,,,,,,,,,
784991,,,,,,,,,,,79.999992,79.999992,73.254341,76.612381,0.370172,0.328966,,,,,,,,,,,,
784996,,,,,,,,,,,79.999992,79.999992,73.450821,76.519630,0.368862,0.330241,,,,,,,,,,,,
785008,,,,,,,,,,,79.999992,79.999992,77.017647,79.580582,0.333065,0.298965,,,,,,,,,,,,
785011,,,,,,,,,,,79.999992,79.999992,74.524216,76.866402,0.358547,0.326421,,,,,,,,,,,,
785016,,,,,,,,,,,79.999992,79.999992,75.202766,77.343224,0.352241,0.321918,,,,,,,,,,,,
785021,,,,,,,,,,,79.999992,79.999992,75.822876,77.778976,0.346458,0.317783,,,,,,,,,,,,
785026,,,,,,,,,,,79.999992,79.999992,75.798126,78.177193,0.347125,0.313983,,,,,,,,,,,,
785031,,,,,,,,,,,79.987999,79.567177,76.366959,78.541115,0.341679,0.306118,,,,,,,,,,,,
785036,,,,,,,,,,,79.987999,79.567177,76.886795,78.282249,0.336791,0.308835,,,,,,,,,,,,
785041,,,,,,,,,,,79.987999,79.567177,77.361855,78.637123,0.332303,0.305379,,,,,,,,,,,,
785046,,,,,,,,,,,79.987999,79.567177,77.795998,78.961433,0.328181,0.302197,,,,,,,,,,,,
785051,,,,,,,,,,,79.860428,74.964211,77.601303,79.257805,0.329078,0.252774,,,,,,,,,,,,
785056,,,,,,,,,,,79.860428,74.964211,78.014824,79.528656,0.325127,0.249609,,,,,,,,,,,,
785068,,,,,,,,,,,79.860428,74.964211,80.829315,81.604034,0.296027,0.226823,,,,,,,,,,,,
785071,,,,,,,,,,,79.747200,70.878052,78.007584,78.124130,0.323286,0.220036,,,,,,,,,,,,
785076,,,,,,,,,,,79.747200,70.878052,78.386116,77.309731,0.319636,0.227537,,,,,,,,,,,,
785081,,,,,,,,,,,79.747200,70.878052,78.140594,77.156921,0.322252,0.228437,,,,,,,,,,,,
785086,,,,,,,,,,,79.747200,70.878052,78.507668,77.017273,0.318705,0.229219,,,,,,,,,,,,
785091,,,,,,,,,,,79.618866,66.247726,78.843124,76.889656,0.314145,0.183128,,,,,,,,,,,,
785096,,,,,,,,,,,79.618866,66.247726,79.149689,76.181580,0.311126,0.189216,,,,,,,,,,,,
785101,,,,,,,,,,,79.618866,66.247726,79.429848,75.534492,0.308344,0.194758,,,,,,,,,,,,
785106,,,,,,,,,,,79.618866,66.247726,79.685875,74.943138,0.305777,0.199802,,,,,,,,,,,,
785111,,,,,,,,,,,79.575676,64.689072,79.328407,74.402718,0.308944,0.188648,,,,,,,,,,,,
785116,,,,,,,,,,,79.575676,64.689072,79.593170,73.908844,0.306295,0.192665,,,,,,,,,,,,
785121,,,,,,,,,,,79.575676,64.689072,79.835136,72.866066,0.303849,0.202275,,,,,,,,,,,,
785126,,,,,,,,,,,79.575676,64.689072,80.056259,72.504547,0.301590,0.205109,,,,,,,,,,,,
785131,,,,,,,,,,,79.601921,65.636055,80.258339,71.582718,0.299766,0.223202,,,,,,,,,,,,
785136,,,,,,,,,,,79.601921,65.636055,79.851562,70.740288,0.303809,0.231116,,,,,,,,,,,,
785148,,,,,,,,,,,79.601921,65.636055,82.414215,71.561836,0.276908,0.221105,,,,,,,,,,,,
785151,,,,,,,,,,,79.707443,69.443611,78.864532,68.355423,0.313544,0.291354,,,,,,,,,,,,
785156,,,,,,,,,,,79.707443,69.443611,79.169250,68.382408,0.310551,0.291190,,,,,,,,,,,,
785161,,,,,,,,,,,79.707443,69.443611,79.447723,68.407066,0.307792,0.291047,,,,,,,,,,,,
785166,,,,,,,,,,,79.707443,69.443611,80.293655,68.429604,0.299274,0.290923,,,,,,,,,,,,
785171,,,,,,,,,,,79.815208,73.332085,80.475288,68.450195,0.298469,0.330090,,,,,,,,,,,,
785176,,,,,,,,,,,79.815208,73.332085,80.641273,69.060463,0.296727,0.324415,,,,,,,,,,,,
785181,,,,,,,,,,,79.815208,73.332085,80.792961,69.026718,0.295112,0.325183,,,,,,,,,,,,
785186,,,,,,,,,,,79.815208,73.332085,80.340141,68.995880,0.299588,0.325925,,,,,,,,,,,,
785191,,,,,,,,,,,79.887787,75.951035,80.517769,69.559143,0.298474,0.347121,,,,,,,,,,,,
785196,,,,,,,,,,,79.887787,75.951035,80.680092,70.073891,0.296772,0.342561,,,,,,,,,,,,
785208,,,,,,,,,,,79.887787,75.951035,82.514725,73.167305,0.277123,0.311559,,,,,,,,,,,,
785211,,,,,,,,,,,79.914680,76.921165,79.547829,70.414062,0.307097,0.349443,,,,,,,,,,,,
785216,,,,,,,,,,,79.914680,76.921165,79.202248,71.446625,0.310624,0.339665,,,,,,,,,,,,
785221,,,,,,,,,,,79.914680,76.921165,79.477882,71.798805,0.307912,0.336656,,,,,,,,,,,,
785226,,,,,,,,,,,79.914680,76.921165,79.729774,72.120651,0.305411,0.333917,,,,,,,,,,,,
785231,,,,,,,,,,,79.914680,76.921165,79.368523,73.006226,0.309078,0.325453,,,,,,,,,,,,
785236,,,,,,,,,,,79.914680,76.921165,79.038391,73.224075,0.312467,0.323644,,,,,,,,,,,,
785241,,,,,,,,,,,79.867065,75.203438,78.736694,73.423164,0.315121,0.304654,,,,,,,,,,,,
785246,,,,,,,,,,,79.867065,75.203438,78.460983,73.605103,0.318019,0.302994,,,,,,,,,,,,
785251,,,,,,,,,,,79.729767,70.249146,78.209015,73.771370,0.319318,0.251437,,,,,,,,,,,,
785256,,,,,,,,,,,79.729767,70.249146,77.978752,73.923317,0.321795,0.249550,,,,,,,,,,,,
785268,,,,,,,,,,,79.729767,70.249146,79.177673,75.250237,0.309170,0.234571,,,,,,,,,,,,
785271,,,,,,,,,,,79.566551,64.359962,76.498199,72.317589,0.334640,0.204210,,,,,,,,,,,,
785276,,,,,,,,,,,79.566551,64.359962,76.415291,72.003311,0.335784,0.206588,,,,,,,,,,,,
785281,,,,,,,,,,,79.566551,64.359962,76.339516,72.307541,0.336864,0.202751,,,,,,,,,,,,
785286,,,,,,,,,,,79.566551,64.359962,76.270271,71.994125,0.337886,0.205122,,,,,,,,,,,,
785291,,,,,,,,,,,79.410423,58.726212,76.206993,71.707703,0.337278,0.150351,,,,,,,,,,,,
785296,,,,,,,,,,,79.410423,58.726212,76.740608,70.854507,0.332209,0.157670,,,,,,,,,,,,
785301,,,,,,,,,,,79.410423,58.726212,76.636818,70.666245,0.333524,0.158358,,,,,,,,,,,,
785306,,,,,,,,,,,79.410423,58.726212,77.133415,69.902748,0.328786,0.164876,,,,,,,,,,,,
785311,,,,,,,,,,,79.341087,56.224499,76.995789,69.205017,0.329703,0.145538,,,,,,,,,,,,
785316,,,,,,,,,,,79.341087,56.224499,77.461464,68.567375,0.325235,0.150680,,,,,,,,,,,,
785321,,,,,,,,,,,79.341087,56.224499,77.887032,67.393211,0.321124,0.161305,,,,,,,,,,,,
785326,,,,,,,,,,,79.341087,56.224499,77.684502,66.320183,0.323315,0.171026,,,,,,,,,,,,
785331,,,,,,,,,,,79.350784,56.574028,78.090858,65.931015,0.319475,0.177477,,,,,,,,,,,,
785336,,,,,,,,,,,79.350784,56.574028,78.462219,64.983925,0.315850,0.186107,,,,,,,,,,,,
785347,,,,,,,,,,,79.350784,56.574028,88.264709,70.032852,0.216934,0.134272,,,,,,,,,,,,
785348,,,,,,,,,,,79.350784,56.574028,80.662453,64.000908,0.292825,0.193848,,,,,,,,,,,,
785351,,,,,,,,,,,79.499252,61.931576,77.855095,61.445721,0.322548,0.273024,,,,,,,,,,,,
785356,,,,,,,,,,,79.499252,61.931576,78.246758,60.884949,0.318756,0.278737,,,,,,,,,,,,
785361,,,,,,,,,,,79.499252,61.931576,78.604691,60.963921,0.315267,0.278044,,,,,,,,,,,,
785366,,,,,,,,,,,79.499252,61.931576,78.931793,61.036091,0.312052,0.277412,,,,,,,,,,,,
785371,,,,,,,,,,,79.651810,67.436165,79.230721,60.510597,0.310631,0.338405,,,,,,,,,,,,
785376,,,,,,,,,,,79.651810,67.436165,78.912453,60.621811,0.313887,0.337974,,,,,,,,,,,,
785381,,,,,,,,,,,79.651810,67.436165,79.213043,60.723446,0.310925,0.337629,,,,,,,,,,,,
785386,,,,,,,,,,,79.651810,67.436165,78.896301,60.816326,0.314168,0.337362,,,,,,,,,,,,
785391,,,,,,,,,,,79.776260,71.926773,79.198288,61.492653,0.312451,0.376548,,,,,,,,,,,,
785396,,,,,,,,,,,79.776260,71.926773,79.474258,62.110725,0.309721,0.371349,,,,,,,,,,,,
785412,,,,,,,,,,,79.823303,73.624229,79.473450,63.751400,0.308052,0.373085,,,,,,,,,,,,
785416,,,,,,,,,,,79.823303,73.624229,77.951385,62.992039,0.323460,0.381741,,,,,,,,,,,,
785421,,,,,,,,,,,79.823303,73.624229,78.334755,64.072418,0.319775,0.371893,,,,,,,,,,,,
785426,,,,,,,,,,,79.823303,73.624229,78.093658,65.059738,0.322359,0.362876,,,,,,,,,,,,
785431,,,,,,,,,,,79.743263,70.736015,78.464775,66.553467,0.317975,0.319475,,,,,,,,,,,,
785436,,,,,,,,,,,79.743263,70.736015,78.212479,67.327095,0.320651,0.312080,,,,,,,,,,,,
785441,,,,,,,,,,,79.743263,70.736015,77.981918,68.625534,0.323133,0.299306,,,,,,,,,,,,
785446,,,,,,,,,,,79.743263,70.736015,77.771210,68.629250,0.325437,0.299480,,,,,,,,,,,,
785451,,,,,,,,,,,79.602440,65.654610,77.578651,68.632645,0.326157,0.248334,,,,,,,,,,,,
785456,,,,,,,,,,,79.602440,65.654610,76.811234,69.227196,0.334110,0.242031,,,,,,,,,,,,
785468,,,,,,,,,,,79.602440,65.654610,,,,,,,,,,,,,,,,
785469,,,,,,,,,,,79.602440,65.654610,79.283615,71.328239,0.308703,0.219214,,,,,,,,,,,,
785471,,,,,,,,,,,79.419601,59.057388,75.412125,67.550507,0.345990,0.190169,,,,,,,,,,,,
785476,,,,,,,,,,,79.419601,59.057388,75.422760,67.055374,0.346283,0.194321,,,,,,,,,,,,
785481,,,,,,,,,,,79.419601,59.057388,75.432472,67.194328,0.346585,0.192118,,,,,,,,,,,,
785486,,,,,,,,,,,79.419601,59.057388,76.032799,66.729874,0.340920,0.195995,,,,,,,,,,,,
785491,,,,,,,,,,,79.250320,52.948948,76.581413,66.896866,0.334008,0.131846,,,,,,,,,,,,
785496,,,,,,,,,,,79.250320,52.948948,76.491333,66.458031,0.335185,0.134883,,,,,,,,,,,,
785501,,,,,,,,,,,79.250320,52.948948,76.409012,65.465546,0.336292,0.143557,,,,,,,,,,,,
785506,,,,,,,,,,,79.250320,52.948948,76.925224,65.149986,0.331363,0.145492,,,,,,,,,,,,
785511,,,,,,,,,,,79.133728,48.742043,77.396980,64.270164,0.325653,0.110668,,,,,,,,,,,,
785516,,,,,,,,,,,79.133728,48.742043,77.236656,63.466122,0.327446,0.117236,,,,,,,,,,,,
785528,,,,,,,,,,,79.133728,48.742043,80.230354,62.784248,0.296598,0.120720,,,,,,,,,,,,
785531,,,,,,,,,,,79.099968,47.524128,76.868767,59.150963,0.330100,0.143711,,,,,,,,,,,,
785536,,,,,,,,,,,79.099968,47.524128,77.345383,58.196392,0.325509,0.152189,,,,,,,,,,,,
785541,,,,,,,,,,,79.099968,47.524128,77.780945,57.324039,0.321285,0.159933,,,,,,,,,,,,
785546,,,,,,,,,,,79.099968,47.524128,77.587547,56.526821,0.323370,0.167005,,,,,,,,,,,,
785551,,,,,,,,,,,79.183792,50.548409,78.002258,55.206825,0.320180,0.209982,,,,,,,,,,,,
785556,,,,,,,,,,,79.183792,50.548409,78.381248,54.591965,0.316470,0.215726,,,,,,,,,,,,
785561,,,,,,,,,,,79.183792,50.548409,78.727592,54.030060,0.313052,0.220997,,,,,,,,,,,,
785566,,,,,,,,,,,79.183792,50.548409,79.044106,54.107998,0.309901,0.219861,,,,,,,,,,,,
785571,,,,,,,,,,,79.335190,56.011501,79.333359,53.587780,0.308523,0.279937,,,,,,,,,,,,
785576,,,,,,,,,,,79.335190,56.011501,79.597702,53.703812,0.305853,0.279007,,,,,,,,,,,,
785581,,,,,,,,,,,79.335190,56.011501,79.247826,53.809849,0.309361,0.278167,,,,,,,,,,,,
785586,,,,,,,,,,,79.335190,56.011501,79.519531,53.906754,0.306625,0.277409,,,,,,,,,,,,
785591,,,,,,,,,,,79.520638,62.703278,79.767838,53.995312,0.305972,0.344312,,,,,,,,,,,,
785596,,,,,,,,,,,79.520638,62.703278,79.994759,54.076244,0.303655,0.344365,,,,,,,,,,,,
785608,,,,,,,,,,,79.520638,62.703278,81.942368,57.053284,0.282922,0.315187,,,,,,,,,,,,
785611,,,,,,,,,,,79.624146,66.438034,79.024765,55.687943,0.313193,0.367263,,,,,,,,,,,,
785616,,,,,,,,,,,79.624146,66.438034,79.315681,56.805977,0.310315,0.357046,,,,,,,,,,,,
785621,,,,,,,,,,,79.624146,66.438034,78.990097,57.236271,0.313634,0.353663,,,,,,,,,,,,
785626,,,,,,,,,,,79.624146,66.438034,79.284004,58.220947,0.310729,0.344638,,,,,,,,,,,,
785631,,,,,,,,,,,79.696075,69.033463,78.961151,59.120815,0.314751,0.362585,,,,,,,,,,,,
785636,,,,,,,,,,,79.696075,69.033463,78.074661,60.534622,0.323778,0.349297,,,,,,,,,,,,
785641,,,,,,,,,,,79.696075,69.033463,77.855965,61.826656,0.326149,0.337097,,,,,,,,,,,,
785646,,,,,,,,,,,79.696075,69.033463,78.247551,63.007408,0.322378,0.325892,,,,,,,,,,,,
785651,,,,,,,,,,,79.703972,69.318474,78.013969,64.086464,0.324961,0.318475,,,,,,,,,,,,
785656,,,,,,,,,,,79.703972,69.318474,77.209061,63.889687,0.333260,0.320985,,,,,,,,,,,,
785668,,,,,,,,,,,79.703972,69.318474,78.585800,66.381004,0.319040,0.296099,,,,,,,,,,,,
785671,,,,,,,,,,,79.688683,68.766563,74.774414,63.620819,0.357493,0.318696,,,,,,,,,,,,
785676,,,,,,,,,,,79.688683,68.766563,74.839973,63.464149,0.357322,0.320793,,,,,,,,,,,,
785681,,,,,,,,,,,79.688683,68.766563,74.899887,63.912418,0.357202,0.316796,,,,,,,,,,,,
785686,,,,,,,,,,,79.688683,68.766563,74.954636,64.913521,0.357128,0.307170,,,,,,,,,,,,
785691,,,,,,,,,,,79.646530,67.245667,75.004669,65.236954,0.356670,0.288928,,,,,,,,,,,,
785696,,,,,,,,,,,79.646530,67.245667,75.050392,65.532532,0.356672,0.286143,,,,,,,,,,,,
785701,,,,,,,,,,,79.646530,67.245667,74.500732,65.211205,0.362684,0.289560,,,,,,,,,,,,
785706,,,,,,,,,,,79.646530,67.245667,74.589859,65.508995,0.362298,0.286756,,,,,,,,,,,,
785711,,,,,,,,,,,79.590317,65.217369,74.671310,65.781143,0.361413,0.263695,,,,,,,,,,,,
785716,,,,,,,,,,,79.590317,65.217369,75.337196,66.029846,0.355180,0.261127,,,,,,,,,,,,
785728,,,,,,,,,,,79.590317,65.217369,77.512054,68.117447,0.333116,0.239028,,,,,,,,,,,,
785731,,,,,,,,,,,79.590317,65.217369,74.384598,65.207703,0.364911,0.268127,,,,,,,,,,,,
785736,,,,,,,,,,,79.549561,63.746719,75.075172,65.505798,0.358045,0.250264,,,,,,,,,,,,
785741,,,,,,,,,,,79.549561,63.746719,75.114822,65.186775,0.358092,0.253310,,,,,,,,,,,,
785746,,,,,,,,,,,79.549561,63.746719,75.742508,65.486671,0.352196,0.250137,,,,,,,,,,,,
785751,,,,,,,,,,,79.513237,62.436092,75.724686,65.169296,0.352390,0.239931,,,,,,,,,,,,
785756,,,,,,,,,,,79.513237,62.436092,75.708397,65.470703,0.352933,0.236613,,,,,,,,,,,,
785761,,,,,,,,,,,79.513237,62.436092,76.284958,65.154701,0.347491,0.239502,,,,,,,,,,,,
785766,,,,,,,,,,,79.513237,62.436092,76.220413,65.457359,0.348465,0.236173,,,,,,,,,,,,
785771,,,,,,,,,,,79.516891,62.567863,76.752869,65.142509,0.343454,0.240382,,,,,,,,,,,,
785776,,,,,,,,,,,79.516891,62.567863,77.239464,65.446220,0.338816,0.237057,,,,,,,,,,,,
785781,,,,,,,,,,,79.516891,62.567863,77.092705,65.132324,0.340526,0.239939,,,,,,,,,,,,
785786,,,,,,,,,,,79.516891,62.567863,77.550034,64.845467,0.336149,0.242580,,,,,,,,,,,,
785791,,,,,,,,,,,79.562386,64.209373,77.967972,65.174759,0.332584,0.255606,,,,,,,,,,,,
785796,,,,,,,,,,,79.562386,64.209373,77.758469,64.884247,0.334859,0.258443,,,,,,,,,,,,
785808,,,,,,,,,,,79.562386,64.209373,80.615219,66.620186,0.305322,0.239974,,,,,,,,,,,,
785811,,,,,,,,,,,79.657730,67.649986,77.811928,63.839401,0.334492,0.302569,,,,,,,,,,,,
785816,,,,,,,,,,,79.657730,67.649986,78.207306,63.663906,0.330684,0.304722,,,,,,,,,,,,
785821,,,,,,,,,,,79.657730,67.649986,77.977188,64.094971,0.333153,0.300767,,,,,,,,,,,,
785826,,,,,,,,,,,79.657730,67.649986,78.358337,64.488907,0.329471,0.297144,,,,,,,,,,,,
785831,,,,,,,,,,,61.701813,46.544033,78.706657,64.848915,0.144729,0.080654,,,,,,,,,,,,
785836,,,,,,,,,,,61.701813,46.544033,78.433533,64.586472,0.145787,0.081474,,,,,,,,,,,,
785841,,,,,,,,,,,61.701813,46.544033,77.592484,63.163738,0.152608,0.094040,,,,,,,,,,,,
785846,,,,,,,,,,,61.701813,46.544033,76.823875,61.863548,0.158782,0.105510,,,,,,,,,,,,
785851,,,,,,,,,,,0.000000,0.000000,76.121468,60.675343,-0.458824,-0.354116,,,,,,,,,,,,
785856,,,,,,,,,,,0.000000,0.000000,74.296669,58.998032,-0.448006,-0.343243,,,,,,,,,,,,
785868,,,,,,,,,,,0.000000,0.000000,64.751976,49.813183,-0.366120,-0.261827,,,,,,,,,,,,
785871,,,,,,,,,,,0.000000,0.000000,59.174873,44.931320,-0.316266,-0.217501,,,,,,,,,,,,
785876,,,,,,,,,,,0.000000,0.000000,54.078129,41.061378,-0.270706,-0.182908,,,,,,,,,,,,
785881,,,,,,,,,,,0.000000,0.000000,49.420368,37.524754,-0.229071,-0.151294,,,,,,,,,,,,
785886,,,,,,,,,,,0.000000,0.000000,44.572338,34.292740,-0.185048,-0.122403,,,,,,,,,,,,
785891,,,,,,,,,,,0.000000,0.000000,38.958981,30.156210,-0.132810,-0.084054,,,,,,,,,,,,
785896,,,,,,,,,,,0.000000,0.000000,33.829102,26.967405,-0.084894,-0.054862,,,,,,,,,,,,
785901,,,,,,,,,,,0.000000,0.000000,29.732504,23.461807,-0.046902,-0.022152,,,,,,,,,,,,
785906,,,,,,,,,,,0.000000,0.000000,25.397303,20.849592,-0.006089,0.001885,,,,,,,,,,,,
785911,,,,,,,,,,,0.000000,0.000000,22.618383,18.462368,0.019438,0.023911,,,,,,,,,,,,
785916,,,,,,,,,,,0.000000,0.000000,20.078812,16.280756,0.042826,0.044099,,,,,,,,,,,,
785928,,,,,,,,,,,0.000000,0.000000,18.390491,17.380527,0.055858,0.029461,,,,,,,,,,,,
785931,,,,,,,,,,,0.000000,0.000000,19.172295,17.066429,0.046122,0.030896,,,,,,,,,,,,
785936,,,,,,,,,,,0.000000,0.000000,21.069651,18.553719,0.025042,0.014167,,,,,,,,,,,,
785941,,,,,,,,,,,0.000000,0.000000,22.803587,18.730017,0.005422,0.010531,,,,,,,,,,,,
785946,,,,,,,,,,,0.000000,0.000000,23.205288,18.891130,-0.000915,0.007031,,,,,,,,,,,,
785951,,,,,,,,,,,0.000000,0.000000,22.980946,18.446924,-0.000970,0.009628,,,,,,,,,,,,
785956,,,,,,,,,,,0.000000,0.000000,22.184483,17.449532,0.004776,0.017857,,,,,,,,,,,,
785961,,,,,,,,,,,0.000000,0.000000,21.456619,16.538044,0.009909,0.025318,,,,,,,,,,,,
785966,,,,,,,,,,,0.000000,0.000000,20.200001,15.705064,0.020455,0.032078,,,,,,,,,,,,
785971,,,,,,,,,,,0.000000,0.000000,19.051615,14.943829,0.030034,0.038196,,,,,,,,,,,,
785976,,,,,,,,,,,0.000000,0.000000,18.593586,14.839603,0.032755,0.037754,,,,,,,,,,,,
785988,,,,,,,,,,,0.000000,0.000000,20.393114,16.176939,0.010489,0.020993,,,,,,,,,,,,
785991,,,,,,,,,,,0.000000,0.000000,20.410986,15.375061,0.008269,0.027474,,,,,,,,,,,,
785996,,,,,,,,,,,0.000000,0.000000,20.427319,15.825138,0.006063,0.021391,,,,,,,,,,,,
786001,,,,,,,,,,,0.000000,0.000000,21.033689,15.645005,-0.002104,0.021628,,,,,,,,,,,,
786006,,,,,,,,,,,0.000000,0.000000,20.996387,15.480388,-0.003831,0.021726,,,,,,,,,,,,
786011,,,,,,,,,,,0.000000,0.000000,20.962299,15.329948,-0.005586,0.021697,,,,,,,,,,,,
786016,,,,,,,,,,,0.000000,0.000000,20.339703,15.783912,-0.001394,0.015579,,,,,,,,,,,,
786021,,,,,,,,,,,0.000000,0.000000,20.362175,15.607330,-0.003655,0.015784,,,,,,,,,,,,
786026,,,,,,,,,,,0.000000,0.000000,20.382711,15.445957,-0.005899,0.015853,,,,,,,,,,,,
786031,,,,,,,,,,,0.000000,0.000000,19.810034,14.707039,-0.002153,0.021772,,,,,,,,,,,,
786036,,,,,,,,,,,0.000000,0.000000,19.286682,14.623208,0.001152,0.021148,,,,,,,,,,,,
786041,,,,,,,,,,,0.000000,0.000000,18.808407,14.546597,0.004054,0.020459,,,,,,,,,,,,
786046,,,,,,,,,,,0.000000,0.000000,18.371325,13.885141,0.006588,0.025685,,,,,,,,,,,,
786051,,,,,,,,,,,0.000000,0.000000,17.971888,13.872101,0.008785,0.024428,,,,,,,,,,,,
786056,,,,,,,,,,,0.000000,0.000000,17.015409,13.268739,0.016648,0.029135,,,,,,,,,,,,
786068,,,,,,,,,,,0.000000,0.000000,15.832067,12.703004,0.025166,0.032132,,,,,,,,,,,,
786071,,,,,,,,,,,0.000000,0.000000,15.059893,11.608891,0.031382,0.041912,,,,,,,,,,,,
786076,,,,,,,,,,,0.000000,0.000000,14.354226,11.200460,0.037003,0.044877,,,,,,,,,,,,
786081,,,,,,,,,,,0.000000,0.000000,13.709338,10.827208,0.042081,0.047527,,,,,,,,,,,,
786086,,,,,,,,,,,0.000000,0.000000,13.119995,10.486103,0.046662,0.049889,,,,,,,,,,,,
786091,,,,,,,,,,,0.000000,0.000000,13.172857,10.174377,0.044816,0.051989,,,,,,,,,,,,
786096,,,,,,,,,,,0.000000,0.000000,12.038277,9.889502,0.054958,0.053849,,,,,,,,,,,,
786101,,,,,,,,,,,0.000000,0.000000,11.592862,9.629162,0.058253,0.055489,,,,,,,,,,,,
786106,,,,,,,,,,,0.000000,0.000000,11.185811,9.391245,0.061205,0.056929,,,,,,,,,,,,
786111,,,,,,,,,,,0.000000,0.000000,10.813820,9.173820,0.063844,0.058186,,,,,,,,,,,,
786116,,,,,,,,,,,0.000000,0.000000,10.473868,8.975121,0.066196,0.059276,,,,,,,,,,,,
786128,,,,,,,,,,,0.000000,0.000000,9.287838,8.576652,0.076111,0.061464,,,,,,,,,,,,
786131,,,,,,,,,,,0.000000,0.000000,9.079319,8.429388,0.077288,0.062094,,,,,,,,,,,,
786136,,,,,,,,,,,0.000000,0.000000,8.888761,8.294808,0.078305,0.062610,,,,,,,,,,,,
786141,,,,,,,,,,,0.000000,0.000000,8.714615,8.171820,0.079175,0.063023,,,,,,,,,,,,
786146,,,,,,,,,,,0.000000,0.000000,8.555469,7.467979,0.079911,0.069314,,,,,,,,,,,,
786151,,,,,,,,,,,0.000000,0.000000,8.410029,7.416206,0.080524,0.069090,,,,,,,,,,,,
786156,,,,,,,,,,,0.000000,0.000000,8.277117,7.368891,0.081026,0.068827,,,,,,,,,,,,
786161,,,,,,,,,,,0.000000,0.000000,8.155652,7.325652,0.081425,0.068527,,,,,,,,,,,,
786166,,,,,,,,,,,0.000000,0.000000,7.453204,7.286137,0.087704,0.068193,,,,,,,,,,,,
786171,,,,,,,,,,,0.000000,0.000000,7.402703,7.250025,0.087468,0.067829,,,,,,,,,,,,
786176,,,,,,,,,,,0.000000,0.000000,7.356551,7.217024,0.087194,0.067438,,,,,,,,,,,,
786188,,,,,,,,,,,0.000000,0.000000,7.224890,7.108362,0.086998,0.067035,,,,,,,,,,,,
786191,,,,,,,,,,,0.000000,0.000000,7.194054,6.496118,0.086587,0.072508,,,,,,,,,,,,
786196,,,,,,,,,,,0.000000,0.000000,7.165873,7.119495,0.086152,0.065563,,,,,,,,,,,,
786201,,,,,,,,,,,0.000000,0.000000,7.140120,7.097737,0.085696,0.065070,,,,,,,,,,,,
786206,,,,,,,,,,,0.000000,0.000000,7.116585,6.486407,0.085219,0.070535,,,,,,,,,,,,
786211,,,,,,,,,,,0.000000,0.000000,6.503632,6.519176,0.090698,0.069555,,,,,,,,,,,,
786216,,,,,,,,,,,0.000000,0.000000,6.534918,6.549123,0.089732,0.068601,,,,,,,,,,,,
786221,,,,,,,,,,,0.000000,0.000000,5.972064,5.985046,0.094763,0.073643,,,,,,,,,,,,
786226,,,,,,,,,,,0.000000,0.000000,6.049134,6.060997,0.093388,0.072278,,,,,,,,,,,,
786231,,,,,,,,,,,0.000000,0.000000,5.528121,5.538962,0.098045,0.076944,,,,,,,,,,,,
786236,,,,,,,,,,,0.000000,0.000000,5.643427,5.653335,0.096328,0.075235,,,,,,,,,,,,
786241,,,,,,,,,,,0.000000,0.000000,5.748803,5.757857,0.094699,0.073614,,,,,,,,,,,,
786246,,,,,,,,,,,0.000000,0.000000,5.253657,5.853376,0.099125,0.072074,,,,,,,,,,,,
786251,,,,,,,,,,,0.000000,0.000000,5.392603,5.349224,0.097196,0.076580,,,,,,,,,,,,
786256,,,,,,,,,,,0.000000,0.000000,5.519582,5.479939,0.095375,0.074725,,,,,,,,,,,,
786268,,,,,,,,,,,0.000000,0.000000,5.690731,5.657622,0.092471,0.071763,,,,,,,,,,,,
786271,,,,,,,,,,,0.000000,0.000000,5.200587,5.761775,0.096853,0.070146,,,,,,,,,,,,
786276,,,,,,,,,,,0.000000,0.000000,5.344104,5.856956,0.094883,0.068608,,,,,,,,,,,,
786281,,,,,,,,,,,0.000000,0.000000,5.475260,5.352496,0.093024,0.073117,,,,,,,,,,,,
786286,,,,,,,,,,,0.000000,0.000000,5.003675,5.482929,0.097240,0.071265,,,,,,,,,,,,
786291,,,,,,,,,,,0.000000,0.000000,5.164152,5.602129,0.095118,0.069513,,,,,,,,,,,,
786296,,,,,,,,,,,0.000000,0.000000,5.310807,5.711061,0.093121,0.067852,,,,,,,,,,,,
786301,,,,,,,,,,,0.000000,0.000000,4.853386,5.219166,0.097210,0.072249,,,,,,,,,,,,
786306,,,,,,,,,,,0.000000,0.000000,5.026808,5.361084,0.094973,0.070294,,,,,,,,,,,,
786311,,,,,,,,,,,0.000000,0.000000,5.185293,5.490777,0.092869,0.068448,,,,,,,,,,,,
786316,,,,,,,,,,,0.000000,0.000000,5.330128,5.609300,0.090888,0.066702,,,,,,,,,,,,
786328,,,,,,,,,,,0.000000,0.000000,5.532506,5.765659,0.087706,0.063931,,,,,,,,,,,,
786331,,,,,,,,,,,0.000000,0.000000,5.055990,5.269062,0.091965,0.068370,,,,,,,,,,,,
786336,,,,,,,,,,,0.000000,0.000000,5.211962,5.406681,0.089884,0.066453,,,,,,,,,,,,
786341,,,,,,,,,,,0.000000,0.000000,5.354499,5.532447,0.087923,0.064642,,,,,,,,,,,,
786346,,,,,,,,,,,0.000000,0.000000,5.484760,5.647381,0.086072,0.062928,,,,,,,,,,,,
786351,,,,,,,,,,,0.000000,0.000000,5.012357,5.752416,0.090295,0.061302,,,,,,,,,,,,
786356,,,,,,,,,,,0.000000,0.000000,5.172086,5.256959,0.088181,0.065731,,,,,,,,,,,,
786361,,,,,,,,,,,0.000000,0.000000,5.318058,5.395621,0.086189,0.063805,,,,,,,,,,,,
786366,,,,,,,,,,,0.000000,0.000000,5.451458,5.522340,0.084310,0.061986,,,,,,,,,,,,
786371,,,,,,,,,,,0.000000,0.000000,4.981922,5.638145,0.088507,0.060264,,,,,,,,,,,,
786376,,,,,,,,,,,0.000000,0.000000,5.144273,5.743975,0.086369,0.058631,,,,,,,,,,,,
786388,,,,,,,,,,,0.000000,0.000000,4.836784,5.337630,0.088431,0.061577,,,,,,,,,,,,
786391,,,,,,,,,,,0.000000,0.000000,5.011636,5.469344,0.086181,0.059713,,,,,,,,,,,,
786396,,,,,,,,,,,0.000000,0.000000,5.171427,4.998269,0.084066,0.063924,,,,,,,,,,,,
786401,,,,,,,,,,,0.000000,0.000000,5.317456,5.159212,0.082074,0.061798,,,,,,,,,,,,
786406,,,,,,,,,,,0.000000,0.000000,4.859463,5.306293,0.086168,0.059797,,,,,,,,,,,,
786411,,,,,,,,,,,0.000000,0.000000,4.440916,4.849260,0.089910,0.063882,,,,,,,,,,,,
786416,,,,,,,,,,,0.000000,0.000000,4.649864,5.023037,0.087355,0.061642,,,,,,,,,,,,
786421,,,,,,,,,,,0.000000,0.000000,4.840815,5.181847,0.084962,0.059536,,,,,,,,,,,,
786426,,,,,,,,,,,0.000000,0.000000,5.015319,5.326978,0.082715,0.057552,,,,,,,,,,,,
786431,,,,,,,,,,,0.000000,0.000000,4.583349,5.459610,0.086577,0.055680,,,,,,,,,,,,
786436,,,,,,,,,,,0.000000,0.000000,4.780029,4.989372,0.084132,0.059883,,,,,,,,,,,,
786447,,,,,,,,,,,0.000000,0.000000,,,0.081838,0.051777,,,,,,,,,,,,
786448,,,,,,,,,,,0.000000,0.000000,4.532583,5.247921,0.085657,0.056198,,,,,,,,,,,,
786451,,,,,,,,,,,0.000000,0.000000,4.733635,4.795917,0.083173,0.060239,,,,,,,,,,,,
786456,,,,,,,,,,,0.000000,0.000000,4.917371,4.974288,0.080844,0.057958,,,,,,,,,,,,
786461,,,,,,,,,,,0.000000,0.000000,4.493837,5.137296,0.084630,0.055814,,,,,,,,,,,,
786466,,,,,,,,,,,0.000000,0.000000,4.698226,4.694820,0.082116,0.059769,,,,,,,,,,,,
786471,,,,,,,,,,,0.000000,0.000000,4.293567,4.881899,0.085733,0.057410,,,,,,,,,,,,
786476,,,,,,,,,,,0.000000,0.000000,3.923761,5.052865,0.089039,0.055195,,,,,,,,,,,,
786481,,,,,,,,,,,0.000000,0.000000,3.585807,4.617661,0.092060,0.059086,,,,,,,,,,,,
786486,,,,,,,,,,,0.000000,0.000000,3.868406,4.811385,0.088847,0.056667,,,,,,,,,,,,
786491,,,,,,,,,,,0.000000,0.000000,4.126664,4.396979,0.085852,0.060372,,,,,,,,,,,,
786496,,,,,,,,,,,0.000000,0.000000,4.362678,4.609712,0.083056,0.057783,,,,,,,,,,,,
786501,,,,,,,,,,,0.000000,0.000000,4.578364,4.804121,0.080441,0.055359,,,,,,,,,,,,
786506,,,,,,,,,,,0.000000,0.000000,4.184029,4.390341,0.083966,0.059058,,,,,,,,,,,,
786511,,,,,,,,,,,0.000000,0.000000,3.823658,4.603645,0.087187,0.056464,,,,,,,,,,,,
786516,,,,,,,,,,,0.000000,0.000000,3.494325,4.207132,0.090131,0.060009,,,,,,,,,,,,
786527,,,,,,,,,,,0.000000,0.000000,4.376248,5.027661,0.080874,0.051300,,,,,,,,,,,,
786528,,,,,,,,,,,,,3.999321,4.594627,0.084244,0.055171,,,,,,,,,,,,
786531,,,,,,,,,,,0.000000,0.000000,4.246304,4.198891,0.081349,0.058709,,,,,,,,,,,,
786536,,,,,,,,,,,0.000000,0.000000,4.472013,4.428685,0.078645,0.055968,,,,,,,,,,,,
786541,,,,,,,,,,,0.000000,0.000000,4.086838,4.047241,0.082088,0.059378,,,,,,,,,,,,
786546,,,,,,,,,,,0.000000,0.000000,3.734838,4.290096,0.085234,0.056520,,,,,,,,,,,,
786551,,,,,,,,,,,0.000000,0.000000,3.413156,3.920589,0.088110,0.059823,,,,,,,,,,,,
786556,,,,,,,,,,,0.000000,0.000000,3.119180,4.174353,0.090738,0.056868,,,,,,,,,,,,
786561,,,,,,,,,,,0.000000,0.000000,2.850524,3.814815,0.093139,0.060082,,,,,,,,,,,,
786566,,,,,,,,,,,0.000000,0.000000,3.196453,4.077689,0.089360,0.057045,,,,,,,,,,,,
786571,,,,,,,,,,,0.000000,0.000000,3.512587,3.726477,0.085848,0.060185,,,,,,,,,,,,
786576,,,,,,,,,,,0.000000,0.000000,3.801492,3.996959,0.082578,0.057080,,,,,,,,,,,,
786588,,,,,,,,,,,0.000000,0.000000,3.715350,3.878596,0.082662,0.057452,,,,,,,,,,,,
786591,,,,,,,,,,,0.000000,0.000000,3.395346,4.135977,0.085522,0.054464,,,,,,,,,,,,
786596,,,,,,,,,,,0.000000,0.000000,3.102904,3.779744,0.088136,0.057649,,,,,,,,,,,,
786601,,,,,,,,,,,0.000000,0.000000,2.835650,3.454194,0.090525,0.060559,,,,,,,,,,,,
786606,,,,,,,,,,,0.000000,0.000000,2.591415,3.748128,0.092709,0.057245,,,,,,,,,,,,
786611,,,,,,,,,,,0.000000,0.000000,2.368216,3.425301,0.094704,0.060130,,,,,,,,,,,,
786616,,,,,,,,,,,0.000000,0.000000,2.755686,3.721724,0.090554,0.056794,,,,,,,,,,,,
786621,,,,,,,,,,,0.000000,0.000000,2.518338,3.401171,0.092675,0.059659,,,,,,,,,,,,
786626,,,,,,,,,,,0.000000,0.000000,3.484323,3.699673,0.082667,0.056304,,,,,,,,,,,,
786631,,,,,,,,,,,0.000000,0.000000,3.184217,3.381019,0.085350,0.059153,,,,,,,,,,,,
786636,,,,,,,,,,,0.000000,0.000000,2.909960,3.681256,0.087801,0.055782,,,,,,,,,,,,
786648,,,,,,,,,,,0.000000,0.000000,2.970780,3.614934,0.086571,0.055689,,,,,,,,,,,,
786651,,,,,,,,,,,0.000000,0.000000,2.714906,3.303579,0.088858,0.058472,,,,,,,,,,,,
786656,,,,,,,,,,,0.000000,0.000000,2.481071,3.019041,0.090948,0.061015,,,,,,,,,,,,
786661,,,,,,,,,,,0.000000,0.000000,2.858820,3.350455,0.086885,0.057366,,,,,,,,,,,,
786666,,,,,,,,,,,0.000000,0.000000,2.612590,3.061880,0.089086,0.059946,,,,,,,,,,,,
786671,,,,,,,,,,,0.000000,0.000000,2.979012,3.389604,0.085124,0.056329,,,,,,,,,,,,
786676,,,,,,,,,,,0.000000,0.000000,2.722429,3.097657,0.087417,0.058939,,,,,,,,,,,,
786681,,,,,,,,,,,0.000000,0.000000,3.079390,2.830855,0.083540,0.061324,,,,,,,,,,,,
786686,,,,,,,,,,,0.000000,0.000000,2.814162,3.178478,0.085911,0.057530,,,,,,,,,,,,
786691,,,,,,,,,,,0.000000,0.000000,3.163222,2.904715,0.082104,0.059977,,,,,,,,,,,,
786696,,,,,,,,,,,0.000000,0.000000,2.890773,3.245976,0.084539,0.056240,,,,,,,,,,,,
786701,,,,,,,,,,,0.000000,0.000000,2.641790,2.966399,0.086765,0.058739,,,,,,,,,,,,
786706,,,,,,,,,,,0.000000,0.000000,2.414253,3.302348,0.088799,0.055049,,,,,,,,,,,,
786711,,,,,,,,,,,0.000000,0.000000,2.206312,3.017916,0.090658,0.057592,,,,,,,,,,,,
786716,,,,,,,,,,,0.000000,0.000000,2.607727,3.349427,0.086383,0.053942,,,,,,,,,,,,
786728,,,,,,,,,,,0.000000,0.000000,2.718368,3.337804,0.084707,0.053359,,,,,,,,,,,,
786731,,,,,,,,,,,0.000000,0.000000,2.484234,3.050318,0.086800,0.055929,,,,,,,,,,,,
786736,,,,,,,,,,,0.000000,0.000000,2.861712,2.787594,0.082739,0.058277,,,,,,,,,,,,
786741,,,,,,,,,,,0.000000,0.000000,2.615232,3.138943,0.084942,0.054450,,,,,,,,,,,,
786746,,,,,,,,,,,0.000000,0.000000,2.981426,2.868585,0.080982,0.056867,,,,,,,,,,,,
786751,,,,,,,,,,,0.000000,0.000000,2.724635,2.621513,0.083278,0.059075,,,,,,,,,,,,
786756,,,,,,,,,,,0.000000,0.000000,2.489962,2.987167,0.085375,0.055120,,,,,,,,,,,,
786761,,,,,,,,,,,0.000000,0.000000,2.866946,2.729881,0.081319,0.057420,,,,,,,,,,,,
786766,,,,,,,,,,,0.000000,0.000000,2.620015,3.086201,0.083526,0.053548,,,,,,,,,,,,
786771,,,,,,,,,,,0.000000,0.000000,2.985798,2.820386,0.079570,0.055924,,,,,,,,,,,,
786776,,,,,,,,,,,0.000000,0.000000,3.320075,2.577466,0.075895,0.058096,,,,,,,,,,,,
786788,,,,,,,,,,,0.000000,0.000000,2.772787,2.693094,0.080787,0.056375,,,,,,,,,,,,
786791,,,,,,,,,,,0.000000,0.000000,2.533966,3.052583,0.082922,0.052475,,,,,,,,,,,,
786796,,,,,,,,,,,0.000000,0.000000,2.907160,2.789663,0.078899,0.054825,,,,,,,,,,,,
786801,,,,,,,,,,,0.000000,0.000000,2.656766,2.549389,0.081137,0.056973,,,,,,,,,,,,
786806,,,,,,,,,,,0.000000,0.000000,3.019383,2.921254,0.077209,0.052962,,,,,,,,,,,,
786811,,,,,,,,,,,0.000000,0.000000,2.759323,2.669646,0.079534,0.055212,,,,,,,,,,,,
786816,,,,,,,,,,,0.000000,0.000000,3.113106,2.439709,0.075685,0.057267,,,,,,,,,,,,
786821,,,,,,,,,,,0.000000,0.000000,2.844974,2.821021,0.078082,0.053172,,,,,,,,,,,,
786826,,,,,,,,,,,0.000000,0.000000,2.599936,2.578046,0.080272,0.055344,,,,,,,,,,,,
786831,,,,,,,,,,,0.000000,0.000000,2.967448,2.355998,0.076300,0.057329,,,,,,,,,,,,
786836,,,,,,,,,,,0.000000,0.000000,2.711861,2.744520,0.078585,0.053169,,,,,,,,,,,,
786848,,,,,,,,,,,0.000000,0.000000,2.805336,2.832612,0.077063,0.051695,,,,,,,,,,,,
786851,,,,,,,,,,,0.000000,0.000000,2.563712,2.588638,0.079223,0.053876,,,,,,,,,,,,
786856,,,,,,,,,,,0.000000,0.000000,2.342899,2.365678,0.081196,0.055869,,,,,,,,,,,,
786861,,,,,,,,,,,0.000000,0.000000,2.141104,2.161922,0.083000,0.057690,,,,,,,,,,,,
786866,,,,,,,,,,,0.000000,0.000000,1.956690,2.567160,0.084649,0.053381,,,,,,,,,,,,
786871,,,,,,,,,,,0.000000,0.000000,1.788160,2.346050,0.086155,0.055357,,,,,,,,,,,,
786876,,,,,,,,,,,0.000000,0.000000,1.634146,2.143984,0.087532,0.057164,,,,,,,,,,,,
786881,,,,,,,,,,,0.000000,0.000000,1.493396,2.550767,0.088790,0.052841,,,,,,,,,,,,
786886,,,,,,,,,,,0.000000,0.000000,1.364770,2.331069,0.089940,0.054805,,,,,,,,,,,,
786891,,,,,,,,,,,0.000000,0.000000,1.247222,2.130294,0.090991,0.056599,,,,,,,,,,,,
786896,,,,,,,,,,,0.000000,0.000000,1.731243,2.538256,0.085977,0.052266,,,,,,,,,,,,
786908,,,,,,,,,,,0.000000,0.000000,1.986365,2.660349,0.083010,0.050488,,,,,,,,,,,,
786911,,,,,,,,,,,0.000000,0.000000,1.815279,2.431212,0.084539,0.052536,,,,,,,,,,,,
786916,,,,,,,,,,,0.000000,0.000000,1.658929,2.221811,0.085937,0.054408,,,,,,,,,,,,
786921,,,,,,,,,,,0.000000,0.000000,2.107490,2.030446,0.081241,0.056118,,,,,,,,,,,,
786926,,,,,,,,,,,0.000000,0.000000,1.925971,1.855564,0.082863,0.057682,,,,,,,,,,,,
786931,,,,,,,,,,,0.000000,0.000000,1.760087,2.287188,0.084346,0.053137,,,,,,,,,,,,
786936,,,,,,,,,,,0.000000,0.000000,2.199935,2.090192,0.079728,0.054898,,,,,,,,,,,,
786941,,,,,,,,,,,0.000000,0.000000,2.010454,1.910164,0.081421,0.056507,,,,,,,,,,,,
786946,,,,,,,,,,,0.000000,0.000000,1.837294,1.745641,0.082969,0.057978,,,,,,,,,,,,
786951,,,,,,,,,,,0.000000,0.000000,1.679047,2.186733,0.084384,0.053348,,,,,,,,,,,,
786956,,,,,,,,,,,0.000000,0.000000,1.534431,1.998389,0.085677,0.055032,,,,,,,,,,,,
786961,,,,,,,,,,,0.000000,0.000000,1.402270,1.826268,0.086858,0.056570,,,,,,,,,,,,
786966,,,,,,,,,,,0.000000,0.000000,1.281492,1.668971,0.087938,0.057976,,,,,,,,,,,,
786971,,,,,,,,,,,0.000000,0.000000,1.171117,1.525222,0.088924,0.059261,,,,,,,,,,,,
786976,,,,,,,,,,,0.000000,0.000000,1.070248,1.985299,0.089826,0.054462,,,,,,,,,,,,
786987,,,,,,,,,,,0.000000,0.000000,0.978068,2.405750,0.091403,0.051869,,,,,,,,,,,,
786988,,,,,,,,,,,,,0.893826,2.198542,,,,,,,,,,,,,,
786991,,,,,,,,,,,0.000000,0.000000,0.816841,2.009181,0.092091,0.053562,,,,,,,,,,,,
786996,,,,,,,,,,,0.000000,0.000000,0.746486,1.836130,0.092720,0.055109,,,,,,,,,,,,
787001,,,,,,,,,,,0.000000,0.000000,0.682191,1.677984,0.093295,0.056522,,,,,,,,,,,,
787006,,,,,,,,,,,0.000000,0.000000,0.623434,2.124904,0.093820,0.051841,,,,,,,,,,,,
787011,,,,,,,,,,,0.000000,0.000000,0.569737,1.941885,0.094300,0.053477,,,,,,,,,,,,
787016,,,,,,,,,,,0.000000,0.000000,0.520666,1.774630,0.094739,0.054972,,,,,,,,,,,,
787021,,,,,,,,,,,0.000000,0.000000,1.067266,2.213226,0.089166,0.050365,,,,,,,,,,,,
787026,,,,,,,,,,,0.000000,0.000000,1.566787,2.022600,0.084014,0.052069,,,,,,,,,,,,
787031,,,,,,,,,,,0.000000,0.000000,1.431839,1.848393,0.085220,0.053626,,,,,,,,,,,,
787036,,,,,,,,,,,0.000000,0.000000,1.308514,1.689191,0.086323,0.055049,,,,,,,,,,,,
787047,,,,,,,,,,,0.000000,0.000000,1.787257,2.135145,0.081356,0.050376,,,,,,,,,,,,
787048,,,,,,,,,,,0.000000,0.000000,1.633320,1.951245,0.082732,0.052020,,,,,,,,,,,,
787051,,,,,,,,,,,0.000000,0.000000,1.492642,1.783184,0.083990,0.053522,,,,,,,,,,,,
787056,,,,,,,,,,,0.000000,0.000000,1.364080,1.629598,0.085139,0.054895,,,,,,,,,,,,
787061,,,,,,,,,,,0.000000,0.000000,1.838037,1.489240,0.080216,0.056150,,,,,,,,,,,,
787066,,,,,,,,,,,0.000000,0.000000,1.679726,1.360971,0.081631,0.057296,,,,,,,,,,,,
787071,,,,,,,,,,,0.000000,0.000000,1.535051,1.835196,0.082924,0.052370,,,,,,,,,,,,
787076,,,,,,,,,,,0.000000,0.000000,1.402837,1.677130,0.084106,0.053783,,,,,,,,,,,,
787081,,,,,,,,,,,0.000000,0.000000,1.282010,1.532678,0.085186,0.055075,,,,,,,,,,,,
787086,,,,,,,,,,,0.000000,0.000000,1.171590,1.400668,0.086173,0.056255,,,,,,,,,,,,
787091,,,,,,,,,,,0.000000,0.000000,1.070681,1.280029,0.087075,0.057333,,,,,,,,,,,,
787096,,,,,,,,,,,0.000000,0.000000,0.978463,1.761224,0.087900,0.052345,,,,,,,,,,,,
787108,,,,,,,,,,,0.000000,0.000000,0.817171,2.011404,0.089341,0.049422,,,,,,,,,,,,
787111,,,,,,,,,,,0.000000,0.000000,0.746788,1.838161,0.089970,0.050970,,,,,,,,,,,,
787116,,,,,,,,,,,0.000000,0.000000,0.682467,1.679840,0.090545,0.052386,,,,,,,,,,,,
787121,,,,,,,,,,,0.000000,0.000000,0.623686,1.535155,0.091071,0.053679,,,,,,,,,,,,
787126,,,,,,,,,,,0.000000,0.000000,0.569968,1.994377,0.091551,0.048887,,,,,,,,,,,,
787131,,,,,,,,,,,0.000000,0.000000,0.520876,1.822601,0.091990,0.050423,,,,,,,,,,,,
787136,,,,,,,,,,,0.000000,0.000000,0.476013,1.665620,0.092391,0.051826,,,,,,,,,,,,
787141,,,,,,,,,,,0.000000,0.000000,0.435014,1.522160,0.092757,0.053108,,,,,,,,,,,,
787146,,,,,,,,,,,0.000000,0.000000,0.397546,1.982501,0.093092,0.048307,,,,,,,,,,,,
787151,,,,,,,,,,,0.000000,0.000000,0.954750,1.811748,0.087425,0.049833,,,,,,,,,,,,
787156,,,,,,,,,,,0.000000,0.000000,0.872518,1.655701,0.088160,0.051228,,,,,,,,,,,,
787161,,,,,,,,,,,0.000000,0.000000,0.797367,1.513095,0.088832,0.052503,,,,,,,,,,,,
787166,,,,,,,,,,,0.000000,0.000000,1.320135,1.382772,0.083472,0.053668,,,,,,,,,,,,
787171,,,,,,,,,,,0.000000,0.000000,1.206431,1.263674,0.084488,0.054732,,,,,,,,,,,,
787176,,,,,,,,,,,0.000000,0.000000,1.102521,1.154833,0.085417,0.055705,,,,,,,,,,,,
787188,,,,,,,,,,,0.000000,0.000000,1.461283,0.964468,0.081524,0.057407,,,,,,,,,,,,
787191,,,,,,,,,,,0.000000,0.000000,1.335422,0.881398,0.082649,0.058150,,,,,,,,,,,,
787196,,,,,,,,,,,0.000000,0.000000,1.811847,0.805483,0.077703,0.058828,,,,,,,,,,,,
787201,,,,,,,,,,,0.000000,0.000000,1.655792,1.327552,0.079098,0.053475,,,,,,,,,,,,
787206,,,,,,,,,,,0.000000,0.000000,1.513178,1.213210,0.080373,0.054497,,,,,,,,,,,,
787211,,,,,,,,,,,0.000000,0.000000,1.382848,1.108716,0.081538,0.055431,,,,,,,,,,,,
787216,,,,,,,,,,,0.000000,0.000000,1.855188,1.013222,0.076629,0.056285,,,,,,,,,,,,
787221,,,,,,,,,,,0.000000,0.000000,1.695400,0.925953,0.078057,0.057065,,,,,,,,,,,,
787226,,,,,,,,,,,0.000000,0.000000,1.549375,0.846200,0.079363,0.057777,,,,,,,,,,,,
787231,,,,,,,,,,,0.000000,0.000000,2.007372,0.773317,0.074582,0.058429,,,,,,,,,,,,
787236,,,,,,,,,,,0.000000,0.000000,1.834477,0.706711,0.076128,0.059024,,,,,,,,,,,,
787248,,,,,,,,,,,0.000000,0.000000,2.072582,0.590215,0.073312,0.060066,,,,,,,,,,,,
787251,,,,,,,,,,,0.000000,0.000000,1.894070,0.539380,0.074908,0.060520,,,,,,,,,,,,
787256,,,,,,,,,,,0.000000,0.000000,1.730933,1.084368,0.076366,0.054962,,,,,,,,,,,,
787261,,,,,,,,,,,0.000000,0.000000,1.581847,0.990971,0.077699,0.055797,,,,,,,,,,,,
787266,,,,,,,,,,,0.000000,0.000000,2.037047,0.905618,0.072943,0.056560,,,,,,,,,,,,
787271,,,,,,,,,,,0.000000,0.000000,1.861596,0.827617,0.074512,0.057257,,,,,,,,,,,,
787276,,,,,,,,,,,0.000000,0.000000,1.701257,0.756334,0.075945,0.057894,,,,,,,,,,,,
787281,,,,,,,,,,,0.000000,0.000000,1.554727,0.691191,0.077255,0.058476,,,,,,,,,,,,
787286,,,,,,,,,,,0.000000,0.000000,1.420818,1.223104,0.078452,0.053035,,,,,,,,,,,,
787291,,,,,,,,,,,0.000000,0.000000,1.298443,1.117757,0.079546,0.053977,,,,,,,,,,,,
787296,,,,,,,,,,,0.000000,0.000000,1.186607,1.021485,0.080545,0.054837,,,,,,,,,,,,
787308,,,,,,,,,,,0.000000,0.000000,0.991005,1.393605,0.082294,0.050824,,,,,,,,,,,,
787311,,,,,,,,,,,0.000000,0.000000,0.905649,1.273573,0.083057,0.051897,,,,,,,,,,,,
787316,,,,,,,,,,,0.000000,0.000000,0.827645,1.755325,0.083754,0.046904,,,,,,,,,,,,
787321,,,,,,,,,,,0.000000,0.000000,0.756360,1.604138,0.084391,0.048256,,,,,,,,,,,,
787326,,,,,,,,,,,0.000000,0.000000,0.691215,1.465974,0.084974,0.049491,,,,,,,,,,,,
787331,,,,,,,,,,,0.000000,0.000000,0.631680,1.339709,0.085506,0.050619,,,,,,,,,,,,
787336,,,,,,,,,,,0.000000,0.000000,0.577274,1.815765,0.085992,0.045677,,,,,,,,,,,,
787341,,,,,,,,,,,0.000000,0.000000,0.527553,1.659372,0.086437,0.047075,,,,,,,,,,,,
787346,,,,,,,,,,,0.000000,0.000000,0.482115,1.516450,0.086843,0.048353,,,,,,,,,,,,
787351,,,,,,,,,,,0.000000,0.000000,0.440590,1.385838,0.087214,0.049520,,,,,,,,,,,,
787356,,,,,,,,,,,0.000000,0.000000,0.402642,1.857921,0.087553,0.044614,,,,,,,,,,,,
787368,,,,,,,,,,,0.000000,0.000000,0.336270,1.551657,0.088147,0.047351,,,,,,,,,,,,
787371,,,,,,,,,,,0.000000,0.000000,0.307307,1.418013,0.088405,0.048546,,,,,,,,,,,,
787376,,,,,,,,,,,0.000000,0.000000,0.280838,1.887324,0.088642,0.043664,,,,,,,,,,,,
787381,,,,,,,,,,,0.000000,0.000000,0.256650,1.724768,0.088858,0.045117,,,,,,,,,,,,
787386,,,,,,,,,,,0.000000,0.000000,0.234544,1.576214,0.089056,0.046445,,,,,,,,,,,,
787391,,,,,,,,,,,0.000000,0.000000,0.214343,1.440454,0.089236,0.047659,,,,,,,,,,,,
787396,,,,,,,,,,,0.000000,0.000000,0.787326,1.316387,0.083428,0.048768,,,,,,,,,,,,
787401,,,,,,,,,,,0.000000,0.000000,0.719514,1.203007,0.084034,0.049781,,,,,,,,,,,,
787406,,,,,,,,,,,0.000000,0.000000,0.657542,1.099392,0.084588,0.050707,,,,,,,,,,,,
787411,,,,,,,,,,,0.000000,0.000000,1.192353,1.004701,0.079121,0.051554,,,,,,,,,,,,
787416,,,,,,,,,,,0.000000,0.000000,1.089655,0.918166,0.080039,0.052327,,,,,,,,,,,,
787421,,,,,,,,,,,0.000000,0.000000,0.995803,0.839084,0.080878,0.053034,,,,,,,,,,,,
787426,,,,,,,,,,,0.000000,0.000000,0.910034,0.766813,0.081644,0.053680,,,,,,,,,,,,
787431,,,,,,,,,,,0.000000,0.000000,1.423098,0.700768,0.076371,0.054271,,,,,,,,,,,,
787436,,,,,,,,,,,0.000000,0.000000,1.300526,0.640410,0.077467,0.054810,,,,,,,,,,,,
787448,,,,,,,,,,,0.000000,0.000000,1.626648,0.534844,0.073865,0.055754,,,,,,,,,,,,
787451,,,,,,,,,,,0.000000,0.000000,1.486545,0.488778,0.075118,0.056166,,,,,,,,,,,,
787456,,,,,,,,,,,0.000000,0.000000,1.358508,0.446679,0.076262,0.056542,,,,,,,,,,,,
787461,,,,,,,,,,,0.000000,0.000000,1.241500,0.408207,0.077308,0.056886,,,,,,,,,,,,
787466,,,,,,,,,,,0.000000,0.000000,1.134569,0.964492,0.078264,0.051227,,,,,,,,,,,,
787471,,,,,,,,,,,0.000000,0.000000,1.036848,0.881420,0.079137,0.051969,,,,,,,,,,,,
787476,,,,,,,,,,,0.000000,0.000000,0.947544,0.805504,0.079936,0.052648,,,,,,,,,,,,
787481,,,,,,,,,,,0.000000,0.000000,0.865932,0.736125,0.080665,0.053268,,,,,,,,,,,,
787486,,,,,,,,,,,0.000000,0.000000,0.791349,0.672723,0.081332,0.053835,,,,,,,,,,,,
787491,,,,,,,,,,,0.000000,0.000000,0.723190,0.614781,0.081941,0.054353,,,,,,,,,,,,
787496,,,,,,,,,,,0.000000,0.000000,0.660902,1.153275,0.082498,0.048852,,,,,,,,,,,,
787507,,,,,,,,,,,0.000000,0.000000,0.603978,1.053943,0.083472,0.050552,,,,,,,,,,,,
787508,,,,,,,,,,,,,0.551957,0.963166,,,,,,,,,,,,,,
787511,,,,,,,,,,,0.000000,0.000000,0.504417,0.880209,0.083897,0.051293,,,,,,,,,,,,
787516,,,,,,,,,,,0.000000,0.000000,0.460972,1.395841,0.084285,0.045997,,,,,,,,,,,,
787521,,,,,,,,,,,0.000000,0.000000,0.421268,1.275617,0.084640,0.047072,,,,,,,,,,,,
787526,,,,,,,,,,,0.000000,0.000000,0.384984,1.165748,0.084964,0.048054,,,,,,,,,,,,
787531,,,,,,,,,,,0.000000,0.000000,0.351825,1.065342,0.085261,0.048952,,,,,,,,,,,,
787536,,,,,,,,,,,0.000000,0.000000,0.321523,0.973584,0.085532,0.049772,,,,,,,,,,,,
787541,,,,,,,,,,,0.000000,0.000000,0.293830,0.889729,0.085779,0.050522,,,,,,,,,,,,
787546,,,,,,,,,,,0.000000,0.000000,0.268522,1.404541,0.086005,0.045233,,,,,,,,,,,,
787551,,,,,,,,,,,0.000000,0.000000,0.245394,1.283568,0.086212,0.046314,,,,,,,,,,,,
787556,,,,,,,,,,,0.000000,0.000000,0.224258,1.173014,0.086401,0.047303,,,,,,,,,,,,
787571,,,,,,,,,,,0.000000,0.000000,0.171160,0.895274,0.086876,0.049785,,,,,,,,,,,,
787576,,,,,,,,,,,0.000000,0.000000,0.156418,0.818164,0.087008,0.050475,,,,,,,,,,,,
787581,,,,,,,,,,,0.000000,0.000000,0.142945,0.747695,0.087128,0.051104,,,,,,,,,,,,
787586,,,,,,,,,,,0.000000,0.000000,0.722078,1.274741,0.081264,0.045707,,,,,,,,,,,,
787591,,,,,,,,,,,0.000000,0.000000,0.659886,1.164948,0.081820,0.046688,,,,,,,,,,,,
787596,,,,,,,,,,,0.000000,0.000000,0.603050,1.064610,0.082328,0.047585,,,,,,,,,,,,
787601,,,,,,,,,,,0.000000,0.000000,0.551109,0.972915,0.082793,0.048405,,,,,,,,,,,,
787606,,,,,,,,,,,0.000000,0.000000,1.095087,0.889118,0.077243,0.049154,,,,,,,,,,,,
787611,,,,,,,,,,,0.000000,0.000000,1.000767,0.812538,0.078087,0.049838,,,,,,,,,,,,
787616,,,,,,,,,,,0.000000,0.000000,0.914570,0.742554,0.078857,0.050464,,,,,,,,,,,,
787628,,,,,,,,,,,0.000000,0.000000,1.304314,0.620150,0.074687,0.051558,,,,,,,,,,,,
787631,,,,,,,,,,,0.000000,0.000000,1.191973,0.566736,0.075691,0.052035,,,,,,,,,,,,
787636,,,,,,,,,,,0.000000,0.000000,1.089309,0.517923,0.076608,0.052472,,,,,,,,,,,,
787641,,,,,,,,,,,0.000000,0.000000,0.995486,0.473314,0.077447,0.052870,,,,,,,,,,,,
787646,,,,,,,,,,,0.000000,0.000000,0.909745,0.432548,0.078214,0.053235,,,,,,,,,,,,
787651,,,,,,,,,,,0.000000,0.000000,1.422833,0.395292,0.072940,0.053568,,,,,,,,,,,,
787656,,,,,,,,,,,0.000000,0.000000,1.300284,0.952690,0.074036,0.047899,,,,,,,,,,,,
787661,,,,,,,,,,,0.000000,0.000000,1.188290,0.870635,0.075037,0.048632,,,,,,,,,,,,
787666,,,,,,,,,,,0.000000,0.000000,1.085943,0.795647,0.075952,0.049302,,,,,,,,,,,,
787671,,,,,,,,,,,0.000000,0.000000,0.992410,0.727118,0.076788,0.049915,,,,,,,,,,,,
787676,,,,,,,,,,,0.000000,0.000000,0.906934,0.664491,0.077552,0.050475,,,,,,,,,,,,
787681,,,,,,,,,,,0.000000,0.000000,0.828819,0.607258,0.078250,0.050986,,,,,,,,,,,,
787686,,,,,,,,,,,0.000000,0.000000,0.757433,0.554955,0.078888,0.051454,,,,,,,,,,,,
787691,,,,,,,,,,,0.000000,0.000000,0.692195,1.098602,0.079472,0.045908,,,,,,,,,,,,
787696,,,,,,,,,,,0.000000,0.000000,0.632576,1.003979,0.080004,0.046754,,,,,,,,,,,,
787707,,,,,,,,,,,0.000000,0.000000,0.578092,0.917506,0.080492,0.047526,,,,,,,,,,,,
787708,,,,,,,,,,,0.000000,0.000000,0.528301,0.838481,0.080937,0.048233,,,,,,,,,,,,
787711,,,,,,,,,,,0.000000,0.000000,0.482798,1.357707,0.081343,0.042905,,,,,,,,,,,,
787716,,,,,,,,,,,0.000000,0.000000,0.441215,1.240768,0.081715,0.043950,,,,,,,,,,,,
787721,,,,,,,,,,,0.000000,0.000000,0.403213,1.133900,0.082055,0.044905,,,,,,,,,,,,
787726,,,,,,,,,,,0.000000,0.000000,0.368484,1.036237,0.082365,0.045778,,,,,,,,,,,,
787731,,,,,,,,,,,0.000000,0.000000,0.336747,0.946986,0.082649,0.046576,,,,,,,,,,,,
787736,,,,,,,,,,,0.000000,0.000000,0.307742,0.865422,0.082908,0.047305,,,,,,,,,,,,
787741,,,,,,,,,,,0.000000,0.000000,0.281237,0.790883,0.083145,0.047972,,,,,,,,,,,,
787746,,,,,,,,,,,0.000000,0.000000,0.257014,0.722764,0.083362,0.048581,,,,,,,,,,,,
787751,,,,,,,,,,,0.000000,0.000000,0.234877,0.660512,0.083559,0.049137,,,,,,,,,,,,
787756,,,,,,,,,,,0.000000,0.000000,0.214647,0.603622,0.083740,0.049646,,,,,,,,,,,,
787768,,,,,,,,,,,0.000000,0.000000,0.179264,0.504120,0.084057,0.050535,,,,,,,,,,,,
787771,,,,,,,,,,,0.000000,0.000000,0.163824,0.460700,0.084195,0.050923,,,,,,,,,,,,
787776,,,,,,,,,,,0.000000,0.000000,0.149714,0.421020,0.084321,0.051278,,,,,,,,,,,,
787781,,,,,,,,,,,0.000000,0.000000,0.136819,0.384757,0.084436,0.051602,,,,,,,,,,,,
787786,,,,,,,,,,,0.000000,0.000000,0.125035,0.351618,0.084541,0.051898,,,,,,,,,,,,
787791,,,,,,,,,,,0.000000,0.000000,0.114265,0.321333,0.084638,0.052169,,,,,,,,,,,,
787796,,,,,,,,,,,0.000000,0.000000,0.104424,0.293657,0.084726,0.052416,,,,,,,,,,,,
787801,,,,,,,,,,,0.000000,0.000000,0.095430,0.268364,0.084806,0.052642,,,,,,,,,,,,
787806,,,,,,,,,,,0.000000,0.000000,0.087210,0.245250,0.084879,0.052849,,,,,,,,,,,,
787811,,,,,,,,,,,0.000000,0.000000,0.079699,0.224126,0.084947,0.053038,,,,,,,,,,,,
787816,,,,,,,,,,,0.000000,0.000000,0.072834,0.204822,0.085008,0.053210,,,,,,,,,,,,
787827,,,,,,,,,,,0.000000,0.000000,,,,,,,,,,,,,,,,
787828,,,,,,,,,,,0.000000,0.000000,0.060828,0.171059,0.085115,0.053512,,,,,,,,,,,,
787831,,,,,,,,,,,0.000000,0.000000,0.055589,0.156326,0.085162,0.053644,,,,,,,,,,,,
787836,,,,,,,,,,,0.000000,0.000000,0.050801,0.142861,0.085205,0.053764,,,,,,,,,,,,
787841,,,,,,,,,,,0.000000,0.000000,0.046426,0.130557,0.085244,0.053874,,,,,,,,,,,,
787846,,,,,,,,,,,0.000000,0.000000,0.042427,0.119312,0.085280,0.053975,,,,,,,,,,,,
787851,,,,,,,,,,,0.000000,0.000000,0.038773,0.109035,0.085312,0.054067,,,,,,,,,,,,
787856,,,,,,,,,,,0.000000,0.000000,0.035433,0.099644,0.085342,0.054151,,,,,,,,,,,,
787861,,,,,,,,,,,0.000000,0.000000,0.032381,0.091062,0.085370,0.054227,,,,,,,,,,,,
787866,,,,,,,,,,,0.000000,0.000000,0.029592,0.083219,0.085395,0.054297,,,,,,,,,,,,
787871,,,,,,,,,,,0.000000,0.000000,0.027044,0.076051,0.085417,0.054362,,,,,,,,,,,,
787876,,,,,,,,,,,0.000000,0.000000,0.024714,0.069501,0.085438,0.054420,,,,,,,,,,,,
787881,,,,,,,,,,,0.000000,0.000000,0.022586,0.654959,0.085457,0.048500,,,,,,,,,,,,
787886,,,,,,,,,,,0.000000,0.000000,0.020640,0.598548,0.085475,0.049004,,,,,,,,,,,,
787891,,,,,,,,,,,0.000000,0.000000,0.018863,0.546995,0.085490,0.049465,,,,,,,,,,,,
787896,,,,,,,,,,,0.000000,0.000000,0.017238,0.499882,0.085505,0.049886,,,,,,,,,,,,
787908,,,,,,,,,,,0.000000,0.000000,0.014396,0.417480,0.085530,0.050623,,,,,,,,,,,,
787911,,,,,,,,,,,0.000000,0.000000,0.013156,0.381523,0.085541,0.050944,,,,,,,,,,,,
787916,,,,,,,,,,,0.000000,0.000000,0.012023,0.348662,0.085552,0.051238,,,,,,,,,,,,
787921,,,,,,,,,,,0.000000,0.000000,0.010988,0.318632,0.085561,0.051506,,,,,,,,,,,,
787926,,,,,,,,,,,0.000000,0.000000,0.010041,0.291188,0.085569,0.051752,,,,,,,,,,,,
787931,,,,,,,,,,,0.000000,0.000000,0.009176,0.266108,0.085577,0.051976,,,,,,,,,,,,
787936,,,,,,,,,,,0.000000,0.000000,0.008386,0.243188,0.085584,0.052181,,,,,,,,,,,,
787941,,,,,,,,,,,0.000000,0.000000,0.007664,0.222242,0.085591,0.052368,,,,,,,,,,,,
787946,,,,,,,,,,,0.000000,0.000000,0.007004,0.203100,0.085596,0.052539,,,,,,,,,,,,
787951,,,,,,,,,,,0.000000,0.000000,0.006400,0.185607,0.085602,0.052696,,,,,,,,,,,,
787956,,,,,,,,,,,0.000000,0.000000,0.005849,0.169621,0.085607,0.052838,,,,,,,,,,,,
787967,,,,,,,,,,,0.000000,0.000000,0.005345,0.155011,0.085611,0.052969,,,,,,,,,,,,
787968,,,,,,,,,,,0.000000,0.000000,0.004885,0.141660,0.085615,0.053088,,,,,,,,,,,,
787971,,,,,,,,,,,0.000000,0.000000,0.004464,0.129459,0.085619,0.053197,,,,,,,,,,,,
787976,,,,,,,,,,,0.000000,0.000000,0.004080,0.118309,0.085623,0.053297,,,,,,,,,,,,
787981,,,,,,,,,,,0.000000,0.000000,0.003728,0.108119,0.085626,0.053388,,,,,,,,,,,,
787986,,,,,,,,,,,0.000000,0.000000,0.003407,0.098806,0.085629,0.053471,,,,,,,,,,,,
787991,,,,,,,,,,,0.000000,0.000000,0.003114,0.090296,0.085631,0.053548,,,,,,,,,,,,
787996,,,,,,,,,,,0.000000,0.000000,0.002846,0.082519,0.085634,0.053617,,,,,,,,,,,,
788001,,,,,,,,,,,0.000000,0.000000,0.002600,0.075412,0.085636,0.053681,,,,,,,,,,,,
788006,,,,,,,,,,,0.000000,0.000000,0.002377,0.068916,0.085638,0.053739,,,,,,,,,,,,
788011,,,,,,,,,,,0.000000,0.000000,0.002172,0.062981,0.085640,0.053792,,,,,,,,,,,,
788016,,,,,,,,,,,0.000000,0.000000,0.001985,0.057556,0.085641,0.053840,,,,,,,,,,,,
788027,,,,,,,,,,,0.000000,0.000000,0.001658,0.048068,0.085644,0.053925,,,,,,,,,,,,
788031,,,,,,,,,,,0.000000,0.000000,0.001515,0.043928,0.085646,0.053962,,,,,,,,,,,,
788036,,,,,,,,,,,0.000000,0.000000,0.001384,0.040145,0.085647,0.053996,,,,,,,,,,,,
788041,,,,,,,,,,,0.000000,0.000000,0.001265,0.036687,0.085648,0.054027,,,,,,,,,,,,
788046,,,,,,,,,,,0.000000,0.000000,0.001156,0.033527,0.085649,0.054055,,,,,,,,,,,,
788051,,,,,,,,,,,0.000000,0.000000,0.001057,0.030639,0.085650,0.054081,,,,,,,,,,,,
788056,,,,,,,,,,,0.000000,0.000000,0.000966,0.028001,0.085650,0.054104,,,,,,,,,,,,
788061,,,,,,,,,,,0.000000,0.000000,0.000882,0.025589,0.085651,0.054126,,,,,,,,,,,,
788066,,,,,,,,,,,0.000000,0.000000,0.000806,0.023385,0.085652,0.054146,,,,,,,,,,,,
788071,,,,,,,,,,,0.000000,0.000000,0.000737,0.021371,0.085652,0.054164,,,,,,,,,,,,
788076,,,,,,,,,,,0.000000,0.000000,0.000673,0.019530,0.085653,0.054180,,,,,,,,,,,,
788087,,,,,,,,,,,0.000000,0.000000,0.000562,0.016311,0.085654,0.054209,,,,,,,,,,,,
788091,,,,,,,,,,,0.000000,0.000000,0.000514,0.014906,0.085654,0.054221,,,,,,,,,,,,
788096,,,,,,,,,,,0.000000,0.000000,0.000470,0.013622,0.085655,0.054233,,,,,,,,,,,,
788101,,,,,,,,,,,0.000000,0.000000,0.000429,0.012449,0.085655,0.054243,,,,,,,,,,,,
788106,,,,,,,,,,,0.000000,0.000000,0.000392,0.011377,0.085656,0.054253,,,,,,,,,,,,
788111,,,,,,,,,,,0.000000,0.000000,0.000359,0.010397,0.085656,0.054262,,,,,,,,,,,,
788116,,,,,,,,,,,0.000000,0.000000,0.000328,0.009501,0.085656,0.054270,,,,,,,,,,,,
788121,,,,,,,,,,,0.000000,0.000000,0.000299,0.008683,0.085656,0.054277,,,,,,,,,,,,
788126,,,,,,,,,,,0.000000,0.000000,0.000274,0.007935,0.085657,0.054284,,,,,,,,,,,,
788131,,,,,,,,,,,0.000000,0.000000,0.000250,0.007252,0.085657,0.054290,,,,,,,,,,,,
788136,,,,,,,,,,,0.000000,0.000000,0.000229,0.006627,0.085657,0.054295,,,,,,,,,,,,
788141,,,,,,,,,,,0.000000,0.000000,0.000209,0.006056,0.085657,0.054301,,,,,,,,,,,,
788146,,,,,,,,,,,0.000000,0.000000,0.000191,0.005535,0.085657,0.054305,,,,,,,,,,,,
788151,,,,,,,,,,,0.000000,0.000000,0.000174,0.005058,0.085657,0.054309,,,,,,,,,,,,
788156,,,,,,,,,,,0.000000,0.000000,0.000159,0.004622,0.085658,0.054313,,,,,,,,,,,,
788168,,,,,,,,,,,0.000000,0.000000,0.000133,0.003860,0.085658,0.054320,,,,,,,,,,,,
788171,,,,,,,,,,,0.000000,0.000000,0.000122,0.003528,0.085658,0.054323,,,,,,,,,,,,
788176,,,,,,,,,,,0.000000,0.000000,0.000111,0.003224,0.085658,0.054326,,,,,,,,,,,,
788181,,,,,,,,,,,0.000000,0.000000,0.000102,0.002946,0.085658,0.054328,,,,,,,,,,,,
788186,,,,,,,,,,,0.000000,0.000000,0.000093,0.002693,0.085658,0.054331,,,,,,,,,,,,
788191,,,,,,,,,,,0.000000,0.000000,0.000085,0.002461,0.085658,0.054333,,,,,,,,,,,,
788196,,,,,,,,,,,0.000000,0.000000,0.000078,0.002249,0.085658,0.054335,,,,,,,,,,,,
788201,,,,,,,,,,,0.000000,0.000000,0.000071,0.002055,0.085658,0.054336,,,,,,,,,,,,
788206,,,,,,,,,,,0.000000,0.000000,0.000065,0.001878,0.085658,0.054338,,,,,,,,,,,,
788211,,,,,,,,,,,0.000000,0.000000,0.000059,0.001716,0.085659,0.054339,,,,,,,,,,,,
788216,,,,,,,,,,,0.000000,0.000000,0.000054,0.001568,0.085659,0.054341,,,,,,,,,,,,
788228,,,,,,,,,,,0.000000,0.000000,0.000045,0.001310,0.085659,0.054343,,,,,,,,,,,,
788231,,,,,,,,,,,0.000000,0.000000,0.000041,0.001197,0.085659,0.054344,,,,,,,,,,,,
788236,,,,,,,,,,,0.000000,0.000000,0.000038,0.001094,0.085659,0.054345,,,,,,,,,,,,
788241,,,,,,,,,,,0.000000,0.000000,0.000034,0.001000,0.085659,0.054346,,,,,,,,,,,,
788246,,,,,,,,,,,0.000000,0.000000,0.000032,0.000914,0.085659,0.054347,,,,,,,,,,,,
788251,,,,,,,,,,,0.000000,0.000000,0.000029,0.000835,0.085659,0.054347,,,,,,,,,,,,
788256,,,,,,,,,,,0.000000,0.000000,0.000026,0.000763,0.085659,0.054348,,,,,,,,,,,,
788261,,,,,,,,,,,0.000000,0.000000,0.000024,0.000697,0.085659,0.054348,,,,,,,,,,,,
788266,,,,,,,,,,,0.000000,0.000000,0.000022,0.000637,0.085659,0.054349,,,,,,,,,,,,
788271,,,,,,,,,,,0.000000,0.000000,0.000020,0.000582,0.085659,0.054349,,,,,,,,,,,,
788276,,,,,,,,,,,0.000000,0.000000,0.000018,0.000532,0.085659,0.054350,,,,,,,,,,,,
788288,,,,,,,,,,,0.000000,0.000000,0.000015,0.000444,0.085659,0.054351,,,,,,,,,,,,
788291,,,,,,,,,,,0.000000,0.000000,0.000014,0.000406,0.085659,0.054351,,,,,,,,,,,,
788296,,,,,,,,,,,0.000000,0.000000,0.000013,0.000371,0.085659,0.054351,,,,,,,,,,,,
788301,,,,,,,,,,,0.000000,0.000000,0.000012,0.000339,0.085659,0.054352,,,,,,,,,,,,
788306,,,,,,,,,,,0.000000,0.000000,0.000011,0.000310,0.085659,0.054352,,,,,,,,,,,,
788311,,,,,,,,,,,0.000000,0.000000,0.000010,0.000283,0.085659,0.054352,,,,,,,,,,,,
788316,,,,,,,,,,,0.000000,0.000000,0.000009,0.000259,0.085659,0.054352,,,,,,,,,,,,
788321,,,,,,,,,,,0.000000,0.000000,0.000008,0.000237,0.085659,0.054353,,,,,,,,,,,,
788326,,,,,,,,,,,0.000000,0.000000,0.000007,0.000216,0.085659,0.054353,,,,,,,,,,,,
788331,,,,,,,,,,,0.000000,0.000000,0.000007,0.000198,0.085659,0.054353,,,,,,,,,,,,
788336,,,,,,,,,,,0.000000,0.000000,0.000006,0.000181,0.085659,0.054353,,,,,,,,,,,,
788341,,,,,,,,,,,0.000000,0.000000,0.000006,0.000165,0.085659,0.054353,,,,,,,,,,,,
788346,,,,,,,,,,,0.000000,0.000000,0.000005,0.000151,0.085659,0.054353,,,,,,,,,,,,
788351,,,,,,,,,,,0.000000,0.000000,0.000005,0.000138,0.085659,0.054353,,,,,,,,,,,,
788356,,,,,,,,,,,0.000000,0.000000,0.000004,0.000126,0.085659,0.054354,,,,,,,,,,,,
788368,,,,,,,,,,,0.000000,0.000000,0.000004,0.000105,0.085659,0.054354,,,,,,,,,,,,
788371,,,,,,,,,,,0.000000,0.000000,0.000003,0.000096,0.085659,0.054354,,,,,,,,,,,,
788376,,,,,,,,,,,0.000000,0.000000,0.000003,0.000088,0.085659,0.054354,,,,,,,,,,,,
788381,,,,,,,,,,,0.000000,0.000000,0.000003,0.000080,0.085659,0.054354,,,,,,,,,,,,
788386,,,,,,,,,,,0.000000,0.000000,0.000003,0.000073,0.085659,0.054354,,,,,,,,,,,,
788391,,,,,,,,,,,0.000000,0.000000,0.000002,0.000067,0.085659,0.054354,,,,,,,,,,,,
788396,,,,,,,,,,,0.000000,0.000000,0.000002,0.000061,0.085659,0.054354,,,,,,,,,,,,
788401,,,,,,,,,,,0.000000,0.000000,0.000002,0.000056,0.085659,0.054354,,,,,,,,,,,,
788406,,,,,,,,,,,0.000000,0.000000,0.000002,0.000051,0.085659,0.054354,,,,,,,,,,,,
788411,,,,,,,,,,,0.000000,0.000000,0.000002,0.000047,0.085659,0.054354,,,,,,,,,,,,
788416,,,,,,,,,,,0.000000,0.000000,0.000001,0.000043,0.085659,0.054354,,,,,,,,,,,,
788428,,,,,,,,,,,0.000000,0.000000,0.000001,0.000036,0.085659,0.054354,,,,,,,,,,,,
788431,,,,,,,,,,,0.000000,0.000000,0.000001,0.000033,0.085659,0.054354,,,,,,,,,,,,
788436,,,,,,,,,,,0.000000,0.000000,0.000001,0.000030,0.085659,0.054354,,,,,,,,,,,,
788441,,,,,,,,,,,0.000000,0.000000,0.000001,0.000027,0.085659,0.054354,,,,,,,,,,,,
788446,,,,,,,,,,,0.000000,0.000000,0.000001,0.000025,0.085659,0.054354,,,,,,,,,,,,
788451,,,,,,,,,,,0.000000,0.000000,0.000001,0.000023,0.085659,0.054354,,,,,,,,,,,,
788456,,,,,,,,,,,0.000000,0.000000,0.000001,0.000021,0.085659,0.054354,,,,,,,,,,,,
788461,,,,,,,,,,,0.000000,0.000000,0.000001,0.000019,0.085659,0.054355,,,,,,,,,,,,
788466,,,,,,,,,,,0.000000,0.000000,0.000001,0.000017,0.085659,0.054355,,,,,,,,,,,,
788471,,,,,,,,,,,0.000000,0.000000,0.000001,0.000016,0.085659,0.054355,,,,,,,,,,,,
788476,,,,,,,,,,,0.000000,0.000000,0.000001,0.000015,0.085659,0.054355,,,,,,,,,,,,
788487,,,,,,,,,,,0.000000,0.000000,0.000000,0.000013,0.085659,0.054355,,,,,,,,,,,,
788488,,,,,,,,,,,0.000000,0.000000,0.000000,0.000012,0.085659,0.054355,,,,,,,,,,,,
788491,,,,,,,,,,,0.000000,0.000000,0.000000,0.000011,0.085659,0.054355,,,,,,,,,,,,
788496,,,,,,,,,,,0.000000,0.000000,0.000000,0.000010,0.085659,0.054355,,,,,,,,,,,,
788501,,,,,,,,,,,0.000000,0.000000,0.000000,0.000009,0.085659,0.054355,,,,,,,,,,,,
788506,,,,,,,,,,,0.000000,0.000000,0.000000,0.000008,0.085659,0.054355,,,,,,,,,,,,
788511,,,,,,,,,,,0.000000,0.000000,0.000000,0.000008,0.085659,0.054355,,,,,,,,,,,,
788516,,,,,,,,,,,0.000000,0.000000,0.000000,0.000007,0.085659,0.054355,,,,,,,,,,,,
788521,,,,,,,,,,,0.000000,0.000000,0.000000,0.000006,0.085659,0.054355,,,,,,,,,,,,
788526,,,,,,,,,,,0.000000,0.000000,0.000000,0.000006,0.085659,0.054355,,,,,,,,,,,,
788531,,,,,,,,,,,0.000000,0.000000,0.000000,0.000005,0.085659,0.054355,,,,,,,,,,,,
788536,,,,,,,,,,,0.000000,0.000000,0.000000,0.000005,0.085659,0.054355,,,,,,,,,,,,
788547,,,,,,,,,,,0.000000,0.000000,0.000000,0.000004,0.085659,0.054355,,,,,,,,,,,,
788551,,,,,,,,,,,0.000000,0.000000,0.000000,0.000004,0.085659,0.054355,,,,,,,,,,,,
788556,,,,,,,,,,,0.000000,0.000000,0.000000,0.000003,0.085659,0.054355,,,,,,,,,,,,
788561,,,,,,,,,,,0.000000,0.000000,0.000000,0.000003,0.085659,0.054355,,,,,,,,,,,,
788566,,,,,,,,,,,0.000000,0.000000,0.000000,0.000003,0.085659,0.054355,,,,,,,,,,,,
788571,,,,,,,,,,,0.000000,0.000000,0.000000,0.000003,0.085659,0.054355,,,,,,,,,,,,
788576,,,,,,,,,,,0.000000,0.000000,0.000000,0.000002,0.085659,0.054355,,,,,,,,,,,,
788581,,,,,,,,,,,0.000000,0.000000,0.000000,0.000002,0.085659,0.054355,,,,,,,,,,,,
788586,,,,,,,,,,,0.000000,0.000000,0.000000,0.000002,0.085659,0.054355,,,,,,,,,,,,
