ts,x,y,yaw,x_des,y_des,yaw_des,v_ff,w_ff,v_actual,w_actual,omega_l_cmd,omega_r_cmd,omega_l_meas,omega_r_meas,duty_l,duty_r,x_err,y_err,yaw_err,x_raw,y_raw,yaw_raw,acc_x,acc_y,acc_z,gyro_x,gyro_y,gyro_z
364578,,,,,,,,,,,0.000000,0.000000,0.000000,0.000000,0.000000,0.000000,,,,,,,,,,,,
364583,,,,,,,,,,,0.000000,0.000000,0.000000,0.000000,0.000000,0.000000,,,,,,,,,,,,
364588,,,,,,,,,,,0.000000,0.000000,0.000000,0.000000,0.000000,0.000000,,,,,,,,,,,,
364593,,,,,,,,,,,0.000000,0.000000,0.000000,0.000000,0.000000,0.000000,,,,,,,,,,,,
364598,,,,,,,,,,,0.000000,0.000000,0.000000,0.000000,0.000000,0.000000,,,,,,,,,,,,
364603,,,,,,,,,,,0.000000,0.000000,0.000000,0.000000,0.000000,0.000000,,,,,,,,,,,,
364608,,,,,,,,,,,0.000000,0.000000,0.000000,0.000000,0.000000,0.000000,,,,,,,,,,,,
364613,,,,,,,,,,,0.000000,0.000000,0.000000,0.000000,0.000000,0.000000,,,,,,,,,,,,
364618,,,,,,,,,,,0.000000,0.000000,0.000000,0.000000,0.000000,0.000000,,,,,,,,,,,,
364623,,,,,,,,,,,0.000000,0.000000,0.000000,0.000000,0.000000,0.000000,,,,,,,,,,,,
364628,,,,,,,,,,,0.000000,0.000000,0.000000,0.000000,0.000000,0.000000,,,,,,,,,,,,
364633,,,,,,,,,,,0.000000,0.000000,0.000000,0.000000,0.000000,0.000000,,,,,,,,,,,,
364638,,,,,,,,,,,0.000000,0.000000,0.000000,0.000000,0.000000,0.000000,,,,,,,,,,,,
364643,,,,,,,,,,,0.000000,0.000000,0.000000,0.000000,0.000000,0.000000,,,,,,,,,,,,
364648,,,,,,,,,,,0.000000,0.000000,0.000000,0.000000,0.000000,0.000000,,,,,,,,,,,,
364653,,,,,,,,,,,0.000000,0.000000,0.000000,0.000000,0.000000,0.000000,,,,,,,,,,,,
364658,,,,,,,,,,,0.000000,0.000000,0.000000,0.000000,0.000000,0.000000,,,,,,,,,,,,
364663,,,,,,,,,,,0.000000,0.000000,0.000000,0.000000,0.000000,0.000000,,,,,,,,,,,,
364668,,,,,,,,,,,0.000000,0.000000,0.000000,0.000000,0.000000,0.000000,,,,,,,,,,,,
364673,,,,,,,,,,,0.000000,0.000000,0.000000,0.000000,0.000000,0.000000,,,,,,,,,,,,
364678,,,,,,,,,,,0.000000,0.000000,0.000000,0.000000,0.000000,0.000000,,,,,,,,,,,,
364683,,,,,,,,,,,0.000000,0.000000,0.000000,0.000000,0.000000,0.000000,,,,,,,,,,,,
364688,,,,,,,,,,,0.000000,0.000000,0.000000,0.000000,0.000000,0.000000,,,,,,,,,,,,
364693,,,,,,,,,,,0.000000,0.000000,0.000000,0.000000,0.000000,0.000000,,,,,,,,,,,,
364698,,,,,,,,,,,0.000000,0.000000,0.000000,0.000000,0.000000,0.000000,,,,,,,,,,,,
364703,,,,,,,,,,,0.000000,0.000000,0.000000,0.000000,0.000000,0.000000,,,,,,,,,,,,
364708,,,,,,,,,,,0.000000,0.000000,0.000000,0.000000,0.000000,0.000000,,,,,,,,,,,,
364713,,,,,,,,,,,0.000000,0.000000,0.000000,0.000000,0.000000,0.000000,,,,,,,,,,,,
364718,,,,,,,,,,,0.000000,0.000000,0.000000,0.000000,0.000000,0.000000,,,,,,,,,,,,
364723,,,,,,,,,,,0.000000,0.000000,0.000000,0.000000,0.000000,0.000000,,,,,,,,,,,,
364728,,,,,,,,,,,0.000000,0.000000,0.000000,0.000000,0.000000,0.000000,,,,,,,,,,,,
364733,,,,,,,,,,,0.000000,0.000000,0.000000,0.000000,0.000000,0.000000,,,,,,,,,,,,
364738,,,,,,,,,,,0.000000,0.000000,0.000000,0.000000,0.000000,0.000000,,,,,,,,,,,,
364743,,,,,,,,,,,0.000000,0.000000,0.000000,0.000000,0.000000,0.000000,,,,,,,,,,,,
364748,,,,,,,,,,,0.000000,0.000000,0.000000,0.000000,0.000000,0.000000,,,,,,,,,,,,
364753,,,,,,,,,,,0.000000,0.000000,0.000000,0.000000,0.000000,0.000000,,,,,,,,,,,,
364758,,,,,,,,,,,0.000000,0.000000,0.000000,0.000000,0.000000,0.000000,,,,,,,,,,,,
364763,,,,,,,,,,,0.000000,0.000000,0.000000,0.000000,0.000000,0.000000,,,,,,,,,,,,
364768,,,,,,,,,,,0.000000,0.000000,0.000000,0.000000,0.000000,0.000000,,,,,,,,,,,,
364773,,,,,,,,,,,0.000000,0.000000,0.000000,0.000000,0.000000,0.000000,,,,,,,,,,,,
364778,,,,,,,,,,,0.000000,0.000000,0.000000,0.000000,0.000000,0.000000,,,,,,,,,,,,
364783,,,,,,,,,,,0.000000,0.000000,0.000000,0.000000,0.000000,0.000000,,,,,,,,,,,,
364788,,,,,,,,,,,0.000000,0.000000,,,0.000000,0.000000,,,,,,,,,,,,
365110,,,,,,,,,,,0.000000,0.000000,0.000000,0.000000,0.000000,0.000000,,,,,,,,,,,,
365116,,,,,,,,,,,0.000000,0.000000,0.000000,0.000000,0.000000,0.000000,,,,,,,,,,,,
365121,,,,,,,,,,,0.000000,0.000000,0.000000,0.000000,0.000000,0.000000,,,,,,,,,,,,
365123,,,,,,,,,,,0.000000,0.000000,0.000000,0.000000,0.000000,0.000000,,,,,,,,,,,,
365128,,,,,,,,,,,0.000000,0.000000,0.000000,0.000000,0.000000,0.000000,,,,,,,,,,,,
365133,,,,,,,,,,,0.000000,0.000000,0.000000,0.000000,0.000000,0.000000,,,,,,,,,,,,
365138,,,,,,,,,,,0.000000,0.000000,0.000000,0.000000,0.000000,0.000000,,,,,,,,,,,,
365143,,,,,,,,,,,0.000000,0.000000,0.000000,0.000000,0.000000,0.000000,,,,,,,,,,,,
365148,,,,,,,,,,,0.000000,0.000000,0.000000,0.000000,0.000000,0.000000,,,,,,,,,,,,
365153,,,,,,,,,,,0.000000,0.000000,0.000000,0.000000,0.000000,0.000000,,,,,,,,,,,,
365158,,,,,,,,,,,0.000000,0.000000,0.000000,0.000000,0.000000,0.000000,,,,,,,,,,,,
365170,,,,,,,,,,,0.000000,0.000000,0.000000,0.000000,0.000000,0.000000,,,,,,,,,,,,
365173,,,,,,,,,,,0.000000,0.000000,0.000000,0.000000,0.000000,0.000000,,,,,,,,,,,,
365178,,,,,,,,,,,0.000000,0.000000,0.000000,0.000000,0.000000,0.000000,,,,,,,,,,,,
365183,,,,,,,,,,,0.000000,0.000000,0.000000,0.000000,0.000000,0.000000,,,,,,,,,,,,
365188,,,,,,,,,,,0.000000,0.000000,0.000000,0.000000,0.000000,0.000000,,,,,,,,,,,,
365193,,,,,,,,,,,0.000000,0.000000,0.000000,0.000000,0.000000,0.000000,,,,,,,,,,,,
365198,,,,,,,,,,,0.000000,0.000000,0.000000,0.000000,0.000000,0.000000,,,,,,,,,,,,
365203,,,,,,,,,,,0.000000,0.000000,0.000000,0.000000,0.000000,0.000000,,,,,,,,,,,,
365208,,,,,,,,,,,0.000000,0.000000,0.000000,0.000000,0.000000,0.000000,,,,,,,,,,,,
365213,,,,,,,,,,,0.000000,0.000000,0.000000,0.000000,0.000000,0.000000,,,,,,,,,,,,
365218,,,,,,,,,,,0.000000,0.000000,0.000000,0.000000,0.000000,0.000000,,,,,,,,,,,,
365230,,,,,,,,,,,0.000000,0.000000,0.000000,0.000000,0.000000,0.000000,,,,,,,,,,,,
365233,,,,,,,,,,,0.000000,0.000000,0.000000,0.000000,0.000000,0.000000,,,,,,,,,,,,
365238,,,,,,,,,,,0.000000,0.000000,0.000000,0.000000,0.000000,0.000000,,,,,,,,,,,,
365243,,,,,,,,,,,0.000000,0.000000,0.000000,0.000000,0.000000,0.000000,,,,,,,,,,,,
365248,,,,,,,,,,,0.000000,0.000000,0.000000,0.000000,0.000000,0.000000,,,,,,,,,,,,
365253,,,,,,,,,,,0.000000,0.000000,0.000000,0.000000,0.000000,0.000000,,,,,,,,,,,,
365258,,,,,,,,,,,0.000000,0.000000,0.000000,0.000000,0.000000,0.000000,,,,,,,,,,,,
365263,,,,,,,,,,,0.000000,0.000000,0.000000,0.000000,0.000000,0.000000,,,,,,,,,,,,
365268,,,,,,,,,,,0.000000,0.000000,0.000000,0.000000,0.000000,0.000000,,,,,,,,,,,,
365273,,,,,,,,,,,0.000000,0.000000,0.000000,0.000000,0.000000,0.000000,,,,,,,,,,,,
365278,,,,,,,,,,,0.000000,0.000000,0.000000,0.000000,0.000000,0.000000,,,,,,,,,,,,
365283,,,,,,,,,,,0.000000,0.000000,0.000000,0.000000,0.000000,0.000000,,,,,,,,,,,,
365288,,,,,,,,,,,0.000000,0.000000,0.000000,0.000000,0.000000,0.000000,,,,,,,,,,,,
365293,,,,,,,,,,,0.000000,0.000000,0.000000,0.000000,0.000000,0.000000,,,,,,,,,,,,
365298,,,,,,,,,,,0.000000,0.000000,0.000000,0.000000,0.000000,0.000000,,,,,,,,,,,,
365310,,,,,,,,,,,0.000000,0.000000,0.000000,0.000000,0.000000,0.000000,,,,,,,,,,,,
365313,,,,,,,,,,,0.000000,0.000000,0.000000,0.000000,0.000000,0.000000,,,,,,,,,,,,
365318,,,,,,,,,,,0.000000,0.000000,0.000000,0.000000,0.000000,0.000000,,,,,,,,,,,,
365323,,,,,,,,,,,0.000000,0.000000,0.000000,0.000000,0.000000,0.000000,,,,,,,,,,,,
365328,,,,,,,,,,,0.000000,0.000000,0.000000,0.000000,0.000000,0.000000,,,,,,,,,,,,
365333,,,,,,,,,,,0.000000,0.000000,0.000000,0.000000,0.000000,0.000000,,,,,,,,,,,,
365338,,,,,,,,,,,0.000000,0.000000,0.000000,0.000000,0.000000,0.000000,,,,,,,,,,,,
365343,,,,,,,,,,,0.000000,0.000000,0.000000,0.000000,0.000000,0.000000,,,,,,,,,,,,
365348,,,,,,,,,,,0.000000,0.000000,0.000000,0.000000,0.000000,0.000000,,,,,,,,,,,,
365353,,,,,,,,,,,0.000000,0.000000,0.000000,0.000000,0.000000,0.000000,,,,,,,,,,,,
365358,,,,,,,,,,,0.000000,0.000000,0.000000,0.000000,0.000000,0.000000,,,,,,,,,,,,
365369,,,,,,,,,,,0.000000,0.000000,0.000000,0.000000,0.000000,0.000000,,,,,,,,,,,,
365370,,,,,,,,,,,0.000000,0.000000,0.000000,0.000000,0.000000,0.000000,,,,,,,,,,,,
365373,,,,,,,,,,,0.000000,0.000000,0.000000,0.000000,0.000000,0.000000,,,,,,,,,,,,
365378,,,,,,,,,,,0.000000,0.000000,0.000000,0.000000,0.000000,0.000000,,,,,,,,,,,,
365383,,,,,,,,,,,0.000000,0.000000,0.000000,0.000000,0.000000,0.000000,,,,,,,,,,,,
365388,,,,,,,,,,,0.000000,0.000000,0.000000,0.000000,0.000000,0.000000,,,,,,,,,,,,
365393,,,,,,,,,,,0.000000,0.000000,0.000000,0.000000,0.000000,0.000000,,,,,,,,,,,,
365398,,,,,,,,,,,0.000000,0.000000,0.000000,0.000000,0.000000,0.000000,,,,,,,,,,,,
365403,,,,,,,,,,,0.000000,0.000000,0.000000,0.000000,0.000000,0.000000,,,,,,,,,,,,
365408,,,,,,,,,,,0.000000,0.000000,0.000000,0.000000,0.000000,0.000000,,,,,,,,,,,,
365413,,,,,,,,,,,0.000000,0.000000,0.000000,0.000000,0.000000,0.000000,,,,,,,,,,,,
365418,,,,,,,,,,,0.000000,0.000000,0.000000,0.000000,0.000000,0.000000,,,,,,,,,,,,
365429,,,,,,,,,,,0.000000,0.000000,0.000000,0.000000,0.000000,0.000000,,,,,,,,,,,,
365430,,,,,,,,,,,0.000000,0.000000,0.000000,0.000000,0.000000,0.000000,,,,,,,,,,,,
365433,,,,,,,,,,,0.000000,0.000000,0.000000,0.000000,0.000000,0.000000,,,,,,,,,,,,
365438,,,,,,,,,,,0.000000,0.000000,0.000000,0.000000,0.000000,0.000000,,,,,,,,,,,,
365443,,,,,,,,,,,0.000000,0.000000,0.000000,0.000000,0.000000,0.000000,,,,,,,,,,,,
365448,,,,,,,,,,,0.000000,0.000000,0.000000,0.000000,0.000000,0.000000,,,,,,,,,,,,
365453,,,,,,,,,,,0.000000,0.000000,0.000000,0.000000,0.000000,0.000000,,,,,,,,,,,,
365458,,,,,,,,,,,0.000000,0.000000,0.000000,0.000000,0.000000,0.000000,,,,,,,,,,,,
365463,,,,,,,,,,,0.000000,0.000000,0.000000,0.000000,0.000000,0.000000,,,,,,,,,,,,
365468,,,,,,,,,,,0.000000,0.000000,0.000000,0.000000,0.000000,0.000000,,,,,,,,,,,,
365473,,,,,,,,,,,0.000000,0.000000,0.000000,0.000000,0.000000,0.000000,,,,,,,,,,,,
365478,,,,,,,,,,,0.000000,0.000000,0.000000,0.000000,0.000000,0.000000,,,,,,,,,,,,
365490,,,,,,,,,,,0.000000,0.000000,0.000000,0.000000,0.000000,0.000000,,,,,,,,,,,,
365493,,,,,,,,,,,0.000000,0.000000,0.000000,0.000000,0.000000,0.000000,,,,,,,,,,,,
365498,,,,,,,,,,,0.000000,0.000000,0.000000,0.000000,0.000000,0.000000,,,,,,,,,,,,
365503,,,,,,,,,,,0.000000,0.000000,0.000000,0.000000,0.000000,0.000000,,,,,,,,,,,,
365508,,,,,,,,,,,0.000000,0.000000,0.000000,0.000000,0.000000,0.000000,,,,,,,,,,,,
365513,,,,,,,,,,,0.000000,0.000000,0.000000,0.000000,0.000000,0.000000,,,,,,,,,,,,
365518,,,,,,,,,,,0.000000,0.000000,0.000000,0.000000,0.000000,0.000000,,,,,,,,,,,,
365523,,,,,,,,,,,0.000000,0.000000,0.000000,0.000000,0.000000,0.000000,,,,,,,,,,,,
365528,,,,,,,,,,,0.000000,0.000000,0.000000,0.000000,0.000000,0.000000,,,,,,,,,,,,
365533,,,,,,,,,,,0.000000,0.000000,0.000000,0.000000,0.000000,0.000000,,,,,,,,,,,,
365538,,,,,,,,,,,0.000000,0.000000,0.000000,0.000000,0.000000,0.000000,,,,,,,,,,,,
365543,,,,,,,,,,,0.000000,0.000000,0.000000,0.000000,0.000000,0.000000,,,,,,,,,,,,
365548,,,,,,,,,,,0.000000,0.000000,0.000000,0.000000,0.000000,0.000000,,,,,,,,,,,,
365553,,,,,,,,,,,0.000000,0.000000,0.000000,0.000000,0.000000,0.000000,,,,,,,,,,,,
365558,,,,,,,,,,,0.000000,0.000000,0.000000,0.000000,0.000000,0.000000,,,,,,,,,,,,
365570,,,,,,,,,,,0.000000,0.000000,0.000000,0.000000,0.000000,0.000000,,,,,,,,,,,,
365573,,,,,,,,,,,0.000000,0.000000,0.000000,0.000000,0.000000,0.000000,,,,,,,,,,,,
365578,,,,,,,,,,,0.000000,0.000000,0.000000,0.000000,0.000000,0.000000,,,,,,,,,,,,
365583,,,,,,,,,,,0.000000,0.000000,0.000000,0.000000,0.000000,0.000000,,,,,,,,,,,,
365588,,,,,,,,,,,0.000000,0.000000,0.000000,0.000000,0.000000,0.000000,,,,,,,,,,,,
365593,,,,,,,,,,,0.000000,0.000000,0.000000,0.000000,0.000000,0.000000,,,,,,,,,,,,
365598,,,,,,,,,,,0.000000,0.000000,0.000000,0.000000,0.000000,0.000000,,,,,,,,,,,,
365603,,,,,,,,,,,0.000000,0.000000,0.000000,0.000000,0.000000,0.000000,,,,,,,,,,,,
365608,,,,,,,,,,,0.000000,0.000000,0.000000,0.000000,0.000000,0.000000,,,,,,,,,,,,
365613,,,,,,,,,,,0.000000,0.000000,0.000000,0.000000,0.000000,0.000000,,,,,,,,,,,,
365618,,,,,,,,,,,0.000000,0.000000,0.000000,0.000000,0.000000,0.000000,,,,,,,,,,,,
365630,,,,,,,,,,,0.000000,0.000000,0.000000,0.000000,0.000000,0.000000,,,,,,,,,,,,
365633,,,,,,,,,,,0.000000,0.000000,0.000000,0.000000,0.000000,0.000000,,,,,,,,,,,,
365638,,,,,,,,,,,0.000000,0.000000,0.000000,0.000000,0.000000,0.000000,,,,,,,,,,,,
365643,,,,,,,,,,,0.000000,0.000000,0.000000,0.000000,0.000000,0.000000,,,,,,,,,,,,
365648,,,,,,,,,,,0.000000,0.000000,0.000000,0.000000,0.000000,0.000000,,,,,,,,,,,,
365653,,,,,,,,,,,0.000000,0.000000,0.000000,0.000000,0.000000,0.000000,,,,,,,,,,,,
365658,,,,,,,,,,,0.000000,0.000000,0.000000,0.000000,0.000000,0.000000,,,,,,,,,,,,
365663,,,,,,,,,,,0.000000,0.000000,0.000000,0.000000,0.000000,0.000000,,,,,,,,,,,,
365668,,,,,,,,,,,0.000000,0.000000,0.000000,0.000000,0.000000,0.000000,,,,,,,,,,,,
365673,,,,,,,,,,,0.000000,0.000000,0.000000,0.000000,0.000000,0.000000,,,,,,,,,,,,
365678,,,,,,,,,,,0.000000,0.000000,0.000000,0.000000,0.000000,0.000000,,,,,,,,,,,,
365690,,,,,,,,,,,0.000000,0.000000,0.000000,0.000000,0.000000,0.000000,,,,,,,,,,,,
365693,,,,,,,,,,,0.000000,0.000000,0.000000,0.000000,0.000000,0.000000,,,,,,,,,,,,
365698,,,,,,,,,,,0.000000,0.000000,0.000000,0.000000,0.000000,0.000000,,,,,,,,,,,,
365703,,,,,,,,,,,0.000000,0.000000,0.000000,0.000000,0.000000,0.000000,,,,,,,,,,,,
365708,,,,,,,,,,,0.000000,0.000000,0.000000,0.000000,0.000000,0.000000,,,,,,,,,,,,
365713,,,,,,,,,,,0.000000,0.000000,0.000000,0.000000,0.000000,0.000000,,,,,,,,,,,,
365718,,,,,,,,,,,0.000000,0.000000,0.000000,0.000000,0.000000,0.000000,,,,,,,,,,,,
365723,,,,,,,,,,,0.000000,0.000000,0.000000,0.000000,0.000000,0.000000,,,,,,,,,,,,
365728,,,,,,,,,,,0.000000,0.000000,0.000000,0.000000,0.000000,0.000000,,,,,,,,,,,,
365733,,,,,,,,,,,0.000000,0.000000,0.000000,0.000000,0.000000,0.000000,,,,,,,,,,,,
365738,,,,,,,,,,,0.000000,0.000000,0.000000,0.000000,0.000000,0.000000,,,,,,,,,,,,
365753,,,,,,,,,,,0.000000,0.000000,0.000000,0.000000,0.000000,0.000000,,,,,,,,,,,,
365758,,,,,,,,,,,0.000000,0.000000,0.000000,0.000000,0.000000,0.000000,,,,,,,,,,,,
365763,,,,,,,,,,,0.000000,0.000000,0.000000,0.000000,0.000000,0.000000,,,,,,,,,,,,
365768,,,,,,,,,,,0.000000,0.000000,0.000000,0.000000,0.000000,0.000000,,,,,,,,,,,,
365773,,,,,,,,,,,0.000000,0.000000,0.000000,0.000000,0.000000,0.000000,,,,,,,,,,,,
365778,,,,,,,,,,,0.000000,0.000000,0.000000,0.000000,0.000000,0.000000,,,,,,,,,,,,
365783,,,,,,,,,,,0.000000,0.000000,0.000000,0.000000,0.000000,0.000000,,,,,,,,,,,,
365788,,,,,,,,,,,0.000000,0.000000,0.000000,0.000000,0.000000,0.000000,,,,,,,,,,,,
365793,,,,,,,,,,,0.000000,0.000000,0.000000,0.000000,0.000000,0.000000,,,,,,,,,,,,
365798,,,,,,,,,,,0.000000,0.000000,0.000000,0.000000,0.000000,0.000000,,,,,,,,,,,,
365803,,,,,,,,,,,0.000000,0.000000,0.000000,0.000000,0.000000,0.000000,,,,,,,,,,,,
365808,,,,,,,,,,,0.000000,0.000000,0.000000,0.000000,0.000000,0.000000,,,,,,,,,,,,
365813,,,,,,,,,,,0.000000,0.000000,0.000000,0.000000,0.000000,0.000000,,,,,,,,,,,,
365818,,,,,,,,,,,0.000000,0.000000,0.000000,0.000000,0.000000,0.000000,,,,,,,,,,,,
365829,,,,,,,,,,,0.000000,0.000000,0.000000,0.000000,0.000000,0.000000,,,,,,,,,,,,
365833,,,,,,,,,,,0.000000,0.000000,0.000000,0.000000,0.000000,0.000000,,,,,,,,,,,,
365838,,,,,,,,,,,0.000000,0.000000,0.000000,0.000000,0.000000,0.000000,,,,,,,,,,,,
365843,,,,,,,,,,,0.000000,0.000000,0.000000,0.000000,0.000000,0.000000,,,,,,,,,,,,
365848,,,,,,,,,,,0.000000,0.000000,0.000000,0.000000,0.000000,0.000000,,,,,,,,,,,,
365853,,,,,,,,,,,0.000000,0.000000,0.000000,0.000000,0.000000,0.000000,,,,,,,,,,,,
365858,,,,,,,,,,,0.000000,0.000000,0.000000,0.000000,0.000000,0.000000,,,,,,,,,,,,
365863,,,,,,,,,,,0.000000,0.000000,0.000000,0.000000,0.000000,0.000000,,,,,,,,,,,,
365868,,,,,,,,,,,0.000000,0.000000,0.000000,0.000000,0.000000,0.000000,,,,,,,,,,,,
365873,,,,,,,,,,,0.000000,0.000000,0.000000,0.000000,0.000000,0.000000,,,,,,,,,,,,
365878,,,,,,,,,,,0.000000,0.000000,0.000000,0.000000,0.000000,0.000000,,,,,,,,,,,,
365889,,,,,,,,,,,0.000000,0.000000,0.000000,0.000000,0.000000,0.000000,,,,,,,,,,,,
365893,,,,,,,,,,,0.000000,0.000000,0.000000,0.000000,0.000000,0.000000,,,,,,,,,,,,
365898,,,,,,,,,,,0.000000,0.000000,0.000000,0.000000,0.000000,0.000000,,,,,,,,,,,,
365903,,,,,,,,,,,0.000000,0.000000,0.000000,0.000000,0.000000,0.000000,,,,,,,,,,,,
365908,,,,,,,,,,,0.000000,0.000000,0.000000,0.000000,0.000000,0.000000,,,,,,,,,,,,
365913,,,,,,,,,,,0.000000,0.000000,0.000000,0.000000,0.000000,0.000000,,,,,,,,,,,,
365918,,,,,,,,,,,0.000000,0.000000,0.000000,0.000000,0.000000,0.000000,,,,,,,,,,,,
365923,,,,,,,,,,,0.000000,0.000000,0.000000,0.000000,0.000000,0.000000,,,,,,,,,,,,
365928,,,,,,,,,,,0.000000,0.000000,0.000000,0.000000,0.000000,0.000000,,,,,,,,,,,,
365933,,,,,,,,,,,0.000000,0.000000,0.000000,0.000000,0.000000,0.000000,,,,,,,,,,,,
365938,,,,,,,,,,,0.000000,0.000000,0.000000,0.000000,0.000000,0.000000,,,,,,,,,,,,
365949,,,,,,,,,,,0.000000,0.000000,0.000000,0.000000,0.000000,0.000000,,,,,,,,,,,,
365953,,,,,,,,,,,0.000000,0.000000,0.000000,0.000000,0.000000,0.000000,,,,,,,,,,,,
365958,,,,,,,,,,,0.000000,0.000000,0.000000,0.000000,0.000000,0.000000,,,,,,,,,,,,
365963,,,,,,,,,,,0.000000,0.000000,0.000000,0.000000,0.000000,0.000000,,,,,,,,,,,,
365968,,,,,,,,,,,0.000000,0.000000,0.000000,0.000000,0.000000,0.000000,,,,,,,,,,,,
365973,,,,,,,,,,,0.000000,0.000000,0.000000,0.000000,0.000000,0.000000,,,,,,,,,,,,
365978,,,,,,,,,,,0.000000,0.000000,0.000000,0.000000,0.000000,0.000000,,,,,,,,,,,,
365983,,,,,,,,,,,0.000000,0.000000,0.000000,0.000000,0.000000,0.000000,,,,,,,,,,,,
365988,,,,,,,,,,,0.000000,0.000000,0.000000,0.000000,0.000000,0.000000,,,,,,,,,,,,
365993,,,,,,,,,,,0.000000,0.000000,0.000000,0.000000,0.000000,0.000000,,,,,,,,,,,,
365998,,,,,,,,,,,0.000000,0.000000,0.000000,0.000000,0.000000,0.000000,,,,,,,,,,,,
366003,,,,,,,,,,,0.000000,0.000000,0.000000,0.000000,0.000000,0.000000,,,,,,,,,,,,
366008,,,,,,,,,,,0.000000,0.000000,0.000000,0.000000,0.000000,0.000000,,,,,,,,,,,,
366013,,,,,,,,,,,0.000000,0.000000,0.000000,0.000000,0.000000,0.000000,,,,,,,,,,,,
366018,,,,,,,,,,,0.000000,0.000000,0.000000,0.000000,0.000000,0.000000,,,,,,,,,,,,
366029,,,,,,,,,,,0.000000,0.000000,0.000000,0.000000,0.000000,0.000000,,,,,,,,,,,,
366033,,,,,,,,,,,0.000000,0.000000,0.000000,0.000000,0.000000,0.000000,,,,,,,,,,,,
366038,,,,,,,,,,,0.000000,0.000000,0.000000,0.000000,0.000000,0.000000,,,,,,,,,,,,
366043,,,,,,,,,,,0.000000,0.000000,0.000000,0.000000,0.000000,0.000000,,,,,,,,,,,,
366048,,,,,,,,,,,0.000000,0.000000,0.000000,0.000000,0.000000,0.000000,,,,,,,,,,,,
366053,,,,,,,,,,,0.000000,0.000000,0.000000,0.000000,0.000000,0.000000,,,,,,,,,,,,
366058,,,,,,,,,,,0.000000,0.000000,0.000000,0.000000,0.000000,0.000000,,,,,,,,,,,,
366063,,,,,,,,,,,0.000000,0.000000,0.000000,0.000000,0.000000,0.000000,,,,,,,,,,,,
366068,,,,,,,,,,,0.000000,0.000000,0.000000,0.000000,0.000000,0.000000,,,,,,,,,,,,
366073,,,,,,,,,,,0.000000,0.000000,0.000000,0.000000,0.000000,0.000000,,,,,,,,,,,,
366078,,,,,,,,,,,0.000000,0.000000,0.000000,0.000000,0.000000,0.000000,,,,,,,,,,,,
366090,,,,,,,,,,,0.000000,0.000000,0.000000,0.000000,0.000000,0.000000,,,,,,,,,,,,
366093,,,,,,,,,,,0.000000,0.000000,0.000000,0.000000,0.000000,0.000000,,,,,,,,,,,,
366098,,,,,,,,,,,0.000000,0.000000,0.000000,0.000000,0.000000,0.000000,,,,,,,,,,,,
366103,,,,,,,,,,,0.000000,0.000000,0.000000,0.000000,0.000000,0.000000,,,,,,,,,,,,
366108,,,,,,,,,,,0.000000,0.000000,0.000000,0.000000,0.000000,0.000000,,,,,,,,,,,,
366113,,,,,,,,,,,0.000000,0.000000,0.000000,0.000000,0.000000,0.000000,,,,,,,,,,,,
366118,,,,,,,,,,,0.000000,0.000000,0.000000,0.000000,0.000000,0.000000,,,,,,,,,,,,
366123,,,,,,,,,,,0.000000,0.000000,0.000000,0.000000,0.000000,0.000000,,,,,,,,,,,,
366128,,,,,,,,,,,0.000000,0.000000,0.000000,0.000000,0.000000,0.000000,,,,,,,,,,,,
366133,,,,,,,,,,,0.000000,0.000000,0.000000,0.000000,0.000000,0.000000,,,,,,,,,,,,
366138,,,,,,,,,,,0.000000,0.000000,0.000000,0.000000,0.000000,0.000000,,,,,,,,,,,,
366149,,,,,,,,,,,0.000000,0.000000,0.000000,0.000000,0.000000,0.000000,,,,,,,,,,,,
366153,,,,,,,,,,,0.000000,0.000000,0.000000,0.000000,0.000000,0.000000,,,,,,,,,,,,
366158,,,,,,,,,,,0.000000,0.000000,0.000000,0.000000,0.000000,0.000000,,,,,,,,,,,,
366163,,,,,,,,,,,0.000000,0.000000,0.000000,0.000000,0.000000,0.000000,,,,,,,,,,,,
366168,,,,,,,,,,,0.000000,0.000000,0.000000,0.000000,0.000000,0.000000,,,,,,,,,,,,
366173,,,,,,,,,,,0.000000,0.000000,0.000000,0.000000,0.000000,0.000000,,,,,,,,,,,,
366178,,,,,,,,,,,0.000000,0.000000,0.000000,0.000000,0.000000,0.000000,,,,,,,,,,,,
366183,,,,,,,,,,,0.000000,0.000000,0.000000,0.000000,0.000000,0.000000,,,,,,,,,,,,
366188,,,,,,,,,,,0.000000,0.000000,0.000000,0.000000,0.000000,0.000000,,,,,,,,,,,,
366193,,,,,,,,,,,0.000000,0.000000,0.000000,0.000000,0.000000,0.000000,,,,,,,,,,,,
366198,,,,,,,,,,,0.000000,0.000000,0.000000,0.000000,0.000000,0.000000,,,,,,,,,,,,
366210,,,,,,,,,,,0.000000,0.000000,0.000000,0.000000,0.000000,0.000000,,,,,,,,,,,,
366213,,,,,,,,,,,0.000000,0.000000,0.000000,0.000000,0.000000,0.000000,,,,,,,,,,,,
366218,,,,,,,,,,,0.000000,0.000000,0.000000,0.000000,0.000000,0.000000,,,,,,,,,,,,
366223,,,,,,,,,,,0.000000,0.000000,0.000000,0.000000,0.000000,0.000000,,,,,,,,,,,,
366228,,,,,,,,,,,0.000000,0.000000,0.000000,0.000000,0.000000,0.000000,,,,,,,,,,,,
366233,,,,,,,,,,,0.000000,0.000000,0.000000,0.000000,0.000000,0.000000,,,,,,,,,,,,
366238,,,,,,,,,,,0.000000,0.000000,0.000000,0.000000,0.000000,0.000000,,,,,,,,,,,,
366243,,,,,,,,,,,0.000000,0.000000,0.000000,0.000000,0.000000,0.000000,,,,,,,,,,,,
366248,,,,,,,,,,,0.000000,0.000000,0.000000,0.000000,0.000000,0.000000,,,,,,,,,,,,
366253,,,,,,,,,,,0.000000,0.000000,0.000000,0.000000,0.000000,0.000000,,,,,,,,,,,,
366258,,,,,,,,,,,0.000000,0.000000,0.000000,0.000000,0.000000,0.000000,,,,,,,,,,,,
366263,,,,,,,,,,,0.000000,0.000000,0.000000,0.000000,0.000000,0.000000,,,,,,,,,,,,
366268,,,,,,,,,,,0.000000,0.000000,0.000000,0.000000,0.000000,0.000000,,,,,,,,,,,,
366273,,,,,,,,,,,0.000000,0.000000,0.000000,0.000000,0.000000,0.000000,,,,,,,,,,,,
366278,,,,,,,,,,,0.000000,0.000000,0.000000,0.000000,0.000000,0.000000,,,,,,,,,,,,
366289,,,,,,,,,,,0.000000,0.000000,0.000000,0.000000,0.000000,0.000000,,,,,,,,,,,,
366293,,,,,,,,,,,0.000000,0.000000,0.000000,0.000000,0.000000,0.000000,,,,,,,,,,,,
366298,,,,,,,,,,,0.000000,0.000000,0.000000,0.000000,0.000000,0.000000,,,,,,,,,,,,
366303,,,,,,,,,,,0.000000,0.000000,0.000000,0.000000,0.000000,0.000000,,,,,,,,,,,,
366308,,,,,,,,,,,0.000000,0.000000,0.000000,0.000000,0.000000,0.000000,,,,,,,,,,,,
366313,,,,,,,,,,,0.000000,0.000000,0.000000,0.000000,0.000000,0.000000,,,,,,,,,,,,
366318,,,,,,,,,,,0.000000,0.000000,0.000000,0.000000,0.000000,0.000000,,,,,,,,,,,,
366323,,,,,,,,,,,0.000000,0.000000,0.000000,0.000000,0.000000,0.000000,,,,,,,,,,,,
366328,,,,,,,,,,,0.000000,0.000000,0.000000,0.000000,0.000000,0.000000,,,,,,,,,,,,
366333,,,,,,,,,,,0.000000,0.000000,0.000000,0.000000,0.000000,0.000000,,,,,,,,,,,,
366338,,,,,,,,,,,0.000000,0.000000,0.000000,0.000000,0.000000,0.000000,,,,,,,,,,,,
366350,,,,,,,,,,,0.000000,0.000000,0.000000,0.000000,0.000000,0.000000,,,,,,,,,,,,
366353,,,,,,,,,,,0.000000,0.000000,0.000000,0.000000,0.000000,0.000000,,,,,,,,,,,,
366358,,,,,,,,,,,0.000000,0.000000,0.000000,0.000000,0.000000,0.000000,,,,,,,,,,,,
366363,,,,,,,,,,,0.000000,0.000000,0.000000,0.000000,0.000000,0.000000,,,,,,,,,,,,
366368,,,,,,,,,,,0.000000,0.000000,0.000000,0.000000,0.000000,0.000000,,,,,,,,,,,,
366373,,,,,,,,,,,0.000000,0.000000,0.000000,0.000000,0.000000,0.000000,,,,,,,,,,,,
366378,,,,,,,,,,,0.000000,0.000000,0.000000,0.000000,0.000000,0.000000,,,,,,,,,,,,
366383,,,,,,,,,,,0.000000,0.000000,0.000000,0.000000,0.000000,0.000000,,,,,,,,,,,,
366388,,,,,,,,,,,0.000000,0.000000,0.000000,0.000000,0.000000,0.000000,,,,,,,,,,,,
366393,,,,,,,,,,,0.000000,0.000000,0.000000,0.000000,0.000000,0.000000,,,,,,,,,,,,
366398,,,,,,,,,,,0.000000,0.000000,0.000000,0.000000,0.000000,0.000000,,,,,,,,,,,,
366409,,,,,,,,,,,0.000000,0.000000,0.000000,0.000000,0.000000,0.000000,,,,,,,,,,,,
366413,,,,,,,,,,,0.000000,0.000000,0.000000,0.000000,0.000000,0.000000,,,,,,,,,,,,
366418,,,,,,,,,,,0.000000,0.000000,0.000000,0.000000,0.000000,0.000000,,,,,,,,,,,,
366423,,,,,,,,,,,0.000000,0.000000,0.000000,0.000000,0.000000,0.000000,,,,,,,,,,,,
366428,,,,,,,,,,,0.000000,0.000000,0.000000,0.000000,0.000000,0.000000,,,,,,,,,,,,
366433,,,,,,,,,,,0.000000,0.000000,0.000000,0.000000,0.000000,0.000000,,,,,,,,,,,,
366438,,,,,,,,,,,0.000000,0.000000,0.000000,0.000000,0.000000,0.000000,,,,,,,,,,,,
366443,,,,,,,,,,,0.000000,0.000000,0.000000,0.000000,0.000000,0.000000,,,,,,,,,,,,
366448,,,,,,,,,,,0.000000,0.000000,0.000000,0.000000,0.000000,0.000000,,,,,,,,,,,,
366453,,,,,,,,,,,0.000000,0.000000,0.000000,0.000000,0.000000,0.000000,,,,,,,,,,,,
366458,,,,,,,,,,,0.000000,0.000000,0.000000,0.000000,0.000000,0.000000,,,,,,,,,,,,
366463,,,,,,,,,,,0.000000,0.000000,0.000000,0.000000,0.000000,0.000000,,,,,,,,,,,,
366468,,,,,,,,,,,0.000000,0.000000,0.000000,0.000000,0.000000,0.000000,,,,,,,,,,,,
366473,,,,,,,,,,,0.000000,0.000000,0.000000,0.000000,0.000000,0.000000,,,,,,,,,,,,
366478,,,,,,,,,,,0.000000,0.000000,0.000000,0.000000,0.000000,0.000000,,,,,,,,,,,,
366489,,,,,,,,,,,0.000000,0.000000,0.000000,0.000000,0.000000,0.000000,,,,,,,,,,,,
366493,,,,,,,,,,,0.000000,0.000000,0.000000,0.000000,0.000000,0.000000,,,,,,,,,,,,
366498,,,,,,,,,,,0.000000,0.000000,0.000000,0.000000,0.000000,0.000000,,,,,,,,,,,,
366503,,,,,,,,,,,-1.610661,-2.592684,0.000000,0.000000,-0.016268,-0.026186,,,,,,,,,,,,
366508,,,,,,,,,,,-1.610661,-2.592684,0.000000,0.000000,-0.016429,-0.026445,,,,,,,,,,,,
366513,,,,,,,,,,,-1.610661,-2.592684,0.000000,0.000000,-0.016590,-0.026705,,,,,,,,,,,,
366518,,,,,,,,,,,-1.610661,-2.592684,0.000000,0.000000,-0.016751,-0.026964,,,,,,,,,,,,
366523,,,,,,,,,,,-1.610661,-2.592684,0.000000,0.000000,-0.016912,-0.027223,,,,,,,,,,,,
366528,,,,,,,,,,,-1.610661,-2.592684,0.000000,0.000000,-0.017073,-0.027482,,,,,,,,,,,,
366533,,,,,,,,,,,-1.610661,-2.592684,0.000000,0.000000,-0.017234,-0.027742,,,,,,,,,,,,
366538,,,,,,,,,,,-1.610661,-2.592684,0.000000,0.000000,-0.017395,-0.028001,,,,,,,,,,,,
366550,,,,,,,,,,,-1.610661,-2.592684,0.000000,0.000000,-0.017717,-0.028520,,,,,,,,,,,,
366553,,,,,,,,,,,-1.610661,-2.592684,0.000000,0.000000,-0.017878,-0.028779,,,,,,,,,,,,
366558,,,,,,,,,,,-1.610661,-2.592684,0.000000,0.000000,-0.018039,-0.029038,,,,,,,,,,,,
366563,,,,,,,,,,,-1.610661,-2.592684,0.000000,0.000000,-0.018200,-0.029297,,,,,,,,,,,,
366568,,,,,,,,,,,-1.610661,-2.592684,0.000000,0.000000,-0.018362,-0.029557,,,,,,,,,,,,
366573,,,,,,,,,,,-1.610661,-2.592684,0.000000,0.000000,-0.018523,-0.029816,,,,,,,,,,,,
366578,,,,,,,,,,,-1.610661,-2.592684,0.000000,0.000000,-0.018684,-0.030075,,,,,,,,,,,,
366583,,,,,,,,,,,-1.610661,-2.592684,0.000000,0.000000,-0.018845,-0.030334,,,,,,,,,,,,
366588,,,,,,,,,,,-1.610661,-2.592684,0.000000,0.000000,-0.019006,-0.030594,,,,,,,,,,,,
366593,,,,,,,,,,,-1.610661,-2.592684,0.000000,0.000000,-0.019167,-0.030853,,,,,,,,,,,,
366598,,,,,,,,,,,-1.610661,-2.592684,0.000000,0.000000,-0.019328,-0.031112,,,,,,,,,,,,
366610,,,,,,,,,,,-1.610661,-2.592684,0.000000,0.000000,-0.019650,-0.031631,,,,,,,,,,,,
366613,,,,,,,,,,,-28.628262,76.989510,0.000000,0.000000,-0.292689,0.771890,,,,,,,,,,,,
366618,,,,,,,,,,,-28.628262,76.989510,-0.591445,1.182890,-0.289578,0.767642,,,,,,,,,,,,
366623,,,,,,,,,,,-28.628262,76.989510,-1.723393,4.629677,-0.280949,0.740410,,,,,,,,,,,,
366628,,,,,,,,,,,-28.628262,76.989510,-2.757847,9.553926,-0.273192,0.697911,,,,,,,,,,,,
366633,,,,,,,,,,,-28.628262,76.989510,-4.294648,15.828382,-0.260257,0.641283,,,,,,,,,,,,
366638,,,,,,,,,,,-28.628262,76.989510,-5.699083,22.153864,-0.248506,0.583511,,,,,,,,,,,,
366643,,,,,,,,,,,-28.628262,76.989510,-6.391110,28.525974,-0.243809,0.524637,,,,,,,,,,,,
366648,,,,,,,,,,,-28.628262,76.989510,-7.023532,34.940701,-0.239645,0.464694,,,,,,,,,,,,
366653,,,,,,,,,,,-28.628262,76.989510,-8.192928,40.211479,-0.229995,0.415664,,,,,,,,,,,,
366658,,,,,,,,,,,-28.628262,76.989510,-9.261604,45.028282,-0.221245,0.370692,,,,,,,,,,,,
366670,,,,,,,,,,,-28.628262,76.989510,-12.599436,54.412285,-0.190953,0.280920,,,,,,,,,,,,
366673,,,,,,,,,,,-28.628262,76.989510,-12.697134,53.274414,-0.191570,0.294670,,,,,,,,,,,,
366678,,,,,,,,,,,-28.628262,76.989510,-13.969307,54.008881,-0.180314,0.289623,,,,,,,,,,,,
366683,,,,,,,,,,,-28.628262,76.989510,-15.131907,54.680088,-0.170037,0.285142,,,,,,,,,,,,
366688,,,,,,,,,,,-28.628262,76.989510,-16.785818,54.702042,-0.154682,0.287151,,,,,,,,,,,,
366693,,,,,,,,,,,-28.628262,76.989510,-17.705832,54.722103,-0.146575,0.289177,,,,,,,,,,,,
366698,,,,,,,,,,,-28.628262,76.989510,-18.546604,54.740437,-0.139175,0.291219,,,,,,,,,,,,
366703,,,,,,,,,,,-27.210865,58.740761,-19.906406,54.757191,-0.112134,0.108962,,,,,,,,,,,,
366708,,,,,,,,,,,-27.210865,58.740761,-20.557644,53.589611,-0.106286,0.121153,,,,,,,,,,,,
366713,,,,,,,,,,,-27.210865,58.740761,-21.152790,52.522594,-0.100941,0.132445,,,,,,,,,,,,
366718,,,,,,,,,,,-27.210865,58.740761,-21.696676,50.956036,-0.096053,0.148889,,,,,,,,,,,,
366723,,,,,,,,,,,-27.210865,58.740761,-22.193716,50.115852,-0.091585,0.158154,,,,,,,,,,,,
366728,,,,,,,,,,,-27.210865,58.740761,-22.647945,49.348034,-0.087499,0.166771,,,,,,,,,,,,
366733,,,,,,,,,,,-27.210865,58.740761,-23.063053,48.646347,-0.083762,0.174797,,,,,,,,,,,,
366738,,,,,,,,,,,-27.210865,58.740761,-22.850962,48.596542,-0.086319,0.176310,,,,,,,,,,,,
366749,,,,,,,,,,,-27.210865,58.740761,,,,,,,,,,,,,,,,
366750,,,,,,,,,,,-27.210865,58.740761,-23.948696,48.744286,-0.075769,0.176437,,,,,,,,,,,,
366753,,,,,,,,,,,-27.210865,58.740761,-23.068880,46.320267,-0.084981,0.201919,,,,,,,,,,,,
366758,,,,,,,,,,,-27.210865,58.740761,-23.447733,45.879360,-0.081569,0.207615,,,,,,,,,,,,
366763,,,,,,,,,,,-27.210865,58.740761,-23.202509,45.476429,-0.084422,0.212970,,,,,,,,,,,,
366768,,,,,,,,,,,-27.210865,58.740761,-22.978407,45.108204,-0.087086,0.218016,,,,,,,,,,,,
366773,,,,,,,,,,,-27.210865,58.740761,-23.365051,44.180248,-0.083604,0.228751,,,,,,,,,,,,
366778,,,,,,,,,,,-27.210865,58.740761,-23.126949,43.923664,-0.086394,0.232799,,,,,,,,,,,,
366783,,,,,,,,,,,-27.210865,58.740761,-22.909355,43.689178,-0.089000,0.236649,,,,,,,,,,,,
366788,,,,,,,,,,,-27.210865,58.740761,-22.710503,43.474892,-0.091438,0.240318,,,,,,,,,,,,
366793,,,,,,,,,,,-27.210865,58.740761,-22.528776,43.870502,-0.093724,0.237849,,,,,,,,,,,,
366798,,,,,,,,,,,-27.210865,58.740761,-22.954147,43.640598,-0.089896,0.241658,,,,,,,,,,,,
366810,,,,,,,,,,,-27.210865,58.740761,-22.953865,44.554348,-0.090534,0.234938,,,,,,,,,,,,
366813,,,,,,,,,,,-48.817486,70.742264,-22.159733,43.082653,-0.317207,0.372436,,,,,,,,,,,,
366818,,,,,,,,,,,-48.817486,70.742264,-22.616890,43.512051,-0.315255,0.370865,,,,,,,,,,,,
366823,,,,,,,,,,,-48.817486,70.742264,-23.626118,44.495907,-0.307682,0.363651,,,,,,,,,,,,
366828,,,,,,,,,,,-48.817486,70.742264,-24.548420,45.395023,-0.300886,0.357195,,,,,,,,,,,,
366833,,,,,,,,,,,-48.817486,70.742264,-25.982729,46.216702,-0.288827,0.351431,,,,,,,,,,,,
366838,,,,,,,,,,,-48.817486,70.742264,-27.293501,46.967606,-0.277871,0.346299,,,,,,,,,,,,
366843,,,,,,,,,,,-48.817486,70.742264,-27.899931,48.245281,-0.273899,0.335772,,,,,,,,,,,,
366848,,,,,,,,,,,-48.817486,70.742264,-28.454128,48.821465,-0.270393,0.332202,,,,,,,,,,,,
366853,,,,,,,,,,,-48.817486,70.742264,-29.552038,49.939465,-0.261341,0.323103,,,,,,,,,,,,
366858,,,,,,,,,,,-48.817486,70.742264,-30.555384,50.961174,-0.253133,0.314864,,,,,,,,,,,,
366870,,,,,,,,,,,-48.817486,70.742264,-33.626125,54.992214,-0.225147,0.277185,,,,,,,,,,,,
366873,,,,,,,,,,,-48.817486,70.742264,-32.504234,53.212948,-0.237997,0.296730,,,,,,,,,,,,
366878,,,,,,,,,,,-48.817486,70.742264,-33.844753,53.952709,-0.226090,0.291012,,,,,,,,,,,,
366883,,,,,,,,,,,-48.817486,70.742264,-35.069813,54.628754,-0.215214,0.285863,,,,,,,,,,,,
366888,,,,,,,,,,,-48.817486,70.742264,-35.597912,55.246571,-0.211255,0.281234,,,,,,,,,,,,
366893,,,,,,,,,,,-48.817486,70.742264,-36.671970,56.402622,-0.201729,0.271108,,,,,,,,,,,,
366898,,,,,,,,,,,-48.817486,70.742264,-37.653519,56.867657,-0.193030,0.267845,,,,,,,,,,,,
366903,,,,,,,,,,,-9.458933,49.952648,-38.550526,57.292637,0.212435,0.054965,,,,,,,,,,,,
366908,,,,,,,,,,,-9.458933,49.952648,-38.187386,57.681015,0.211677,0.050308,,,,,,,,,,,,
366913,,,,,,,,,,,-9.458933,49.952648,-36.081188,56.853050,0.193277,0.057898,,,,,,,,,,,,
366918,,,,,,,,,,,-9.458933,49.952648,-33.564953,55.504955,0.170525,0.070823,,,,,,,,,,,,
366923,,,,,,,,,,,-9.458933,49.952648,-30.673996,54.272972,0.143737,0.082711,,,,,,,,,,,,
366928,,,,,,,,,,,-9.458933,49.952648,-28.032038,53.147099,0.119175,0.093651,,,,,,,,,,,,
366933,,,,,,,,,,,-9.458933,49.952648,-25.617632,52.118198,0.096647,0.103723,,,,,,,,,,,,
366938,,,,,,,,,,,-9.458933,49.952648,-23.411180,51.177917,0.075977,0.113003,,,,,,,,,,,,
366949,,,,,,,,,,,-9.458933,49.952648,-21.394772,54.458736,0.057007,0.079744,,,,,,,,,,,,
366950,,,,,,,,,,,-9.458933,49.952648,-19.552036,50.359638,0.039589,0.120695,,,,,,,,,,,,
366953,,,,,,,,,,,-9.458933,49.952648,-17.868015,47.796486,0.023589,0.146542,,,,,,,,,,,,
366958,,,,,,,,,,,-9.458933,49.952648,-16.329041,46.636990,0.008887,0.158468,,,,,,,,,,,,
366963,,,,,,,,,,,-9.458933,49.952648,-14.922617,46.168804,-0.004631,0.163529,,,,,,,,,,,,
366968,,,,,,,,,,,-9.458933,49.952648,-13.637329,45.149502,-0.017066,0.174202,,,,,,,,,,,,
366973,,,,,,,,,,,-9.458933,49.952648,-12.462743,44.809437,-0.028512,0.178117,,,,,,,,,,,,
366978,,,,,,,,,,,-9.458933,49.952648,-11.389324,43.907215,-0.039053,0.187744,,,,,,,,,,,,
366983,,,,,,,,,,,-9.458933,49.952648,-10.999804,43.082703,-0.042794,0.196676,,,,,,,,,,,,
366988,,,,,,,,,,,-9.458933,49.952648,-10.643834,42.329205,-0.046235,0.204973,,,,,,,,,,,,
366993,,,,,,,,,,,-9.458933,49.952648,-10.909968,41.640606,-0.043429,0.212690,,,,,,,,,,,,
366998,,,,,,,,,,,-9.458933,49.952648,-11.153180,41.011318,-0.040827,0.219877,,,,,,,,,,,,
367009,,,,,,,,,,,-9.458933,49.952648,-11.476682,40.736973,-0.037080,0.224080,,,,,,,,,,,,
367013,,,,,,,,,,,20.450928,35.925594,-11.079638,39.002625,0.261201,0.100845,,,,,,,,,,,,
367018,,,,,,,,,,,20.450928,35.925594,-10.125346,38.600544,0.254716,0.104599,,,,,,,,,,,,
367023,,,,,,,,,,,20.450928,35.925594,-9.253248,37.641651,0.248965,0.114016,,,,,,,,,,,,
367028,,,,,,,,,,,20.450928,35.925594,-8.456264,36.765347,0.243886,0.122695,,,,,,,,,,,,
367033,,,,,,,,,,,20.450928,35.925594,-7.727925,36.555965,0.239420,0.124726,,,,,,,,,,,,
367038,,,,,,,,,,,20.450928,35.925594,-7.062317,35.773170,0.235516,0.132569,,,,,,,,,,,,
367043,,,,,,,,,,,20.450928,35.925594,-6.454038,35.057800,0.232123,0.139809,,,,,,,,,,,,
367048,,,,,,,,,,,20.450928,35.925594,-5.898150,34.995487,0.229199,0.140526,,,,,,,,,,,,
367053,,,,,,,,,,,20.450928,35.925594,-5.390141,34.347099,0.226703,0.147167,,,,,,,,,,,,
367058,,,,,,,,,,,20.450928,35.925594,-4.925888,34.346001,0.224598,0.147336,,,,,,,,,,,,
367070,,,,,,,,,,,20.450928,35.925594,-3.573391,33.548870,0.215912,0.155467,,,,,,,,,,,,
367073,,,,,,,,,,,20.450928,35.925594,-2.674169,32.433632,0.209232,0.166968,,,,,,,,,,,,
367078,,,,,,,,,,,20.450928,35.925594,-2.443843,32.005898,0.209219,0.171638,,,,,,,,,,,,
367083,,,,,,,,,,,20.450928,35.925594,-1.641909,31.615002,0.203409,0.175978,,,,,,,,,,,,
367088,,,,,,,,,,,20.450928,35.925594,-0.909046,31.257774,0.198216,0.180017,,,,,,,,,,,,
367093,,,,,,,,,,,20.450928,35.925594,-0.239305,31.522760,0.193588,0.177807,,,,,,,,,,,,
367098,,,,,,,,,,,20.450928,35.925594,0.372751,31.173477,0.189475,0.181775,,,,,,,,,,,,
367103,,,,,,,,,,,1.033658,24.277792,1.523536,30.854279,-0.016255,0.067831,,,,,,,,,,,,
367108,,,,,,,,,,,1.033658,24.277792,1.983758,30.562572,-0.020952,0.070120,,,,,,,,,,,,
367113,,,,,,,,,,,1.033658,24.277792,1.812897,29.704546,-0.019321,0.078158,,,,,,,,,,,,
367118,,,,,,,,,,,1.033658,24.277792,1.656752,28.920422,-0.017822,0.085535,,,,,,,,,,,,
367130,,,,,,,,,,,1.033658,24.277792,1.924153,29.017654,-0.020692,0.083341,,,,,,,,,,,,
367133,,,,,,,,,,,1.033658,24.277792,1.758425,27.701248,-0.019108,0.096163,,,,,,,,,,,,
367138,,,,,,,,,,,1.033658,24.277792,1.606972,27.089668,-0.017650,0.101997,,,,,,,,,,,,
367143,,,,,,,,,,,1.033658,24.277792,1.468563,27.122210,-0.016310,0.101387,,,,,,,,,,,,
367148,,,,,,,,,,,1.033658,24.277792,1.342075,26.560503,-0.015076,0.106776,,,,,,,,,,,,
367153,,,,,,,,,,,1.033658,24.277792,1.226482,26.638620,-0.013939,0.105759,,,,,,,,,,,,
367158,,,,,,,,,,,1.033658,24.277792,1.120845,26.118565,-0.012891,0.110775,,,,,,,,,,,,
367163,,,,,,,,,,,1.033658,24.277792,1.024306,26.234747,-0.011925,0.109418,,,,,,,,,,,,
367168,,,,,,,,,,,1.033658,24.277792,0.936083,25.749477,-0.011033,0.114123,,,,,,,,,,,,
367173,,,,,,,,,,,1.033658,24.277792,0.855458,25.306004,-0.010209,0.118455,,,,,,,,,,,,
367178,,,,,,,,,,,1.033658,24.277792,0.781777,25.492172,-0.009447,0.116472,,,,,,,,,,,,
367183,,,,,,,,,,,1.033658,24.277792,0.714442,25.070862,-0.008742,0.120606,,,,,,,,,,,,
367188,,,,,,,,,,,1.033658,24.277792,0.652907,25.277283,-0.008088,0.118442,,,,,,,,,,,,
367193,,,,,,,,,,,1.033658,24.277792,0.596672,25.465925,-0.007482,0.116437,,,,,,,,,,,,
367198,,,,,,,,,,,1.033658,24.277792,0.545281,25.046875,-0.006920,0.120550,,,,,,,,,,,,
367210,,,,,,,,,,,1.033658,24.277792,0.455396,25.782629,-0.005909,0.112649,,,,,,,,,,,,
367213,,,,,,,,,,,-9.787083,10.885182,0.416172,24.744856,-0.114745,-0.012286,,,,,,,,,,,,
367218,,,,,,,,,,,-9.787083,10.885182,0.380327,24.387911,-0.115403,-0.010067,,,,,,,,,,,,
367223,,,,,,,,,,,-9.787083,10.885182,0.347570,23.470264,-0.116089,-0.002149,,,,,,,,,,,,
367228,,,,,,,,,,,-9.787083,10.885182,-0.273811,22.631655,-0.110827,0.005063,,,,,,,,,,,,
367233,,,,,,,,,,,-9.787083,10.885182,-0.250228,21.865276,-0.112016,0.011629,,,,,,,,,,,,
367238,,,,,,,,,,,-9.787083,10.885182,-0.228676,21.164906,-0.113187,0.017604,,,,,,,,,,,,
367243,,,,,,,,,,,-9.787083,10.885182,-0.800425,20.524858,-0.108369,0.023041,,,,,,,,,,,,
367248,,,,,,,,,,,-9.787083,10.885182,-0.731484,19.939938,-0.109964,0.027985,,,,,,,,,,,,
367253,,,,,,,,,,,-9.787083,10.885182,-1.259926,18.813951,-0.105532,0.038452,,,,,,,,,,,,
367258,,,,,,,,,,,-9.787083,10.885182,-1.151408,18.376392,-0.107481,0.042078,,,,,,,,,,,,
367270,,,,,,,,,,,-9.787083,10.885182,-1.502112,17.509205,-0.105616,0.049260,,,,,,,,,,,,
367273,,,,,,,,,,,-9.787083,10.885182,-1.372734,16.592579,-0.107752,0.057856,,,,,,,,,,,,
367278,,,,,,,,,,,-9.787083,10.885182,-1.254501,15.754902,-0.109787,0.065745,,,,,,,,,,,,
367283,,,,,,,,,,,-9.787083,10.885182,-1.146450,15.580819,-0.111732,0.067017,,,,,,,,,,,,
367288,,,,,,,,,,,-9.787083,10.885182,-1.047706,14.830285,-0.113593,0.074128,,,,,,,,,,,,
367293,,,,,,,,,,,-9.787083,10.885182,-1.548912,14.735839,-0.109405,0.074687,,,,,,,,,,,,
367298,,,,,,,,,,,-9.787083,10.885182,-1.415504,14.649528,-0.111576,0.075174,,,,,,,,,,,,
367303,,,,,,,,,,,-66.226067,42.180679,-1.885031,13.979206,-0.677705,0.397652,,,,,,,,,,,,
367308,,,,,,,,,,,-66.226067,42.180679,-2.905563,14.549509,-0.673832,0.394712,,,,,,,,,,,,
367313,,,,,,,,,,,-66.226067,42.180679,-5.612530,15.662136,-0.652823,0.386238,,,,,,,,,,,,
367318,,,,,,,,,,,-66.226067,42.180679,-9.860680,17.270378,-0.615978,0.372646,,,,,,,,,,,,
367330,,,,,,,,,,,-66.226067,42.180679,-23.420267,21.990545,-0.488788,0.329275,,,,,,,,,,,,
367333,,,,,,,,,,,-66.226067,42.180679,-25.543188,22.462275,-0.471627,0.326530,,,,,,,,,,,,
367338,,,,,,,,,,,-66.226067,42.180679,-30.440487,24.667707,-0.426232,0.306227,,,,,,,,,,,,
367343,,,,,,,,,,,-66.226067,42.180679,-34.915981,26.091742,-0.384608,0.293595,,,,,,,,,,,,
367348,,,,,,,,,,,-66.226067,42.180679,-38.414555,27.393124,-0.352404,0.282060,,,,,,,,,,,,
367353,,,,,,,,,,,-66.226067,42.180679,-41.020351,28.582418,-0.328866,0.271527,,,,,,,,,,,,
367358,,,,,,,,,,,-66.226067,42.180679,-42.218819,29.669277,-0.319282,0.261910,,,,,,,,,,,,
367363,,,,,,,,,,,-66.226067,42.180679,-43.905506,31.253971,-0.304648,0.247156,,,,,,,,,,,,
367368,,,,,,,,,,,-66.226067,42.180679,-44.264030,32.702175,-0.303259,0.233621,,,,,,,,,,,,
367373,,,,,,,,,,,-66.226067,42.180679,-45.183121,34.025642,-0.296172,0.221202,,,,,,,,,,,,
367378,,,,,,,,,,,-66.226067,42.180679,-46.023048,35.235123,-0.289793,0.209802,,,,,,,,,,,,
367383,,,,,,,,,,,-66.226067,42.180679,-46.199188,35.748985,-0.290034,0.205306,,,,,,,,,,,,
367388,,,,,,,,,,,-66.226067,42.180679,-46.951603,36.810032,-0.284438,0.195233,,,,,,,,,,,,
367393,,,,,,,,,,,-66.226067,42.180679,-47.639210,37.779690,-0.279420,0.185977,,,,,,,,,,,,
367398,,,,,,,,,,,-66.226067,42.180679,-48.267593,38.665833,-0.274932,0.177467,,,,,,,,,,,,
367410,,,,,,,,,,,-66.226067,42.180679,-50.631577,41.531582,-0.253999,0.148612,,,,,,,,,,,,
367413,,,,,,,,,,,-32.557510,17.550613,-49.227894,40.320236,0.070317,-0.087852,,,,,,,,,,,,
367418,,,,,,,,,,,-32.557510,17.550613,-48.536556,39.804672,0.065002,-0.084922,,,,,,,,,,,,
367423,,,,,,,,,,,-32.557510,17.550613,-47.313316,38.150623,0.054245,-0.070441,,,,,,,,,,,,
367428,,,,,,,,,,,-32.557510,17.550613,-45.603989,36.639038,0.038456,-0.057234,,,,,,,,,,,,
367433,,,,,,,,,,,-32.557510,17.550613,-44.041885,34.666199,0.023984,-0.039217,,,,,,,,,,,,
367438,,,,,,,,,,,-32.557510,17.550613,-42.022884,32.863281,0.004740,-0.022719,,,,,,,,,,,,
367443,,,,,,,,,,,-32.557510,17.550613,-40.177780,31.215651,-0.012949,-0.007610,,,,,,,,,,,,
367448,,,,,,,,,,,-32.557510,17.550613,-38.491596,29.118484,-0.029217,0.012205,,,,,,,,,,,,
367453,,,,,,,,,,,-32.557510,17.550613,-37.542088,27.793394,-0.038214,0.024432,,,,,,,,,,,,
367458,,,,,,,,,,,-32.557510,17.550613,-36.674358,27.173878,-0.046480,0.029665,,,,,,,,,,,,
367469,,,,,,,,,,,-32.557510,17.550613,-34.412407,25.396999,-0.068404,0.045625,,,,,,,,,,,,
367473,,,,,,,,,,,-32.557510,17.550613,-32.631348,24.392441,-0.086207,0.054986,,,,,,,,,,,,
367478,,,,,,,,,,,-32.557510,17.550613,-31.595139,23.474405,-0.096665,0.063574,,,,,,,,,,,,
367483,,,,,,,,,,,-32.557510,17.550613,-30.648178,22.635439,-0.106326,0.071455,,,,,,,,,,,,
367488,,,,,,,,,,,-32.557510,17.550613,-29.782780,21.868734,-0.115257,0.078691,,,,,,,,,,,,
367493,,,,,,,,,,,-32.557510,17.550613,-28.991917,21.168066,-0.123523,0.085336,,,,,,,,,,,,
367498,,,,,,,,,,,-32.557510,17.550613,-28.269171,20.527746,-0.131179,0.091441,,,,,,,,,,,,
367503,,,,,,,,,,,76.196785,79.894600,-28.200121,19.942577,0.966113,0.726728,,,,,,,,,,,,
367508,,,,,,,,,,,76.196785,79.894600,-26.362684,20.590698,0.957995,0.726177,,,,,,,,,,,,
367513,,,,,,,,,,,76.196785,79.894600,-21.726282,22.957331,0.921423,0.708204,,,,,,,,,,,,
367518,,,,,,,,,,,76.196785,79.894600,-15.714880,25.711571,0.870500,0.686080,,,,,,,,,,,,
367529,,,,,,,,,,,76.196785,79.894600,2.790546,40.648930,0.692787,0.540631,,,,,,,,,,,,
367530,,,,,,,,,,,76.196785,79.894600,3.141641,37.147827,0.696581,0.579917,,,,,,,,,,,,
367533,,,,,,,,,,,76.196785,79.894600,9.376944,39.862724,0.640910,0.556771,,,,,,,,,,,,
367538,,,,,,,,,,,76.196785,79.894600,19.806759,46.483902,0.542251,0.493901,,,,,,,,,,,,
367543,,,,,,,,,,,76.196785,79.894600,29.929695,52.534798,0.445648,0.436128,,,,,,,,,,,,
367548,,,,,,,,,,,76.196785,79.894600,37.406406,56.881638,0.374760,0.394960,,,,,,,,,,,,
367553,,,,,,,,,,,76.196785,79.894600,43.647701,60.262638,0.315602,0.363114,,,,,,,,,,,,
367558,,,,,,,,,,,76.196785,79.894600,47.577099,62.760990,0.279170,0.339843,,,,,,,,,,,,
367563,,,,,,,,,,,76.196785,79.894600,51.168056,64.452713,0.245764,0.324470,,,,,,,,,,,,
367568,,,,,,,,,,,76.196785,79.894600,53.266834,65.998726,0.227069,0.310400,,,,,,,,,,,,
367573,,,,,,,,,,,76.196785,79.894600,55.184845,67.411583,0.209990,0.297520,,,,,,,,,,,,
367578,,,,,,,,,,,76.196785,79.894600,55.754768,67.519859,0.206335,0.297674,,,,,,,,,,,,
367589,,,,,,,,,,,76.196785,79.894600,,,,,,,,,,,,,,,,
367590,,,,,,,,,,,76.196785,79.894600,54.131092,67.791267,0.226475,0.296807,,,,,,,,,,,,
367593,,,,,,,,,,,76.196785,79.894600,51.243103,64.909615,0.257850,0.327122,,,,,,,,,,,,
367598,,,,,,,,,,,76.196785,79.894600,49.195305,64.050491,0.281028,0.337297,,,,,,,,,,,,
367603,,,,,,,,,,,33.309898,-31.182838,47.323883,63.265369,-0.130528,-0.775071,,,,,,,,,,,,
367608,,,,,,,,,,,33.309898,-31.182838,45.022202,61.364979,-0.108683,-0.765321,,,,,,,,,,,,
367613,,,,,,,,,,,33.309898,-31.182838,41.735874,56.671047,-0.076662,-0.727167,,,,,,,,,,,,
367618,,,,,,,,,,,33.309898,-31.182838,38.141155,49.424179,-0.041198,-0.662760,,,,,,,,,,,,
367623,,,,,,,,,,,33.309898,-31.182838,34.856049,41.027153,-0.008501,-0.586010,,,,,,,,,,,,
367628,,,,,,,,,,,33.309898,-31.182838,31.853889,32.761917,0.021666,-0.509752,,,,,,,,,,,,
367633,,,,,,,,,,,33.309898,-31.182838,29.701752,24.617123,0.043548,-0.433884,,,,,,,,,,,,
367638,,,,,,,,,,,33.309898,-31.182838,27.143534,16.582397,0.069747,-0.358314,,,,,,,,,,,,
367643,,,,,,,,,,,33.309898,-31.182838,25.397100,9.831148,0.088002,-0.294903,,,,,,,,,,,,
367648,,,,,,,,,,,33.309898,-31.182838,23.801088,3.661386,0.104913,-0.236689,,,,,,,,,,,,
367653,,,,,,,,,,,33.309898,-31.182838,21.751095,-1.385529,0.126569,-0.189200,,,,,,,,,,,,
367658,,,,,,,,,,,33.309898,-31.182838,20.469114,-5.997752,0.140673,-0.145596,,,,,,,,,,,,
367670,,,,,,,,,,,33.309898,-31.182838,19.848404,-14.738136,0.149450,-0.061343,,,,,,,,,,,,
367673,,,,,,,,,,,33.309898,-31.182838,18.730301,-15.243073,0.162089,-0.057887,,,,,,,,,,,,
367678,,,,,,,,,,,33.309898,-31.182838,18.299946,-16.295963,0.167894,-0.048847,,,,,,,,,,,,
367683,,,,,,,,,,,33.309898,-31.182838,17.906658,-14.892388,0.173367,-0.064512,,,,,,,,,,,,
367688,,,,,,,,,,,33.309898,-31.182838,17.547243,-13.609704,0.178537,-0.079096,,,,,,,,,,,,
367693,,,,,,,,,,,33.309898,-31.182838,17.810230,-12.437497,0.177457,-0.092692,,,,,,,,,,,,
367698,,,,,,,,,,,33.309898,-31.182838,18.050566,-11.957698,0.176580,-0.099413,,,,,,,,,,,,
367703,,,,,,,,,,,32.474537,-40.618938,17.678757,-11.519224,0.173424,-0.201069,,,,,,,,,,,,
367708,,,,,,,,,,,32.474537,-40.618938,17.930416,-11.118516,0.172362,-0.208026,,,,,,,,,,,,
367713,,,,,,,,,,,32.474537,-40.618938,18.160400,-11.343765,0.171494,-0.208701,,,,,,,,,,,,
367718,,,,,,,,,,,32.474537,-40.618938,18.370577,-10.958169,0.170802,-0.215523,,,,,,,,,,,,
367730,,,,,,,,,,,32.474537,-40.618938,19.125858,-11.854321,0.165739,-0.212203,,,,,,,,,,,,
367733,,,,,,,,,,,32.474537,-40.618938,18.661434,-12.016195,0.171764,-0.213444,,,,,,,,,,,,
367738,,,,,,,,,,,32.474537,-40.618938,18.828455,-12.164127,0.171459,-0.214810,,,,,,,,,,,,
367743,,,,,,,,,,,32.474537,-40.618938,18.981091,-12.890763,0.171282,-0.210317,,,,,,,,,,,,
367748,,,,,,,,,,,32.474537,-40.618938,19.120581,-13.554813,0.171222,-0.206383,,,,,,,,,,,,
367753,,,,,,,,,,,32.474537,-40.618938,19.839500,-14.161669,0.165297,-0.202960,,,,,,,,,,,,
367758,,,,,,,,,,,32.474537,-40.618938,19.905054,-15.307701,0.165898,-0.194031,,,,,,,,,,,,
367763,,,,,,,,,,,32.474537,-40.618938,20.556408,-15.763580,0.160576,-0.191957,,,,,,,,,,,,
367768,,,,,,,,,,,32.474537,-40.618938,20.560215,-16.771639,0.161730,-0.184261,,,,,,,,,,,,
367773,,,,,,,,,,,32.474537,-40.618938,21.155138,-17.692873,0.156912,-0.177342,,,,,,,,,,,,
367778,,,,,,,,,,,32.474537,-40.618938,21.107376,-18.534761,0.158527,-0.171131,,,,,,,,,,,,
367790,,,,,,,,,,,32.474537,-40.618938,22.543468,-20.935431,0.146004,-0.150929,,,,,,,,,,,,
367793,,,,,,,,,,,32.474537,-40.618938,21.784685,-20.315147,0.154661,-0.159162,,,,,,,,,,,,
367798,,,,,,,,,,,32.474537,-40.618938,21.682701,-20.931179,0.156760,-0.154970,,,,,,,,,,,,
367803,,,,,,,,,,,-28.747520,1.220687,22.180944,-22.085596,-0.465536,0.277301,,,,,,,,,,,,
367808,,,,,,,,,,,-28.747520,1.220687,20.861940,-21.366249,-0.457307,0.272366,,,,,,,,,,,,
367813,,,,,,,,,,,-28.747520,1.220687,18.473652,-19.525970,-0.438146,0.256038,,,,,,,,,,,,
367818,,,,,,,,,,,-28.747520,1.220687,15.108178,-17.844194,-0.408877,0.241127,,,,,,,,,,,,
367823,,,,,,,,,,,-28.747520,1.220687,12.032574,-15.715826,-0.382199,0.221537,,,,,,,,,,,,
367828,,,,,,,,,,,-28.747520,1.220687,8.630426,-13.770774,-0.351915,0.203585,,,,,,,,,,,,
367833,,,,,,,,,,,-28.747520,1.220687,5.521307,-12.584694,-0.324251,0.193105,,,,,,,,,,,,
367838,,,,,,,,,,,-28.747520,1.220687,2.088531,-10.909327,-0.293007,0.177564,,,,,,,,,,,,
367843,,,,,,,,,,,-28.747520,1.220687,-0.457134,-9.969704,-0.270379,0.169287,,,,,,,,,,,,
367848,,,,,,,,,,,-28.747520,1.220687,-3.374985,-9.111012,-0.243738,0.161733,,,,,,,,,,,,
367853,,,,,,,,,,,-28.747520,1.220687,-4.858632,-8.326279,-0.231290,0.154841,,,,,,,,,,,,
367858,,,,,,,,,,,-28.747520,1.220687,-6.214491,-7.017690,-0.219985,0.142579,,,,,,,,,,,,
367870,,,,,,,,,,,-28.747520,1.220687,-8.484045,-4.239369,-0.201327,0.115927,,,,,,,,,,,,
367873,,,,,,,,,,,-28.747520,1.220687,-8.344757,-3.874231,-0.204760,0.112785,,,,,,,,,,,,
367878,,,,,,,,,,,-28.747520,1.220687,-9.400356,-2.357653,-0.196139,0.097977,,,,,,,,,,,,
367883,,,,,,,,,,,-28.747520,1.220687,-10.365036,-1.563143,-0.188330,0.090311,,,,,,,,,,,,
367888,,,,,,,,,,,-28.747520,1.220687,-11.246628,-0.245620,-0.181264,0.077282,,,,,,,,,,,,
367893,,,,,,,,,,,-28.747520,1.220687,-12.052288,0.366980,-0.174877,0.071242,,,,,,,,,,,,
367898,,,,,,,,,,,-28.747520,1.220687,-13.380001,0.926817,-0.163137,0.065673,,,,,,,,,,,,
367903,,,,,,,,,,,-61.950680,-17.377302,-14.001913,2.029880,-0.493744,-0.133279,,,,,,,,,,,,
367908,,,,,,,,,,,-61.950680,-17.377302,-15.753150,1.855046,-0.480852,-0.133454,,,,,,,,,,,,
367913,,,,,,,,,,,-61.950680,-17.377302,-17.944998,1.695271,-0.463334,-0.133763,,,,,,,,,,,,
367918,,,,,,,,,,,-61.950680,-17.377302,-20.539505,1.549257,-0.441530,-0.134196,,,,,,,,,,,,
367933,,,,,,,,,,,-61.950680,-17.377302,-28.616472,1.182432,-0.370061,-0.136130,,,,,,,,,,,,
367938,,,,,,,,,,,-61.950680,-17.377302,-31.474733,0.489144,-0.344526,-0.130984,,,,,,,,,,,,
367943,,,,,,,,,,,-61.950680,-17.377302,-35.269703,-0.144431,-0.309245,-0.126371,,,,,,,,,,,,
367948,,,,,,,,,,,-61.950680,-17.377302,-38.146366,-0.131991,-0.282858,-0.128220,,,,,,,,,,,,
367953,,,,,,,,,,,-61.950680,-17.377302,-39.592369,-0.120622,-0.270634,-0.130059,,,,,,,,,,,,
367958,,,,,,,,,,,-61.950680,-17.377302,-39.139496,-0.110233,-0.277444,-0.131890,,,,,,,,,,,,
367963,,,,,,,,,,,-61.950680,-17.377302,-39.317074,-0.100739,-0.277932,-0.133713,,,,,,,,,,,,
367968,,,,,,,,,,,-61.950680,-17.377302,-39.479355,-0.683507,-0.278556,-0.129554,,,,,,,,,,,,
367973,,,,,,,,,,,-61.950680,-17.377302,-39.627659,-1.216081,-0.279305,-0.125845,,,,,,,,,,,,
367978,,,,,,,,,,,-61.950680,-17.377302,-40.354633,-1.702785,-0.274195,-0.122545,,,,,,,,,,,,
367989,,,,,,,,,,,-61.950680,-17.377302,-41.810047,-1.962598,-0.263275,-0.123011,,,,,,,,,,,,
367993,,,,,,,,,,,-61.950680,-17.377302,-40.574718,-1.793559,-0.277766,-0.126260,,,,,,,,,,,,
367998,,,,,,,,,,,-61.950680,-17.377302,-40.628677,-2.230524,-0.279359,-0.123405,,,,,,,,,,,,
368003,,,,,,,,,,,-33.032459,14.386848,-40.677990,-2.629853,0.011081,0.199931,,,,,,,,,,,,
368008,,,,,,,,,,,-33.032459,14.386848,-40.131611,-2.403344,0.006327,0.199345,,,,,,,,,,,,
368013,,,,,,,,,,,-33.032459,14.386848,-39.040848,-1.013453,-0.003979,0.186986,,,,,,,,,,,,
368018,,,,,,,,,,,-33.032459,14.386848,-38.044029,-0.334720,-0.013446,0.181671,,,,,,,,,,,,
368023,,,,,,,,,,,-33.032459,14.386848,-37.133068,0.285555,-0.022146,0.176879,,,,,,,,,,,,
368028,,,,,,,,,,,-33.032459,14.386848,-36.892014,0.852405,-0.024171,0.172564,,,,,,,,,,,,
368033,,,,,,,,,,,-33.032459,14.386848,-36.080276,1.370432,-0.031983,0.168685,,,,,,,,,,,,
368038,,,,,,,,,,,-33.032459,14.386848,-34.747009,1.843841,-0.045144,0.165205,,,,,,,,,,,,
368049,,,,,,,,,,,-33.032459,14.386848,-35.894356,4.050810,-0.033385,0.144169,,,,,,,,,,,,
368050,,,,,,,,,,,-33.032459,14.386848,-33.394211,3.701913,-0.058350,0.148726,,,,,,,,,,,,
368053,,,,,,,,,,,-33.032459,14.386848,-31.109406,4.565956,-0.081390,0.141068,,,,,,,,,,,,
368058,,,,,,,,,,,-33.032459,14.386848,-30.204281,5.947024,-0.090724,0.128101,,,,,,,,,,,,
368063,,,,,,,,,,,-33.032459,14.386848,-28.785669,7.209140,-0.105335,0.116198,,,,,,,,,,,,
368068,,,,,,,,,,,-33.032459,14.386848,-27.489243,7.179660,-0.118854,0.117214,,,,,,,,,,,,
368073,,,,,,,,,,,-33.032459,14.386848,-27.487368,7.152719,-0.119427,0.118206,,,,,,,,,,,,
368078,,,,,,,,,,,-33.032459,14.386848,-28.077099,7.128099,-0.114025,0.119178,,,,,,,,,,,,
368083,,,,,,,,,,,-33.032459,14.386848,-28.024591,6.514154,-0.115051,0.126105,,,,,,,,,,,,
368088,,,,,,,,,,,-33.032459,14.386848,-27.385162,6.544534,-0.122010,0.126586,,,,,,,,,,,,
368093,,,,,,,,,,,-33.032459,14.386848,-27.392252,6.572297,-0.122503,0.127089,,,,,,,,,,,,
368098,,,,,,,,,,,-33.032459,14.386848,-26.807287,7.189113,-0.128975,0.121641,,,,,,,,,,,,
368103,,,,,,,,,,,38.522381,78.850502,-26.272705,7.161358,0.587707,0.773724,,,,,,,,,,,,
368108,,,,,,,,,,,38.522381,78.850502,-24.601276,8.318884,0.577305,0.769202,,,,,,,,,,,,
368113,,,,,,,,,,,38.522381,78.850502,-21.890919,11.742491,0.556242,0.741677,,,,,,,,,,,,
368118,,,,,,,,,,,38.522381,78.850502,-17.639669,16.645555,0.519346,0.698867,,,,,,,,,,,,
368129,,,,,,,,,,,38.522381,78.850502,,,,,,,,,,,,,,,,
368130,,,,,,,,,,,38.522381,78.850502,-4.951905,32.329735,0.401275,0.551089,,,,,,,,,,,,
368133,,,,,,,,,,,38.522381,78.850502,-1.568172,35.459618,0.371446,0.524129,,,,,,,,,,,,
368138,,,,,,,,,,,38.522381,78.850502,4.481343,43.051483,0.314355,0.451790,,,,,,,,,,,,
368143,,,,,,,,,,,38.522381,78.850502,8.826923,48.806568,0.273869,0.397244,,,,,,,,,,,,
368148,,,,,,,,,,,38.522381,78.850502,12.798218,53.474522,0.236729,0.353102,,,,,,,,,,,,
368153,,,,,,,,,,,38.522381,78.850502,15.836019,57.148979,0.208619,0.318528,,,,,,,,,,,,
368158,,,,,,,,,,,38.522381,78.850502,18.020729,60.506954,0.188822,0.286782,,,,,,,,,,,,
368163,,,,,,,,,,,38.522381,78.850502,19.425825,61.801373,0.176681,0.275543,,,,,,,,,,,,
368168,,,,,,,,,,,38.522381,78.850502,20.118454,62.984303,0.171595,0.265300,,,,,,,,,,,,
368173,,,,,,,,,,,38.522381,78.850502,19.568537,62.882454,0.178990,0.267916,,,,,,,,,,,,
368178,,,,,,,,,,,38.522381,78.850502,19.065985,62.197933,0.185961,0.276426,,,,,,,,,,,,
368190,,,,,,,,,,,38.522381,78.850502,17.544621,62.214668,0.205205,0.279000,,,,,,,,,,,,
368193,,,,,,,,,,,38.522381,78.850502,16.624943,59.221886,0.216591,0.310890,,,,,,,,,,,,
368198,,,,,,,,,,,38.522381,78.850502,15.193033,58.852650,0.233243,0.316582,,,,,,,,,,,,
368203,,,,,,,,,,,79.999992,79.999992,14.475899,57.923775,0.661743,0.339574,,,,,,,,,,,,
368208,,,,,,,,,,,79.999992,79.999992,14.411977,57.074902,0.668941,0.350355,,,,,,,,,,,,
368213,,,,,,,,,,,79.999992,79.999992,16.127895,56.299141,0.658169,0.360483,,,,,,,,,,,,
368218,,,,,,,,,,,79.999992,79.999992,19.470356,56.181644,0.630798,0.364039,,,,,,,,,,,,
368223,,,,,,,,,,,79.999992,79.999992,24.299263,56.074268,0.588078,0.367506,,,,,,,,,,,,
368228,,,,,,,,,,,79.999992,79.999992,28.712255,55.976139,0.549077,0.370889,,,,,,,,,,,,
368233,,,,,,,,,,,79.999992,79.999992,33.336601,55.886463,0.507500,0.374197,,,,,,,,,,,,
368238,,,,,,,,,,,79.999992,79.999992,38.154099,56.395954,0.463510,0.371463,,,,,,,,,,,,
368250,,,,,,,,,,,79.999992,79.999992,48.671249,59.041553,0.364210,0.348707,,,,,,,,,,,,
368253,,,,,,,,,,,79.999992,79.999992,48.027855,56.913517,0.373841,0.372296,,,,,,,,,,,,
368258,,,,,,,,,,,79.999992,79.999992,50.397099,56.743103,0.353109,0.376326,,,,,,,,,,,,
368263,,,,,,,,,,,79.999992,79.999992,52.562279,57.178810,0.334201,0.374251,,,,,,,,,,,,
368268,,,,,,,,,,,79.999992,79.999992,53.358082,56.985546,0.328907,0.378485,,,,,,,,,,,,
368273,,,,,,,,,,,79.999992,79.999992,54.085342,57.400372,0.324226,0.376597,,,,,,,,,,,,
368278,,,,,,,,,,,79.999992,79.999992,54.749966,57.779469,0.320105,0.375028,,,,,,,,,,,,
368283,,,,,,,,,,,79.999992,79.999992,55.357346,58.125916,0.316495,0.373751,,,,,,,,,,,,
368288,,,,,,,,,,,79.999992,79.999992,55.320965,57.851078,0.319327,0.378714,,,,,,,,,,,,
368293,,,,,,,,,,,79.999992,79.999992,54.696274,58.191357,0.328104,0.377492,,,,,,,,,,,,
368298,,,,,,,,,,,79.999992,79.999992,54.125385,58.502327,0.336401,0.376532,,,,,,,,,,,,
368310,,,,,,,,,,,79.999992,79.999992,54.442753,60.800705,0.337890,0.356880,,,,,,,,,,,,
368313,,,,,,,,,,,79.999992,79.999992,52.119366,58.521152,0.363912,0.381823,,,,,,,,,,,,
368318,,,,,,,,,,,79.999992,79.999992,51.770428,59.395161,0.370224,0.375144,,,,,,,,,,,,
368323,,,,,,,,,,,79.999992,79.999992,50.860100,59.602448,0.382242,0.375110,,,,,,,,,,,,
368328,,,,,,,,,,,79.999992,79.999992,50.619621,59.791882,0.387584,0.375237,,,,,,,,,,,,
368333,,,,,,,,,,,79.999992,79.999992,50.991302,60.556442,0.386768,0.369536,,,,,,,,,,,,
368338,,,,,,,,,,,79.999992,79.999992,51.330971,60.663708,0.386239,0.370397,,,,,,,,,,,,
368343,,,,,,,,,,,79.999992,79.999992,51.641384,61.944622,0.385970,0.359393,,,,,,,,,,,,
368348,,,,,,,,,,,79.999992,79.999992,51.925060,62.523769,0.385941,0.355349,,,,,,,,,,,,
368353,,,,,,,,,,,79.999992,79.999992,52.775749,63.053032,0.380157,0.351751,,,,,,,,,,,,
368358,,,,,,,,,,,79.999992,79.999992,52.961723,62.945267,0.381001,0.354534,,,,,,,,,,,,
368363,,,,,,,,,,,79.999992,79.999992,53.131680,63.438225,0.381988,0.351261,,,,,,,,,,,,
368368,,,,,,,,,,,79.999992,79.999992,53.286995,63.297283,0.383106,0.354341,,,,,,,,,,,,
368373,,,,,,,,,,,79.999992,79.999992,54.020378,63.759922,0.378370,0.351338,,,,,,,,,,,,
368378,,,,,,,,,,,79.999992,79.999992,54.099152,64.182716,0.380173,0.348692,,,,,,,,,,,,
368390,,,,,,,,,,,79.999992,79.999992,56.531918,66.574791,0.360006,0.326829,,,,,,,,,,,,
368393,,,,,,,,,,,79.999992,79.999992,54.620037,64.389359,0.381663,0.350244,,,,,,,,,,,,
368398,,,,,,,,,,,79.999992,79.999992,55.238605,64.757942,0.377953,0.348083,,,,,,,,,,,,
368403,,,,,,,,,,,79.999992,79.999992,55.803898,65.094772,0.374720,0.346205,,,,,,,,,,,,
368408,,,,,,,,,,,79.999992,79.999992,56.320499,65.402596,0.371922,0.344586,,,,,,,,,,,,
368413,,,,,,,,,,,79.999992,79.999992,56.792606,66.275352,0.369521,0.337231,,,,,,,,,,,,
368418,,,,,,,,,,,79.999992,79.999992,57.224052,65.890045,0.367485,0.342495,,,,,,,,,,,,
368423,,,,,,,,,,,79.999992,79.999992,57.618336,66.720818,0.365780,0.335516,,,,,,,,,,,,
368428,,,,,,,,,,,79.999992,79.999992,57.978661,66.888588,0.364379,0.335149,,,,,,,,,,,,
368433,,,,,,,,,,,79.999992,79.999992,58.307949,67.041908,0.363255,0.334912,,,,,,,,,,,,
368438,,,,,,,,,,,79.999992,79.999992,58.017433,67.182022,0.368358,0.334792,,,,,,,,,,,,
368450,,,,,,,,,,,79.999992,79.999992,60.936249,70.160698,0.342473,0.306312,,,,,,,,,,,,
368453,,,,,,,,,,,79.999992,79.999992,58.053577,67.074966,0.373495,0.338462,,,,,,,,,,,,
368458,,,,,,,,,,,79.999992,79.999992,57.784969,67.212234,0.378402,0.338368,,,,,,,,,,,,
368463,,,,,,,,,,,79.999992,79.999992,58.130943,67.337677,0.377130,0.338380,,,,,,,,,,,,
368468,,,,,,,,,,,79.999992,79.999992,58.447117,68.043762,0.376123,0.332515,,,,,,,,,,,,
368473,,,,,,,,,,,79.999992,79.999992,58.736057,68.097588,0.375360,0.333167,,,,,,,,,,,,
368478,,,,,,,,,,,79.999992,79.999992,59.000114,68.738220,0.374820,0.327886,,,,,,,,,,,,
368483,,,,,,,,,,,79.999992,79.999992,59.241425,68.732231,0.374482,0.329073,,,,,,,,,,,,
368488,,,,,,,,,,,79.999992,79.999992,59.461952,69.318207,0.374331,0.324281,,,,,,,,,,,,
368493,,,,,,,,,,,79.999992,79.999992,59.663486,69.262260,0.374349,0.325915,,,,,,,,,,,,
368498,,,,,,,,,,,79.999992,79.999992,60.439106,69.802582,0.368549,0.321531,,,,,,,,,,,,
368510,,,,,,,,,,,79.999992,79.999992,62.367283,71.859711,0.352206,0.301975,,,,,,,,,,,,
368513,,,,,,,,,,,79.999992,79.999992,60.544247,69.219086,0.372382,0.329460,,,,,,,,,,,,
368518,,,,,,,,,,,79.999992,79.999992,60.652561,69.171677,0.373234,0.331017,,,,,,,,,,,,
368523,,,,,,,,,,,79.999992,79.999992,61.342991,69.719803,0.368195,0.326563,,,,,,,,,,,,
368528,,,,,,,,,,,79.999992,79.999992,61.382511,69.629272,0.369662,0.328506,,,,,,,,,,,,
368533,,,,,,,,,,,79.999992,79.999992,61.418629,70.137985,0.371158,0.324405,,,,,,,,,,,,
368538,,,,,,,,,,,79.999992,79.999992,62.043079,70.602882,0.366710,0.320696,,,,,,,,,,,,
368543,,,,,,,,,,,79.999992,79.999992,62.022301,70.436287,0.368715,0.323318,,,,,,,,,,,,
368548,,,,,,,,,,,79.999992,79.999992,62.594757,70.875488,0.364731,0.319838,,,,,,,,,,,,
368553,,,,,,,,,,,79.999992,79.999992,62.526463,71.276863,0.367161,0.316697,,,,,,,,,,,,
368558,,,,,,,,,,,79.999992,79.999992,63.055492,71.643669,0.363566,0.313865,,,,,,,,,,,,
368563,,,,,,,,,,,79.999992,79.999992,63.538960,71.387436,0.360377,0.317288,,,,,,,,,,,,
368568,,,,,,,,,,,79.999992,79.999992,63.980785,71.744713,0.357561,0.314541,,,,,,,,,,,,
368573,,,,,,,,,,,79.999992,79.999992,64.384560,72.071220,0.355084,0.312069,,,,,,,,,,,,
368578,,,,,,,,,,,79.999992,79.999992,64.753555,72.369606,0.352919,0.309848,,,,,,,,,,,,
368589,,,,,,,,,,,79.999992,79.999992,66.561974,73.952644,0.336960,0.294530,,,,,,,,,,,,
368593,,,,,,,,,,,79.999992,79.999992,64.377647,71.723206,0.360366,0.317652,,,,,,,,,,,,
368598,,,,,,,,,,,79.999992,79.999992,64.747238,72.051567,0.358195,0.315163,,,,,,,,,,,,
368603,,,,,,,,,,,79.999992,79.999992,65.084991,72.351646,0.356309,0.312927,,,,,,,,,,,,
368608,,,,,,,,,,,79.999992,79.999992,65.985100,72.034431,0.348709,0.316896,,,,,,,,,,,,
368613,,,,,,,,,,,79.999992,79.999992,66.216240,72.335983,0.347776,0.314647,,,,,,,,,,,,
368618,,,,,,,,,,,79.999992,79.999992,66.427467,72.611565,0.347021,0.312630,,,,,,,,,,,,
368623,,,,,,,,,,,79.999992,79.999992,66.620506,72.863411,0.346429,0.310825,,,,,,,,,,,,
368628,,,,,,,,,,,79.999992,79.999992,67.388359,73.685013,0.340011,0.303241,,,,,,,,,,,,
368633,,,,,,,,,,,79.999992,79.999992,67.498634,73.252953,0.340159,0.308236,,,,,,,,,,,,
368638,,,,,,,,,,,79.999992,79.999992,68.190857,73.449554,0.334417,0.306925,,,,,,,,,,,,
368650,,,,,,,,,,,79.999992,79.999992,70.513664,75.986526,0.312487,0.281707,,,,,,,,,,,,
368653,,,,,,,,,,,79.999992,79.999992,67.988976,72.990463,0.338935,0.312368,,,,,,,,,,,,
368658,,,,,,,,,,,79.999992,79.999992,68.047523,73.209671,0.339545,0.310855,,,,,,,,,,,,
368663,,,,,,,,,,,79.999992,79.999992,68.692467,74.001442,0.334226,0.303537,,,,,,,,,,,,
368668,,,,,,,,,,,79.999992,79.999992,68.690422,74.133575,0.335377,0.302803,,,,,,,,,,,,
368673,,,,,,,,,,,79.999992,79.999992,69.279999,74.254326,0.330554,0.302170,,,,,,,,,,,,
368678,,,,,,,,,,,79.999992,79.999992,69.818794,74.364677,0.326184,0.301630,,,,,,,,,,,,
368683,,,,,,,,,,,79.999992,79.999992,69.719734,74.465523,0.328202,0.301175,,,,,,,,,,,,
368688,,,,,,,,,,,79.999992,79.999992,70.220650,74.557686,0.324171,0.300797,,,,,,,,,,,,
368693,,,,,,,,,,,79.999992,79.999992,70.086983,74.641907,0.326499,0.300491,,,,,,,,,,,,
368698,,,,,,,,,,,79.999992,79.999992,70.556267,74.718880,0.322751,0.300249,,,,,,,,,,,,
368710,,,,,,,,,,,79.999992,79.999992,73.570175,77.587112,0.293269,0.271383,,,,,,,,,,,,
368713,,,,,,,,,,,79.827965,73.792732,70.782227,74.453186,0.320333,0.240584,,,,,,,,,,,,
368718,,,,,,,,,,,79.827965,73.792732,70.600189,74.546410,0.323076,0.239576,,,,,,,,,,,,
368723,,,,,,,,,,,79.827965,73.792732,71.025276,74.040161,0.319705,0.244614,,,,,,,,,,,,
368728,,,,,,,,,,,79.827965,73.792732,71.413750,74.168961,0.316662,0.243288,,,,,,,,,,,,
368733,,,,,,,,,,,79.827965,73.792732,71.768761,73.695221,0.313918,0.248035,,,,,,,,,,,,
368738,,,,,,,,,,,79.827965,73.792732,71.501755,73.853729,0.317420,0.246444,,,,,,,,,,,,
368743,,,,,,,,,,,79.827965,73.792732,72.440636,73.998589,0.308770,0.244975,,,,,,,,,,,,
368748,,,,,,,,,,,79.827965,73.792732,72.707199,73.539520,0.306817,0.249591,,,,,,,,,,,,
368753,,,,,,,,,,,79.827965,73.792732,72.359360,73.711441,0.311042,0.247880,,,,,,,,,,,,
368758,,,,,,,,,,,79.827965,73.792732,72.632927,73.277107,0.309026,0.252275,,,,,,,,,,,,
368770,,,,,,,,,,,79.827965,73.792732,75.304512,75.301994,0.282570,0.231079,,,,,,,,,,,,
368773,,,,,,,,,,,79.827965,73.792732,72.367188,71.773445,0.312689,0.266566,,,,,,,,,,,,
368778,,,,,,,,,,,79.827965,73.792732,72.640083,72.097473,0.310679,0.263496,,,,,,,,,,,,
368783,,,,,,,,,,,79.827965,73.792732,72.889473,71.802155,0.308879,0.266648,,,,,,,,,,,,
368788,,,,,,,,,,,79.827965,73.792732,73.117378,71.532272,0.307271,0.269573,,,,,,,,,,,,
368793,,,,,,,,,,,79.827965,73.792732,73.325653,71.877075,0.305838,0.266316,,,,,,,,,,,,
368798,,,,,,,,,,,79.827965,73.792732,73.515991,71.600739,0.304566,0.269299,,,,,,,,,,,,
368803,,,,,,,,,,,71.891975,71.531754,73.689934,71.939644,0.223287,0.243259,,,,,,,,,,,,
368808,,,,,,,,,,,71.891975,71.531754,73.257454,71.657913,0.227475,0.246064,,,,,,,,,,,,
368813,,,,,,,,,,,71.891975,71.531754,72.862221,71.400452,0.231330,0.248652,,,,,,,,,,,,
368818,,,,,,,,,,,71.891975,71.531754,72.501030,71.165161,0.234881,0.251041,,,,,,,,,,,,
368823,,,,,,,,,,,71.891975,71.531754,72.170952,70.358696,0.238154,0.259223,,,,,,,,,,,,
368828,,,,,,,,,,,71.891975,71.531754,72.460747,70.213135,0.235200,0.260811,,,,,,,,,,,,
368833,,,,,,,,,,,71.891975,71.531754,72.134140,70.080109,0.238441,0.262286,,,,,,,,,,,,
368838,,,,,,,,,,,71.891975,71.531754,71.835663,69.958542,0.241432,0.263659,,,,,,,,,,,,
368849,,,,,,,,,,,71.891975,71.531754,,,,,,,,,,,,,,,,
368850,,,,,,,,,,,71.891975,71.531754,72.966217,71.398529,0.229224,0.248613,,,,,,,,,,,,
368853,,,,,,,,,,,71.891975,71.531754,70.230293,69.389076,0.256749,0.268922,,,,,,,,,,,,
368858,,,,,,,,,,,71.891975,71.531754,70.095795,69.327026,0.258274,0.269763,,,,,,,,,,,,
368863,,,,,,,,,,,71.891975,71.531754,69.972878,69.270325,0.259695,0.270556,,,,,,,,,,,,
368868,,,,,,,,,,,71.891975,71.531754,69.269104,69.218506,0.266995,0.271305,,,,,,,,,,,,
368873,,,,,,,,,,,71.891975,71.531754,69.217392,69.762596,0.267779,0.266041,,,,,,,,,,,,
368878,,,,,,,,,,,71.891975,71.531754,69.170135,69.668381,0.268524,0.267170,,,,,,,,,,,,
368883,,,,,,,,,,,71.891975,71.531754,69.126945,70.173721,0.269233,0.262252,,,,,,,,,,,,
368888,,,,,,,,,,,71.891975,71.531754,69.087479,70.044090,0.269908,0.263697,,,,,,,,,,,,
368893,,,,,,,,,,,71.891975,71.531754,69.051407,70.517075,0.270552,0.259069,,,,,,,,,,,,
368898,,,,,,,,,,,71.891975,71.531754,69.018440,70.357872,0.271169,0.260778,,,,,,,,,,,,
368910,,,,,,,,,,,71.891975,71.531754,70.072884,72.323471,0.260328,0.240347,,,,,,,,,,,,
368913,,,,,,,,,,,65.443710,68.399361,67.586159,69.642906,0.220499,0.235705,,,,,,,,,,,,
368918,,,,,,,,,,,65.443710,68.399361,67.679398,69.558998,0.219343,0.236428,,,,,,,,,,,,
368923,,,,,,,,,,,65.443710,68.399361,67.173164,68.890869,0.224232,0.243060,,,,,,,,,,,,
368928,,,,,,,,,,,65.443710,68.399361,66.710533,68.871735,0.228732,0.243204,,,,,,,,,,,,
368933,,,,,,,,,,,65.443710,68.399361,66.879189,68.854248,0.226902,0.243333,,,,,,,,,,,,
368938,,,,,,,,,,,65.443710,68.399361,66.441872,68.838264,0.231175,0.243449,,,,,,,,,,,,
368943,,,,,,,,,,,65.443710,68.399361,66.042221,68.823662,0.235112,0.243553,,,,,,,,,,,,
368948,,,,,,,,,,,65.443710,68.399361,66.268440,68.810318,0.232767,0.243645,,,,,,,,,,,,
368953,,,,,,,,,,,65.443710,68.399361,65.883728,68.798119,0.236570,0.243727,,,,,,,,,,,,
368958,,,,,,,,,,,65.443710,68.399361,65.532150,68.786972,0.240077,0.243800,,,,,,,,,,,,
368970,,,,,,,,,,,65.443710,68.399361,66.620781,70.420074,0.228328,0.226401,,,,,,,,,,,,
368973,,,,,,,,,,,65.443710,68.399361,63.839943,67.903450,0.256296,0.251617,,,,,,,,,,,,
368978,,,,,,,,,,,65.443710,68.399361,63.664398,67.377914,0.258230,0.256974,,,,,,,,,,,,
368983,,,,,,,,,,,65.443710,68.399361,63.503975,67.489090,0.260028,0.255954,,,,,,,,,,,,
368988,,,,,,,,,,,65.443710,68.399361,63.357368,68.182137,0.261703,0.249045,,,,,,,,,,,,
368993,,,,,,,,,,,65.443710,68.399361,63.814835,68.224045,0.257291,0.248643,,,,,,,,,,,,
368998,,,,,,,,,,,65.443710,68.399361,63.641453,68.262344,0.259205,0.248274,,,,,,,,,,,,
369003,,,,,,,,,,,51.641613,53.779602,63.483006,68.297340,0.121584,0.100275,,,,,,,,,,,,
369008,,,,,,,,,,,51.641613,53.779602,63.338203,67.737877,0.121863,0.104474,,,,,,,,,,,,
369013,,,,,,,,,,,51.641613,53.779602,62.614429,66.635162,0.128003,0.114215,,,,,,,,,,,,
369018,,,,,,,,,,,51.641613,53.779602,61.952995,65.627419,0.133586,0.123108,,,,,,,,,,,,
369023,,,,,,,,,,,51.641613,53.779602,61.348530,64.706474,0.138660,0.131225,,,,,,,,,,,,
369028,,,,,,,,,,,51.641613,53.779602,60.796127,63.864853,0.143269,0.138632,,,,,,,,,,,,
369033,,,,,,,,,,,51.641613,53.779602,59.699860,63.095718,0.153426,0.145392,,,,,,,,,,,,
369038,,,,,,,,,,,51.641613,53.779602,59.289459,62.392830,0.156765,0.151560,,,,,,,,,,,,
369049,,,,,,,,,,,51.641613,53.779602,64.828857,67.073486,0.100052,0.103424,,,,,,,,,,,,
369050,,,,,,,,,,,51.641613,53.779602,59.245136,61.887878,0.155129,0.154469,,,,,,,,,,,,
369053,,,,,,,,,,,51.641613,53.779602,56.508121,58.923241,0.182012,0.183601,,,,,,,,,,,,
369058,,,,,,,,,,,51.641613,53.779602,56.372623,58.579727,0.182894,0.186556,,,,,,,,,,,,
369063,,,,,,,,,,,51.641613,53.779602,55.065907,57.674358,0.195619,0.195220,,,,,,,,,,,,
369068,,,,,,,,,,,51.641613,53.779602,55.054626,57.438412,0.195391,0.197214,,,,,,,,,,,,
369073,,,,,,,,,,,51.641613,53.779602,54.452873,57.222790,0.201127,0.199026,,,,,,,,,,,,
369078,,,,,,,,,,,51.641613,53.779602,54.494396,56.434292,0.200427,0.206645,,,,,,,,,,,,
369083,,,,,,,,,,,51.641613,53.779602,54.532341,56.305153,0.199758,0.207684,,,,,,,,,,,,
369088,,,,,,,,,,,51.641613,53.779602,54.567017,56.187138,0.199119,0.208624,,,,,,,,,,,,
369093,,,,,,,,,,,51.641613,53.779602,54.007263,56.079288,0.204480,0.209472,,,,,,,,,,,,
369098,,,,,,,,,,,51.641613,53.779602,54.087166,55.980728,0.203436,0.210238,,,,,,,,,,,,
369120,,,,,,,,,,,51.641613,53.779602,68.946304,72.451111,0.053114,0.043667,,,,,,,,,,,,
369121,,,,,,,,,,,51.641613,53.779602,53.115540,55.790497,0.209431,0.208042,,,,,,,,,,,,
369123,,,,,,,,,,,47.448696,51.075989,50.315022,52.759586,0.195220,0.211147,,,,,,,,,,,,
369128,,,,,,,,,,,47.448696,51.075989,50.121494,52.946953,0.196888,0.209086,,,,,,,,,,,,
369133,,,,,,,,,,,47.448696,51.075989,49.944633,53.118179,0.198407,0.207170,,,,,,,,,,,,
369138,,,,,,,,,,,47.448696,51.075989,49.783005,53.274658,0.199790,0.205385,,,,,,,,,,,,
369143,,,,,,,,,,,47.448696,51.075989,50.226742,53.417660,0.195075,0.203721,,,,,,,,,,,,
369148,,,,,,,,,,,47.448696,51.075989,50.040817,52.956902,0.196675,0.208140,,,,,,,,,,,,
369153,,,,,,,,,,,47.448696,51.075989,49.870907,53.127274,0.198132,0.206232,,,,,,,,,,,,
369158,,,,,,,,,,,47.448696,51.075989,49.715630,53.282970,0.199458,0.204454,,,,,,,,,,,,
369170,,,,,,,,,,,47.448696,51.075989,50.708965,54.769268,0.188394,0.188336,,,,,,,,,,,,
369173,,,,,,,,,,,47.448696,51.075989,48.707172,52.417759,0.208287,0.211717,,,,,,,,,,,,
369178,,,,,,,,,,,47.448696,51.075989,48.652126,52.634567,0.208717,0.209393,,,,,,,,,,,,
369183,,,,,,,,,,,47.448696,51.075989,48.601822,52.832699,0.209104,0.207236,,,,,,,,,,,,
369188,,,,,,,,,,,47.448696,51.075989,48.555851,52.422321,0.209453,0.211205,,,,,,,,,,,,
369193,,,,,,,,,,,47.448696,51.075989,47.922394,52.638737,0.215741,0.208885,,,,,,,,,,,,
369198,,,,,,,,,,,47.448696,51.075989,47.934940,52.245064,0.215567,0.212705,,,,,,,,,,,,
369203,,,,,,,,,,,45.184235,49.990036,47.354965,52.476746,0.198505,0.199280,,,,,,,,,,,,
369208,,,,,,,,,,,45.184235,49.990036,46.824944,52.097027,0.203641,0.202866,,,,,,,,,,,,
369213,,,,,,,,,,,45.184235,49.990036,46.932014,52.341457,0.202395,0.200187,,,,,,,,,,,,
369218,,,,,,,,,,,45.184235,49.990036,46.438419,51.973392,0.207206,0.203669,,,,,,,,,,,,
369230,,,,,,,,,,,45.184235,49.990036,47.431477,53.675564,0.196379,0.185404,,,,,,,,,,,,
369233,,,,,,,,,,,45.184235,49.990036,45.711975,51.418255,0.213521,0.207835,,,,,,,,,,,,
369238,,,,,,,,,,,45.184235,49.990036,45.323463,51.721149,0.217392,0.204633,,,,,,,,,,,,
369243,,,,,,,,,,,45.184235,49.990036,45.559856,51.406509,0.214991,0.207637,,,,,,,,,,,,
369248,,,,,,,,,,,45.184235,49.990036,45.184444,51.710415,0.218745,0.204426,,,,,,,,,,,,
369253,,,,,,,,,,,45.184235,49.990036,45.432812,51.396702,0.216236,0.207423,,,,,,,,,,,,
369258,,,,,,,,,,,45.184235,49.990036,45.659790,51.701454,0.213919,0.204204,,,,,,,,,,,,
369263,,,,,,,,,,,45.184235,49.990036,45.275772,51.388512,0.217750,0.207194,,,,,,,,,,,,
369268,,,,,,,,,,,45.184235,49.990036,45.516273,51.693966,0.215312,0.203969,,,,,,,,,,,,
369273,,,,,,,,,,,45.184235,49.990036,45.736061,51.381668,0.213059,0.206952,,,,,,,,,,,,
369278,,,,,,,,,,,45.184235,49.990036,45.345474,51.687714,0.216948,0.203722,,,,,,,,,,,,
369283,,,,,,,,,,,45.184235,49.990036,45.579975,51.375954,0.214564,0.206701,,,,,,,,,,,,
369288,,,,,,,,,,,45.184235,49.990036,45.202831,51.682491,0.218333,0.203467,,,,,,,,,,,,
369293,,,,,,,,,,,45.184235,49.990036,45.449615,51.371181,0.215839,0.206442,,,,,,,,,,,,
369298,,,,,,,,,,,45.184235,49.990036,45.083698,51.086685,0.219508,0.209177,,,,,,,,,,,,
369309,,,,,,,,,,,45.184235,49.990036,50.663746,57.332588,0.163160,0.145984,,,,,,,,,,,,
369310,,,,,,,,,,,45.184235,49.990036,46.300068,52.394520,0.206685,0.195124,,,,,,,,,,,,
369313,,,,,,,,,,,42.257294,47.703384,44.678013,50.838993,0.193394,0.187499,,,,,,,,,,,,
369318,,,,,,,,,,,42.257294,47.703384,44.378555,50.600334,0.196177,0.189596,,,,,,,,,,,,
369323,,,,,,,,,,,42.257294,47.703384,44.696335,50.382233,0.192755,0.191509,,,,,,,,,,,,
369328,,,,,,,,,,,42.257294,47.703384,44.395298,50.774361,0.195551,0.187281,,,,,,,,,,,,
369333,,,,,,,,,,,42.257294,47.703384,44.120190,50.541267,0.198116,0.189328,,,,,,,,,,,,
369338,,,,,,,,,,,42.257294,47.703384,44.460224,50.328251,0.194496,0.191196,,,,,,,,,,,,
369343,,,,,,,,,,,42.257294,47.703384,44.179523,50.133583,0.197110,0.192899,,,,,,,,,,,,
369348,,,,,,,,,,,42.257294,47.703384,43.923000,49.955681,0.199509,0.194453,,,,,,,,,,,,
369353,,,,,,,,,,,42.257294,47.703384,43.688572,50.384548,0.201710,0.189896,,,,,,,,,,,,
369358,,,,,,,,,,,42.257294,47.703384,44.065781,50.185032,0.197757,0.191643,,,,,,,,,,,,
369370,,,,,,,,,,,42.257294,47.703384,44.909443,51.692436,0.188367,0.175349,,,,,,,,,,,,
369373,,,,,,,,,,,42.257294,47.703384,43.407162,49.605934,0.203275,0.196024,,,,,,,,,,,,
369378,,,,,,,,,,,42.257294,47.703384,43.217163,49.473480,0.205079,0.197171,,,,,,,,,,,,
369383,,,,,,,,,,,42.257294,47.703384,43.043530,49.352432,0.206736,0.198217,,,,,,,,,,,,
369388,,,,,,,,,,,42.257294,47.703384,42.884850,49.241810,0.208260,0.199169,,,,,,,,,,,,
369393,,,,,,,,,,,42.257294,47.703384,43.331284,49.732162,0.203689,0.194063,,,,,,,,,,,,
369398,,,,,,,,,,,42.257294,47.703384,43.739265,49.588837,0.199461,0.195307,,,,,,,,,,,,
369403,,,,,,,,,,,42.424988,49.322941,43.520664,49.457855,0.203214,0.212799,,,,,,,,,,,,
369408,,,,,,,,,,,42.424988,49.322941,43.912334,49.929600,0.199149,0.208021,,,,,,,,,,,,
369413,,,,,,,,,,,42.424988,49.322941,43.678825,49.769268,0.201358,0.209580,,,,,,,,,,,,
369418,,,,,,,,,,,42.424988,49.322941,44.056873,50.214191,0.197415,0.205041,,,,,,,,,,,,
369430,,,,,,,,,,,42.424988,49.322941,44.902004,51.716789,0.188045,0.189114,,,,,,,,,,,,
369433,,,,,,,,,,,42.424988,49.322941,42.808922,49.036747,0.208937,0.215943,,,,,,,,,,,,
369438,,,,,,,,,,,42.424988,49.322941,42.670448,49.544762,0.210297,0.210841,,,,,,,,,,,,
369443,,,,,,,,,,,42.424988,49.322941,43.135349,49.417576,0.205577,0.212103,,,,,,,,,,,,
369448,,,,,,,,,,,42.424988,49.322941,42.377316,49.301342,0.213162,0.213268,,,,,,,,,,,,
369453,,,,,,,,,,,42.424988,49.322941,42.867462,49.195122,0.208217,0.214343,,,,,,,,,,,,
369458,,,,,,,,,,,42.424988,49.322941,42.723949,49.689495,0.209622,0.209362,,,,,,,,,,,,
369463,,,,,,,,,,,42.424988,49.322941,42.592796,49.549843,0.210917,0.210736,,,,,,,,,,,,
369468,,,,,,,,,,,42.424988,49.322941,42.472939,50.013664,0.212111,0.206029,,,,,,,,,,,,
369473,,,,,,,,,,,42.424988,49.322941,42.363403,49.846092,0.213212,0.207652,,,,,,,,,,,,
369478,,,,,,,,,,,42.424988,49.322941,42.263306,50.284397,0.214229,0.203173,,,,,,,,,,,,
369483,,,,,,,,,,,42.424988,49.322941,42.171829,50.093506,0.215169,0.205005,,,,,,,,,,,,
369488,,,,,,,,,,,42.424988,49.322941,42.088230,49.919056,0.216039,0.206690,,,,,,,,,,,,
369493,,,,,,,,,,,42.424988,49.322941,42.603275,49.759632,0.210871,0.208240,,,,,,,,,,,,
369498,,,,,,,,,,,42.424988,49.322941,42.482517,50.205383,0.212073,0.203695,,,,,,,,,,,,
369510,,,,,,,,,,,42.424988,49.322941,43.638111,51.117989,0.199927,0.193728,,,,,,,,,,,,
369513,,,,,,,,,,,44.576759,52.819508,41.653885,49.080967,0.241580,0.249437,,,,,,,,,,,,
369518,,,,,,,,,,,44.576759,52.819508,42.206341,49.585171,0.236292,0.244719,,,,,,,,,,,,
369523,,,,,,,,,,,44.576759,52.819508,42.119770,49.454502,0.237404,0.246362,,,,,,,,,,,,
369528,,,,,,,,,,,44.576759,52.819508,42.040653,49.926537,0.238448,0.241931,,,,,,,,,,,,
369533,,,,,,,,,,,44.576759,52.819508,42.559795,49.766468,0.233459,0.243837,,,,,,,,,,,,
369538,,,,,,,,,,,44.576759,52.819508,42.442780,50.211632,0.234842,0.239646,,,,,,,,,,,,
369543,,,,,,,,,,,44.576759,52.819508,42.927288,50.618454,0.230162,0.235798,,,,,,,,,,,,
369548,,,,,,,,,,,44.576759,52.819508,42.778622,50.398788,0.231829,0.238237,,,,,,,,,,,,
369553,,,,,,,,,,,44.576759,52.819508,42.642761,50.789490,0.233381,0.234533,,,,,,,,,,,,
369558,,,,,,,,,,,44.576759,52.819508,42.518600,51.146538,0.234828,0.231130,,,,,,,,,,,,
369569,,,,,,,,,,,44.576759,52.819508,47.728138,56.795837,0.182417,0.174239,,,,,,,,,,,,
369570,,,,,,,,,,,44.576759,52.819508,43.617302,51.903999,0.223622,0.223249,,,,,,,,,,,,
369573,,,,,,,,,,,44.576759,52.819508,42.226315,50.390720,0.237767,0.238625,,,,,,,,,,,,
369578,,,,,,,,,,,44.576759,52.819508,42.138023,50.782116,0.238893,0.234914,,,,,,,,,,,,
369583,,,,,,,,,,,44.576759,52.819508,42.648781,51.139801,0.233979,0.231505,,,,,,,,,,,,
369588,,,,,,,,,,,44.576759,52.819508,42.524101,51.466679,0.235431,0.228372,,,,,,,,,,,,
369593,,,,,,,,,,,44.576759,52.819508,43.001606,51.765404,0.230813,0.225490,,,,,,,,,,,,
369598,,,,,,,,,,,44.576759,52.819508,42.846539,52.038399,0.232537,0.222838,,,,,,,,,,,,
369603,,,,,,,,,,,47.389488,55.814827,42.704826,52.287880,0.262550,0.250649,,,,,,,,,,,,
369608,,,,,,,,,,,47.389488,55.814827,43.166763,52.515873,0.258353,0.248699,,,,,,,,,,,,
369613,,,,,,,,,,,47.389488,55.814827,43.588917,52.724228,0.254511,0.246925,,,,,,,,,,,,
369618,,,,,,,,,,,47.389488,55.814827,43.383263,52.914639,0.256968,0.245311,,,,,,,,,,,,
369629,,,,,,,,,,,47.389488,55.814827,44.339432,53.921150,0.247599,0.235116,,,,,,,,,,,,
369633,,,,,,,,,,,47.389488,55.814827,43.477692,52.825581,0.256607,0.246371,,,,,,,,,,,,
369638,,,,,,,,,,,47.389488,55.814827,43.281620,53.007263,0.258979,0.244835,,,,,,,,,,,,
369643,,,,,,,,,,,47.389488,55.814827,43.693878,53.173294,0.255226,0.243439,,,,,,,,,,,,
369648,,,,,,,,,,,47.389488,55.814827,44.070629,53.325027,0.251790,0.242170,,,,,,,,,,,,
369653,,,,,,,,,,,47.389488,55.814827,44.414932,53.463692,0.248645,0.241019,,,,,,,,,,,,
369658,,,,,,,,,,,47.389488,55.814827,44.729580,53.590412,0.245764,0.239974,,,,,,,,,,,,
369663,,,,,,,,,,,47.389488,55.814827,44.425682,53.706219,0.249100,0.239027,,,,,,,,,,,,
369668,,,,,,,,,,,47.389488,55.814827,44.739403,54.403496,0.246227,0.232195,,,,,,,,,,,,
369673,,,,,,,,,,,47.389488,55.814827,45.026104,54.449272,0.243597,0.231874,,,,,,,,,,,,
369678,,,,,,,,,,,47.389488,55.814827,45.288109,54.491104,0.241187,0.231588,,,,,,,,,,,,
369690,,,,,,,,,,,47.389488,55.814827,47.011288,56.318752,0.223587,0.212680,,,,,,,,,,,,
369693,,,,,,,,,,,47.389488,55.814827,45.327976,53.833786,0.240627,0.237728,,,,,,,,,,,,
369698,,,,,,,,,,,47.389488,55.814827,44.972538,53.928631,0.244423,0.236968,,,,,,,,,,,,
369703,,,,,,,,,,,49.569187,58.480045,45.239159,54.606750,0.263987,0.257226,,,,,,,,,,,,
369708,,,,,,,,,,,49.569187,58.480045,45.482815,54.635017,0.261959,0.257328,,,,,,,,,,,,
369713,,,,,,,,,,,49.569187,58.480045,45.705486,55.252296,0.260118,0.251478,,,,,,,,,,,,
369718,,,,,,,,,,,49.569187,58.480045,45.908978,55.224964,0.258449,0.252077,,,,,,,,,,,,
369723,,,,,,,,,,,49.569187,58.480045,46.094940,55.199986,0.256937,0.252654,,,,,,,,,,,,
369728,,,,,,,,,,,49.569187,58.480045,46.264889,55.768604,0.255568,0.247239,,,,,,,,,,,,
369733,,,,,,,,,,,49.569187,58.480045,46.420197,56.288246,0.254330,0.242262,,,,,,,,,,,,
369738,,,,,,,,,,,49.569187,58.480045,46.562130,56.171688,0.253211,0.243659,,,,,,,,,,,,
369743,,,,,,,,,,,49.569187,58.480045,47.283283,56.065166,0.246228,0.244965,,,,,,,,,,,,
369748,,,,,,,,,,,49.569187,58.480045,47.350880,56.559265,0.245774,0.240216,,,,,,,,,,,,
369753,,,,,,,,,,,49.569187,58.480045,47.412651,56.419365,0.245372,0.241821,,,,,,,,,,,,
369758,,,,,,,,,,,49.569187,58.480045,47.469105,56.882957,0.245018,0.237345,,,,,,,,,,,,
369770,,,,,,,,,,,49.569187,58.480045,48.292263,58.316330,0.236586,0.222495,,,,,,,,,,,,
369773,,,,,,,,,,,49.569187,58.480045,47.090065,56.250755,0.248856,0.243373,,,,,,,,,,,,
369778,,,,,,,,,,,49.569187,58.480045,47.174301,56.728870,0.248253,0.238767,,,,,,,,,,,,
369783,,,,,,,,,,,49.569187,58.480045,47.251282,56.574360,0.247715,0.240503,,,,,,,,,,,,
369788,,,,,,,,,,,49.569187,58.480045,47.321632,57.024601,0.247237,0.236146,,,,,,,,,,,,
369793,,,,,,,,,,,49.569187,58.480045,47.385925,56.844620,0.246812,0.238109,,,,,,,,,,,,
369798,,,,,,,,,,,49.569187,58.480045,48.036125,57.271584,0.240463,0.233961,,,,,,,,,,,,
369803,,,,,,,,,,,50.222630,59.850864,48.038879,57.070328,0.247189,0.249959,,,,,,,,,,,,
369808,,,,,,,,,,,50.222630,59.850864,48.041393,57.477852,0.247382,0.246122,,,,,,,,,,,,
369813,,,,,,,,,,,50.222630,59.850864,48.635136,57.850277,0.241603,0.242597,,,,,,,,,,,,
369818,,,,,,,,,,,50.222630,59.850864,48.586296,57.599178,0.242255,0.245334,,,,,,,,,,,,
369830,,,,,,,,,,,50.222630,59.850864,50.357243,59.454994,0.224109,0.226294,,,,,,,,,,,,
369833,,,,,,,,,,,50.222630,59.850864,48.385742,57.291348,0.244007,0.248187,,,,,,,,,,,,
369838,,,,,,,,,,,50.222630,59.850864,48.358383,57.679836,0.244467,0.244519,,,,,,,,,,,,
369843,,,,,,,,,,,50.222630,59.850864,48.333378,58.034863,0.244906,0.241150,,,,,,,,,,,,
369848,,,,,,,,,,,50.222630,59.850864,48.310528,57.767868,0.245326,0.244028,,,,,,,,,,,,
369853,,,,,,,,,,,50.222630,59.850864,48.289646,58.115314,0.245728,0.240728,,,,,,,,,,,,
369858,,,,,,,,,,,50.222630,59.850864,48.862007,58.432835,0.240141,0.237694,,,,,,,,,,,,
369863,,,,,,,,,,,50.222630,59.850864,48.793625,58.131561,0.240967,0.240879,,,,,,,,,,,,
369868,,,,,,,,,,,50.222630,59.850864,48.731133,58.447681,0.241741,0.237858,,,,,,,,,,,,
369873,,,,,,,,,,,50.222630,59.850864,49.265469,58.736576,0.236494,0.235080,,,,,,,,,,,,
369878,,,,,,,,,,,50.222630,59.850864,49.162338,59.000587,0.237631,0.232525,,,,,,,,,,,,
369890,,,,,,,,,,,50.222630,59.850864,50.838329,60.625389,0.220334,0.215551,,,,,,,,,,,,
369893,,,,,,,,,,,50.222630,59.850864,48.825394,57.769493,0.240603,0.244318,,,,,,,,,,,,
369898,,,,,,,,,,,50.222630,59.850864,48.760166,58.116798,0.241401,0.241018,,,,,,,,,,,,
369903,,,,,,,,,,,49.307793,60.158348,48.700558,58.434189,0.232910,0.241092,,,,,,,,,,,,
369908,,,,,,,,,,,49.307793,60.158348,48.646084,58.132801,0.233521,0.244308,,,,,,,,,,,,
369913,,,,,,,,,,,49.307793,60.158348,48.596302,58.448814,0.234090,0.241319,,,,,,,,,,,,
369918,,,,,,,,,,,49.307793,60.158348,49.142250,58.737610,0.228647,0.238573,,,,,,,,,,,,
369923,,,,,,,,,,,49.307793,60.158348,49.049732,58.410088,0.229598,0.242023,,,,,,,,,,,,
369928,,,,,,,,,,,49.307793,60.158348,48.965183,58.702217,0.230477,0.239248,,,,,,,,,,,,
369933,,,,,,,,,,,49.307793,60.158348,48.887917,58.969189,0.231292,0.236697,,,,,,,,,,,,
369938,,,,,,,,,,,49.307793,60.158348,49.408749,59.213165,0.226074,0.234351,,,,,,,,,,,,
369943,,,,,,,,,,,49.307793,60.158348,49.293278,59.436127,0.227230,0.232194,,,,,,,,,,,,
369948,,,,,,,,,,,49.307793,60.158348,49.779198,59.048439,0.222323,0.236182,,,,,,,,,,,,
369953,,,,,,,,,,,49.307793,60.158348,49.631821,59.285587,0.223765,0.233898,,,,,,,,,,,,
369958,,,,,,,,,,,49.307793,60.158348,49.497135,59.502312,0.225093,0.231796,,,,,,,,,,,,
369973,,,,,,,,,,,49.307793,60.158348,49.235828,58.796894,0.226427,0.237609,,,,,,,,,,,,
369978,,,,,,,,,,,49.307793,60.158348,47.952362,58.464264,0.239397,0.241104,,,,,,,,,,,,
369983,,,,,,,,,,,49.307793,60.158348,48.553776,58.160282,0.233458,0.244344,,,,,,,,,,,,
369988,,,,,,,,,,,49.307793,60.158348,48.511944,58.473930,0.233956,0.241376,,,,,,,,,,,,
369993,,,,,,,,,,,49.307793,60.158348,48.473713,58.760563,0.234422,0.238650,,,,,,,,,,,,
369998,,,,,,,,,,,49.307793,60.158348,48.438778,58.431061,0.234858,0.242117,,,,,,,,,,,,
370003,,,,,,,,,,,47.203182,60.554016,48.406849,58.721386,0.214011,0.243354,,,,,,,,,,,,
370008,,,,,,,,,,,47.203182,60.554016,48.377670,58.395260,0.214186,0.246831,,,,,,,,,,,,
370013,,,,,,,,,,,47.203182,60.554016,48.351006,58.688667,0.214337,0.244084,,,,,,,,,,,,
370018,,,,,,,,,,,47.203182,60.554016,47.735191,58.956806,0.220442,0.241562,,,,,,,,,,,,
370030,,,,,,,,,,,47.203182,60.554016,49.054989,60.588825,0.206412,0.224664,,,,,,,,,,,,
370033,,,,,,,,,,,47.203182,60.554016,47.195652,58.327522,0.225006,0.247499,,,,,,,,,,,,
370038,,,,,,,,,,,47.203182,60.554016,47.270794,58.035320,0.224248,0.250673,,,,,,,,,,,,
370043,,,,,,,,,,,47.203182,60.554016,47.339466,58.359730,0.223547,0.247649,,,,,,,,,,,,
370048,,,,,,,,,,,47.203182,60.554016,47.402222,58.656197,0.222900,0.244874,,,,,,,,,,,,
370053,,,,,,,,,,,47.203182,60.554016,47.459572,58.927132,0.222301,0.242327,,,,,,,,,,,,
370058,,,,,,,,,,,47.203182,60.554016,47.511982,59.174728,0.221746,0.239989,,,,,,,,,,,,
370063,,,,,,,,,,,47.203182,60.554016,46.968433,59.401001,0.227205,0.237842,,,,,,,,,,,,
370068,,,,,,,,,,,47.203182,60.554016,47.063145,59.016338,0.226272,0.241842,,,,,,,,,,,,
370073,,,,,,,,,,,47.203182,60.554016,47.741146,59.256252,0.219438,0.239573,,,,,,,,,,,,
370078,,,,,,,,,,,47.203182,60.554016,47.769306,59.475502,0.219099,0.237488,,,,,,,,,,,,
370090,,,,,,,,,,,47.203182,60.554016,48.542976,61.613464,0.210637,0.215381,,,,,,,,,,,,
370093,,,,,,,,,,,47.203182,60.554016,46.727741,59.263908,0.228837,0.239005,,,,,,,,,,,,
370098,,,,,,,,,,,47.203182,60.554016,46.843185,59.482498,0.227719,0.236926,,,,,,,,,,,,
370103,,,,,,,,,,,45.806522,60.456329,46.948685,59.682262,0.212583,0.234029,,,,,,,,,,,,
370108,,,,,,,,,,,45.806522,60.456329,47.045097,59.273376,0.211495,0.238236,,,,,,,,,,,,
370113,,,,,,,,,,,45.806522,60.456329,47.133209,59.491154,0.210481,0.236155,,,,,,,,,,,,
370118,,,,,,,,,,,45.806522,60.456329,46.622284,59.690174,0.215509,0.234242,,,,,,,,,,,,
370123,,,,,,,,,,,45.806522,60.456329,46.746811,59.872051,0.214170,0.232481,,,,,,,,,,,,
370128,,,,,,,,,,,45.806522,60.456329,46.860611,60.038261,0.212926,0.230861,,,,,,,,,,,,
370133,,,,,,,,,,,45.806522,60.456329,46.373165,60.190159,0.217744,0.229369,,,,,,,,,,,,
370138,,,,,,,,,,,45.806522,60.456329,46.519150,59.737526,0.216213,0.233967,,,,,,,,,,,,
370150,,,,,,,,,,,45.806522,60.456329,48.090343,61.781357,0.199656,0.212681,,,,,,,,,,,,
370153,,,,,,,,,,,45.806522,60.456329,46.314091,59.417339,0.217367,0.236425,,,,,,,,,,,,
370158,,,,,,,,,,,45.806522,60.456329,45.873718,59.622715,0.221764,0.234455,,,,,,,,,,,,
370163,,,,,,,,,,,45.806522,60.456329,46.062721,59.810402,0.219849,0.232643,,,,,,,,,,,,
370168,,,,,,,,,,,45.806522,60.456329,46.235443,59.390480,0.218079,0.236948,,,,,,,,,,,,
370173,,,,,,,,,,,45.806522,60.456329,45.801846,59.598171,0.222415,0.234957,,,,,,,,,,,,
370178,,,,,,,,,,,45.806522,60.456329,45.997036,59.787971,0.220444,0.233126,,,,,,,,,,,,
370183,,,,,,,,,,,45.806522,60.456329,46.175415,59.369980,0.218623,0.237415,,,,,,,,,,,,
370188,,,,,,,,,,,45.806522,60.456329,45.746986,59.579433,0.222914,0.235408,,,,,,,,,,,,
370193,,,,,,,,,,,45.806522,60.456329,45.946903,59.770847,0.220901,0.233562,,,,,,,,,,,,
370198,,,,,,,,,,,45.806522,60.456329,46.129601,59.945774,0.219041,0.231864,,,,,,,,,,,,
370203,,,,,,,,,,,46.588367,63.609367,46.296562,59.514191,0.225219,0.268120,,,,,,,,,,,,
370208,,,,,,,,,,,46.588367,63.609367,46.449142,59.711224,0.223707,0.266539,,,,,,,,,,,,
370213,,,,,,,,,,,46.588367,63.609367,46.588581,59.891289,0.222313,0.265110,,,,,,,,,,,,
370218,,,,,,,,,,,46.588367,63.609367,46.124565,60.055843,0.226999,0.263820,,,,,,,,,,,,
370231,,,,,,,,,,,46.588367,63.609367,48.841812,63.719646,0.198981,0.226624,,,,,,,,,,,,
370233,,,,,,,,,,,46.588367,63.609367,45.226501,59.414349,0.235270,0.270097,,,,,,,,,,,,
370238,,,,,,,,,,,46.588367,63.609367,45.471249,59.619984,0.232934,0.268439,,,,,,,,,,,,
370243,,,,,,,,,,,46.588367,63.609367,45.694916,60.399349,0.230787,0.260967,,,,,,,,,,,,
370248,,,,,,,,,,,46.588367,63.609367,45.307873,60.520145,0.234785,0.260068,,,,,,,,,,,,
370253,,,,,,,,,,,46.588367,63.609367,45.545609,60.630535,0.232512,0.259262,,,,,,,,,,,,
370258,,,,,,,,,,,46.588367,63.609367,45.762871,60.731419,0.230422,0.258541,,,,,,,,,,,,
370263,,,,,,,,,,,46.588367,63.609367,45.369976,61.415058,0.234473,0.251924,,,,,,,,,,,,
370268,,,,,,,,,,,46.588367,63.609367,45.602364,61.448372,0.232248,0.251807,,,,,,,,,,,,
370273,,,,,,,,,,,46.588367,63.609367,45.223293,61.478813,0.236175,0.251715,,,,,,,,,,,,
370278,,,,,,,,,,,46.588367,63.609367,45.468315,61.506634,0.233837,0.251647,,,,,,,,,,,,
370290,,,,,,,,,,,46.588367,63.609367,46.621284,63.309776,0.221861,0.233144,,,,,,,,,,,,
370293,,,,,,,,,,,46.588367,63.609367,44.971561,60.814117,0.238520,0.258380,,,,,,,,,,,,
370298,,,,,,,,,,,46.588367,63.609367,44.646820,60.899189,0.241962,0.257800,,,,,,,,,,,,
370303,,,,,,,,,,,53.373310,70.491524,44.941494,60.976933,0.307707,0.326796,,,,,,,,,,,,
370308,,,,,,,,,,,53.373310,70.491524,45.210789,61.639427,0.305831,0.321056,,,,,,,,,,,,
370313,,,,,,,,,,,53.373310,70.491524,45.456890,61.653416,0.304161,0.321800,,,,,,,,,,,,
370318,,,,,,,,,,,53.373310,70.491524,45.090347,62.257645,0.308655,0.316581,,,,,,,,,,,,
370323,,,,,,,,,,,53.373310,70.491524,45.938267,62.809830,0.300919,0.311827,,,,,,,,,,,,
370328,,,,,,,,,,,53.373310,70.491524,46.121708,62.723011,0.299810,0.313473,,,,,,,,,,,,
370333,,,,,,,,,,,53.373310,70.491524,46.289349,63.235115,0.298842,0.309077,,,,,,,,,,,,
370338,,,,,,,,,,,53.373310,70.491524,46.442551,63.703110,0.298003,0.305076,,,,,,,,,,,,
370350,,,,,,,,,,,53.373310,70.491524,48.515934,66.714752,0.277784,0.275086,,,,,,,,,,,,
370353,,,,,,,,,,,53.373310,70.491524,46.703026,63.925819,0.296580,0.303632,,,,,,,,,,,,
370358,,,,,,,,,,,53.373310,70.491524,46.820599,64.334328,0.296059,0.300163,,,,,,,,,,,,
370363,,,,,,,,,,,53.373310,70.491524,47.519489,64.707649,0.289656,0.297008,,,,,,,,,,,,
370368,,,,,,,,,,,53.373310,70.491524,47.566738,65.048813,0.289764,0.294140,,,,,,,,,,,,
370373,,,,,,,,,,,53.373310,70.491524,47.609921,65.360596,0.289908,0.291536,,,,,,,,,,,,
370378,,,,,,,,,,,53.373310,70.491524,48.240826,65.645523,0.284113,0.289171,,,,,,,,,,,,
370383,,,,,,,,,,,53.373310,70.491524,48.225948,65.905907,0.284776,0.287026,,,,,,,,,,,,
370388,,,,,,,,,,,53.373310,70.491524,48.803795,66.735313,0.279455,0.279107,,,,,,,,,,,,
370393,,,,,,,,,,,53.373310,70.491524,48.740429,66.901833,0.280552,0.277801,,,,,,,,,,,,
370398,,,,,,,,,,,53.373310,70.491524,49.273964,67.054016,0.275626,0.276623,,,,,,,,,,,,
370403,,,,,,,,,,,67.921402,55.325180,49.170101,67.193092,0.424021,0.122382,,,,,,,,,,,,
370408,,,,,,,,,,,67.921402,55.325180,49.666630,66.728745,0.420881,0.125885,,,,,,,,,,,,
370413,,,,,,,,,,,67.921402,55.325180,50.120392,65.712944,0.418123,0.135004,,,,,,,,,,,,
370418,,,,,,,,,,,67.921402,55.325180,51.126514,65.376076,0.409742,0.137368,,,,,,,,,,,,
370430,,,,,,,,,,,67.921402,55.325180,54.589798,65.409424,0.377261,0.134401,,,,,,,,,,,,
370433,,,,,,,,,,,67.921402,55.325180,52.845192,62.141476,0.396214,0.166399,,,,,,,,,,,,
370438,,,,,,,,,,,67.921402,55.325180,53.616631,61.520775,0.389931,0.171987,,,,,,,,,,,,
370443,,,,,,,,,,,67.921402,55.325180,54.913067,60.953537,0.378267,0.177096,,,,,,,,,,,,
370448,,,,,,,,,,,67.921402,55.325180,56.097843,60.435154,0.367602,0.181769,,,,,,,,,,,,
370453,,,,,,,,,,,67.921402,55.325180,57.180573,59.369976,0.357848,0.192016,,,,,,,,,,,,
370458,,,,,,,,,,,67.921402,55.325180,58.170048,58.987988,0.348929,0.195470,,,,,,,,,,,,
370463,,,,,,,,,,,67.921402,55.325180,59.074299,58.638901,0.340771,0.198629,,,,,,,,,,,,
370468,,,,,,,,,,,67.921402,55.325180,60.492111,57.728436,0.327336,0.207494,,,,,,,,,,,,
370473,,,,,,,,,,,67.921402,55.325180,61.196362,57.487831,0.320966,0.209683,,,,,,,,,,,,
370478,,,,,,,,,,,67.921402,55.325180,61.839954,57.267952,0.315138,0.211688,,,,,,,,,,,,
370490,,,,,,,,,,,67.921402,55.325180,65.158722,57.556854,0.281889,0.207810,,,,,,,,,,,,
370493,,,,,,,,,,,67.921402,55.325180,63.095257,54.965252,0.303006,0.233762,,,,,,,,,,,,
370498,,,,,,,,,,,67.921402,55.325180,63.575298,54.962643,0.298640,0.233824,,,,,,,,,,,,
370503,,,,,,,,,,,77.817505,67.370255,64.013992,54.368813,0.394595,0.361514,,,,,,,,,,,,
370508,,,,,,,,,,,77.817505,67.370255,65.006348,54.417576,0.385952,0.362321,,,,,,,,,,,,
370513,,,,,,,,,,,77.817505,67.370255,65.321785,55.053581,0.384047,0.357193,,,,,,,,,,,,
370518,,,,,,,,,,,77.817505,67.370255,66.201500,55.634808,0.376412,0.352554,,,,,,,,,,,,
370523,,,,,,,,,,,77.817505,67.370255,67.005447,56.165974,0.369454,0.348363,,,,,,,,,,,,
370528,,,,,,,,,,,77.817505,67.370255,67.148705,56.059944,0.369088,0.350554,,,,,,,,,,,,
370533,,,,,,,,,,,77.817505,67.370255,67.871063,57.145939,0.362859,0.340717,,,,,,,,,,,,
370538,,,,,,,,,,,77.817505,67.370255,67.939766,57.546951,0.363160,0.337689,,,,,,,,,,,,
370550,,,,,,,,,,,77.817505,67.370255,70.793533,60.492378,0.335360,0.309040,,,,,,,,,,,,
370553,,,,,,,,,,,77.817505,67.370255,68.244743,58.239380,0.361805,0.332483,,,,,,,,,,,,
370558,,,,,,,,,,,77.817505,67.370255,68.872704,58.546215,0.356420,0.330297,,,,,,,,,,,,
370563,,,,,,,,,,,77.817505,67.370255,68.855133,59.418068,0.357492,0.322374,,,,,,,,,,,,
370568,,,,,,,,,,,77.817505,67.370255,69.430519,60.214825,0.352577,0.315122,,,,,,,,,,,,
370573,,,,,,,,,,,77.817505,67.370255,69.956345,60.942959,0.348104,0.308483,,,,,,,,,,,,
370578,,,,,,,,,,,77.817505,67.370255,69.845436,61.608379,0.350011,0.302405,,,,,,,,,,,,
370583,,,,,,,,,,,77.817505,67.370255,70.335526,61.625042,0.345858,0.302813,,,,,,,,,,,,
370588,,,,,,,,,,,77.817505,67.370255,70.191963,62.231712,0.348056,0.297260,,,,,,,,,,,,
370593,,,,,,,,,,,77.817505,67.370255,70.652206,62.786129,0.344170,0.292175,,,,,,,,,,,,
370598,,,,,,,,,,,77.817505,67.370255,70.481369,62.701351,0.346612,0.293489,,,,,,,,,,,,
370610,,,,,,,,,,,77.817505,67.370255,72.916176,65.388557,0.322557,0.266462,,,,,,,,,,,,
370613,,,,,,,,,,,79.999992,79.999992,70.184563,63.305298,0.372680,0.415261,,,,,,,,,,,,
370618,,,,,,,,,,,79.999992,79.999992,70.645447,63.767250,0.369006,0.412265,,,,,,,,,,,,
370623,,,,,,,,,,,79.999992,79.999992,71.066635,64.780853,0.365688,0.403651,,,,,,,,,,,,
370628,,,,,,,,,,,79.999992,79.999992,71.451546,65.707161,0.362694,0.395817,,,,,,,,,,,,
370633,,,,,,,,,,,79.999992,79.999992,71.803299,66.553680,0.359996,0.388697,,,,,,,,,,,,
370638,,,,,,,,,,,79.999992,79.999992,72.124756,67.918739,0.357569,0.376254,,,,,,,,,,,,
370643,,,,,,,,,,,79.999992,79.999992,72.418526,68.574776,0.355389,0.370836,,,,,,,,,,,,
370648,,,,,,,,,,,79.999992,79.999992,72.686996,69.174309,0.353436,0.365924,,,,,,,,,,,,
370653,,,,,,,,,,,79.999992,79.999992,72.932343,70.313652,0.351689,0.355499,,,,,,,,,,,,
370658,,,,,,,,,,,79.999992,79.999992,72.565117,70.763412,0.356105,0.351925,,,,,,,,,,,,
370663,,,,,,,,,,,79.999992,79.999992,72.820961,71.765884,0.354264,0.342724,,,,,,,,,,,,
370668,,,,,,,,,,,79.999992,79.999992,73.054771,72.090569,0.352621,0.340268,,,,,,,,,,,,
370673,,,,,,,,,,,79.999992,79.999992,73.268440,72.978729,0.351157,0.332088,,,,,,,,,,,,
370678,,,,,,,,,,,79.999992,79.999992,73.463707,73.198952,0.349858,0.330566,,,,,,,,,,,,
370689,,,,,,,,,,,79.999992,79.999992,74.866394,75.726288,0.336152,0.305434,,,,,,,,,,,,
370693,,,,,,,,,,,79.999992,79.999992,73.149696,73.935524,0.354004,0.323948,,,,,,,,,,,,
370698,,,,,,,,,,,79.999992,79.999992,73.355194,74.664780,0.352614,0.317189,,,,,,,,,,,,
370703,,,,,,,,,,,79.999992,79.999992,73.542992,75.331223,0.351382,0.310991,,,,,,,,,,,,
370708,,,,,,,,,,,79.999992,79.999992,73.714615,75.348824,0.350294,0.311280,,,,,,,,,,,,
370713,,,,,,,,,,,79.999992,79.999992,73.871452,75.956352,0.349338,0.305609,,,,,,,,,,,,
370718,,,,,,,,,,,79.999992,79.999992,74.606224,76.511551,0.342530,0.300406,,,,,,,,,,,,
370723,,,,,,,,,,,79.999992,79.999992,74.686272,76.427490,0.342261,0.301604,,,,,,,,,,,,
370728,,,,,,,,,,,79.999992,79.999992,74.759422,76.942116,0.342053,0.296764,,,,,,,,,,,,
370733,,,,,,,,,,,79.999992,79.999992,75.417717,77.412415,0.335929,0.292319,,,,,,,,,,,,
370738,,,,,,,,,,,79.999992,79.999992,75.427864,77.842209,0.336284,0.288237,,,,,,,,,,,,
370750,,,,,,,,,,,79.999992,79.999992,77.587784,80.195580,0.314436,0.263973,,,,,,,,,,,,
370753,,,,,,,,,,,79.999992,79.999992,75.045242,76.836990,0.340357,0.297876,,,,,,,,,,,,
370758,,,,,,,,,,,79.999992,79.999992,75.087471,77.316345,0.340426,0.293350,,,,,,,,,,,,
370763,,,,,,,,,,,79.999992,79.999992,75.126068,77.162964,0.340528,0.295168,,,,,,,,,,,,
370768,,,,,,,,,,,79.999992,79.999992,75.752785,77.022797,0.334685,0.296867,,,,,,,,,,,,
370773,,,,,,,,,,,79.999992,79.999992,75.734077,77.486145,0.335299,0.292485,,,,,,,,,,,,
370778,,,,,,,,,,,79.999992,79.999992,75.716980,77.318138,0.335898,0.294433,,,,,,,,,,,,
370783,,,,,,,,,,,79.999992,79.999992,76.292801,77.756050,0.330511,0.290279,,,,,,,,,,,,
370788,,,,,,,,,,,79.999992,79.999992,76.227577,77.564796,0.331540,0.292435,,,,,,,,,,,,
370793,,,,,,,,,,,79.999992,79.999992,76.759422,77.981461,0.326546,0.288470,,,,,,,,,,,,
370798,,,,,,,,,,,79.999992,79.999992,76.654015,77.770798,0.327934,0.290799,,,,,,,,,,,,
370810,,,,,,,,,,,79.999992,79.999992,79.152313,80.135948,0.302375,0.266430,,,,,,,,,,,,
370813,,,,,,,,,,,79.999992,79.999992,76.475021,76.782494,0.329500,0.300287,,,,,,,,,,,,
370818,,,,,,,,,,,79.999992,79.999992,76.394104,76.675095,0.330670,0.301693,,,,,,,,,,,,
370823,,,,,,,,,,,79.999992,79.999992,76.320160,77.168388,0.331778,0.297043,,,,,,,,,,,,
370828,,,,,,,,,,,79.999992,79.999992,76.844025,77.027756,0.326855,0.298747,,,,,,,,,,,,
370833,,,,,,,,,,,79.999992,79.999992,76.731323,77.490677,0.328308,0.294369,,,,,,,,,,,,
370838,,,,,,,,,,,79.999992,79.999992,76.628334,77.322281,0.329675,0.296320,,,,,,,,,,,,
370843,,,,,,,,,,,79.999992,79.999992,77.125656,77.168388,0.324990,0.298142,,,,,,,,,,,,
370848,,,,,,,,,,,79.999992,79.999992,76.988701,77.619202,0.326660,0.293872,,,,,,,,,,,,
370853,,,,,,,,,,,79.999992,79.999992,77.454987,77.439735,0.322252,0.295923,,,,,,,,,,,,
370858,,,,,,,,,,,79.999992,79.999992,77.881111,77.275726,0.318203,0.297835,,,,,,,,,,,,
370870,,,,,,,,,,,79.999992,79.999992,80.228073,80.262985,0.293996,0.267219,,,,,,,,,,,,
370873,,,,,,,,,,,79.999992,79.999992,76.866684,76.898590,0.327923,0.301173,,,,,,,,,,,,
370878,,,,,,,,,,,79.999992,79.999992,76.752037,76.781189,0.329395,0.302669,,,,,,,,,,,,
370883,,,,,,,,,,,79.999992,79.999992,77.238708,77.265350,0.324804,0.298100,,,,,,,,,,,,
370888,,,,,,,,,,,79.999992,79.999992,77.092018,77.116364,0.326562,0.299879,,,,,,,,,,,,
370893,,,,,,,,,,,79.999992,79.999992,77.549408,76.980209,0.322233,0.301542,,,,,,,,,,,,
370898,,,,,,,,,,,79.999992,79.999992,77.375954,77.447227,0.324230,0.297127,,,,,,,,,,,,
370903,,,,,,,,,,,79.999992,79.999992,77.808884,77.874023,0.320120,0.293072,,,,,,,,,,,,
370908,,,,,,,,,,,79.999992,79.999992,77.613083,77.672607,0.322316,0.295319,,,,,,,,,,,,
370913,,,,,,,,,,,79.999992,79.999992,77.434143,78.079987,0.324362,0.291437,,,,,,,,,,,,
370918,,,,,,,,,,,79.999992,79.999992,77.862061,77.860832,0.320297,0.293843,,,,,,,,,,,,
370923,,,,,,,,,,,79.999992,79.999992,77.661682,78.251999,0.322535,0.290106,,,,,,,,,,,,
370928,,,,,,,,,,,79.999992,79.999992,77.478561,78.018028,0.324618,0.292644,,,,,,,,,,,,
370933,,,,,,,,,,,79.999992,79.999992,77.311211,77.804214,0.326560,0.295001,,,,,,,,,,,,
370938,,,,,,,,,,,79.999992,79.999992,77.749718,77.608818,0.322400,0.297194,,,,,,,,,,,,
370950,,,,,,,,,,,79.999992,79.999992,80.118347,80.541168,0.298000,0.267068,,,,,,,,,,,,
370953,,,,,,,,,,,79.999992,79.999992,76.766403,77.152809,0.331843,0.301237,,,,,,,,,,,,
370958,,,,,,,,,,,79.999992,79.999992,76.660393,77.013512,0.333237,0.302928,,,,,,,,,,,,
370963,,,,,,,,,,,79.999992,79.999992,77.154953,76.886215,0.328576,0.304513,,,,,,,,,,,,
370968,,,,,,,,,,,79.999992,79.999992,77.015472,77.361328,0.330269,0.300025,,,,,,,,,,,,
370973,,,,,,,,,,,79.999992,79.999992,77.479454,77.204071,0.325881,0.301877,,,,,,,,,,,,
370978,,,,,,,,,,,79.999992,79.999992,77.312027,77.651810,0.327824,0.297635,,,,,,,,,,,,
370983,,,,,,,,,,,79.999992,79.999992,77.750465,77.469536,0.323665,0.299711,,,,,,,,,,,,
370988,,,,,,,,,,,79.999992,79.999992,77.559692,77.894409,0.325817,0.295672,,,,,,,,,,,,
370993,,,,,,,,,,,79.999992,79.999992,77.976799,78.282684,0.321848,0.291961,,,,,,,,,,,,
370998,,,,,,,,,,,79.999992,79.999992,77.766533,78.637520,0.324174,0.288549,,,,,,,,,,,,
371010,,,,,,,,,,,79.999992,79.999992,80.132385,80.319290,0.299798,0.270976,,,,,,,,,,,,
371013,,,,,,,,,,,72.856277,79.802017,76.779236,76.950043,0.261500,0.302973,,,,,,,,,,,,
371018,,,,,,,,,,,72.856277,79.802017,76.672119,76.828217,0.262190,0.304489,,,,,,,,,,,,
371023,,,,,,,,,,,72.856277,79.802017,76.574226,77.308327,0.262797,0.299937,,,,,,,,,,,,
371028,,,,,,,,,,,72.856277,79.802017,75.893318,77.155640,0.269302,0.301729,,,,,,,,,,,,
371033,,,,,,,,,,,72.856277,79.802017,75.862503,77.607544,0.269310,0.297429,,,,,,,,,,,,
371038,,,,,,,,,,,72.856277,79.802017,75.834343,77.429085,0.269294,0.299451,,,,,,,,,,,,
371043,,,,,,,,,,,72.856277,79.802017,75.808609,77.857437,0.269256,0.295362,,,,,,,,,,,,
371048,,,,,,,,,,,72.856277,79.802017,75.785088,77.657455,0.269198,0.297576,,,,,,,,,,,,
371053,,,,,,,,,,,72.856277,79.802017,75.763596,77.474693,0.269122,0.299637,,,,,,,,,,,,
371058,,,,,,,,,,,72.856277,79.802017,75.152512,77.899124,0.275004,0.295583,,,,,,,,,,,,
371070,,,,,,,,,,,72.856277,79.802017,76.817314,80.192177,0.256839,0.271818,,,,,,,,,,,,
371073,,,,,,,,,,,72.856277,79.802017,73.749695,77.425323,0.287426,0.299725,,,,,,,,,,,,
371078,,,,,,,,,,,72.856277,79.802017,73.903511,77.262558,0.285783,0.301606,,,,,,,,,,,,
371083,,,,,,,,,,,72.856277,79.802017,73.452637,77.705254,0.290232,0.297389,,,,,,,,,,,,
371088,,,,,,,,,,,72.856277,79.802017,73.632042,78.109825,0.288361,0.293512,,,,,,,,,,,,
371093,,,,,,,,,,,72.856277,79.802017,73.204544,77.888100,0.292601,0.295921,,,,,,,,,,,,
371098,,,,,,,,,,,72.856277,79.802017,73.405312,78.276917,0.290538,0.292185,,,,,,,,,,,,
371103,,,,,,,,,,,63.669044,79.547409,73.588791,78.632248,0.195839,0.286177,,,,,,,,,,,,
371108,,,,,,,,,,,63.669044,79.547409,73.165024,78.365532,0.199127,0.288963,,,,,,,,,,,,
371113,,,,,,,,,,,63.669044,79.547409,72.777756,78.713234,0.202089,0.285569,,,,,,,,,,,,
371118,,,,,,,,,,,63.669044,79.547409,72.423843,79.030983,0.204753,0.282443,,,,,,,,,,,,
371123,,,,,,,,,,,63.669044,79.547409,72.100410,78.729919,0.207144,0.285536,,,,,,,,,,,,
371128,,,,,,,,,,,63.669044,79.547409,71.804832,79.046234,0.209286,0.282423,,,,,,,,,,,,
371133,,,,,,,,,,,63.669044,79.547409,70.943268,78.743858,0.217174,0.285527,,,,,,,,,,,,
371138,,,,,,,,,,,63.669044,79.547409,70.747360,79.058975,0.218426,0.282425,,,,,,,,,,,,
371150,,,,,,,,,,,63.669044,79.547409,71.027245,80.620331,0.213551,0.265837,,,,,,,,,,,,
371153,,,,,,,,,,,63.669044,79.547409,67.866875,77.816597,0.244734,0.294047,,,,,,,,,,,,
371158,,,,,,,,,,,63.669044,79.547409,67.935936,78.211578,0.243617,0.290231,,,,,,,,,,,,
371163,,,,,,,,,,,63.669044,79.547409,67.407600,78.572540,0.248527,0.286719,,,,,,,,,,,,
371168,,,,,,,,,,,63.669044,79.547409,66.924774,78.902412,0.253029,0.283484,,,,,,,,,,,,
371173,,,,,,,,,,,63.669044,79.547409,66.483536,78.612427,0.257160,0.286478,,,,,,,,,,,,
371178,,,,,,,,,,,63.669044,79.547409,66.080299,78.938858,0.260951,0.283274,,,,,,,,,,,,
371183,,,,,,,,,,,63.669044,79.547409,66.303238,79.237175,0.258459,0.280322,,,,,,,,,,,,
371188,,,,,,,,,,,63.669044,79.547409,65.915527,78.918358,0.262111,0.283573,,,,,,,,,,,,
371193,,,,,,,,,,,63.669044,79.547409,65.561211,79.218445,0.265465,0.280605,,,,,,,,,,,,
371198,,,,,,,,,,,63.669044,79.547409,65.237411,79.492683,0.268546,0.277868,,,,,,,,,,,,
371209,,,,,,,,,,,63.669044,79.547409,72.630287,88.023529,0.193721,0.191712,,,,,,,,,,,,
371210,,,,,,,,,,,63.669044,79.547409,66.374626,80.442047,0.256007,0.267438,,,,,,,,,,,,
371213,,,,,,,,,,,65.656258,79.602478,64.206436,78.245117,0.297706,0.290093,,,,,,,,,,,,
371218,,,,,,,,,,,65.656258,79.602478,63.999325,78.011742,0.299943,0.292586,,,,,,,,,,,,
371223,,,,,,,,,,,65.656258,79.602478,64.401497,77.798470,0.296047,0.294899,,,,,,,,,,,,
371228,,,,,,,,,,,65.656258,79.602478,64.769028,78.195007,0.292460,0.291075,,,,,,,,,,,,
371233,,,,,,,,,,,65.656258,79.602478,64.513458,78.557396,0.295130,0.287555,,,,,,,,,,,,
371238,,,,,,,,,,,65.656258,79.602478,64.279907,78.297127,0.297604,0.290289,,,,,,,,,,,,
371243,,,,,,,,,,,65.656258,79.602478,64.657913,78.650719,0.293923,0.286848,,,,,,,,,,,,
371248,,,,,,,,,,,65.656258,79.602478,64.411919,78.382408,0.296508,0.289653,,,,,,,,,,,,
371253,,,,,,,,,,,65.656258,79.602478,64.187111,78.728653,0.298903,0.286278,,,,,,,,,,,,
371258,,,,,,,,,,,65.656258,79.602478,64.573112,78.453629,0.295151,0.289143,,,,,,,,,,,,
371270,,,,,,,,,,,65.656258,79.602478,65.819824,80.655281,0.282031,0.266156,,,,,,,,,,,,
371273,,,,,,,,,,,65.656258,79.602478,63.107975,77.257095,0.309404,0.300372,,,,,,,,,,,,
371278,,,,,,,,,,,65.656258,79.602478,63.586922,77.108818,0.304822,0.302104,,,,,,,,,,,,
371283,,,,,,,,,,,65.656258,79.602478,63.433170,76.973312,0.306581,0.303722,,,,,,,,,,,,
371288,,,,,,,,,,,65.656258,79.602478,63.292664,76.849480,0.308223,0.305236,,,,,,,,,,,,
371293,,,,,,,,,,,65.656258,79.602478,63.164257,76.736313,0.309756,0.306654,,,,,,,,,,,,
371298,,,,,,,,,,,65.656258,79.602478,63.046909,76.632889,0.311191,0.307985,,,,,,,,,,,,
371303,,,,,,,,,,,68.670433,79.686012,63.531116,76.538376,0.337004,0.310081,,,,,,,,,,,,
371308,,,,,,,,,,,68.670433,79.686012,63.973618,77.043449,0.333049,0.305294,,,,,,,,,,,,
371313,,,,,,,,,,,68.670433,79.686012,63.786560,76.913574,0.335408,0.306870,,,,,,,,,,,,
371318,,,,,,,,,,,68.670433,79.686012,64.207062,76.794884,0.331649,0.308346,,,,,,,,,,,,
371330,,,,,,,,,,,68.670433,79.686012,66.595131,79.269966,0.307556,0.282931,,,,,,,,,,,,
371333,,,,,,,,,,,68.670433,79.686012,63.816502,75.991096,0.335828,0.316090,,,,,,,,,,,,
371338,,,,,,,,,,,68.670433,79.686012,64.234421,75.951859,0.332092,0.316855,,,,,,,,,,,,
371343,,,,,,,,,,,68.670433,79.686012,64.024902,76.507446,0.334652,0.311617,,,,,,,,,,,,
371348,,,,,,,,,,,68.670433,79.686012,64.424873,76.423737,0.331077,0.312781,,,,,,,,,,,,
371353,,,,,,,,,,,68.670433,79.686012,64.790398,76.347237,0.327809,0.313880,,,,,,,,,,,,
371358,,,,,,,,,,,68.670433,79.686012,65.124435,76.868774,0.324824,0.308946,,,,,,,,,,,,
371363,,,,,,,,,,,68.670433,79.686012,65.429703,76.753944,0.322095,0.310387,,,,,,,,,,,,
371368,,,,,,,,,,,68.670433,79.686012,65.708679,77.240448,0.319601,0.305767,,,,,,,,,,,,
371373,,,,,,,,,,,68.670433,79.686012,65.963623,77.093605,0.317323,0.307495,,,,,,,,,,,,
371378,,,,,,,,,,,68.670433,79.686012,66.196609,77.550858,0.315240,0.303136,,,,,,,,,,,,
371383,,,,,,,,,,,68.670433,79.686012,66.409531,77.377281,0.313337,0.305102,,,,,,,,,,,,
371388,,,,,,,,,,,68.670433,79.686012,66.604111,77.218651,0.311598,0.306935,,,,,,,,,,,,
371393,,,,,,,,,,,68.670433,79.686012,67.373375,77.665131,0.304035,0.302673,,,,,,,,,,,,
371398,,,,,,,,,,,68.670433,79.686012,67.484940,77.481712,0.303038,0.304727,,,,,,,,,,,,
371410,,,,,,,,,,,68.670433,79.686012,69.924118,80.435020,0.277801,0.274351,,,,,,,,,,,,
371413,,,,,,,,,,,66.129265,77.932457,66.858765,77.055801,0.282970,0.290695,,,,,,,,,,,,
371418,,,,,,,,,,,66.129265,77.932457,67.014656,76.924866,0.281322,0.292105,,,,,,,,,,,,
371423,,,,,,,,,,,66.129265,77.932457,67.157120,76.805206,0.279795,0.293415,,,,,,,,,,,,
371428,,,,,,,,,,,66.129265,77.932457,67.287315,77.287300,0.278377,0.288658,,,,,,,,,,,,
371433,,,,,,,,,,,66.129265,77.932457,66.814850,77.136421,0.283033,0.290247,,,,,,,,,,,,
371438,,,,,,,,,,,66.129265,77.932457,66.974525,76.998535,0.281352,0.291719,,,,,,,,,,,,
371443,,,,,,,,,,,66.129265,77.932457,67.120445,77.463974,0.279794,0.287111,,,,,,,,,,,,
371448,,,,,,,,,,,66.129265,77.932457,67.253799,77.889328,0.278348,0.282862,,,,,,,,,,,,
371453,,,,,,,,,,,66.129265,77.932457,67.375664,77.686600,0.277004,0.284914,,,,,,,,,,,,
371458,,,,,,,,,,,66.129265,77.932457,66.895592,77.501328,0.281729,0.286810,,,,,,,,,,,,
371470,,,,,,,,,,,66.129265,77.932457,68.840477,79.859955,0.261089,0.262085,,,,,,,,,,,,
371473,,,,,,,,,,,66.129265,77.932457,66.459900,76.530273,0.284861,0.295522,,,,,,,,,,,,
371478,,,,,,,,,,,66.129265,77.932457,66.058701,76.444595,0.288880,0.296528,,,,,,,,,,,,
371483,,,,,,,,,,,66.129265,77.932457,66.283501,76.957748,0.286617,0.291494,,,,,,,,,,,,
371488,,,,,,,,,,,66.129265,77.932457,65.897491,76.835258,0.290500,0.292829,,,,,,,,,,,,
371493,,,,,,,,,,,66.129265,77.932457,66.136177,76.723312,0.288113,0.294069,,,,,,,,,,,,
371498,,,,,,,,,,,66.129265,77.932457,66.354301,77.212456,0.285909,0.289249,,,,,,,,,,,,
371503,,,,,,,,,,,61.941700,74.723602,66.553642,77.068024,0.241579,0.258371,,,,,,,,,,,,
371508,,,,,,,,,,,61.941700,74.723602,66.735809,76.936035,0.239278,0.259469,,,,,,,,,,,,
371513,,,,,,,,,,,61.941700,74.723602,66.310844,76.815414,0.243090,0.260466,,,,,,,,,,,,
371518,,,,,,,,,,,61.941700,74.723602,65.922485,76.705177,0.246576,0.261371,,,,,,,,,,,,
371530,,,,,,,,,,,61.941700,74.723602,67.538216,78.705482,0.228727,0.239894,,,,,,,,,,,,
371533,,,,,,,,,,,61.941700,74.723602,64.678360,75.475235,0.257052,0.272122,,,,,,,,,,,,
371538,,,,,,,,,,,61.941700,74.723602,64.430603,75.480431,0.259281,0.271994,,,,,,,,,,,,
371543,,,,,,,,,,,61.941700,74.723602,64.204185,75.485176,0.261319,0.271870,,,,,,,,,,,,
371548,,,,,,,,,,,61.941700,74.723602,64.588715,75.489517,0.257209,0.271750,,,,,,,,,,,,
371553,,,,,,,,,,,61.941700,74.723602,64.348679,75.493484,0.259369,0.271634,,,,,,,,,,,,
371558,,,,,,,,,,,61.941700,74.723602,64.129318,75.497108,0.261344,0.271520,,,,,,,,,,,,
371563,,,,,,,,,,,61.941700,74.723602,64.520294,75.500420,0.257176,0.271409,,,,,,,,,,,,
371568,,,,,,,,,,,61.941700,74.723602,64.286156,74.912003,0.259283,0.277275,,,,,,,,,,,,
371573,,,,,,,,,,,61.941700,74.723602,64.072182,74.965714,0.261210,0.276713,,,,,,,,,,,,
371578,,,,,,,,,,,61.941700,74.723602,64.468079,75.014793,0.256998,0.276193,,,,,,,,,,,,
371583,,,,,,,,,,,61.941700,74.723602,64.238434,75.059647,0.259065,0.275711,,,,,,,,,,,,
371588,,,,,,,,,,,61.941700,74.723602,64.028572,75.100639,0.260955,0.275264,,,,,,,,,,,,
371593,,,,,,,,,,,61.941700,74.723602,63.836781,75.138100,0.262683,0.274848,,,,,,,,,,,,
371598,,,,,,,,,,,61.941700,74.723602,63.661510,75.172333,0.264264,0.274460,,,,,,,,,,,,
371610,,,,,,,,,,,61.941700,74.723602,65.598999,77.374367,0.243539,0.251181,,,,,,,,,,,,
371613,,,,,,,,,,,78.618019,71.105583,62.906170,74.258766,0.438802,0.245841,,,,,,,,,,,,
371618,,,,,,,,,,,78.618019,71.105583,63.402496,74.368736,0.435360,0.244415,,,,,,,,,,,,
371623,,,,,,,,,,,78.618019,71.105583,63.856075,73.877792,0.432301,0.249047,,,,,,,,,,,,
371628,,,,,,,,,,,78.618019,71.105583,64.270584,73.429131,0.429590,0.253302,,,,,,,,,,,,
371633,,,,,,,,,,,78.618019,71.105583,64.649391,73.610558,0.427199,0.251237,,,,,,,,,,,,
371638,,,,,,,,,,,78.618019,71.105583,64.995575,73.184914,0.425099,0.255285,,,,,,,,,,,,
371643,,,,,,,,,,,78.618019,71.105583,65.903389,72.795929,0.417293,0.259006,,,,,,,,,,,,
371648,,,,,,,,,,,78.618019,71.105583,66.733009,72.440453,0.410185,0.262427,,,,,,,,,,,,
371653,,,,,,,,,,,78.618019,71.105583,67.491173,72.707031,0.403716,0.259601,,,,,,,,,,,,
371658,,,,,,,,,,,78.618019,71.105583,68.184036,72.359207,0.397831,0.262954,,,,,,,,,,,,
371670,,,,,,,,,,,78.618019,71.105583,71.588982,73.403458,0.364577,0.251360,,,,,,,,,,,,
371673,,,,,,,,,,,78.618019,71.105583,68.971680,70.629875,0.391715,0.279144,,,,,,,,,,,,
371678,,,,,,,,,,,78.618019,71.105583,70.128471,70.460960,0.380996,0.280897,,,,,,,,,,,,
371683,,,,,,,,,,,78.618019,71.105583,70.594185,69.715149,0.377141,0.288495,,,,,,,,,,,,
371688,,,,,,,,,,,78.618019,71.105583,71.611229,69.625015,0.367671,0.289544,,,,,,,,,,,,
371693,,,,,,,,,,,78.618019,71.105583,71.949234,69.542648,0.364958,0.290524,,,,,,,,,,,,
371698,,,,,,,,,,,78.618019,71.105583,72.849571,69.467377,0.356532,0.291441,,,,,,,,,,,,
371703,,,,,,,,,,,79.649605,67.356682,73.672363,69.990028,0.359217,0.248462,,,,,,,,,,,,
371708,,,,,,,,,,,79.649605,67.356682,73.832840,69.284775,0.358194,0.255321,,,,,,,,,,,,
371713,,,,,,,,,,,79.649605,67.356682,74.570938,69.231712,0.351321,0.255664,,,,,,,,,,,,
371718,,,,,,,,,,,79.649605,67.356682,74.654022,69.183220,0.350990,0.255967,,,,,,,,,,,,
371730,,,,,,,,,,,79.649605,67.356682,77.482010,70.801941,0.322413,0.238488,,,,,,,,,,,,
371733,,,,,,,,,,,79.649605,67.356682,74.948586,67.660980,0.348218,0.269867,,,,,,,,,,,,
371738,,,,,,,,,,,79.649605,67.356682,75.590584,67.747772,0.342203,0.268960,,,,,,,,,,,,
371743,,,,,,,,,,,79.649605,67.356682,75.585846,67.827095,0.342657,0.268120,,,,,,,,,,,,
371748,,,,,,,,,,,79.649605,67.356682,76.172958,67.308136,0.337134,0.273314,,,,,,,,,,,,
371753,,,,,,,,,,,79.649605,67.356682,76.118057,67.425323,0.338036,0.272136,,,,,,,,,,,,
371758,,,,,,,,,,,79.649605,67.356682,76.659332,67.532417,0.332922,0.271047,,,,,,,,,,,,
371763,,,,,,,,,,,79.649605,67.356682,77.153984,67.630287,0.328225,0.270041,,,,,,,,,,,,
371768,,,,,,,,,,,79.649605,67.356682,77.606033,67.719727,0.323909,0.269110,,,,,,,,,,,,
371773,,,,,,,,,,,79.649605,67.356682,77.427704,67.801460,0.325915,0.268248,,,,,,,,,,,,
371778,,,,,,,,,,,79.649605,67.356682,77.856178,67.876152,0.321809,0.267450,,,,,,,,,,,,
371790,,,,,,,,,,,79.649605,67.356682,80.747749,69.659393,0.291978,0.248500,,,,,,,,,,,,
371793,,,,,,,,,,,79.649605,67.356682,77.341599,67.208282,0.326270,0.273026,,,,,,,,,,,,
371798,,,,,,,,,,,79.649605,67.356682,77.777489,67.334068,0.322098,0.271770,,,,,,,,,,,,
371803,,,,,,,,,,,78.074959,70.092659,77.584389,67.449020,0.308332,0.298245,,,,,,,,,,,,
371808,,,,,,,,,,,78.074959,70.092659,77.999367,67.554070,0.304190,0.297448,,,,,,,,,,,,
371813,,,,,,,,,,,78.074959,70.092659,78.378601,68.241516,0.300367,0.290759,,,,,,,,,,,,
371818,,,,,,,,,,,78.074959,70.092659,78.133728,68.278313,0.302810,0.290573,,,,,,,,,,,,
371823,,,,,,,,,,,78.074959,70.092659,78.501396,68.311935,0.299090,0.290414,,,,,,,,,,,,
371828,,,,,,,,,,,78.074959,70.092659,78.245949,68.342667,0.301628,0.290282,,,,,,,,,,,,
371833,,,,,,,,,,,78.074959,70.092659,78.012505,68.370750,0.303968,0.290173,,,,,,,,,,,,
371838,,,,,,,,,,,78.074959,70.092659,77.799164,68.396416,0.306129,0.290086,,,,,,,,,,,,
371843,,,,,,,,,,,78.074959,70.092659,77.604202,68.419868,0.308126,0.290019,,,,,,,,,,,,
371848,,,,,,,,,,,78.074959,70.092659,78.017471,69.032745,0.303999,0.283996,,,,,,,,,,,,
371853,,,,,,,,,,,78.074959,70.092659,77.803703,69.001389,0.306164,0.284419,,,,,,,,,,,,
371858,,,,,,,,,,,78.074959,70.092659,77.608345,69.564178,0.308164,0.278844,,,,,,,,,,,,
371870,,,,,,,,,,,78.074959,70.092659,79.949326,71.609665,0.283626,0.257411,,,,,,,,,,,,
371873,,,,,,,,,,,78.074959,70.092659,76.611946,68.990578,0.317146,0.283712,,,,,,,,,,,,
371878,,,,,,,,,,,78.074959,70.092659,76.519234,68.962852,0.318229,0.284102,,,,,,,,,,,,
371883,,,,,,,,,,,78.074959,70.092659,76.434509,69.528961,0.319240,0.278497,,,,,,,,,,,,
371888,,,,,,,,,,,78.074959,70.092659,76.948524,70.046310,0.314213,0.273329,,,,,,,,,,,,
371893,,,,,,,,,,,78.074959,70.092659,76.826828,69.927658,0.315554,0.274532,,,,,,,,,,,,
371898,,,,,,,,,,,78.074959,70.092659,76.715614,70.410667,0.316802,0.269670,,,,,,,,,,,,
371903,,,,,,,,,,,77.323524,71.838463,76.613976,70.260628,0.310375,0.288786,,,,,,,,,,,,
371908,,,,,,,,,,,77.323524,71.838463,76.521088,70.123512,0.311385,0.290329,,,,,,,,,,,,
371913,,,,,,,,,,,77.323524,71.838463,76.436203,70.589653,0.312322,0.285792,,,,,,,,,,,,
371918,,,,,,,,,,,77.323524,71.838463,76.358627,70.424202,0.313194,0.287588,,,,,,,,,,,,
371930,,,,,,,,,,,77.323524,71.838463,78.956558,72.868423,0.286209,0.262253,,,,,,,,,,,,
371933,,,,,,,,,,,77.323524,71.838463,75.704681,70.140923,0.318890,0.289698,,,,,,,,,,,,
371938,,,,,,,,,,,77.323524,71.838463,75.690117,70.605560,0.319199,0.285175,,,,,,,,,,,,
371943,,,,,,,,,,,77.323524,71.838463,75.676804,70.438736,0.319497,0.286983,,,,,,,,,,,,
371948,,,,,,,,,,,77.323524,71.838463,75.664635,70.877724,0.319784,0.282689,,,,,,,,,,,,
371953,,,,,,,,,,,77.323524,71.838463,75.653519,71.278908,0.320062,0.278733,,,,,,,,,,,,
371958,,,,,,,,,,,77.323524,71.838463,75.643356,71.645531,0.320332,0.275086,,,,,,,,,,,,
371963,,,,,,,,,,,77.323524,71.838463,76.225517,71.389137,0.314620,0.277695,,,,,,,,,,,,
371968,,,,,,,,,,,77.323524,71.838463,76.166092,71.746269,0.315330,0.274133,,,,,,,,,,,,
371973,,,,,,,,,,,77.323524,71.838463,76.111786,72.072639,0.315994,0.270846,,,,,,,,,,,,
371978,,,,,,,,,,,77.323524,71.838463,76.062157,71.779457,0.316617,0.273784,,,,,,,,,,,,
371990,,,,,,,,,,,77.323524,71.838463,78.117516,74.000282,0.295168,0.250446,,,,,,,,,,,,
371993,,,,,,,,,,,77.323524,71.838463,74.937904,71.175293,0.327203,0.278762,,,,,,,,,,,,
371998,,,,,,,,,,,77.323524,71.838463,74.989380,70.959396,0.326921,0.281009,,,,,,,,,,,,
372003,,,,,,,,,,,77.385536,71.685005,75.036423,70.762100,0.327306,0.281539,,,,,,,,,,,,
372008,,,,,,,,,,,77.385536,71.685005,75.079414,71.173241,0.327107,0.277479,,,,,,,,,,,,
372013,,,,,,,,,,,77.385536,71.685005,75.118706,70.957527,0.326941,0.279709,,,,,,,,,,,,
372018,,,,,,,,,,,77.385536,71.685005,75.746056,71.351837,0.320831,0.275799,,,,,,,,,,,,
372023,,,,,,,,,,,77.385536,71.685005,75.727928,71.712181,0.321178,0.272193,,,,,,,,,,,,
372028,,,,,,,,,,,77.385536,71.685005,76.302803,71.450043,0.315538,0.274838,,,,,,,,,,,,
372033,,,,,,,,,,,77.385536,71.685005,76.236717,71.801926,0.316313,0.271307,,,,,,,,,,,,
372038,,,,,,,,,,,77.385536,71.685005,76.176323,72.123505,0.317038,0.268048,,,,,,,,,,,,
372043,,,,,,,,,,,77.385536,71.685005,76.121132,72.417389,0.317716,0.265036,,,,,,,,,,,,
372048,,,,,,,,,,,77.385536,71.685005,76.070694,72.094513,0.318352,0.268224,,,,,,,,,,,,
372053,,,,,,,,,,,77.385536,71.685005,76.616051,71.799446,0.312976,0.271163,,,,,,,,,,,,
372058,,,,,,,,,,,77.385536,71.685005,76.522987,72.121239,0.313993,0.267901,,,,,,,,,,,,
372070,,,,,,,,,,,77.385536,71.685005,78.502388,74.336662,0.293235,0.244581,,,,,,,,,,,,
372073,,,,,,,,,,,77.385536,71.685005,75.289627,70.891258,0.325573,0.279114,,,,,,,,,,,,
372078,,,,,,,,,,,77.385536,71.685005,75.310806,70.699829,0.325568,0.281127,,,,,,,,,,,,
372083,,,,,,,,,,,77.385536,71.685005,75.921608,71.116333,0.319607,0.277019,,,,,,,,,,,,
372088,,,,,,,,,,,77.385536,71.685005,75.888359,70.905518,0.320089,0.279205,,,,,,,,,,,,
372093,,,,,,,,,,,77.385536,71.685005,75.857971,71.304306,0.320545,0.275255,,,,,,,,,,,,
372098,,,,,,,,,,,77.385536,71.685005,75.830200,71.077301,0.320979,0.277586,,,,,,,,,,,,
372103,,,,,,,,,,,77.030479,71.813370,76.396271,71.461288,0.311831,0.275065,,,,,,,,,,,,
372108,,,,,,,,,,,77.030479,71.813370,76.322136,71.220764,0.312643,0.277529,,,,,,,,,,,,
372113,,,,,,,,,,,77.030479,71.813370,76.254387,71.592400,0.313398,0.273835,,,,,,,,,,,,
372118,,,,,,,,,,,77.030479,71.813370,76.783920,71.340584,0.308127,0.276401,,,,,,,,,,,,
372134,,,,,,,,,,,77.030479,71.813370,84.125336,79.038788,0.232502,0.197229,,,,,,,,,,,,
372135,,,,,,,,,,,77.030479,71.813370,76.879601,72.822609,0.304974,0.259289,,,,,,,,,,,,
372138,,,,,,,,,,,77.030479,71.813370,74.398056,70.099052,0.330053,0.286696,,,,,,,,,,,,
372143,,,,,,,,,,,77.030479,71.813370,75.087479,69.975853,0.323353,0.288112,,,,,,,,,,,,
372148,,,,,,,,,,,77.030479,71.813370,75.126076,70.454712,0.323157,0.283459,,,,,,,,,,,,
372153,,,,,,,,,,,77.030479,71.813370,75.161346,70.892326,0.322991,0.279175,,,,,,,,,,,,
372158,,,,,,,,,,,77.030479,71.813370,75.785027,70.700806,0.316879,0.281202,,,,,,,,,,,,
372163,,,,,,,,,,,77.030479,71.813370,75.763542,71.117226,0.317221,0.277107,,,,,,,,,,,,
372168,,,,,,,,,,,77.030479,71.813370,75.743904,70.906334,0.317546,0.279307,,,,,,,,,,,,
372173,,,,,,,,,,,77.030479,71.813370,75.725960,71.305054,0.317856,0.275371,,,,,,,,,,,,
372178,,,,,,,,,,,77.030479,71.813370,75.709564,71.077980,0.318152,0.277715,,,,,,,,,,,,
372190,,,,,,,,,,,77.030479,71.813370,78.414490,72.873932,0.290151,0.258856,,,,,,,,,,,,
372193,,,,,,,,,,,77.030479,71.813370,75.209305,70.145958,0.322385,0.286303,,,,,,,,,,,,
372198,,,,,,,,,,,77.030479,71.813370,75.237404,70.610168,0.322284,0.281781,,,,,,,,,,,,
372203,,,,,,,,,,,76.359116,71.879692,75.854530,71.034393,0.309449,0.278287,,,,,,,,,,,,
372208,,,,,,,,,,,76.359116,71.879692,75.827057,70.830635,0.309777,0.280429,,,,,,,,,,,,
372213,,,,,,,,,,,76.359116,71.879692,75.801949,71.235870,0.310084,0.276441,,,,,,,,,,,,
372218,,,,,,,,,,,76.359116,71.879692,75.779007,71.606201,0.310371,0.272765,,,,,,,,,,,,
372223,,,,,,,,,,,76.359116,71.879692,75.758041,71.353195,0.310641,0.275348,,,,,,,,,,,,
372228,,,,,,,,,,,76.359116,71.879692,75.738876,71.713425,0.310895,0.271762,,,,,,,,,,,,
372233,,,,,,,,,,,76.359116,71.879692,75.721367,71.451180,0.311134,0.274428,,,,,,,,,,,,
372238,,,,,,,,,,,76.359116,71.879692,76.296806,71.802971,0.305385,0.270917,,,,,,,,,,,,
372250,,,,,,,,,,,76.359116,71.879692,78.313484,73.479416,0.284090,0.253140,,,,,,,,,,,,
372253,,,,,,,,,,,76.359116,71.879692,75.708443,70.699287,0.310205,0.281060,,,,,,,,,,,,
372258,,,,,,,,,,,76.359116,71.879692,75.693550,71.115837,0.310421,0.276971,,,,,,,,,,,,
372263,,,,,,,,,,,76.359116,71.879692,75.679939,71.496506,0.310625,0.273202,,,,,,,,,,,,
372268,,,,,,,,,,,76.359116,71.879692,76.258949,71.252945,0.304845,0.275700,,,,,,,,,,,,
372273,,,,,,,,,,,76.359116,71.879692,76.196640,71.030365,0.305484,0.278011,,,,,,,,,,,,
372278,,,,,,,,,,,76.359116,71.879692,76.139702,71.418396,0.306075,0.274177,,,,,,,,,,,,
372283,,,,,,,,,,,76.359116,71.879692,76.087669,71.773010,0.306623,0.270642,,,,,,,,,,,,
372288,,,,,,,,,,,76.359116,71.879692,76.040115,71.505638,0.307130,0.273353,,,,,,,,,,,,
372293,,,,,,,,,,,76.359116,71.879692,75.996658,71.852737,0.307601,0.269884,,,,,,,,,,,,
372298,,,,,,,,,,,76.359116,71.879692,75.956947,72.169937,0.308038,0.266683,,,,,,,,,,,,
372303,,,,,,,,,,,75.234276,71.186447,75.920654,71.868378,0.297084,0.262698,,,,,,,,,,,,
372308,,,,,,,,,,,75.234276,71.186447,75.887489,72.184235,0.297350,0.259440,,,,,,,,,,,,
372313,,,,,,,,,,,75.234276,71.186447,76.448624,71.881439,0.291618,0.262398,,,,,,,,,,,,
372318,,,,,,,,,,,75.234276,71.186447,76.369980,71.604721,0.292291,0.265124,,,,,,,,,,,,
372331,,,,,,,,,,,75.234276,71.186447,79.455605,74.935356,0.259841,0.230361,,,,,,,,,,,,
372333,,,,,,,,,,,75.234276,71.186447,74.977859,70.255493,0.304644,0.277253,,,,,,,,,,,,
372338,,,,,,,,,,,75.234276,71.186447,74.434448,70.710266,0.310158,0.272753,,,,,,,,,,,,
372343,,,,,,,,,,,75.234276,71.186447,74.529289,70.534424,0.309280,0.274577,,,,,,,,,,,,
372348,,,,,,,,,,,75.234276,71.186447,74.615959,70.965172,0.308476,0.270291,,,,,,,,,,,,
372353,,,,,,,,,,,75.234276,71.186447,75.286613,70.767372,0.301764,0.272311,,,,,,,,,,,,
372358,,,,,,,,,,,75.234276,71.186447,75.308052,71.178055,0.301542,0.268205,,,,,,,,,,,,
372363,,,,,,,,,,,75.234276,71.186447,75.327644,70.961922,0.301337,0.270389,,,,,,,,,,,,
372368,,,,,,,,,,,75.234276,71.186447,75.345551,70.764404,0.301147,0.272406,,,,,,,,,,,,
372373,,,,,,,,,,,75.234276,71.186447,75.361916,71.175346,0.300970,0.268298,,,,,,,,,,,,
372378,,,,,,,,,,,75.234276,71.186447,75.376869,70.959450,0.300806,0.270480,,,,,,,,,,,,
372390,,,,,,,,,,,75.234276,71.186447,77.004692,73.315445,0.283448,0.245803,,,,,,,,,,,,
372393,,,,,,,,,,,75.234276,71.186447,73.920929,69.957993,0.314417,0.279500,,,,,,,,,,,,
372398,,,,,,,,,,,75.234276,71.186447,74.059998,70.438393,0.313144,0.274771,,,,,,,,,,,,
372403,,,,,,,,,,,73.703987,69.662788,73.595642,70.285965,0.302496,0.260997,,,,,,,,,,,,
372408,,,,,,,,,,,73.703987,69.662788,73.762726,70.146667,0.300819,0.262341,,,,,,,,,,,,
372413,,,,,,,,,,,73.703987,69.662788,73.915421,70.019371,0.299271,0.263578,,,,,,,,,,,,
372418,,,,,,,,,,,73.703987,69.662788,74.054962,69.903038,0.297840,0.264718,,,,,,,,,,,,
372423,,,,,,,,,,,73.703987,69.662788,74.182487,70.388168,0.296517,0.259794,,,,,,,,,,,,
372428,,,,,,,,,,,73.703987,69.662788,74.299026,70.240067,0.295292,0.261217,,,,,,,,,,,,
372433,,,,,,,,,,,73.703987,69.662788,73.814087,70.104721,0.300131,0.262526,,,,,,,,,,,,
372438,,,,,,,,,,,73.703987,69.662788,73.962357,69.981033,0.298622,0.263731,,,,,,,,,,,,
372450,,,,,,,,,,,73.703987,69.662788,76.363853,72.498322,0.273355,0.237308,,,,,,,,,,,,
372453,,,,,,,,,,,73.703987,69.662788,73.335289,69.211250,0.303678,0.270224,,,,,,,,,,,,
372458,,,,,,,,,,,73.703987,69.662788,73.524796,69.755966,0.301801,0.264768,,,,,,,,,,,,
372463,,,,,,,,,,,73.703987,69.662788,73.697983,69.662315,0.300070,0.265704,,,,,,,,,,,,
372468,,,,,,,,,,,73.703987,69.662788,73.264809,69.576736,0.304445,0.266569,,,,,,,,,,,,
372473,,,,,,,,,,,73.703987,69.662788,73.460388,70.089973,0.302514,0.261393,,,,,,,,,,,,
372478,,,,,,,,,,,73.703987,69.662788,73.639122,69.967560,0.300733,0.262587,,,,,,,,,,,,
372483,,,,,,,,,,,73.703987,69.662788,73.802460,70.447136,0.299090,0.257713,,,,,,,,,,,,
372488,,,,,,,,,,,73.703987,69.662788,73.951729,70.293961,0.297572,0.259182,,,,,,,,,,,,
372493,,,,,,,,,,,73.703987,69.662788,73.496696,70.153976,0.302143,0.260532,,,,,,,,,,,,
372498,,,,,,,,,,,73.703987,69.662788,73.672302,70.026047,0.300390,0.261775,,,,,,,,,,,,
372503,,,,,,,,,,,71.909882,67.342987,73.832787,69.909134,0.280652,0.239490,,,,,,,,,,,,
372508,,,,,,,,,,,71.909882,67.342987,73.979446,69.802292,0.278979,0.240312,,,,,,,,,,,,
372513,,,,,,,,,,,71.909882,67.342987,74.113472,69.704659,0.277418,0.241052,,,,,,,,,,,,
372518,,,,,,,,,,,71.909882,67.342987,73.644508,69.615433,0.281934,0.241717,,,,,,,,,,,,
372530,,,,,,,,,,,71.909882,67.342987,75.017395,71.162910,0.266877,0.224873,,,,,,,,,,,,
372533,,,,,,,,,,,71.909882,67.342987,72.104797,67.990860,0.295983,0.256528,,,,,,,,,,,,
372538,,,,,,,,,,,71.909882,67.342987,71.808846,68.049240,0.298953,0.255874,,,,,,,,,,,,
372543,,,,,,,,,,,71.909882,67.342987,72.129829,68.102592,0.295721,0.255264,,,,,,,,,,,,
372548,,,,,,,,,,,71.909882,67.342987,72.423164,68.151352,0.292736,0.254696,,,,,,,,,,,,
372553,,,,,,,,,,,71.909882,67.342987,72.099792,68.195908,0.295951,0.254165,,,,,,,,,,,,
372558,,,,,,,,,,,71.909882,67.342987,72.395714,68.236626,0.292943,0.253669,,,,,,,,,,,,
372563,,,,,,,,,,,71.909882,67.342987,72.666153,68.273842,0.290163,0.253203,,,,,,,,,,,,
372568,,,,,,,,,,,71.909882,67.342987,72.321854,68.307854,0.293565,0.252767,,,,,,,,,,,,
372573,,,,,,,,,,,71.909882,67.342987,72.598648,68.338936,0.290728,0.252356,,,,,,,,,,,,
372578,,,,,,,,,,,71.909882,67.342987,72.851608,68.367340,0.288105,0.251970,,,,,,,,,,,,
372590,,,,,,,,,,,71.909882,67.342987,74.946640,69.580055,0.265905,0.238804,,,,,,,,,,,,
372593,,,,,,,,,,,71.909882,67.342987,72.040138,67.135780,0.294957,0.263268,,,,,,,,,,,,
372598,,,,,,,,,,,71.909882,67.342987,72.341202,66.676369,0.291904,0.267929,,,,,,,,,,,,
372603,,,,,,,,,,,69.508858,64.679718,72.024887,66.847969,0.270805,0.239363,,,,,,,,,,,,
372608,,,,,,,,,,,69.508858,64.679718,72.327263,67.004791,0.267499,0.237562,,,,,,,,,,,,
372613,,,,,,,,,,,69.508858,64.679718,72.012146,67.148102,0.270400,0.235882,,,,,,,,,,,,
372618,,,,,,,,,,,69.508858,64.679718,71.724174,66.687630,0.273058,0.240286,,,,,,,,,,,,
372623,,,,,,,,,,,69.508858,64.679718,71.461006,66.858261,0.275495,0.238362,,,,,,,,,,,,
372628,,,,,,,,,,,69.508858,64.679718,71.220505,66.422752,0.277729,0.242543,,,,,,,,,,,,
372633,,,,,,,,,,,69.508858,64.679718,71.592163,66.616196,0.273804,0.240415,,,,,,,,,,,,
372638,,,,,,,,,,,69.508858,64.679718,71.340363,66.201530,0.276139,0.244409,,,,,,,,,,,,
372650,,,,,,,,,,,69.508858,64.679718,73.093063,68.260826,0.257206,0.222457,,,,,,,,,,,,
372653,,,,,,,,,,,69.508858,64.679718,70.346214,65.338730,0.284591,0.251612,,,,,,,,,,,,
372658,,,,,,,,,,,69.508858,64.679718,70.201729,65.625542,0.285966,0.248649,,,,,,,,,,,,
372663,,,,,,,,,,,69.508858,64.679718,70.069687,65.296204,0.287230,0.251881,,,,,,,,,,,,
372668,,,,,,,,,,,69.508858,64.679718,70.540466,65.586678,0.282419,0.248885,,,,,,,,,,,,
372673,,,,,,,,,,,69.508858,64.679718,70.379250,65.852135,0.283945,0.246114,,,,,,,,,,,,
372678,,,,,,,,,,,69.508858,64.679718,70.231918,65.503281,0.285346,0.249520,,,,,,,,,,,,
372683,,,,,,,,,,,69.508858,64.679718,70.688721,65.775917,0.280660,0.246684,,,,,,,,,,,,
372688,,,,,,,,,,,69.508858,64.679718,70.514732,65.433624,0.282299,0.250031,,,,,,,,,,,,
372693,,,,,,,,,,,69.508858,64.679718,70.355736,65.712265,0.283804,0.247142,,,,,,,,,,,,
372698,,,,,,,,,,,69.508858,64.679718,70.210434,65.375458,0.285187,0.250440,,,,,,,,,,,,
372710,,,,,,,,,,,69.508858,64.679718,72.200340,67.081360,0.264134,0.232333,,,,,,,,,,,,
372713,,,,,,,,,,,67.507698,62.061085,69.530380,64.852295,0.270620,0.228158,,,,,,,,,,,,
372718,,,,,,,,,,,67.507698,62.061085,69.456161,64.589554,0.271167,0.230533,,,,,,,,,,,,
372723,,,,,,,,,,,67.507698,62.061085,69.388336,64.349449,0.271657,0.232705,,,,,,,,,,,,
372728,,,,,,,,,,,67.507698,62.061085,69.326355,64.130020,0.272095,0.234693,,,,,,,,,,,,
372733,,,,,,,,,,,67.507698,62.061085,69.269707,64.520935,0.272485,0.230538,,,,,,,,,,,,
372738,,,,,,,,,,,67.507698,62.061085,69.217941,64.286736,0.272832,0.232657,,,,,,,,,,,,
372743,,,,,,,,,,,67.507698,62.061085,68.579193,64.072708,0.279112,0.234596,,,,,,,,,,,,
372748,,,,,,,,,,,67.507698,62.061085,68.586899,63.877117,0.278927,0.236370,,,,,,,,,,,,
372753,,,,,,,,,,,67.507698,62.061085,68.593941,63.698372,0.278748,0.237994,,,,,,,,,,,,
372758,,,,,,,,,,,67.507698,62.061085,68.600380,63.535023,0.278575,0.239480,,,,,,,,,,,,
372763,,,,,,,,,,,67.507698,62.061085,68.014816,63.385742,0.284380,0.240840,,,,,,,,,,,,
372768,,,,,,,,,,,67.507698,62.061085,68.071136,63.840763,0.283760,0.236112,,,,,,,,,,,,
372773,,,,,,,,,,,67.507698,62.061085,68.122604,63.665150,0.283184,0.237708,,,,,,,,,,,,
372778,,,,,,,,,,,67.507698,62.061085,68.761086,63.504662,0.276674,0.239169,,,,,,,,,,,,
372789,,,,,,,,,,,67.507698,62.061085,69.857956,64.387009,0.264577,0.229273,,,,,,,,,,,,
372793,,,,,,,,,,,67.507698,62.061085,67.981194,62.390011,0.283297,0.249210,,,,,,,,,,,,
372798,,,,,,,,,,,67.507698,62.061085,67.448967,62.339352,0.288625,0.249689,,,,,,,,,,,,
372803,,,,,,,,,,,0.000000,0.000000,67.554024,62.293053,-0.394258,-0.376688,,,,,,,,,,,,
372808,,,,,,,,,,,0.000000,0.000000,66.467140,61.067852,-0.390036,-0.370543,,,,,,,,,,,,
372813,,,,,,,,,,,0.000000,0.000000,62.516647,56.990955,-0.356783,-0.335473,,,,,,,,,,,,
372818,,,,,,,,,,,0.000000,0.000000,57.723522,52.082314,-0.314624,-0.291595,,,,,,,,,,,,
372823,,,,,,,,,,,0.000000,0.000000,52.751785,47.005009,-0.270181,-0.245522,,,,,,,,,,,,
372828,,,,,,,,,,,0.000000,0.000000,47.616817,42.365013,-0.223593,-0.203359,,,,,,,,,,,,
372833,,,,,,,,,,,0.000000,0.000000,43.515572,38.716106,-0.186933,-0.170741,,,,,,,,,,,,
372838,,,,,,,,,,,0.000000,0.000000,39.767567,35.381481,-0.153429,-0.140933,,,,,,,,,,,,
372850,,,,,,,,,,,0.000000,0.000000,33.212200,29.549129,-0.094831,-0.088798,,,,,,,,,,,,
372853,,,,,,,,,,,0.000000,0.000000,30.351627,27.004057,-0.069261,-0.066048,,,,,,,,,,,,
372858,,,,,,,,,,,0.000000,0.000000,27.145990,24.086746,-0.039919,-0.039283,,,,,,,,,,,,
372863,,,,,,,,,,,0.000000,0.000000,24.807901,22.012150,-0.019019,-0.020739,,,,,,,,,,,,
372868,,,,,,,,,,,0.000000,0.000000,22.671192,19.524794,0.000081,0.002182,,,,,,,,,,,,
372873,,,,,,,,,,,0.000000,0.000000,20.718517,17.843119,0.017536,0.017215,,,,,,,,,,,,
372878,,,,,,,,,,,0.000000,0.000000,18.934027,16.306288,0.033488,0.030952,,,,,,,,,,,,
372883,,,,,,,,,,,0.000000,0.000000,17.894680,15.493269,0.042092,0.037533,,,,,,,,,,,,
372888,,,,,,,,,,,0.000000,0.000000,18.127743,15.933166,0.037948,0.031541,,,,,,,,,,,,
372893,,,,,,,,,,,0.000000,0.000000,20.115067,17.518063,0.016064,0.013940,,,,,,,,,,,,
372898,,,,,,,,,,,0.000000,0.000000,21.339775,18.375008,0.001683,0.003533,,,,,,,,,,,,
372910,,,,,,,,,,,0.000000,0.000000,22.197054,18.589056,-0.011474,-0.002500,,,,,,,,,,,,
372913,,,,,,,,,,,0.000000,0.000000,20.876661,17.579422,-0.000358,0.005838,,,,,,,,,,,,
372918,,,,,,,,,,,0.000000,0.000000,19.669994,16.656748,0.009742,0.013399,,,,,,,,,,,,
372923,,,,,,,,,,,0.000000,0.000000,18.567259,15.222098,0.018912,0.026224,,,,,,,,,,,,
372928,,,,,,,,,,,0.000000,0.000000,17.559502,14.502460,0.027234,0.031970,,,,,,,,,,,,
372933,,,,,,,,,,,0.000000,0.000000,17.229988,14.436251,0.028806,0.031188,,,,,,,,,,,,
372938,,,,,,,,,,,0.000000,0.000000,18.111746,14.967188,0.018177,0.024382,,,,,,,,,,,,
372943,,,,,,,,,,,0.000000,0.000000,18.326113,15.452395,0.014201,0.017985,,,,,,,,,,,,
372948,,,,,,,,,,,0.000000,0.000000,18.522015,15.895812,0.010390,0.011961,,,,,,,,,,,,
372953,,,,,,,,,,,0.000000,0.000000,18.701044,15.709592,0.006729,0.012252,,,,,,,,,,,,
372958,,,,,,,,,,,0.000000,0.000000,18.273209,15.539412,0.009181,0.012400,,,,,,,,,,,,
372963,,,,,,,,,,,0.000000,0.000000,18.473667,15.383888,0.005329,0.012417,,,,,,,,,,,,
372968,,,,,,,,,,,0.000000,0.000000,18.656860,15.833205,0.001631,0.006341,,,,,,,,,,,,
372973,,,,,,,,,,,0.000000,0.000000,18.232830,15.652378,0.004048,0.006584,,,,,,,,,,,,
372978,,,,,,,,,,,0.000000,0.000000,18.436768,15.487125,0.000165,0.006687,,,,,,,,,,,,
372990,,,,,,,,,,,0.000000,0.000000,18.100132,15.096210,-0.000259,0.007435,,,,,,,,,,,,
372993,,,,,,,,,,,0.000000,0.000000,17.132608,14.387416,0.007703,0.013084,,,,,,,,,,,,
372998,,,,,,,,,,,0.000000,0.000000,16.248419,13.739670,0.014920,0.018188,,,,,,,,,,,,
373003,,,,,,,,,,,0.000000,0.000000,16.031830,13.147715,0.015482,0.022792,,,,,,,,,,,,
373008,,,,,,,,,,,0.000000,0.000000,15.833895,13.198189,0.015878,0.020968,,,,,,,,,,,,
373013,,,,,,,,,,,0.000000,0.000000,15.061563,12.652871,0.022096,0.025156,,,,,,,,,,,,
373018,,,,,,,,,,,0.000000,0.000000,14.355753,12.154522,0.027718,0.028924,,,,,,,,,,,,
373023,,,,,,,,,,,0.000000,0.000000,13.710733,11.699096,0.032797,0.032308,,,,,,,,,,,,
373028,,,,,,,,,,,0.000000,0.000000,13.121270,11.282895,0.037380,0.035342,,,,,,,,,,,,
373033,,,,,,,,,,,0.000000,0.000000,12.582578,10.902542,0.041508,0.038055,,,,,,,,,,,,
373038,,,,,,,,,,,0.000000,0.000000,12.090282,9.963504,0.045222,0.046449,,,,,,,,,,,,
373050,,,,,,,,,,,0.000000,0.000000,11.178303,9.402107,0.052001,0.050094,,,,,,,,,,,,
373053,,,,,,,,,,,0.000000,0.000000,10.215513,9.183746,0.060607,0.051359,,,,,,,,,,,,
373058,,,,,,,,,,,0.000000,0.000000,9.335649,8.984193,0.068473,0.052457,,,,,,,,,,,,
373063,,,,,,,,,,,0.000000,0.000000,9.123013,8.801827,0.069687,0.053400,,,,,,,,,,,,
373068,,,,,,,,,,,0.000000,0.000000,8.928691,8.635169,0.070737,0.054203,,,,,,,,,,,,
373073,,,,,,,,,,,0.000000,0.000000,8.159661,8.482865,0.077611,0.054878,,,,,,,,,,,,
373078,,,,,,,,,,,0.000000,0.000000,8.048313,8.343679,0.077920,0.055435,,,,,,,,,,,,
373083,,,,,,,,,,,0.000000,0.000000,7.946555,8.216481,0.078143,0.055886,,,,,,,,,,,,
373088,,,,,,,,,,,0.000000,0.000000,7.262117,8.100239,0.084261,0.056238,,,,,,,,,,,,
373093,,,,,,,,,,,0.000000,0.000000,7.228074,7.402564,0.083879,0.062475,,,,,,,,,,,,
373098,,,,,,,,,,,0.000000,0.000000,7.196963,7.356424,0.083470,0.062200,,,,,,,,,,,,
373110,,,,,,,,,,,0.000000,0.000000,6.551105,7.224784,0.088557,0.062004,,,,,,,,,,,,
373113,,,,,,,,,,,0.000000,0.000000,5.986857,6.602512,0.093600,0.067566,,,,,,,,,,,,
373118,,,,,,,,,,,0.000000,0.000000,6.062653,6.625281,0.092236,0.066676,,,,,,,,,,,,
373123,,,,,,,,,,,0.000000,0.000000,5.540475,6.646089,0.096904,0.065803,,,,,,,,,,,,
373128,,,,,,,,,,,0.000000,0.000000,5.063273,6.665105,0.101170,0.064946,,,,,,,,,,,,
373133,,,,,,,,,,,0.000000,0.000000,5.218617,6.682483,0.099094,0.064104,,,,,,,,,,,,
373138,,,,,,,,,,,0.000000,0.000000,5.360581,6.698364,0.097139,0.063276,,,,,,,,,,,,
373143,,,,,,,,,,,0.000000,0.000000,5.490318,6.121432,0.095292,0.068433,,,,,,,,,,,,
373148,,,,,,,,,,,0.000000,0.000000,5.608881,6.185637,0.093546,0.067172,,,,,,,,,,,,
373153,,,,,,,,,,,0.000000,0.000000,6.308677,6.244312,0.085917,0.065961,,,,,,,,,,,,
373158,,,,,,,,,,,0.000000,0.000000,5.765309,6.297933,0.090774,0.064795,,,,,,,,,,,,
373170,,,,,,,,,,,0.000000,0.000000,5.895951,6.881280,0.088233,0.057521,,,,,,,,,,,,
373173,,,,,,,,,,,0.000000,0.000000,5.388132,6.288594,0.092772,0.062819,,,,,,,,,,,,
373178,,,,,,,,,,,0.000000,0.000000,6.106940,6.338401,0.084973,0.061687,,,,,,,,,,,,
373183,,,,,,,,,,,0.000000,0.000000,5.580948,5.792473,0.089675,0.066567,,,,,,,,,,,,
373188,,,,,,,,,,,0.000000,0.000000,5.691705,5.885011,0.087999,0.065053,,,,,,,,,,,,
373193,,,,,,,,,,,0.000000,0.000000,5.201478,5.378134,0.092381,0.069584,,,,,,,,,,,,
373198,,,,,,,,,,,0.000000,0.000000,4.753473,5.506359,0.096385,0.067751,,,,,,,,,,,,
373203,,,,,,,,,,,0.000000,0.000000,4.935501,5.623540,0.094072,0.066017,,,,,,,,,,,,
373208,,,,,,,,,,,0.000000,0.000000,4.510405,5.139183,0.097871,0.070346,,,,,,,,,,,,
373213,,,,,,,,,,,0.000000,0.000000,4.713368,5.287989,0.095370,0.068330,,,,,,,,,,,,
373218,,,,,,,,,,,0.000000,0.000000,4.898849,4.832533,0.093026,0.072401,,,,,,,,,,,,
373223,,,,,,,,,,,0.000000,0.000000,5.068356,5.007751,0.090824,0.070148,,,,,,,,,,,,
373228,,,,,,,,,,,0.000000,0.000000,5.223262,5.167877,0.088753,0.068030,,,,,,,,,,,,
373233,,,,,,,,,,,0.000000,0.000000,4.773381,5.314212,0.092774,0.066035,,,,,,,,,,,,
373238,,,,,,,,,,,0.000000,0.000000,4.362249,5.447943,0.096449,0.064153,,,,,,,,,,,,
373249,,,,,,,,,,,0.000000,0.000000,5.169417,5.570155,0.087860,0.062374,,,,,,,,,,,,
373250,,,,,,,,,,,0.000000,0.000000,4.724174,5.090396,0.091840,0.066662,,,,,,,,,,,,
373253,,,,,,,,,,,0.000000,0.000000,4.317280,5.243404,0.095478,0.064608,,,,,,,,,,,,
373258,,,,,,,,,,,0.000000,0.000000,4.536877,5.383234,0.092828,0.062671,,,,,,,,,,,,
373263,,,,,,,,,,,0.000000,0.000000,4.737559,4.919575,0.090347,0.066816,,,,,,,,,,,,
373268,,,,,,,,,,,0.000000,0.000000,4.920957,5.087296,0.088021,0.064630,,,,,,,,,,,,
373273,,,,,,,,,,,0.000000,0.000000,4.497114,5.240571,0.091810,0.062573,,,,,,,,,,,,
373278,,,,,,,,,,,0.000000,0.000000,4.701221,5.380644,0.089299,0.060634,,,,,,,,,,,,
373283,,,,,,,,,,,0.000000,0.000000,4.887749,5.508653,0.086945,0.058804,,,,,,,,,,,,
373288,,,,,,,,,,,0.000000,0.000000,4.466766,5.034191,0.090708,0.063045,,,,,,,,,,,,
373293,,,,,,,,,,,0.000000,0.000000,4.673488,5.192040,0.088173,0.060947,,,,,,,,,,,,
373298,,,,,,,,,,,0.000000,0.000000,4.270959,5.336293,0.091772,0.058971,,,,,,,,,,,,
373323,,,,,,,,,,,0.000000,0.000000,4.372474,5.051533,0.088117,0.058770,,,,,,,,,,,,
373328,,,,,,,,,,,0.000000,0.000000,3.995872,4.616444,0.091484,0.062659,,,,,,,,,,,,
373333,,,,,,,,,,,0.000000,0.000000,3.651706,4.810273,0.094560,0.060239,,,,,,,,,,,,
373338,,,,,,,,,,,0.000000,0.000000,3.928629,4.987408,0.091398,0.057969,,,,,,,,,,,,
373343,,,,,,,,,,,0.000000,0.000000,4.181700,4.557842,0.088449,0.061809,,,,,,,,,,,,
373348,,,,,,,,,,,0.000000,0.000000,4.412974,4.756719,0.085695,0.059345,,,,,,,,,,,,
373353,,,,,,,,,,,0.000000,0.000000,4.032884,4.938467,0.089093,0.057033,,,,,,,,,,,,
373358,,,,,,,,,,,0.000000,0.000000,4.276976,5.104560,0.086224,0.054862,,,,,,,,,,,,
373370,,,,,,,,,,,0.000000,0.000000,3.571950,4.803618,0.092527,0.056866,,,,,,,,,,,,
373373,,,,,,,,,,,0.000000,0.000000,3.264298,4.389882,0.095277,0.060564,,,,,,,,,,,,
373378,,,,,,,,,,,0.000000,0.000000,3.574588,4.603225,0.091816,0.057970,,,,,,,,,,,,
373383,,,,,,,,,,,0.000000,0.000000,3.858153,4.798193,0.088595,0.055541,,,,,,,,,,,,
373388,,,,,,,,,,,0.000000,0.000000,4.117294,4.976369,0.085592,0.053261,,,,,,,,,,,,
373393,,,,,,,,,,,0.000000,0.000000,3.762671,4.547753,0.088762,0.057093,,,,,,,,,,,,
373398,,,,,,,,,,,0.000000,0.000000,3.438591,4.747499,0.091659,0.054620,,,,,,,,,,,,
373403,,,,,,,,,,,0.000000,0.000000,3.733869,4.338596,0.088332,0.058276,,,,,,,,,,,,
373408,,,,,,,,,,,0.000000,0.000000,3.412270,4.556357,0.091207,0.055642,,,,,,,,,,,,
373413,,,,,,,,,,,0.000000,0.000000,3.118371,4.755362,0.093834,0.053177,,,,,,,,,,,,
373418,,,,,,,,,,,0.000000,0.000000,3.441230,4.345782,0.090262,0.056838,,,,,,,,,,,,
373430,,,,,,,,,,,0.000000,0.000000,3.954978,4.710422,0.084296,0.052205,,,,,,,,,,,,
373433,,,,,,,,,,,0.000000,0.000000,3.614335,4.304712,0.087341,0.055832,,,,,,,,,,,,
373438,,,,,,,,,,,0.000000,0.000000,3.303032,4.525391,0.090124,0.053172,,,,,,,,,,,,
373443,,,,,,,,,,,0.000000,0.000000,3.609986,4.135618,0.086693,0.056657,,,,,,,,,,,,
373448,,,,,,,,,,,0.000000,0.000000,3.299057,4.370862,0.089472,0.053867,,,,,,,,,,,,
373453,,,,,,,,,,,0.000000,0.000000,3.014909,3.994398,0.092012,0.057232,,,,,,,,,,,,
373458,,,,,,,,,,,0.000000,0.000000,3.346679,4.241805,0.088360,0.054334,,,,,,,,,,,,
373463,,,,,,,,,,,0.000000,0.000000,3.649873,4.467902,0.084963,0.051626,,,,,,,,,,,,
373468,,,,,,,,,,,0.000000,0.000000,3.335509,4.083081,0.087773,0.055066,,,,,,,,,,,,
373473,,,,,,,,,,,0.000000,0.000000,3.639666,4.322849,0.084368,0.052236,,,,,,,,,,,,
373478,,,,,,,,,,,0.000000,0.000000,3.326181,4.541966,0.087170,0.049591,,,,,,,,,,,,
373483,,,,,,,,,,,0.000000,0.000000,3.039696,4.150766,0.089731,0.053088,,,,,,,,,,,,
373488,,,,,,,,,,,0.000000,0.000000,3.369331,4.384705,0.086097,0.050310,,,,,,,,,,,,
373493,,,,,,,,,,,0.000000,0.000000,3.079130,4.007049,0.088692,0.053686,,,,,,,,,,,,
373498,,,,,,,,,,,0.000000,0.000000,2.813924,4.253366,0.091062,0.050797,,,,,,,,,,,,
373510,,,,,,,,,,,0.000000,0.000000,3.431078,4.092736,0.084172,0.051546,,,,,,,,,,,,
