ts,x,y,yaw,x_des,y_des,yaw_des,v_ff,w_ff,v_actual,w_actual,omega_l_cmd,omega_r_cmd,omega_l_meas,omega_r_meas,duty_l,duty_r,x_err,y_err,yaw_err,x_raw,y_raw,yaw_raw,acc_x,acc_y,acc_z,gyro_x,gyro_y,gyro_z
60104,,,,,,,,,,,0.000000,0.000000,0.000000,0.000000,0.000000,0.000000,,,,,,,,,,,,
60109,,,,,,,,,,,0.000000,0.000000,0.000000,0.000000,0.000000,0.000000,,,,,,,,,,,,
60114,,,,,,,,,,,0.000000,0.000000,0.000000,0.000000,0.000000,0.000000,,,,,,,,,,,,
60119,,,,,,,,,,,0.000000,0.000000,0.000000,0.000000,0.000000,0.000000,,,,,,,,,,,,
60124,,,,,,,,,,,0.000000,0.000000,0.000000,0.000000,0.000000,0.000000,,,,,,,,,,,,
60129,,,,,,,,,,,0.000000,0.000000,0.000000,0.000000,0.000000,0.000000,,,,,,,,,,,,
60134,,,,,,,,,,,0.000000,0.000000,0.000000,0.000000,0.000000,0.000000,,,,,,,,,,,,
60139,,,,,,,,,,,0.000000,0.000000,0.000000,0.000000,0.000000,0.000000,,,,,,,,,,,,
60144,,,,,,,,,,,0.000000,0.000000,0.000000,0.000000,0.000000,0.000000,,,,,,,,,,,,
60149,,,,,,,,,,,0.000000,0.000000,0.000000,0.000000,0.000000,0.000000,,,,,,,,,,,,
60154,,,,,,,,,,,0.000000,0.000000,0.000000,0.000000,0.000000,0.000000,,,,,,,,,,,,
60159,,,,,,,,,,,0.000000,0.000000,0.000000,0.000000,0.000000,0.000000,,,,,,,,,,,,
60164,,,,,,,,,,,0.000000,0.000000,0.000000,0.000000,0.000000,0.000000,,,,,,,,,,,,
60169,,,,,,,,,,,0.000000,0.000000,0.000000,0.000000,0.000000,0.000000,,,,,,,,,,,,
60174,,,,,,,,,,,0.000000,0.000000,0.000000,0.000000,0.000000,0.000000,,,,,,,,,,,,
60179,,,,,,,,,,,0.000000,0.000000,0.000000,0.000000,0.000000,0.000000,,,,,,,,,,,,
60184,,,,,,,,,,,0.000000,0.000000,0.000000,0.000000,0.000000,0.000000,,,,,,,,,,,,
60189,,,,,,,,,,,0.000000,0.000000,0.000000,0.000000,0.000000,0.000000,,,,,,,,,,,,
60194,,,,,,,,,,,0.000000,0.000000,0.000000,0.000000,0.000000,0.000000,,,,,,,,,,,,
60199,,,,,,,,,,,0.000000,0.000000,0.000000,0.000000,0.000000,0.000000,,,,,,,,,,,,
60204,,,,,,,,,,,0.000000,0.000000,0.000000,0.000000,0.000000,0.000000,,,,,,,,,,,,
60209,,,,,,,,,,,0.000000,0.000000,0.000000,0.000000,0.000000,0.000000,,,,,,,,,,,,
60214,,,,,,,,,,,0.000000,0.000000,0.000000,0.000000,0.000000,0.000000,,,,,,,,,,,,
60219,,,,,,,,,,,0.000000,0.000000,0.000000,0.000000,0.000000,0.000000,,,,,,,,,,,,
60224,,,,,,,,,,,0.000000,0.000000,0.000000,0.000000,0.000000,0.000000,,,,,,,,,,,,
60229,,,,,,,,,,,0.000000,0.000000,0.000000,0.000000,0.000000,0.000000,,,,,,,,,,,,
60234,,,,,,,,,,,0.000000,0.000000,0.000000,0.000000,0.000000,0.000000,,,,,,,,,,,,
60239,,,,,,,,,,,0.000000,0.000000,0.000000,0.000000,0.000000,0.000000,,,,,,,,,,,,
60244,,,,,,,,,,,0.000000,0.000000,0.000000,0.000000,0.000000,0.000000,,,,,,,,,,,,
60249,,,,,,,,,,,0.000000,0.000000,0.000000,0.000000,0.000000,0.000000,,,,,,,,,,,,
60254,,,,,,,,,,,0.000000,0.000000,0.000000,0.000000,0.000000,0.000000,,,,,,,,,,,,
60259,,,,,,,,,,,0.000000,0.000000,0.000000,0.000000,0.000000,0.000000,,,,,,,,,,,,
60264,,,,,,,,,,,0.000000,0.000000,0.000000,0.000000,0.000000,0.000000,,,,,,,,,,,,
60269,,,,,,,,,,,0.000000,0.000000,0.000000,0.000000,0.000000,0.000000,,,,,,,,,,,,
60274,,,,,,,,,,,0.000000,0.000000,0.000000,0.000000,0.000000,0.000000,,,,,,,,,,,,
60279,,,,,,,,,,,0.000000,0.000000,0.000000,0.000000,0.000000,0.000000,,,,,,,,,,,,
60284,,,,,,,,,,,0.000000,0.000000,0.000000,0.000000,0.000000,0.000000,,,,,,,,,,,,
60289,,,,,,,,,,,0.000000,0.000000,0.000000,0.000000,0.000000,0.000000,,,,,,,,,,,,
60294,,,,,,,,,,,0.000000,0.000000,0.000000,0.000000,0.000000,0.000000,,,,,,,,,,,,
60299,,,,,,,,,,,0.000000,0.000000,0.000000,0.000000,0.000000,0.000000,,,,,,,,,,,,
60304,,,,,,,,,,,0.000000,0.000000,0.000000,0.000000,0.000000,0.000000,,,,,,,,,,,,
60309,,,,,,,,,,,0.000000,0.000000,0.000000,0.000000,0.000000,0.000000,,,,,,,,,,,,
60314,,,,,,,,,,,0.000000,0.000000,,,0.000000,0.000000,,,,,,,,,,,,
60637,,,,,,,,,,,0.000000,0.000000,0.000000,0.000000,0.000000,0.000000,,,,,,,,,,,,
60645,,,,,,,,,,,0.000000,0.000000,0.000000,0.000000,0.000000,0.000000,,,,,,,,,,,,
60650,,,,,,,,,,,0.000000,0.000000,0.000000,0.000000,0.000000,0.000000,,,,,,,,,,,,
60654,,,,,,,,,,,0.000000,0.000000,0.000000,0.000000,0.000000,0.000000,,,,,,,,,,,,
60659,,,,,,,,,,,0.000000,0.000000,0.000000,0.000000,0.000000,0.000000,,,,,,,,,,,,
60664,,,,,,,,,,,0.000000,0.000000,0.000000,0.000000,0.000000,0.000000,,,,,,,,,,,,
60669,,,,,,,,,,,0.000000,0.000000,0.000000,0.000000,0.000000,0.000000,,,,,,,,,,,,
60674,,,,,,,,,,,0.000000,0.000000,0.000000,0.000000,0.000000,0.000000,,,,,,,,,,,,
60679,,,,,,,,,,,0.000000,0.000000,0.000000,0.000000,0.000000,0.000000,,,,,,,,,,,,
60684,,,,,,,,,,,0.000000,0.000000,0.000000,0.000000,0.000000,0.000000,,,,,,,,,,,,
60696,,,,,,,,,,,0.000000,0.000000,0.000000,0.000000,0.000000,0.000000,,,,,,,,,,,,
60699,,,,,,,,,,,0.000000,0.000000,0.000000,0.000000,0.000000,0.000000,,,,,,,,,,,,
60704,,,,,,,,,,,0.000000,0.000000,0.000000,0.000000,0.000000,0.000000,,,,,,,,,,,,
60709,,,,,,,,,,,0.000000,0.000000,0.000000,0.000000,0.000000,0.000000,,,,,,,,,,,,
60714,,,,,,,,,,,0.000000,0.000000,0.000000,0.000000,0.000000,0.000000,,,,,,,,,,,,
60719,,,,,,,,,,,0.000000,0.000000,0.000000,0.000000,0.000000,0.000000,,,,,,,,,,,,
60724,,,,,,,,,,,0.000000,0.000000,0.000000,0.000000,0.000000,0.000000,,,,,,,,,,,,
60729,,,,,,,,,,,0.000000,0.000000,0.000000,0.000000,0.000000,0.000000,,,,,,,,,,,,
60734,,,,,,,,,,,0.000000,0.000000,0.000000,0.000000,0.000000,0.000000,,,,,,,,,,,,
60739,,,,,,,,,,,0.000000,0.000000,0.000000,0.000000,0.000000,0.000000,,,,,,,,,,,,
60744,,,,,,,,,,,0.000000,0.000000,0.000000,0.000000,0.000000,0.000000,,,,,,,,,,,,
60756,,,,,,,,,,,0.000000,0.000000,0.000000,0.000000,0.000000,0.000000,,,,,,,,,,,,
60759,,,,,,,,,,,0.000000,0.000000,0.000000,0.000000,0.000000,0.000000,,,,,,,,,,,,
60764,,,,,,,,,,,0.000000,0.000000,0.000000,0.000000,0.000000,0.000000,,,,,,,,,,,,
60769,,,,,,,,,,,0.000000,0.000000,0.000000,0.000000,0.000000,0.000000,,,,,,,,,,,,
60774,,,,,,,,,,,0.000000,0.000000,0.000000,0.000000,0.000000,0.000000,,,,,,,,,,,,
60779,,,,,,,,,,,0.000000,0.000000,0.000000,0.000000,0.000000,0.000000,,,,,,,,,,,,
60784,,,,,,,,,,,0.000000,0.000000,0.000000,0.000000,0.000000,0.000000,,,,,,,,,,,,
60789,,,,,,,,,,,0.000000,0.000000,0.000000,0.000000,0.000000,0.000000,,,,,,,,,,,,
60794,,,,,,,,,,,0.000000,0.000000,0.000000,0.000000,0.000000,0.000000,,,,,,,,,,,,
60799,,,,,,,,,,,0.000000,0.000000,0.000000,0.000000,0.000000,0.000000,,,,,,,,,,,,
60804,,,,,,,,,,,0.000000,0.000000,0.000000,0.000000,0.000000,0.000000,,,,,,,,,,,,
60809,,,,,,,,,,,0.000000,0.000000,0.000000,0.000000,0.000000,0.000000,,,,,,,,,,,,
60814,,,,,,,,,,,0.000000,0.000000,0.000000,0.000000,0.000000,0.000000,,,,,,,,,,,,
60819,,,,,,,,,,,0.000000,0.000000,0.000000,0.000000,0.000000,0.000000,,,,,,,,,,,,
60824,,,,,,,,,,,0.000000,0.000000,0.000000,0.000000,0.000000,0.000000,,,,,,,,,,,,
60836,,,,,,,,,,,0.000000,0.000000,0.000000,0.000000,0.000000,0.000000,,,,,,,,,,,,
60839,,,,,,,,,,,0.000000,0.000000,0.000000,0.000000,0.000000,0.000000,,,,,,,,,,,,
60844,,,,,,,,,,,0.000000,0.000000,0.000000,0.000000,0.000000,0.000000,,,,,,,,,,,,
60849,,,,,,,,,,,0.000000,0.000000,0.000000,0.000000,0.000000,0.000000,,,,,,,,,,,,
60854,,,,,,,,,,,0.000000,0.000000,0.000000,0.000000,0.000000,0.000000,,,,,,,,,,,,
60859,,,,,,,,,,,0.000000,0.000000,0.000000,0.000000,0.000000,0.000000,,,,,,,,,,,,
60864,,,,,,,,,,,0.000000,0.000000,0.000000,0.000000,0.000000,0.000000,,,,,,,,,,,,
60869,,,,,,,,,,,0.000000,0.000000,0.000000,0.000000,0.000000,0.000000,,,,,,,,,,,,
60874,,,,,,,,,,,0.000000,0.000000,0.000000,0.000000,0.000000,0.000000,,,,,,,,,,,,
60879,,,,,,,,,,,0.000000,0.000000,0.000000,0.000000,0.000000,0.000000,,,,,,,,,,,,
60884,,,,,,,,,,,0.000000,0.000000,0.000000,0.000000,0.000000,0.000000,,,,,,,,,,,,
60896,,,,,,,,,,,0.000000,0.000000,0.000000,0.000000,0.000000,0.000000,,,,,,,,,,,,
60899,,,,,,,,,,,0.000000,0.000000,0.000000,0.000000,0.000000,0.000000,,,,,,,,,,,,
60904,,,,,,,,,,,0.000000,0.000000,0.000000,0.000000,0.000000,0.000000,,,,,,,,,,,,
60909,,,,,,,,,,,0.000000,0.000000,0.000000,0.000000,0.000000,0.000000,,,,,,,,,,,,
60914,,,,,,,,,,,0.000000,0.000000,0.000000,0.000000,0.000000,0.000000,,,,,,,,,,,,
60919,,,,,,,,,,,0.000000,0.000000,0.000000,0.000000,0.000000,0.000000,,,,,,,,,,,,
60924,,,,,,,,,,,0.000000,0.000000,0.000000,0.000000,0.000000,0.000000,,,,,,,,,,,,
60929,,,,,,,,,,,0.000000,0.000000,0.000000,0.000000,0.000000,0.000000,,,,,,,,,,,,
60934,,,,,,,,,,,0.000000,0.000000,0.000000,0.000000,0.000000,0.000000,,,,,,,,,,,,
60939,,,,,,,,,,,0.000000,0.000000,0.000000,0.000000,0.000000,0.000000,,,,,,,,,,,,
60944,,,,,,,,,,,0.000000,0.000000,0.000000,0.000000,0.000000,0.000000,,,,,,,,,,,,
60955,,,,,,,,,,,0.000000,0.000000,0.000000,0.000000,0.000000,0.000000,,,,,,,,,,,,
60959,,,,,,,,,,,0.000000,0.000000,0.000000,0.000000,0.000000,0.000000,,,,,,,,,,,,
60964,,,,,,,,,,,0.000000,0.000000,0.000000,0.000000,0.000000,0.000000,,,,,,,,,,,,
60969,,,,,,,,,,,0.000000,0.000000,0.000000,0.000000,0.000000,0.000000,,,,,,,,,,,,
60974,,,,,,,,,,,0.000000,0.000000,0.000000,0.000000,0.000000,0.000000,,,,,,,,,,,,
60979,,,,,,,,,,,0.000000,0.000000,0.000000,0.000000,0.000000,0.000000,,,,,,,,,,,,
60984,,,,,,,,,,,0.000000,0.000000,0.000000,0.000000,0.000000,0.000000,,,,,,,,,,,,
60989,,,,,,,,,,,0.000000,0.000000,0.000000,0.000000,0.000000,0.000000,,,,,,,,,,,,
60994,,,,,,,,,,,0.000000,0.000000,0.000000,0.000000,0.000000,0.000000,,,,,,,,,,,,
60999,,,,,,,,,,,0.000000,0.000000,0.000000,0.000000,0.000000,0.000000,,,,,,,,,,,,
61004,,,,,,,,,,,0.000000,0.000000,0.000000,0.000000,0.000000,0.000000,,,,,,,,,,,,
61015,,,,,,,,,,,0.000000,0.000000,0.000000,0.000000,0.000000,0.000000,,,,,,,,,,,,
61019,,,,,,,,,,,0.000000,0.000000,0.000000,0.000000,0.000000,0.000000,,,,,,,,,,,,
61024,,,,,,,,,,,0.000000,0.000000,0.000000,0.000000,0.000000,0.000000,,,,,,,,,,,,
61029,,,,,,,,,,,0.000000,0.000000,0.000000,0.000000,0.000000,0.000000,,,,,,,,,,,,
61034,,,,,,,,,,,0.000000,0.000000,0.000000,0.000000,0.000000,0.000000,,,,,,,,,,,,
61039,,,,,,,,,,,0.000000,0.000000,0.000000,0.000000,0.000000,0.000000,,,,,,,,,,,,
61044,,,,,,,,,,,0.000000,0.000000,0.000000,0.000000,0.000000,0.000000,,,,,,,,,,,,
61049,,,,,,,,,,,0.000000,0.000000,0.000000,0.000000,0.000000,0.000000,,,,,,,,,,,,
61054,,,,,,,,,,,0.000000,0.000000,0.000000,0.000000,0.000000,0.000000,,,,,,,,,,,,
61059,,,,,,,,,,,0.000000,0.000000,0.000000,0.000000,0.000000,0.000000,,,,,,,,,,,,
61064,,,,,,,,,,,0.000000,0.000000,0.000000,0.000000,0.000000,0.000000,,,,,,,,,,,,
61069,,,,,,,,,,,0.000000,0.000000,0.000000,0.000000,0.000000,0.000000,,,,,,,,,,,,
61074,,,,,,,,,,,0.000000,0.000000,0.000000,0.000000,0.000000,0.000000,,,,,,,,,,,,
61079,,,,,,,,,,,0.000000,0.000000,0.000000,0.000000,0.000000,0.000000,,,,,,,,,,,,
61084,,,,,,,,,,,0.000000,0.000000,0.000000,0.000000,0.000000,0.000000,,,,,,,,,,,,
61096,,,,,,,,,,,0.000000,0.000000,0.000000,0.000000,0.000000,0.000000,,,,,,,,,,,,
61097,,,,,,,,,,,0.000000,0.000000,0.000000,0.000000,0.000000,0.000000,,,,,,,,,,,,
61099,,,,,,,,,,,0.000000,0.000000,0.000000,0.000000,0.000000,0.000000,,,,,,,,,,,,
61104,,,,,,,,,,,0.000000,0.000000,0.000000,0.000000,0.000000,0.000000,,,,,,,,,,,,
61109,,,,,,,,,,,0.000000,0.000000,0.000000,0.000000,0.000000,0.000000,,,,,,,,,,,,
61114,,,,,,,,,,,0.000000,0.000000,0.000000,0.000000,0.000000,0.000000,,,,,,,,,,,,
61119,,,,,,,,,,,0.000000,0.000000,0.000000,0.000000,0.000000,0.000000,,,,,,,,,,,,
61124,,,,,,,,,,,0.000000,0.000000,0.000000,0.000000,0.000000,0.000000,,,,,,,,,,,,
61129,,,,,,,,,,,0.000000,0.000000,0.000000,0.000000,0.000000,0.000000,,,,,,,,,,,,
61134,,,,,,,,,,,0.000000,0.000000,0.000000,0.000000,0.000000,0.000000,,,,,,,,,,,,
61139,,,,,,,,,,,0.000000,0.000000,0.000000,0.000000,0.000000,0.000000,,,,,,,,,,,,
61144,,,,,,,,,,,0.000000,0.000000,0.000000,0.000000,0.000000,0.000000,,,,,,,,,,,,
61156,,,,,,,,,,,0.000000,0.000000,0.000000,0.000000,0.000000,0.000000,,,,,,,,,,,,
61159,,,,,,,,,,,0.000000,0.000000,0.000000,0.000000,0.000000,0.000000,,,,,,,,,,,,
61164,,,,,,,,,,,0.000000,0.000000,0.000000,0.000000,0.000000,0.000000,,,,,,,,,,,,
61169,,,,,,,,,,,0.000000,0.000000,0.000000,0.000000,0.000000,0.000000,,,,,,,,,,,,
61174,,,,,,,,,,,0.000000,0.000000,0.000000,0.000000,0.000000,0.000000,,,,,,,,,,,,
61179,,,,,,,,,,,0.000000,0.000000,0.000000,0.000000,0.000000,0.000000,,,,,,,,,,,,
61184,,,,,,,,,,,0.000000,0.000000,0.000000,0.000000,0.000000,0.000000,,,,,,,,,,,,
61189,,,,,,,,,,,0.000000,0.000000,0.000000,0.000000,0.000000,0.000000,,,,,,,,,,,,
61194,,,,,,,,,,,0.000000,0.000000,0.000000,0.000000,0.000000,0.000000,,,,,,,,,,,,
61199,,,,,,,,,,,0.000000,0.000000,0.000000,0.000000,0.000000,0.000000,,,,,,,,,,,,
61204,,,,,,,,,,,0.000000,0.000000,0.000000,0.000000,0.000000,0.000000,,,,,,,,,,,,
61216,,,,,,,,,,,0.000000,0.000000,0.000000,0.000000,0.000000,0.000000,,,,,,,,,,,,
61219,,,,,,,,,,,0.000000,0.000000,0.000000,0.000000,0.000000,0.000000,,,,,,,,,,,,
61224,,,,,,,,,,,0.000000,0.000000,0.000000,0.000000,0.000000,0.000000,,,,,,,,,,,,
61229,,,,,,,,,,,0.000000,0.000000,0.000000,0.000000,0.000000,0.000000,,,,,,,,,,,,
61234,,,,,,,,,,,0.000000,0.000000,0.000000,0.000000,0.000000,0.000000,,,,,,,,,,,,
61239,,,,,,,,,,,0.000000,0.000000,0.000000,0.000000,0.000000,0.000000,,,,,,,,,,,,
61244,,,,,,,,,,,0.000000,0.000000,0.000000,0.000000,0.000000,0.000000,,,,,,,,,,,,
61249,,,,,,,,,,,0.000000,0.000000,0.000000,0.000000,0.000000,0.000000,,,,,,,,,,,,
61254,,,,,,,,,,,0.000000,0.000000,0.000000,0.000000,0.000000,0.000000,,,,,,,,,,,,
61259,,,,,,,,,,,0.000000,0.000000,0.000000,0.000000,0.000000,0.000000,,,,,,,,,,,,
61264,,,,,,,,,,,0.000000,0.000000,0.000000,0.000000,0.000000,0.000000,,,,,,,,,,,,
61276,,,,,,,,,,,0.000000,0.000000,0.000000,0.000000,0.000000,0.000000,,,,,,,,,,,,
61279,,,,,,,,,,,0.000000,0.000000,0.000000,0.000000,0.000000,0.000000,,,,,,,,,,,,
61284,,,,,,,,,,,0.000000,0.000000,0.000000,0.000000,0.000000,0.000000,,,,,,,,,,,,
61289,,,,,,,,,,,0.000000,0.000000,0.000000,0.000000,0.000000,0.000000,,,,,,,,,,,,
61294,,,,,,,,,,,0.000000,0.000000,0.000000,0.000000,0.000000,0.000000,,,,,,,,,,,,
61299,,,,,,,,,,,0.000000,0.000000,0.000000,0.000000,0.000000,0.000000,,,,,,,,,,,,
61304,,,,,,,,,,,0.000000,0.000000,0.000000,0.000000,0.000000,0.000000,,,,,,,,,,,,
61309,,,,,,,,,,,0.000000,0.000000,0.000000,0.000000,0.000000,0.000000,,,,,,,,,,,,
61314,,,,,,,,,,,0.000000,0.000000,0.000000,0.000000,0.000000,0.000000,,,,,,,,,,,,
61319,,,,,,,,,,,0.000000,0.000000,0.000000,0.000000,0.000000,0.000000,,,,,,,,,,,,
61324,,,,,,,,,,,0.000000,0.000000,0.000000,0.000000,0.000000,0.000000,,,,,,,,,,,,
61329,,,,,,,,,,,0.000000,0.000000,0.000000,0.000000,0.000000,0.000000,,,,,,,,,,,,
61334,,,,,,,,,,,0.000000,0.000000,0.000000,0.000000,0.000000,0.000000,,,,,,,,,,,,
61339,,,,,,,,,,,0.000000,0.000000,0.000000,0.000000,0.000000,0.000000,,,,,,,,,,,,
61344,,,,,,,,,,,0.000000,0.000000,0.000000,0.000000,0.000000,0.000000,,,,,,,,,,,,
61356,,,,,,,,,,,0.000000,0.000000,0.000000,0.000000,0.000000,0.000000,,,,,,,,,,,,
61359,,,,,,,,,,,0.000000,0.000000,0.000000,0.000000,0.000000,0.000000,,,,,,,,,,,,
61364,,,,,,,,,,,0.000000,0.000000,0.000000,0.000000,0.000000,0.000000,,,,,,,,,,,,
61369,,,,,,,,,,,0.000000,0.000000,0.000000,0.000000,0.000000,0.000000,,,,,,,,,,,,
61374,,,,,,,,,,,0.000000,0.000000,0.000000,0.000000,0.000000,0.000000,,,,,,,,,,,,
61379,,,,,,,,,,,0.000000,0.000000,0.000000,0.000000,0.000000,0.000000,,,,,,,,,,,,
61384,,,,,,,,,,,0.000000,0.000000,0.000000,0.000000,0.000000,0.000000,,,,,,,,,,,,
61389,,,,,,,,,,,0.000000,0.000000,0.000000,0.000000,0.000000,0.000000,,,,,,,,,,,,
61394,,,,,,,,,,,0.000000,0.000000,0.000000,0.000000,0.000000,0.000000,,,,,,,,,,,,
61399,,,,,,,,,,,0.000000,0.000000,0.000000,0.000000,0.000000,0.000000,,,,,,,,,,,,
61404,,,,,,,,,,,0.000000,0.000000,0.000000,0.000000,0.000000,0.000000,,,,,,,,,,,,
61416,,,,,,,,,,,0.000000,0.000000,0.000000,0.000000,0.000000,0.000000,,,,,,,,,,,,
61419,,,,,,,,,,,0.000000,0.000000,0.000000,0.000000,0.000000,0.000000,,,,,,,,,,,,
61424,,,,,,,,,,,0.000000,0.000000,0.000000,0.000000,0.000000,0.000000,,,,,,,,,,,,
61429,,,,,,,,,,,0.000000,0.000000,0.000000,0.000000,0.000000,0.000000,,,,,,,,,,,,
61434,,,,,,,,,,,0.000000,0.000000,0.000000,0.000000,0.000000,0.000000,,,,,,,,,,,,
61439,,,,,,,,,,,0.000000,0.000000,0.000000,0.000000,0.000000,0.000000,,,,,,,,,,,,
61444,,,,,,,,,,,0.000000,0.000000,0.000000,0.000000,0.000000,0.000000,,,,,,,,,,,,
61449,,,,,,,,,,,0.000000,0.000000,0.000000,0.000000,0.000000,0.000000,,,,,,,,,,,,
61454,,,,,,,,,,,0.000000,0.000000,0.000000,0.000000,0.000000,0.000000,,,,,,,,,,,,
61459,,,,,,,,,,,0.000000,0.000000,0.000000,0.000000,0.000000,0.000000,,,,,,,,,,,,
61464,,,,,,,,,,,0.000000,0.000000,0.000000,0.000000,0.000000,0.000000,,,,,,,,,,,,
61476,,,,,,,,,,,0.000000,0.000000,0.000000,0.000000,0.000000,0.000000,,,,,,,,,,,,
61479,,,,,,,,,,,0.000000,0.000000,0.000000,0.000000,0.000000,0.000000,,,,,,,,,,,,
61484,,,,,,,,,,,0.000000,0.000000,0.000000,0.000000,0.000000,0.000000,,,,,,,,,,,,
61489,,,,,,,,,,,0.000000,0.000000,0.000000,0.000000,0.000000,0.000000,,,,,,,,,,,,
61494,,,,,,,,,,,0.000000,0.000000,0.000000,0.000000,0.000000,0.000000,,,,,,,,,,,,
61499,,,,,,,,,,,0.000000,0.000000,0.000000,0.000000,0.000000,0.000000,,,,,,,,,,,,
61504,,,,,,,,,,,0.000000,0.000000,0.000000,0.000000,0.000000,0.000000,,,,,,,,,,,,
61509,,,,,,,,,,,0.000000,0.000000,0.000000,0.000000,0.000000,0.000000,,,,,,,,,,,,
61514,,,,,,,,,,,0.000000,0.000000,0.000000,0.000000,0.000000,0.000000,,,,,,,,,,,,
61519,,,,,,,,,,,0.000000,0.000000,0.000000,0.000000,0.000000,0.000000,,,,,,,,,,,,
61524,,,,,,,,,,,0.000000,0.000000,0.000000,0.000000,0.000000,0.000000,,,,,,,,,,,,
61529,,,,,,,,,,,0.000000,0.000000,0.000000,0.000000,0.000000,0.000000,,,,,,,,,,,,
61534,,,,,,,,,,,0.000000,0.000000,0.000000,0.000000,0.000000,0.000000,,,,,,,,,,,,
61539,,,,,,,,,,,0.000000,0.000000,0.000000,0.000000,0.000000,0.000000,,,,,,,,,,,,
61544,,,,,,,,,,,0.000000,0.000000,0.000000,0.000000,0.000000,0.000000,,,,,,,,,,,,
61556,,,,,,,,,,,0.000000,0.000000,0.000000,0.000000,0.000000,0.000000,,,,,,,,,,,,
61559,,,,,,,,,,,0.000000,0.000000,0.000000,0.000000,0.000000,0.000000,,,,,,,,,,,,
61564,,,,,,,,,,,0.000000,0.000000,0.000000,0.000000,0.000000,0.000000,,,,,,,,,,,,
61569,,,,,,,,,,,0.000000,0.000000,0.000000,0.000000,0.000000,0.000000,,,,,,,,,,,,
61574,,,,,,,,,,,0.000000,0.000000,0.000000,0.000000,0.000000,0.000000,,,,,,,,,,,,
61579,,,,,,,,,,,0.000000,0.000000,0.000000,0.000000,0.000000,0.000000,,,,,,,,,,,,
61584,,,,,,,,,,,0.000000,0.000000,0.000000,0.000000,0.000000,0.000000,,,,,,,,,,,,
61589,,,,,,,,,,,0.000000,0.000000,0.000000,0.000000,0.000000,0.000000,,,,,,,,,,,,
61594,,,,,,,,,,,0.000000,0.000000,0.000000,0.000000,0.000000,0.000000,,,,,,,,,,,,
61599,,,,,,,,,,,0.000000,0.000000,0.000000,0.000000,0.000000,0.000000,,,,,,,,,,,,
61604,,,,,,,,,,,0.000000,0.000000,0.000000,0.000000,0.000000,0.000000,,,,,,,,,,,,
61615,,,,,,,,,,,0.000000,0.000000,0.000000,0.000000,0.000000,0.000000,,,,,,,,,,,,
61619,,,,,,,,,,,0.000000,0.000000,0.000000,0.000000,0.000000,0.000000,,,,,,,,,,,,
61624,,,,,,,,,,,0.000000,0.000000,0.000000,0.000000,0.000000,0.000000,,,,,,,,,,,,
61629,,,,,,,,,,,0.000000,0.000000,0.000000,0.000000,0.000000,0.000000,,,,,,,,,,,,
61634,,,,,,,,,,,0.000000,0.000000,0.000000,0.000000,0.000000,0.000000,,,,,,,,,,,,
61639,,,,,,,,,,,0.000000,0.000000,0.000000,0.000000,0.000000,0.000000,,,,,,,,,,,,
61644,,,,,,,,,,,0.000000,0.000000,0.000000,0.000000,0.000000,0.000000,,,,,,,,,,,,
61649,,,,,,,,,,,0.000000,0.000000,0.000000,0.000000,0.000000,0.000000,,,,,,,,,,,,
61654,,,,,,,,,,,0.000000,0.000000,0.000000,0.000000,0.000000,0.000000,,,,,,,,,,,,
61659,,,,,,,,,,,0.000000,0.000000,0.000000,0.000000,0.000000,0.000000,,,,,,,,,,,,
61664,,,,,,,,,,,0.000000,0.000000,0.000000,0.000000,0.000000,0.000000,,,,,,,,,,,,
61674,,,,,,,,,,,0.000000,0.000000,0.000000,0.000000,0.000000,0.000000,,,,,,,,,,,,
61679,,,,,,,,,,,0.000000,0.000000,0.000000,0.000000,0.000000,0.000000,,,,,,,,,,,,
61684,,,,,,,,,,,0.000000,0.000000,0.000000,0.000000,0.000000,0.000000,,,,,,,,,,,,
61689,,,,,,,,,,,0.000000,0.000000,0.000000,0.000000,0.000000,0.000000,,,,,,,,,,,,
61694,,,,,,,,,,,0.000000,0.000000,0.000000,0.000000,0.000000,0.000000,,,,,,,,,,,,
61699,,,,,,,,,,,0.000000,0.000000,0.000000,0.000000,0.000000,0.000000,,,,,,,,,,,,
61704,,,,,,,,,,,0.000000,0.000000,0.000000,0.000000,0.000000,0.000000,,,,,,,,,,,,
61709,,,,,,,,,,,0.000000,0.000000,0.000000,0.000000,0.000000,0.000000,,,,,,,,,,,,
61714,,,,,,,,,,,0.000000,0.000000,0.000000,0.000000,0.000000,0.000000,,,,,,,,,,,,
61719,,,,,,,,,,,0.000000,0.000000,0.000000,0.000000,0.000000,0.000000,,,,,,,,,,,,
61724,,,,,,,,,,,0.000000,0.000000,0.000000,0.000000,0.000000,0.000000,,,,,,,,,,,,
61735,,,,,,,,,,,0.000000,0.000000,0.000000,0.000000,0.000000,0.000000,,,,,,,,,,,,
61739,,,,,,,,,,,0.000000,0.000000,0.000000,0.000000,0.000000,0.000000,,,,,,,,,,,,
61744,,,,,,,,,,,0.000000,0.000000,0.000000,0.000000,0.000000,0.000000,,,,,,,,,,,,
61749,,,,,,,,,,,0.000000,0.000000,0.000000,0.000000,0.000000,0.000000,,,,,,,,,,,,
61754,,,,,,,,,,,0.000000,0.000000,0.000000,0.000000,0.000000,0.000000,,,,,,,,,,,,
61759,,,,,,,,,,,0.000000,0.000000,0.000000,0.000000,0.000000,0.000000,,,,,,,,,,,,
61764,,,,,,,,,,,0.000000,0.000000,0.000000,0.000000,0.000000,0.000000,,,,,,,,,,,,
61769,,,,,,,,,,,0.000000,0.000000,0.000000,0.000000,0.000000,0.000000,,,,,,,,,,,,
61774,,,,,,,,,,,0.000000,0.000000,0.000000,0.000000,0.000000,0.000000,,,,,,,,,,,,
61779,,,,,,,,,,,0.000000,0.000000,0.000000,0.000000,0.000000,0.000000,,,,,,,,,,,,
61784,,,,,,,,,,,0.000000,0.000000,0.000000,0.000000,0.000000,0.000000,,,,,,,,,,,,
61789,,,,,,,,,,,0.000000,0.000000,0.000000,0.000000,0.000000,0.000000,,,,,,,,,,,,
61794,,,,,,,,,,,0.000000,0.000000,0.000000,0.000000,0.000000,0.000000,,,,,,,,,,,,
61799,,,,,,,,,,,0.000000,0.000000,0.000000,0.000000,0.000000,0.000000,,,,,,,,,,,,
61804,,,,,,,,,,,0.000000,0.000000,0.000000,0.000000,0.000000,0.000000,,,,,,,,,,,,
61814,,,,,,,,,,,0.000000,0.000000,0.000000,0.000000,0.000000,0.000000,,,,,,,,,,,,
61819,,,,,,,,,,,0.000000,0.000000,0.000000,0.000000,0.000000,0.000000,,,,,,,,,,,,
61824,,,,,,,,,,,0.000000,0.000000,0.000000,0.000000,0.000000,0.000000,,,,,,,,,,,,
61829,,,,,,,,,,,0.000000,0.000000,0.000000,0.000000,0.000000,0.000000,,,,,,,,,,,,
61834,,,,,,,,,,,0.000000,0.000000,0.000000,0.000000,0.000000,0.000000,,,,,,,,,,,,
61839,,,,,,,,,,,0.000000,0.000000,0.000000,0.000000,0.000000,0.000000,,,,,,,,,,,,
61844,,,,,,,,,,,0.000000,0.000000,0.000000,0.000000,0.000000,0.000000,,,,,,,,,,,,
61849,,,,,,,,,,,0.000000,0.000000,0.000000,0.000000,0.000000,0.000000,,,,,,,,,,,,
61854,,,,,,,,,,,0.000000,0.000000,0.000000,0.000000,0.000000,0.000000,,,,,,,,,,,,
61859,,,,,,,,,,,0.000000,0.000000,0.000000,0.000000,0.000000,0.000000,,,,,,,,,,,,
61864,,,,,,,,,,,0.000000,0.000000,0.000000,0.000000,0.000000,0.000000,,,,,,,,,,,,
61875,,,,,,,,,,,0.000000,0.000000,0.000000,0.000000,0.000000,0.000000,,,,,,,,,,,,
61879,,,,,,,,,,,0.000000,0.000000,0.000000,0.000000,0.000000,0.000000,,,,,,,,,,,,
61884,,,,,,,,,,,0.000000,0.000000,0.000000,0.000000,0.000000,0.000000,,,,,,,,,,,,
61889,,,,,,,,,,,0.000000,0.000000,0.000000,0.000000,0.000000,0.000000,,,,,,,,,,,,
61894,,,,,,,,,,,0.000000,0.000000,0.000000,0.000000,0.000000,0.000000,,,,,,,,,,,,
61899,,,,,,,,,,,0.000000,0.000000,0.000000,0.000000,0.000000,0.000000,,,,,,,,,,,,
61904,,,,,,,,,,,0.000000,0.000000,0.000000,0.000000,0.000000,0.000000,,,,,,,,,,,,
61909,,,,,,,,,,,0.000000,0.000000,0.000000,0.000000,0.000000,0.000000,,,,,,,,,,,,
61914,,,,,,,,,,,0.000000,0.000000,0.000000,0.000000,0.000000,0.000000,,,,,,,,,,,,
61919,,,,,,,,,,,0.000000,0.000000,0.000000,0.000000,0.000000,0.000000,,,,,,,,,,,,
61924,,,,,,,,,,,0.000000,0.000000,0.000000,0.000000,0.000000,0.000000,,,,,,,,,,,,
61934,,,,,,,,,,,0.000000,0.000000,0.000000,0.000000,0.000000,0.000000,,,,,,,,,,,,
61939,,,,,,,,,,,0.000000,0.000000,0.000000,0.000000,0.000000,0.000000,,,,,,,,,,,,
61944,,,,,,,,,,,0.000000,0.000000,0.000000,0.000000,0.000000,0.000000,,,,,,,,,,,,
61949,,,,,,,,,,,0.000000,0.000000,0.000000,0.000000,0.000000,0.000000,,,,,,,,,,,,
61954,,,,,,,,,,,0.000000,0.000000,0.000000,0.000000,0.000000,0.000000,,,,,,,,,,,,
61959,,,,,,,,,,,0.000000,0.000000,0.000000,0.000000,0.000000,0.000000,,,,,,,,,,,,
61964,,,,,,,,,,,0.000000,0.000000,0.000000,0.000000,0.000000,0.000000,,,,,,,,,,,,
61969,,,,,,,,,,,0.000000,0.000000,0.000000,0.000000,0.000000,0.000000,,,,,,,,,,,,
61974,,,,,,,,,,,0.000000,0.000000,0.000000,0.000000,0.000000,0.000000,,,,,,,,,,,,
61979,,,,,,,,,,,0.000000,0.000000,0.000000,0.000000,0.000000,0.000000,,,,,,,,,,,,
61984,,,,,,,,,,,0.000000,0.000000,0.000000,0.000000,0.000000,0.000000,,,,,,,,,,,,
61989,,,,,,,,,,,0.000000,0.000000,0.000000,0.000000,0.000000,0.000000,,,,,,,,,,,,
61994,,,,,,,,,,,0.000000,0.000000,0.000000,0.000000,0.000000,0.000000,,,,,,,,,,,,
61999,,,,,,,,,,,0.000000,0.000000,0.000000,0.000000,0.000000,0.000000,,,,,,,,,,,,
62004,,,,,,,,,,,0.000000,0.000000,0.000000,0.000000,0.000000,0.000000,,,,,,,,,,,,
62014,,,,,,,,,,,0.000000,0.000000,0.000000,0.000000,0.000000,0.000000,,,,,,,,,,,,
62015,,,,,,,,,,,0.000000,0.000000,0.000000,0.000000,0.000000,0.000000,,,,,,,,,,,,
62019,,,,,,,,,,,0.000000,0.000000,0.000000,0.000000,0.000000,0.000000,,,,,,,,,,,,
62024,,,,,,,,,,,0.000000,0.000000,0.000000,0.000000,0.000000,0.000000,,,,,,,,,,,,
62029,,,,,,,,,,,0.000000,0.000000,0.000000,0.000000,0.000000,0.000000,,,,,,,,,,,,
62034,,,,,,,,,,,0.000000,0.000000,0.000000,0.000000,0.000000,0.000000,,,,,,,,,,,,
62039,,,,,,,,,,,0.000000,0.000000,0.000000,0.000000,0.000000,0.000000,,,,,,,,,,,,
62044,,,,,,,,,,,0.000000,0.000000,0.000000,0.000000,0.000000,0.000000,,,,,,,,,,,,
62049,,,,,,,,,,,0.000000,0.000000,0.000000,0.000000,0.000000,0.000000,,,,,,,,,,,,
62054,,,,,,,,,,,0.000000,0.000000,0.000000,0.000000,0.000000,0.000000,,,,,,,,,,,,
62059,,,,,,,,,,,0.000000,0.000000,0.000000,0.000000,0.000000,0.000000,,,,,,,,,,,,
62064,,,,,,,,,,,0.000000,0.000000,0.000000,0.000000,0.000000,0.000000,,,,,,,,,,,,
62075,,,,,,,,,,,0.000000,0.000000,0.000000,0.000000,0.000000,0.000000,,,,,,,,,,,,
62079,,,,,,,,,,,0.000000,0.000000,0.000000,0.000000,0.000000,0.000000,,,,,,,,,,,,
62084,,,,,,,,,,,0.000000,0.000000,0.000000,0.000000,0.000000,0.000000,,,,,,,,,,,,
62089,,,,,,,,,,,0.000000,0.000000,0.000000,0.000000,0.000000,0.000000,,,,,,,,,,,,
62094,,,,,,,,,,,0.000000,0.000000,0.000000,0.000000,0.000000,0.000000,,,,,,,,,,,,
62099,,,,,,,,,,,0.000000,0.000000,0.000000,0.000000,0.000000,0.000000,,,,,,,,,,,,
62104,,,,,,,,,,,0.000000,0.000000,0.000000,0.000000,0.000000,0.000000,,,,,,,,,,,,
62109,,,,,,,,,,,0.000000,0.000000,0.000000,0.000000,0.000000,0.000000,,,,,,,,,,,,
62114,,,,,,,,,,,0.000000,0.000000,0.000000,0.000000,0.000000,0.000000,,,,,,,,,,,,
62119,,,,,,,,,,,0.000000,0.000000,0.000000,0.000000,0.000000,0.000000,,,,,,,,,,,,
62124,,,,,,,,,,,0.000000,0.000000,0.000000,0.000000,0.000000,0.000000,,,,,,,,,,,,
62136,,,,,,,,,,,0.000000,0.000000,0.000000,0.000000,0.000000,0.000000,,,,,,,,,,,,
62139,,,,,,,,,,,0.000000,0.000000,0.000000,0.000000,0.000000,0.000000,,,,,,,,,,,,
62144,,,,,,,,,,,0.000000,0.000000,0.000000,0.000000,0.000000,0.000000,,,,,,,,,,,,
62149,,,,,,,,,,,0.000000,0.000000,0.000000,0.000000,0.000000,0.000000,,,,,,,,,,,,
62154,,,,,,,,,,,0.000000,0.000000,0.000000,0.000000,0.000000,0.000000,,,,,,,,,,,,
62159,,,,,,,,,,,0.000000,0.000000,0.000000,0.000000,0.000000,0.000000,,,,,,,,,,,,
62164,,,,,,,,,,,0.000000,0.000000,0.000000,0.000000,0.000000,0.000000,,,,,,,,,,,,
62169,,,,,,,,,,,0.000000,0.000000,0.000000,0.000000,0.000000,0.000000,,,,,,,,,,,,
62174,,,,,,,,,,,0.000000,0.000000,0.000000,0.000000,0.000000,0.000000,,,,,,,,,,,,
62179,,,,,,,,,,,0.000000,0.000000,0.000000,0.000000,0.000000,0.000000,,,,,,,,,,,,
62184,,,,,,,,,,,0.000000,0.000000,0.000000,0.000000,0.000000,0.000000,,,,,,,,,,,,
62196,,,,,,,,,,,0.000000,0.000000,0.000000,0.000000,0.000000,0.000000,,,,,,,,,,,,
62199,,,,,,,,,,,0.000000,0.000000,0.000000,0.000000,0.000000,0.000000,,,,,,,,,,,,
62204,,,,,,,,,,,0.000000,0.000000,0.000000,0.000000,0.000000,0.000000,,,,,,,,,,,,
62209,,,,,,,,,,,0.000000,0.000000,0.000000,0.000000,0.000000,0.000000,,,,,,,,,,,,
62214,,,,,,,,,,,0.000000,0.000000,0.000000,0.000000,0.000000,0.000000,,,,,,,,,,,,
62219,,,,,,,,,,,0.000000,0.000000,0.000000,0.000000,0.000000,0.000000,,,,,,,,,,,,
62224,,,,,,,,,,,0.000000,0.000000,0.000000,0.000000,0.000000,0.000000,,,,,,,,,,,,
62229,,,,,,,,,,,0.000000,0.000000,0.000000,0.000000,0.000000,0.000000,,,,,,,,,,,,
62234,,,,,,,,,,,0.000000,0.000000,0.000000,0.000000,0.000000,0.000000,,,,,,,,,,,,
62239,,,,,,,,,,,0.000000,0.000000,0.000000,0.000000,0.000000,0.000000,,,,,,,,,,,,
62244,,,,,,,,,,,0.000000,0.000000,0.000000,0.000000,0.000000,0.000000,,,,,,,,,,,,
62249,,,,,,,,,,,0.000000,0.000000,0.000000,0.000000,0.000000,0.000000,,,,,,,,,,,,
62254,,,,,,,,,,,0.000000,0.000000,0.000000,0.000000,0.000000,0.000000,,,,,,,,,,,,
62259,,,,,,,,,,,0.000000,0.000000,0.000000,0.000000,0.000000,0.000000,,,,,,,,,,,,
62264,,,,,,,,,,,0.000000,0.000000,0.000000,0.000000,0.000000,0.000000,,,,,,,,,,,,
62276,,,,,,,,,,,0.000000,0.000000,0.000000,0.000000,0.000000,0.000000,,,,,,,,,,,,
62279,,,,,,,,,,,0.000000,0.000000,0.000000,0.000000,0.000000,0.000000,,,,,,,,,,,,
62284,,,,,,,,,,,0.000000,0.000000,0.000000,0.000000,0.000000,0.000000,,,,,,,,,,,,
62289,,,,,,,,,,,0.000000,0.000000,0.000000,0.000000,0.000000,0.000000,,,,,,,,,,,,
62294,,,,,,,,,,,0.000000,0.000000,0.000000,0.000000,0.000000,0.000000,,,,,,,,,,,,
62299,,,,,,,,,,,0.000000,0.000000,0.000000,0.000000,0.000000,0.000000,,,,,,,,,,,,
62304,,,,,,,,,,,0.000000,0.000000,0.000000,0.000000,0.000000,0.000000,,,,,,,,,,,,
62309,,,,,,,,,,,0.000000,0.000000,0.000000,0.000000,0.000000,0.000000,,,,,,,,,,,,
62314,,,,,,,,,,,0.000000,0.000000,0.000000,0.000000,0.000000,0.000000,,,,,,,,,,,,
62319,,,,,,,,,,,0.000000,0.000000,0.000000,0.000000,0.000000,0.000000,,,,,,,,,,,,
62324,,,,,,,,,,,0.000000,0.000000,0.000000,0.000000,0.000000,0.000000,,,,,,,,,,,,
62336,,,,,,,,,,,0.000000,0.000000,0.000000,0.000000,0.000000,0.000000,,,,,,,,,,,,
62339,,,,,,,,,,,0.000000,0.000000,0.000000,0.000000,0.000000,0.000000,,,,,,,,,,,,
62344,,,,,,,,,,,0.000000,0.000000,0.000000,0.000000,0.000000,0.000000,,,,,,,,,,,,
62349,,,,,,,,,,,0.000000,0.000000,0.000000,0.000000,0.000000,0.000000,,,,,,,,,,,,
62354,,,,,,,,,,,0.000000,0.000000,0.000000,0.000000,0.000000,0.000000,,,,,,,,,,,,
62359,,,,,,,,,,,0.000000,0.000000,0.000000,0.000000,0.000000,0.000000,,,,,,,,,,,,
62364,,,,,,,,,,,0.000000,0.000000,0.000000,0.000000,0.000000,0.000000,,,,,,,,,,,,
62369,,,,,,,,,,,0.000000,0.000000,0.000000,0.000000,0.000000,0.000000,,,,,,,,,,,,
62374,,,,,,,,,,,0.000000,0.000000,0.000000,0.000000,0.000000,0.000000,,,,,,,,,,,,
62379,,,,,,,,,,,0.000000,0.000000,0.000000,0.000000,0.000000,0.000000,,,,,,,,,,,,
62384,,,,,,,,,,,0.000000,0.000000,0.000000,0.000000,0.000000,0.000000,,,,,,,,,,,,
62396,,,,,,,,,,,0.000000,0.000000,0.000000,0.000000,0.000000,0.000000,,,,,,,,,,,,
62399,,,,,,,,,,,0.000000,0.000000,0.000000,0.000000,0.000000,0.000000,,,,,,,,,,,,
62404,,,,,,,,,,,0.000000,0.000000,0.000000,0.000000,0.000000,0.000000,,,,,,,,,,,,
62409,,,,,,,,,,,0.000000,0.000000,0.000000,0.000000,0.000000,0.000000,,,,,,,,,,,,
62414,,,,,,,,,,,0.000000,0.000000,0.000000,0.000000,0.000000,0.000000,,,,,,,,,,,,
62419,,,,,,,,,,,0.000000,0.000000,0.000000,0.000000,0.000000,0.000000,,,,,,,,,,,,
62424,,,,,,,,,,,0.000000,0.000000,0.000000,0.000000,0.000000,0.000000,,,,,,,,,,,,
62429,,,,,,,,,,,0.000000,0.000000,0.000000,0.000000,0.000000,0.000000,,,,,,,,,,,,
62434,,,,,,,,,,,0.000000,0.000000,0.000000,0.000000,0.000000,0.000000,,,,,,,,,,,,
62439,,,,,,,,,,,0.000000,0.000000,0.000000,0.000000,0.000000,0.000000,,,,,,,,,,,,
62444,,,,,,,,,,,0.000000,0.000000,0.000000,0.000000,0.000000,0.000000,,,,,,,,,,,,
62449,,,,,,,,,,,0.000000,0.000000,0.000000,0.000000,0.000000,0.000000,,,,,,,,,,,,
62454,,,,,,,,,,,0.000000,0.000000,0.000000,0.000000,0.000000,0.000000,,,,,,,,,,,,
62459,,,,,,,,,,,0.000000,0.000000,0.000000,0.000000,0.000000,0.000000,,,,,,,,,,,,
62464,,,,,,,,,,,0.000000,0.000000,0.000000,0.000000,0.000000,0.000000,,,,,,,,,,,,
62476,,,,,,,,,,,0.000000,0.000000,0.000000,0.000000,0.000000,0.000000,,,,,,,,,,,,
62479,,,,,,,,,,,0.000000,0.000000,0.000000,0.000000,0.000000,0.000000,,,,,,,,,,,,
62484,,,,,,,,,,,0.000000,0.000000,0.000000,0.000000,0.000000,0.000000,,,,,,,,,,,,
62489,,,,,,,,,,,0.000000,0.000000,0.000000,0.000000,0.000000,0.000000,,,,,,,,,,,,
62494,,,,,,,,,,,0.000000,0.000000,0.000000,0.000000,0.000000,0.000000,,,,,,,,,,,,
62499,,,,,,,,,,,0.000000,0.000000,0.000000,0.000000,0.000000,0.000000,,,,,,,,,,,,
62504,,,,,,,,,,,0.000000,0.000000,0.000000,0.000000,0.000000,0.000000,,,,,,,,,,,,
62509,,,,,,,,,,,0.000000,0.000000,0.000000,0.000000,0.000000,0.000000,,,,,,,,,,,,
62514,,,,,,,,,,,0.000000,0.000000,0.000000,0.000000,0.000000,0.000000,,,,,,,,,,,,
62519,,,,,,,,,,,0.000000,0.000000,0.000000,0.000000,0.000000,0.000000,,,,,,,,,,,,
62524,,,,,,,,,,,0.000000,0.000000,0.000000,0.000000,0.000000,0.000000,,,,,,,,,,,,
62540,,,,,,,,,,,0.000000,0.000000,0.000000,0.000000,0.000000,0.000000,,,,,,,,,,,,
62544,,,,,,,,,,,0.000000,0.000000,0.000000,0.000000,0.000000,0.000000,,,,,,,,,,,,
62549,,,,,,,,,,,0.000000,0.000000,0.000000,0.000000,0.000000,0.000000,,,,,,,,,,,,
62554,,,,,,,,,,,0.000000,0.000000,0.000000,0.000000,0.000000,0.000000,,,,,,,,,,,,
62559,,,,,,,,,,,0.000000,0.000000,0.000000,0.000000,0.000000,0.000000,,,,,,,,,,,,
62564,,,,,,,,,,,0.000000,0.000000,0.000000,0.000000,0.000000,0.000000,,,,,,,,,,,,
62569,,,,,,,,,,,0.000000,0.000000,0.000000,0.000000,0.000000,0.000000,,,,,,,,,,,,
62574,,,,,,,,,,,0.000000,0.000000,0.000000,0.000000,0.000000,0.000000,,,,,,,,,,,,
62579,,,,,,,,,,,0.000000,0.000000,0.000000,0.000000,0.000000,0.000000,,,,,,,,,,,,
62584,,,,,,,,,,,0.000000,0.000000,0.000000,0.000000,0.000000,0.000000,,,,,,,,,,,,
62596,,,,,,,,,,,0.000000,0.000000,0.000000,0.000000,0.000000,0.000000,,,,,,,,,,,,
62599,,,,,,,,,,,0.000000,0.000000,0.000000,0.000000,0.000000,0.000000,,,,,,,,,,,,
62604,,,,,,,,,,,0.000000,0.000000,0.000000,0.000000,0.000000,0.000000,,,,,,,,,,,,
62609,,,,,,,,,,,0.000000,0.000000,0.000000,0.000000,0.000000,0.000000,,,,,,,,,,,,
62614,,,,,,,,,,,0.000000,0.000000,0.000000,0.000000,0.000000,0.000000,,,,,,,,,,,,
62619,,,,,,,,,,,0.000000,0.000000,0.000000,0.000000,0.000000,0.000000,,,,,,,,,,,,
62624,,,,,,,,,,,0.000000,0.000000,0.000000,0.000000,0.000000,0.000000,,,,,,,,,,,,
62629,,,,,,,,,,,0.000000,0.000000,0.000000,0.000000,0.000000,0.000000,,,,,,,,,,,,
62634,,,,,,,,,,,0.000000,0.000000,0.000000,0.000000,0.000000,0.000000,,,,,,,,,,,,
62639,,,,,,,,,,,0.000000,0.000000,0.000000,0.000000,0.000000,0.000000,,,,,,,,,,,,
62644,,,,,,,,,,,0.000000,0.000000,0.000000,0.000000,0.000000,0.000000,,,,,,,,,,,,
62656,,,,,,,,,,,0.000000,0.000000,0.000000,0.000000,0.000000,0.000000,,,,,,,,,,,,
62659,,,,,,,,,,,0.000000,0.000000,0.000000,0.000000,0.000000,0.000000,,,,,,,,,,,,
62664,,,,,,,,,,,0.000000,0.000000,0.000000,0.000000,0.000000,0.000000,,,,,,,,,,,,
62669,,,,,,,,,,,0.000000,0.000000,0.000000,0.000000,0.000000,0.000000,,,,,,,,,,,,
62674,,,,,,,,,,,0.000000,0.000000,0.000000,0.000000,0.000000,0.000000,,,,,,,,,,,,
62679,,,,,,,,,,,0.000000,0.000000,0.000000,0.000000,0.000000,0.000000,,,,,,,,,,,,
62684,,,,,,,,,,,0.000000,0.000000,0.000000,0.000000,0.000000,0.000000,,,,,,,,,,,,
62689,,,,,,,,,,,0.000000,0.000000,0.000000,0.000000,0.000000,0.000000,,,,,,,,,,,,
62694,,,,,,,,,,,0.000000,0.000000,0.000000,0.000000,0.000000,0.000000,,,,,,,,,,,,
62699,,,,,,,,,,,0.000000,0.000000,0.000000,0.000000,0.000000,0.000000,,,,,,,,,,,,
62704,,,,,,,,,,,0.000000,0.000000,0.000000,0.000000,0.000000,0.000000,,,,,,,,,,,,
62709,,,,,,,,,,,0.000000,0.000000,0.000000,0.000000,0.000000,0.000000,,,,,,,,,,,,
62714,,,,,,,,,,,0.000000,0.000000,0.000000,0.000000,0.000000,0.000000,,,,,,,,,,,,
62719,,,,,,,,,,,0.000000,0.000000,0.000000,0.000000,0.000000,0.000000,,,,,,,,,,,,
62724,,,,,,,,,,,0.000000,0.000000,0.000000,0.000000,0.000000,0.000000,,,,,,,,,,,,
62736,,,,,,,,,,,0.000000,0.000000,0.000000,0.000000,0.000000,0.000000,,,,,,,,,,,,
62739,,,,,,,,,,,0.000000,0.000000,0.000000,0.000000,0.000000,0.000000,,,,,,,,,,,,
62744,,,,,,,,,,,0.000000,0.000000,0.000000,0.000000,0.000000,0.000000,,,,,,,,,,,,
62749,,,,,,,,,,,0.000000,0.000000,0.000000,0.000000,0.000000,0.000000,,,,,,,,,,,,
62754,,,,,,,,,,,0.000000,0.000000,0.000000,0.000000,0.000000,0.000000,,,,,,,,,,,,
62759,,,,,,,,,,,0.000000,0.000000,0.000000,0.000000,0.000000,0.000000,,,,,,,,,,,,
62764,,,,,,,,,,,0.000000,0.000000,0.000000,0.000000,0.000000,0.000000,,,,,,,,,,,,
62769,,,,,,,,,,,0.000000,0.000000,0.000000,0.000000,0.000000,0.000000,,,,,,,,,,,,
62774,,,,,,,,,,,0.000000,0.000000,0.000000,0.000000,0.000000,0.000000,,,,,,,,,,,,
62779,,,,,,,,,,,0.000000,0.000000,0.000000,0.000000,0.000000,0.000000,,,,,,,,,,,,
62784,,,,,,,,,,,0.000000,0.000000,0.000000,0.000000,0.000000,0.000000,,,,,,,,,,,,
62796,,,,,,,,,,,0.000000,0.000000,0.000000,0.000000,0.000000,0.000000,,,,,,,,,,,,
62799,,,,,,,,,,,0.000000,0.000000,0.000000,0.000000,0.000000,0.000000,,,,,,,,,,,,
62804,,,,,,,,,,,0.000000,0.000000,0.000000,0.000000,0.000000,0.000000,,,,,,,,,,,,
62809,,,,,,,,,,,0.000000,0.000000,0.000000,0.000000,0.000000,0.000000,,,,,,,,,,,,
62814,,,,,,,,,,,0.000000,0.000000,0.000000,0.000000,0.000000,0.000000,,,,,,,,,,,,
62819,,,,,,,,,,,0.000000,0.000000,0.000000,0.000000,0.000000,0.000000,,,,,,,,,,,,
62824,,,,,,,,,,,0.000000,0.000000,0.000000,0.000000,0.000000,0.000000,,,,,,,,,,,,
62829,,,,,,,,,,,0.000000,0.000000,0.000000,0.000000,0.000000,0.000000,,,,,,,,,,,,
62834,,,,,,,,,,,0.000000,0.000000,0.000000,0.000000,0.000000,0.000000,,,,,,,,,,,,
62839,,,,,,,,,,,0.000000,0.000000,0.000000,0.000000,0.000000,0.000000,,,,,,,,,,,,
62844,,,,,,,,,,,0.000000,0.000000,0.000000,0.000000,0.000000,0.000000,,,,,,,,,,,,
62856,,,,,,,,,,,0.000000,0.000000,0.000000,0.000000,0.000000,0.000000,,,,,,,,,,,,
62859,,,,,,,,,,,-6.082146,-3.828524,0.000000,0.000000,-0.061430,-0.038668,,,,,,,,,,,,
62864,,,,,,,,,,,-6.082146,-3.828524,0.000000,0.000000,-0.062038,-0.039051,,,,,,,,,,,,
62869,,,,,,,,,,,-6.082146,-3.828524,0.000000,0.000000,-0.062646,-0.039434,,,,,,,,,,,,
62874,,,,,,,,,,,-6.082146,-3.828524,0.000000,0.000000,-0.063254,-0.039817,,,,,,,,,,,,
62879,,,,,,,,,,,-6.082146,-3.828524,0.000000,0.000000,-0.063863,-0.040200,,,,,,,,,,,,
62884,,,,,,,,,,,-6.082146,-3.828524,0.000000,0.000000,-0.064471,-0.040582,,,,,,,,,,,,
62889,,,,,,,,,,,-6.082146,-3.828524,0.000000,0.000000,-0.065079,-0.040965,,,,,,,,,,,,
62894,,,,,,,,,,,-6.082146,-3.828524,0.000000,0.000000,-0.065687,-0.041348,,,,,,,,,,,,
62899,,,,,,,,,,,-6.082146,-3.828524,0.000000,0.000000,-0.066295,-0.041731,,,,,,,,,,,,
62904,,,,,,,,,,,-6.082146,-3.828524,0.000000,0.000000,-0.066904,-0.042114,,,,,,,,,,,,
62909,,,,,,,,,,,-6.082146,-3.828524,0.000000,0.000000,-0.067512,-0.042497,,,,,,,,,,,,
62914,,,,,,,,,,,-6.082146,-3.828524,0.000000,0.000000,-0.068120,-0.042879,,,,,,,,,,,,
62919,,,,,,,,,,,-6.082146,-3.828524,0.000000,0.000000,-0.068728,-0.043262,,,,,,,,,,,,
62924,,,,,,,,,,,-6.082146,-3.828524,0.000000,0.000000,-0.069336,-0.043645,,,,,,,,,,,,
62937,,,,,,,,,,,-6.082146,-3.828524,0.000000,0.000000,-0.070553,-0.044411,,,,,,,,,,,,
62939,,,,,,,,,,,-6.082146,-3.828524,0.000000,0.000000,-0.071161,-0.044794,,,,,,,,,,,,
62944,,,,,,,,,,,-6.082146,-3.828524,0.000000,0.000000,-0.071769,-0.045177,,,,,,,,,,,,
62949,,,,,,,,,,,-6.082146,-3.828524,0.000000,0.000000,-0.072378,-0.045559,,,,,,,,,,,,
62954,,,,,,,,,,,-6.082146,-3.828524,0.000000,0.000000,-0.072986,-0.045942,,,,,,,,,,,,
62959,,,,,,,,,,,39.373695,69.860443,-0.591445,0.000000,0.391484,0.697933,,,,,,,,,,,,
62964,,,,,,,,,,,39.373695,69.860443,0.642386,1.774335,0.383018,0.686999,,,,,,,,,,,,
62969,,,,,,,,,,,39.373695,69.860443,1.769947,5.170180,0.375503,0.659509,,,,,,,,,,,,
62974,,,,,,,,,,,39.373695,69.860443,3.983281,10.047874,0.356909,0.616714,,,,,,,,,,,,
62979,,,,,,,,,,,39.373695,69.860443,6.005980,16.279787,0.340019,0.559753,,,,,,,,,,,,
62984,,,,,,,,,,,39.373695,69.860443,9.037353,22.566389,0.312739,0.501616,,,,,,,,,,,,
62996,,,,,,,,,,,39.373695,69.860443,15.655171,37.764126,0.251157,0.355702,,,,,,,,,,,,
62999,,,,,,,,,,,39.373695,69.860443,16.081123,39.243053,0.249226,0.343974,,,,,,,,,,,,
63004,,,,,,,,,,,39.373695,69.860443,17.653276,44.143269,0.235677,0.297544,,,,,,,,,,,,
63009,,,,,,,,,,,39.373695,69.860443,19.090021,47.438538,0.223338,0.266833,,,,,,,,,,,,
63014,,,,,,,,,,,39.373695,69.860443,19.811573,50.449986,0.218078,0.238660,,,,,,,,,,,,
63019,,,,,,,,,,,39.373695,69.860443,20.470978,52.019165,0.213375,0.224752,,,,,,,,,,,,
63024,,,,,,,,,,,39.373695,69.860443,21.073587,52.270302,0.209179,0.224000,,,,,,,,,,,,
63029,,,,,,,,,,,39.373695,69.860443,20.441404,52.499809,0.217394,0.223441,,,,,,,,,,,,
63034,,,,,,,,,,,39.373695,69.860443,19.863672,51.526661,0.225122,0.235006,,,,,,,,,,,,
63039,,,,,,,,,,,39.373695,69.860443,19.335699,50.637329,0.232405,0.245821,,,,,,,,,,,,
63044,,,,,,,,,,,39.373695,69.860443,19.444647,49.824596,0.233309,0.255952,,,,,,,,,,,,
63056,,,,,,,,,,,20.697176,71.435089,19.482374,48.637959,0.046226,0.287666,,,,,,,,,,,,
63059,,,,,,,,,,,20.697176,71.435089,18.395798,46.223095,0.057322,0.314336,,,,,,,,,,,,
63064,,,,,,,,,,,20.697176,71.435089,17.994253,45.790558,0.061607,0.321226,,,,,,,,,,,,
63069,,,,,,,,,,,20.697176,71.435089,17.627295,45.395279,0.065584,0.327783,,,,,,,,,,,,
63074,,,,,,,,,,,20.697176,71.435089,16.700497,45.034042,0.075252,0.334035,,,,,,,,,,,,
63079,,,,,,,,,,,20.697176,71.435089,16.444969,44.703922,0.078232,0.340009,,,,,,,,,,,,
63084,,,,,,,,,,,20.697176,71.435089,16.211451,44.993679,0.081016,0.339756,,,,,,,,,,,,
63089,,,,,,,,,,,20.697176,71.435089,15.406600,44.667034,0.089593,0.345699,,,,,,,,,,,,
63094,,,,,,,,,,,20.697176,71.435089,15.262516,44.959969,0.091578,0.345417,,,,,,,,,,,,
63099,,,,,,,,,,,20.697176,71.435089,15.130842,45.227673,0.093451,0.345361,,,,,,,,,,,,
63104,,,,,,,,,,,20.697176,71.435089,15.010509,45.472317,0.095223,0.345511,,,,,,,,,,,,
63116,,,,,,,,,,,20.697176,71.435089,14.157659,47.705631,0.104926,0.327474,,,,,,,,,,,,
63119,,,,,,,,,,,20.697176,71.435089,12.938256,45.962517,0.117896,0.347452,,,,,,,,,,,,
63124,,,,,,,,,,,20.697176,71.435089,12.415326,46.735313,0.123954,0.342194,,,,,,,,,,,,
63129,,,,,,,,,,,20.697176,71.435089,11.937436,47.441551,0.129608,0.337531,,,,,,,,,,,,
63134,,,,,,,,,,,20.697176,71.435089,11.500708,48.086960,0.134895,0.333412,,,,,,,,,,,,
63139,,,,,,,,,,,20.697176,71.435089,11.693039,48.676781,0.133872,0.329790,,,,,,,,,,,,
63144,,,,,,,,,,,20.697176,71.435089,10.685915,49.807243,0.144945,0.320648,,,,,,,,,,,,
63149,,,,,,,,,,,20.697176,71.435089,10.356979,50.248894,0.149268,0.318350,,,,,,,,,,,,
63154,,,,,,,,,,,20.697176,71.435089,10.056376,50.652504,0.153338,0.316392,,,,,,,,,,,,
63159,,,,,,,,,,,23.614262,75.816696,9.781663,51.612797,0.186640,0.353026,,,,,,,,,,,,
63164,,,,,,,,,,,23.614262,75.816696,9.530611,52.490379,0.190558,0.346583,,,,,,,,,,,,
63169,,,,,,,,,,,23.614262,75.816696,9.892628,52.700932,0.188310,0.346789,,,,,,,,,,,,
63174,,,,,,,,,,,23.614262,75.816696,10.223463,54.076237,0.186341,0.335210,,,,,,,,,,,,
63179,,,,,,,,,,,23.614262,75.816696,9.934359,54.741642,0.190600,0.330663,,,,,,,,,,,,
63184,,,,,,,,,,,23.614262,75.816696,10.261600,55.349735,0.188663,0.326629,,,,,,,,,,,,
63196,,,,,,,,,,,23.614262,75.816696,11.272574,58.657356,0.180915,0.296432,,,,,,,,,,,,
63199,,,,,,,,,,,23.614262,75.816696,10.893110,57.153854,0.185982,0.313333,,,,,,,,,,,,
63204,,,,,,,,,,,23.614262,75.816696,11.137774,57.554184,0.184783,0.311156,,,,,,,,,,,,
63209,,,,,,,,,,,23.614262,75.816696,11.361365,57.920033,0.183773,0.309287,,,,,,,,,,,,
63214,,,,,,,,,,,23.614262,75.816696,12.157144,58.254372,0.176960,0.307700,,,,,,,,,,,,
63219,,,,,,,,,,,23.614262,75.816696,12.292936,59.151360,0.176735,0.300397,,,,,,,,,,,,
63224,,,,,,,,,,,23.614262,75.816696,12.417033,59.379646,0.176613,0.299757,,,,,,,,,,,,
63229,,,,,,,,,,,23.614262,75.816696,12.530441,60.179714,0.176588,0.293320,,,,,,,,,,,,
63234,,,,,,,,,,,23.614262,75.816696,13.225527,60.319427,0.170676,0.293473,,,,,,,,,,,,
63239,,,,,,,,,,,23.614262,75.816696,13.269300,61.038551,0.171273,0.287760,,,,,,,,,,,,
63244,,,,,,,,,,,23.614262,75.816696,13.309301,61.104294,0.171903,0.288573,,,,,,,,,,,,
63256,,,,,,,,,,,23.614262,75.816696,13.817887,62.973763,0.168646,0.271919,,,,,,,,,,,,
63259,,,,,,,,,,,56.850395,79.358429,13.219194,60.507042,0.511358,0.333888,,,,,,,,,,,,
63264,,,,,,,,,,,56.850395,79.358429,14.446402,60.618561,0.503326,0.334647,,,,,,,,,,,,
63269,,,,,,,,,,,56.850395,79.358429,16.159355,61.311920,0.490265,0.329518,,,,,,,,,,,,
63274,,,,,,,,,,,56.850395,79.358429,18.907661,61.945560,0.466577,0.324923,,,,,,,,,,,,
63279,,,,,,,,,,,56.850395,79.358429,22.602144,61.933182,0.433057,0.326789,,,,,,,,,,,,
63284,,,,,,,,,,,56.850395,79.358429,26.569866,62.513313,0.396407,0.322672,,,,,,,,,,,,
63289,,,,,,,,,,,56.850395,79.358429,30.195847,63.043476,0.362813,0.319002,,,,,,,,,,,,
63294,,,,,,,,,,,56.850395,79.358429,34.100964,63.527977,0.326037,0.315740,,,,,,,,,,,,
63299,,,,,,,,,,,56.850395,79.358429,36.486843,63.970749,0.304214,0.312851,,,,,,,,,,,,
63304,,,,,,,,,,,56.850395,79.358429,38.667229,63.783939,0.284229,0.316277,,,,,,,,,,,,
63316,,,,,,,,,,,56.850395,79.358429,42.562813,65.211685,0.247729,0.304279,,,,,,,,,,,,
63319,,,,,,,,,,,56.850395,79.358429,41.262650,62.552216,0.262290,0.332554,,,,,,,,,,,,
63324,,,,,,,,,,,56.850395,79.358429,41.848804,63.079029,0.257928,0.328914,,,,,,,,,,,,
63329,,,,,,,,,,,56.850395,79.358429,42.384472,62.969025,0.254018,0.331653,,,,,,,,,,,,
63334,,,,,,,,,,,56.850395,79.358429,42.282558,63.459938,0.256494,0.328334,,,,,,,,,,,,
63339,,,,,,,,,,,56.850395,79.358429,42.189423,63.908569,0.258892,0.325392,,,,,,,,,,,,
63344,,,,,,,,,,,56.850395,79.358429,41.512863,63.727116,0.267191,0.328770,,,,,,,,,,,,
63349,,,,,,,,,,,56.850395,79.358429,41.486023,64.152733,0.268996,0.326035,,,,,,,,,,,,
63354,,,,,,,,,,,66.554436,63.222435,40.870049,63.950249,0.374765,0.166627,,,,,,,,,,,,
63359,,,,,,,,,,,66.554436,63.222435,40.898571,63.765205,0.377045,0.168423,,,,,,,,,,,,
63364,,,,,,,,,,,66.554436,63.222435,41.516083,63.004654,0.373374,0.176050,,,,,,,,,,,,
63369,,,,,,,,,,,66.554436,63.222435,42.080406,61.718163,0.370178,0.189065,,,,,,,,,,,,
63374,,,,,,,,,,,66.554436,63.222435,43.187572,60.542480,0.361443,0.201090,,,,,,,,,,,,
63379,,,,,,,,,,,66.554436,63.222435,44.199375,59.468060,0.353560,0.212210,,,,,,,,,,,,
63384,,,,,,,,,,,66.554436,63.222435,45.715477,58.486176,0.340483,0.222502,,,,,,,,,,,,
63396,,,,,,,,,,,66.554436,63.222435,48.500156,58.625202,0.315855,0.221544,,,,,,,,,,,,
63399,,,,,,,,,,,66.554436,63.222435,46.688606,55.941582,0.335957,0.249108,,,,,,,,,,,,
63404,,,,,,,,,,,66.554436,63.222435,47.398865,55.263435,0.330770,0.256685,,,,,,,,,,,,
63409,,,,,,,,,,,66.554436,63.222435,48.639397,55.235142,0.320156,0.257767,,,,,,,,,,,,
63414,,,,,,,,,,,66.554436,63.222435,49.181633,54.617840,0.316471,0.264801,,,,,,,,,,,,
63419,,,,,,,,,,,66.554436,63.222435,49.677166,54.645153,0.313203,0.265385,,,,,,,,,,,,
63424,,,,,,,,,,,66.554436,63.222435,49.538574,54.078671,0.316291,0.271964,,,,,,,,,,,,
63429,,,,,,,,,,,66.554436,63.222435,50.003365,53.560978,0.313298,0.278107,,,,,,,,,,,,
63434,,,,,,,,,,,66.554436,63.222435,50.428123,53.679317,0.310663,0.277878,,,,,,,,,,,,
63439,,,,,,,,,,,66.554436,63.222435,50.224854,53.196022,0.314329,0.283714,,,,,,,,,,,,
63444,,,,,,,,,,,66.554436,63.222435,50.039089,53.345798,0.317838,0.283204,,,,,,,,,,,,
63456,,,,,,,,,,,54.538059,30.751997,51.570553,54.821739,0.182532,-0.061591,,,,,,,,,,,,
63459,,,,,,,,,,,54.538059,30.751997,48.903107,52.465710,0.209770,-0.040202,,,,,,,,,,,,
63464,,,,,,,,,,,54.538059,30.751997,48.239742,50.312607,0.217033,-0.020627,,,,,,,,,,,,
63469,,,,,,,,,,,54.538059,30.751997,47.633514,48.344952,0.223786,-0.002709,,,,,,,,,,,,
63474,,,,,,,,,,,54.538059,30.751997,46.488056,45.955326,0.236046,0.019667,,,,,,,,,,,,
63479,,,,,,,,,,,54.538059,30.751997,46.032700,43.771519,0.241450,0.040203,,,,,,,,,,,,
63484,,,,,,,,,,,54.538059,30.751997,45.025120,42.367249,0.252477,0.053084,,,,,,,,,,,,
63489,,,,,,,,,,,54.538059,30.751997,44.695766,40.492485,0.256754,0.070857,,,,,,,,,,,,
63494,,,,,,,,,,,54.538059,30.751997,43.803337,39.370640,0.266752,0.081214,,,,,,,,,,,,
63499,,,,,,,,,,,54.538059,30.751997,43.579216,38.345417,0.270089,0.090707,,,,,,,,,,,,
63504,,,,,,,,,,,54.538059,30.751997,43.374397,36.817055,0.273254,0.105384,,,,,,,,,,,,
63516,,,,,,,,,,,54.538059,30.751997,44.332027,35.612591,0.265301,0.116121,,,,,,,,,,,,
63519,,,,,,,,,,,54.538059,30.751997,42.879478,33.728161,0.280992,0.134668,,,,,,,,,,,,
63524,,,,,,,,,,,54.538059,30.751997,42.734928,33.188927,0.283618,0.139816,,,,,,,,,,,,
63529,,,,,,,,,,,54.538059,30.751997,43.194275,32.696136,0.280159,0.144550,,,,,,,,,,,,
63534,,,,,,,,,,,54.538059,30.751997,43.022614,32.245792,0.283027,0.148904,,,,,,,,,,,,
63539,,,,,,,,,,,54.538059,30.751997,43.457180,31.834236,0.279790,0.152911,,,,,,,,,,,,
63544,,,,,,,,,,,54.538059,30.751997,44.445763,30.866682,0.270913,0.162575,,,,,,,,,,,,
63549,,,,,,,,,,,54.538059,30.751997,44.757755,30.573908,0.268771,0.165521,,,,,,,,,,,,
63554,,,,,,,,,,,54.538059,30.751997,45.042873,30.306351,0.266869,0.168241,,,,,,,,,,,,
63559,,,,,,,,,,,73.257256,46.116165,45.894882,30.061838,0.448278,0.325933,,,,,,,,,,,,
63564,,,,,,,,,,,73.257256,46.116165,46.673504,30.429831,0.443150,0.323822,,,,,,,,,,,,
63576,,,,,,,,,,,73.257256,46.116165,50.330326,32.440266,0.410693,0.306147,,,,,,,,,,,,
63579,,,,,,,,,,,73.257256,46.116165,49.544033,32.011959,0.420927,0.311840,,,,,,,,,,,,
63584,,,,,,,,,,,73.257256,46.116165,51.191242,33.394875,0.406661,0.299283,,,,,,,,,,,,
63589,,,,,,,,,,,73.257256,46.116165,52.696579,34.658680,0.393664,0.287791,,,,,,,,,,,,
63594,,,,,,,,,,,73.257256,46.116165,54.663704,36.405079,0.375852,0.271298,,,,,,,,,,,,
63599,,,,,,,,,,,73.257256,46.116165,56.461403,38.592506,0.359555,0.250176,,,,,,,,,,,,
63604,,,,,,,,,,,73.257256,46.116165,58.695709,40.000084,0.338668,0.236712,,,,,,,,,,,,
63609,,,,,,,,,,,73.257256,46.116165,59.554684,40.694981,0.331448,0.230305,,,,,,,,,,,,
63614,,,,,,,,,,,73.257256,46.116165,59.156784,40.147137,0.336837,0.236381,,,,,,,,,,,,
63619,,,,,,,,,,,73.257256,46.116165,59.384602,39.646481,0.335946,0.242034,,,,,,,,,,,,
63624,,,,,,,,,,,73.257256,46.116165,59.592796,39.780392,0.335231,0.241329,,,,,,,,,,,,
63629,,,,,,,,,,,73.257256,46.116165,59.783062,39.902767,0.334676,0.240726,,,,,,,,,,,,
63634,,,,,,,,,,,73.257256,46.116165,59.956940,40.014603,0.334267,0.240218,,,,,,,,,,,,
63639,,,,,,,,,,,73.257256,46.116165,60.115841,40.708252,0.333992,0.233822,,,,,,,,,,,,
63644,,,,,,,,,,,73.257256,46.116165,60.261055,40.750710,0.333840,0.233934,,,,,,,,,,,,
63656,,,,,,,,,,,79.999992,79.999992,62.218578,41.600334,0.384662,0.571564,,,,,,,,,,,,
63659,,,,,,,,,,,79.999992,79.999992,59.816902,40.383068,0.410697,0.587698,,,,,,,,,,,,
63664,,,,,,,,,,,79.999992,79.999992,60.579308,42.227871,0.405015,0.573028,,,,,,,,,,,,
63669,,,,,,,,,,,79.999992,79.999992,61.276047,44.505226,0.399920,0.553804,,,,,,,,,,,,
63674,,,,,,,,,,,79.999992,79.999992,61.912777,47.769321,0.395361,0.524386,,,,,,,,,,,,
63679,,,,,,,,,,,79.999992,79.999992,62.494667,51.343723,0.391293,0.491507,,,,,,,,,,,,
63684,,,,,,,,,,,79.999992,79.999992,63.026436,54.610260,0.387672,0.461381,,,,,,,,,,,,
63689,,,,,,,,,,,79.999992,79.999992,63.512405,58.778339,0.384461,0.421822,,,,,,,,,,,,
63694,,,,,,,,,,,79.999992,79.999992,63.956516,61.995975,0.381625,0.391446,,,,,,,,,,,,
63699,,,,,,,,,,,79.999992,79.999992,64.953819,64.936478,0.373156,0.363548,,,,,,,,,,,,
63704,,,,,,,,,,,79.999992,79.999992,65.273781,67.032272,0.371429,0.343886,,,,,,,,,,,,
63716,,,,,,,,,,,79.999992,79.999992,68.026512,72.197647,0.345656,0.293113,,,,,,,,,,,,
63719,,,,,,,,,,,79.999992,79.999992,65.716042,70.119362,0.370189,0.314884,,,,,,,,,,,,
63724,,,,,,,,,,,79.999992,79.999992,65.970352,69.994415,0.369049,0.317134,,,,,,,,,,,,
63729,,,,,,,,,,,79.999992,79.999992,66.794205,70.471672,0.362131,0.313314,,,,,,,,,,,,
63734,,,,,,,,,,,79.999992,79.999992,66.955658,69.724937,0.361820,0.321809,,,,,,,,,,,,
63739,,,,,,,,,,,79.999992,79.999992,67.103203,69.633965,0.361635,0.323755,,,,,,,,,,,,
63744,,,,,,,,,,,79.999992,79.999992,67.829483,68.959381,0.355589,0.331605,,,,,,,,,,,,
63749,,,,,,,,,,,79.999992,79.999992,67.901764,68.934341,0.356076,0.332962,,,,,,,,,,,,
63754,,,,,,,,,,,79.999992,79.999992,68.559265,68.320015,0.350645,0.340273,,,,,,,,,,,,
63759,,,,,,,,,,,79.999992,79.999992,68.568687,68.350044,0.351694,0.341138,,,,,,,,,,,,
63764,,,,,,,,,,,79.999992,79.999992,69.168747,67.786041,0.346776,0.347999,,,,,,,,,,,,
63776,,,,,,,,,,,79.999992,79.999992,71.279427,69.584145,0.326742,0.331446,,,,,,,,,,,,
63779,,,,,,,,,,,79.999992,79.999992,68.688782,67.139519,0.353780,0.357178,,,,,,,,,,,,
63784,,,,,,,,,,,79.999992,79.999992,68.687050,67.271225,0.354928,0.357134,,,,,,,,,,,,
63789,,,,,,,,,,,79.999992,79.999992,69.276917,67.391586,0.350102,0.357191,,,,,,,,,,,,
63794,,,,,,,,,,,79.999992,79.999992,69.815971,68.093025,0.345730,0.351367,,,,,,,,,,,,
63799,,,,,,,,,,,79.999992,79.999992,69.717155,68.142609,0.347746,0.352057,,,,,,,,,,,,
63804,,,,,,,,,,,79.999992,79.999992,70.218292,68.187920,0.343713,0.352785,,,,,,,,,,,,
63809,,,,,,,,,,,79.999992,79.999992,70.084824,68.229332,0.346039,0.353548,,,,,,,,,,,,
63814,,,,,,,,,,,79.999992,79.999992,70.554298,68.858620,0.342289,0.348369,,,,,,,,,,,,
63819,,,,,,,,,,,79.999992,79.999992,70.983337,68.842262,0.338900,0.349649,,,,,,,,,,,,
63824,,,,,,,,,,,79.999992,79.999992,70.783974,69.418755,0.341815,0.344942,,,,,,,,,,,,
63836,,,,,,,,,,,79.999992,79.999992,73.760345,72.620163,0.312669,0.313784,,,,,,,,,,,,
63839,,,,,,,,,,,79.999992,79.999992,70.364578,69.322601,0.347590,0.347828,,,,,,,,,,,,
63844,,,,,,,,,,,79.999992,79.999992,70.809959,69.857727,0.344056,0.343491,,,,,,,,,,,,
63849,,,,,,,,,,,79.999992,79.999992,71.216980,70.346764,0.340864,0.339565,,,,,,,,,,,,
63854,,,,,,,,,,,79.999992,79.999992,71.588943,70.793678,0.337985,0.336017,,,,,,,,,,,,
63859,,,,,,,,,,,79.999992,79.999992,71.928864,71.202095,0.335393,0.332813,,,,,,,,,,,,
63864,,,,,,,,,,,79.999992,79.999992,72.239510,71.575340,0.333063,0.329923,,,,,,,,,,,,
63869,,,,,,,,,,,79.999992,79.999992,71.931953,71.916435,0.336945,0.327320,,,,,,,,,,,,
63874,,,,,,,,,,,79.999992,79.999992,72.242332,72.819595,0.334617,0.319006,,,,,,,,,,,,
63879,,,,,,,,,,,79.999992,79.999992,72.525978,73.053520,0.332528,0.317362,,,,,,,,,,,,
63884,,,,,,,,,,,79.999992,79.999992,72.785194,73.267296,0.330657,0.315897,,,,,,,,,,,,
63889,,,,,,,,,,,79.999992,79.999992,73.022087,73.462662,0.328986,0.314597,,,,,,,,,,,,
63894,,,,,,,,,,,79.999992,79.999992,73.238571,73.641197,0.327497,0.313448,,,,,,,,,,,,
63899,,,,,,,,,,,79.999992,79.999992,73.436409,73.804359,0.326175,0.312436,,,,,,,,,,,,
63904,,,,,,,,,,,79.999992,79.999992,73.617210,74.544914,0.325006,0.305576,,,,,,,,,,,,
63916,,,,,,,,,,,79.999992,79.999992,76.075600,77.441818,0.300490,0.276453,,,,,,,,,,,,
63919,,,,,,,,,,,79.999992,79.999992,73.071861,74.320412,0.331220,0.308235,,,,,,,,,,,,
63924,,,,,,,,,,,79.999992,79.999992,73.284058,74.425072,0.329770,0.307746,,,,,,,,,,,,
63929,,,,,,,,,,,79.999992,79.999992,74.069427,74.520721,0.322509,0.307338,,,,,,,,,,,,
63934,,,,,,,,,,,79.999992,79.999992,74.195709,75.199577,0.321827,0.301029,,,,,,,,,,,,
63939,,,,,,,,,,,79.999992,79.999992,74.311111,75.228516,0.321241,0.301217,,,,,,,,,,,,
63944,,,,,,,,,,,79.999992,79.999992,74.416573,75.254959,0.320745,0.301427,,,,,,,,,,,,
63949,,,,,,,,,,,79.999992,79.999992,74.512955,75.279129,0.320330,0.301657,,,,,,,,,,,,
63954,,,,,,,,,,,79.999992,79.999992,74.601028,75.892662,0.319989,0.295933,,,,,,,,,,,,
63959,,,,,,,,,,,79.999992,79.999992,74.681519,75.861908,0.319716,0.296654,,,,,,,,,,,,
63964,,,,,,,,,,,79.999992,79.999992,74.755081,75.833801,0.319505,0.297352,,,,,,,,,,,,
63976,,,,,,,,,,,79.999992,79.999992,77.617348,78.518250,0.290692,0.270128,,,,,,,,,,,,
63979,,,,,,,,,,,79.999992,79.999992,74.480820,75.304123,0.322609,0.302739,,,,,,,,,,,,
63984,,,,,,,,,,,79.999992,79.999992,74.571663,75.324059,0.322244,0.303007,,,,,,,,,,,,
63989,,,,,,,,,,,79.999992,79.999992,74.654686,75.342278,0.321948,0.303291,,,,,,,,,,,,
63994,,,,,,,,,,,79.999992,79.999992,75.321999,75.950371,0.315743,0.297615,,,,,,,,,,,,
63999,,,,,,,,,,,79.999992,79.999992,75.340393,75.914642,0.316025,0.298381,,,,,,,,,,,,
64004,,,,,,,,,,,79.999992,79.999992,75.357201,76.473434,0.316321,0.293146,,,,,,,,,,,,
64009,,,,,,,,,,,79.999992,79.999992,75.964005,76.392654,0.310656,0.294314,,,,,,,,,,,,
64014,,,,,,,,,,,79.999992,79.999992,75.927101,76.318832,0.311433,0.295420,,,,,,,,,,,,
64019,,,,,,,,,,,79.999992,79.999992,76.484825,76.842812,0.306207,0.290496,,,,,,,,,,,,
64024,,,,,,,,,,,79.999992,79.999992,76.403069,76.730217,0.307384,0.291949,,,,,,,,,,,,
64036,,,,,,,,,,,79.999992,79.999992,78.453178,78.675453,0.286518,0.272020,,,,,,,,,,,,
64039,,,,,,,,,,,79.999992,79.999992,75.836105,76.039238,0.313105,0.298779,,,,,,,,,,,,
64044,,,,,,,,,,,79.999992,79.999992,75.810219,75.995857,0.313783,0.299613,,,,,,,,,,,,
64049,,,,,,,,,,,79.999992,79.999992,75.786560,76.547661,0.314441,0.294440,,,,,,,,,,,,
64054,,,,,,,,,,,79.999992,79.999992,75.764938,76.460487,0.315080,0.295666,,,,,,,,,,,,
64059,,,,,,,,,,,79.999992,79.999992,75.745178,76.380821,0.315704,0.296824,,,,,,,,,,,,
64064,,,,,,,,,,,79.999992,79.999992,75.727127,76.308022,0.316311,0.297922,,,,,,,,,,,,
64069,,,,,,,,,,,79.999992,79.999992,76.302071,76.241486,0.310932,0.298963,,,,,,,,,,,,
64074,,,,,,,,,,,79.999992,79.999992,76.236053,76.180687,0.311968,0.299953,,,,,,,,,,,,
64079,,,,,,,,,,,79.999992,79.999992,76.175720,76.716568,0.312954,0.294922,,,,,,,,,,,,
64084,,,,,,,,,,,79.999992,79.999992,76.120583,76.614845,0.313893,0.296278,,,,,,,,,,,,
64089,,,,,,,,,,,79.999992,79.999992,76.661636,77.113335,0.308817,0.291582,,,,,,,,,,,,
64094,,,,,,,,,,,79.999992,79.999992,76.564644,76.977440,0.310130,0.293243,,,,,,,,,,,,
64099,,,,,,,,,,,79.999992,79.999992,77.067451,76.853249,0.305395,0.294799,,,,,,,,,,,,
64104,,,,,,,,,,,79.999992,79.999992,76.935509,77.331200,0.307021,0.290287,,,,,,,,,,,,
64116,,,,,,,,,,,79.999992,79.999992,78.897850,79.228310,0.286939,0.270788,,,,,,,,,,,,
64119,,,,,,,,,,,79.999992,79.999992,76.242477,76.544472,0.313869,0.297972,,,,,,,,,,,,
64124,,,,,,,,,,,79.999992,79.999992,76.181587,77.049019,0.314860,0.293222,,,,,,,,,,,,
64129,,,,,,,,,,,79.999992,79.999992,76.717392,76.918663,0.309830,0.294833,,,,,,,,,,,,
64134,,,,,,,,,,,79.999992,79.999992,76.615601,77.390984,0.311186,0.290371,,,,,,,,,,,,
64139,,,,,,,,,,,79.999992,79.999992,77.114021,77.231178,0.306490,0.292246,,,,,,,,,,,,
64144,,,,,,,,,,,79.999992,79.999992,76.978065,77.085136,0.308152,0.293998,,,,,,,,,,,,
64149,,,,,,,,,,,79.999992,79.999992,77.445267,76.951668,0.303736,0.295637,,,,,,,,,,,,
64154,,,,,,,,,,,79.999992,79.999992,77.280785,77.421143,0.305652,0.291201,,,,,,,,,,,,
64159,,,,,,,,,,,79.999992,79.999992,77.130470,77.258736,0.307443,0.293099,,,,,,,,,,,,
64164,,,,,,,,,,,79.999992,79.999992,76.993103,77.701767,0.309117,0.288898,,,,,,,,,,,,
64176,,,,,,,,,,,79.999992,79.999992,78.895004,79.537788,0.289575,0.269946,,,,,,,,,,,,
64179,,,,,,,,,,,79.999992,79.999992,76.239876,76.235855,0.316503,0.303341,,,,,,,,,,,,
64184,,,,,,,,,,,79.999992,79.999992,76.179214,76.175537,0.317491,0.304327,,,,,,,,,,,,
64189,,,,,,,,,,,79.999992,79.999992,76.123779,76.711861,0.318433,0.299293,,,,,,,,,,,,
64194,,,,,,,,,,,79.999992,79.999992,76.664558,76.610542,0.313359,0.300645,,,,,,,,,,,,
64199,,,,,,,,,,,79.999992,79.999992,76.567314,76.517952,0.314675,0.301919,,,,,,,,,,,,
64204,,,,,,,,,,,79.999992,79.999992,76.478447,77.024780,0.315916,0.297148,,,,,,,,,,,,
64209,,,,,,,,,,,79.999992,79.999992,76.397240,76.896515,0.317088,0.298741,,,,,,,,,,,,
64214,,,,,,,,,,,79.999992,79.999992,76.323021,76.779297,0.318198,0.300235,,,,,,,,,,,,
64219,,,,,,,,,,,79.999992,79.999992,76.846642,77.263618,0.313277,0.295666,,,,,,,,,,,,
64224,,,,,,,,,,,79.999992,79.999992,76.733719,77.114784,0.314733,0.297443,,,,,,,,,,,,
64236,,,,,,,,,,,79.999992,79.999992,79.269821,79.588066,0.288835,0.272107,,,,,,,,,,,,
64239,,,,,,,,,,,79.999992,79.999992,75.990967,76.281799,0.322025,0.305541,,,,,,,,,,,,
64244,,,,,,,,,,,79.999992,79.999992,75.951744,76.217529,0.322822,0.306562,,,,,,,,,,,,
64249,,,,,,,,,,,79.999992,79.999992,76.507347,76.750237,0.317615,0.301560,,,,,,,,,,,,
64254,,,,,,,,,,,79.999992,79.999992,76.423645,76.645615,0.318810,0.302942,,,,,,,,,,,,
64259,,,,,,,,,,,79.999992,79.999992,76.347153,77.141449,0.319940,0.298269,,,,,,,,,,,,
64264,,,,,,,,,,,79.999992,79.999992,76.868698,77.003136,0.315038,0.299952,,,,,,,,,,,,
64269,,,,,,,,,,,79.999992,79.999992,76.753876,76.876732,0.316510,0.301528,,,,,,,,,,,,
64274,,,,,,,,,,,79.999992,79.999992,76.648941,77.352661,0.317895,0.297034,,,,,,,,,,,,
64279,,,,,,,,,,,79.999992,79.999992,77.144493,77.196152,0.313225,0.298879,,,,,,,,,,,,
64284,,,,,,,,,,,79.999992,79.999992,77.005913,77.644569,0.314910,0.294631,,,,,,,,,,,,
64296,,,,,,,,,,,79.999992,79.999992,78.905701,79.439087,0.295387,0.276049,,,,,,,,,,,,
64299,,,,,,,,,,,79.999992,79.999992,76.249649,76.737099,0.322323,0.303395,,,,,,,,,,,,
64304,,,,,,,,,,,79.999992,79.999992,76.188141,76.633614,0.323319,0.304767,,,,,,,,,,,,
64309,,,,,,,,,,,79.999992,79.999992,76.723381,76.539040,0.318294,0.306058,,,,,,,,,,,,
64314,,,,,,,,,,,79.999992,79.999992,76.621071,77.044052,0.319656,0.301304,,,,,,,,,,,,
64319,,,,,,,,,,,79.999992,79.999992,77.119019,76.914124,0.314964,0.302912,,,,,,,,,,,,
64324,,,,,,,,,,,79.999992,79.999992,76.982635,77.386833,0.316630,0.298446,,,,,,,,,,,,
64329,,,,,,,,,,,79.999992,79.999992,76.858002,77.227386,0.318190,0.300318,,,,,,,,,,,,
64334,,,,,,,,,,,79.999992,79.999992,77.335548,77.673111,0.313681,0.296093,,,,,,,,,,,,
64339,,,,,,,,,,,79.999992,79.999992,77.180511,77.489006,0.315514,0.298185,,,,,,,,,,,,
64344,,,,,,,,,,,79.999992,79.999992,77.630280,77.912201,0.311253,0.294162,,,,,,,,,,,,
64349,,,,,,,,,,,79.999992,79.999992,78.041306,77.707497,0.307338,0.296438,,,,,,,,,,,,
64354,,,,,,,,,,,79.999992,79.999992,77.825485,78.111870,0.309714,0.292583,,,,,,,,,,,,
64359,,,,,,,,,,,79.999992,79.999992,77.628250,77.889969,0.311924,0.295013,,,,,,,,,,,,
64364,,,,,,,,,,,79.999992,79.999992,77.448006,77.687180,0.313981,0.297273,,,,,,,,,,,,
64376,,,,,,,,,,,79.999992,79.999992,79.274918,80.015167,0.295110,0.273236,,,,,,,,,,,,
64379,,,,,,,,,,,79.999992,79.999992,76.587067,77.263557,0.322330,0.301025,,,,,,,,,,,,
64384,,,,,,,,,,,79.999992,79.999992,76.496498,77.114723,0.323586,0.302802,,,,,,,,,,,,
64389,,,,,,,,,,,79.999992,79.999992,77.005180,76.978706,0.318798,0.304465,,,,,,,,,,,,
64394,,,,,,,,,,,79.999992,79.999992,76.878601,77.445854,0.320376,0.300048,,,,,,,,,,,,
64399,,,,,,,,,,,79.999992,79.999992,77.354370,77.281319,0.315883,0.301966,,,,,,,,,,,,
64404,,,,,,,,,,,79.999992,79.999992,77.197716,77.722404,0.317730,0.297783,,,,,,,,,,,,
64409,,,,,,,,,,,79.999992,79.999992,77.645996,77.534050,0.313483,0.299913,,,,,,,,,,,,
64414,,,,,,,,,,,79.999992,79.999992,77.464226,77.953362,0.315554,0.295924,,,,,,,,,,,,
64419,,,,,,,,,,,79.999992,79.999992,77.889557,78.336563,0.311512,0.292259,,,,,,,,,,,,
64424,,,,,,,,,,,79.999992,79.999992,77.686806,78.095314,0.313771,0.294862,,,,,,,,,,,,
64436,,,,,,,,,,,79.999992,79.999992,80.014862,80.356026,0.289733,0.271426,,,,,,,,,,,,
64439,,,,,,,,,,,79.999992,79.999992,76.671837,76.983612,0.323496,0.305452,,,,,,,,,,,,
64444,,,,,,,,,,,79.999992,79.999992,77.165413,77.450333,0.318844,0.301039,,,,,,,,,,,,
64449,,,,,,,,,,,79.999992,79.999992,77.025032,77.285416,0.320545,0.302960,,,,,,,,,,,,
64454,,,,,,,,,,,79.999992,79.999992,76.896744,77.726143,0.322138,0.298780,,,,,,,,,,,,
64459,,,,,,,,,,,79.999992,79.999992,77.370949,77.537468,0.317659,0.300913,,,,,,,,,,,,
64464,,,,,,,,,,,79.999992,79.999992,77.212868,77.956490,0.319519,0.296927,,,,,,,,,,,,
64469,,,,,,,,,,,79.999992,79.999992,77.659843,77.747978,0.315283,0.299238,,,,,,,,,,,,
64474,,,,,,,,,,,79.999992,79.999992,77.476875,77.557419,0.317365,0.301387,,,,,,,,,,,,
64479,,,,,,,,,,,79.999992,79.999992,77.901115,77.974724,0.313332,0.297417,,,,,,,,,,,,
64484,,,,,,,,,,,79.999992,79.999992,77.697372,77.764641,0.315600,0.299741,,,,,,,,,,,,
64496,,,,,,,,,,,79.999992,79.999992,80.023682,80.079865,0.291578,0.275818,,,,,,,,,,,,
64499,,,,,,,,,,,79.999992,79.999992,76.679893,77.322685,0.325348,0.303658,,,,,,,,,,,,
64504,,,,,,,,,,,79.999992,79.999992,76.581329,77.168762,0.326675,0.305480,,,,,,,,,,,,
64509,,,,,,,,,,,79.999992,79.999992,77.082703,77.619537,0.321953,0.301211,,,,,,,,,,,,
64514,,,,,,,,,,,79.999992,79.999992,77.540894,77.440041,0.317617,0.303261,,,,,,,,,,,,
64519,,,,,,,,,,,79.999992,79.999992,77.368172,77.276009,0.319608,0.305174,,,,,,,,,,,,
64524,,,,,,,,,,,79.999992,79.999992,77.801773,77.717552,0.315491,0.300987,,,,,,,,,,,,
64529,,,,,,,,,,,79.999992,79.999992,77.606583,77.529617,0.317683,0.303113,,,,,,,,,,,,
64534,,,,,,,,,,,79.999992,79.999992,77.428207,77.357872,0.319724,0.305095,,,,,,,,,,,,
64539,,,,,,,,,,,79.999992,79.999992,77.265190,77.792358,0.321627,0.300971,,,,,,,,,,,,
64544,,,,,,,,,,,79.999992,79.999992,77.707664,78.189423,0.317432,0.297181,,,,,,,,,,,,
64549,,,,,,,,,,,79.999992,79.999992,77.520584,77.960846,0.319551,0.299671,,,,,,,,,,,,
64554,,,,,,,,,,,79.999992,79.999992,77.349617,77.751953,0.321525,0.301985,,,,,,,,,,,,
64559,,,,,,,,,,,79.966774,78.801201,77.784821,78.152496,0.317059,0.286056,,,,,,,,,,,,
64564,,,,,,,,,,,79.966774,78.801201,78.182533,77.927101,0.313261,0.288398,,,,,,,,,,,,
64576,,,,,,,,,,,79.966774,78.801201,79.888359,80.266479,0.295465,0.264019,,,,,,,,,,,,
64579,,,,,,,,,,,79.966774,78.801201,77.147675,77.493225,0.323154,0.291882,,,,,,,,,,,,
64584,,,,,,,,,,,79.966774,78.801201,77.008820,77.324608,0.324838,0.293716,,,,,,,,,,,,
64589,,,,,,,,,,,79.966774,78.801201,77.473373,77.170517,0.320442,0.295420,,,,,,,,,,,,
64594,,,,,,,,,,,79.966774,78.801201,77.897911,77.621140,0.316403,0.291032,,,,,,,,,,,,
64599,,,,,,,,,,,79.966774,78.801201,77.694443,78.032951,0.318665,0.286991,,,,,,,,,,,,
64604,,,,,,,,,,,79.966774,78.801201,78.099945,77.817848,0.314797,0.289240,,,,,,,,,,,,
64609,,,,,,,,,,,79.966774,78.801201,78.470520,78.212723,0.311241,0.285350,,,,,,,,,,,,
64614,,,,,,,,,,,79.966774,78.801201,78.217728,77.982140,0.313944,0.287738,,,,,,,,,,,,
64619,,,,,,,,,,,79.966774,78.801201,78.578156,78.362862,0.310478,0.283975,,,,,,,,,,,,
64624,,,,,,,,,,,79.966774,78.801201,78.316093,78.119347,0.313264,0.286478,,,,,,,,,,,,
64654,,,,,,,,,,,79.966774,78.801201,72.208885,71.340286,0.367768,0.347662,,,,,,,,,,,,
64659,,,,,,,,,,,79.999992,79.999992,72.495415,71.701630,0.365985,0.356866,,,,,,,,,,,,
64664,,,,,,,,,,,79.999992,79.999992,72.757263,72.623291,0.364091,0.348387,,,,,,,,,,,,
64669,,,,,,,,,,,79.999992,79.999992,73.588005,72.874123,0.356425,0.346591,,,,,,,,,,,,
64674,,,,,,,,,,,79.999992,79.999992,74.347191,73.694801,0.349398,0.339015,,,,,,,,,,,,
64679,,,,,,,,,,,79.999992,79.999992,75.040993,74.444794,0.342956,0.332071,,,,,,,,,,,,
64684,,,,,,,,,,,79.999992,79.999992,75.675034,75.130188,0.337048,0.325704,,,,,,,,,,,,
64696,,,,,,,,,,,79.999992,79.999992,78.334709,77.930618,0.310046,0.297444,,,,,,,,,,,,
64699,,,,,,,,,,,79.999992,79.999992,75.727837,75.358551,0.336542,0.323628,,,,,,,,,,,,
64704,,,,,,,,,,,79.999992,79.999992,76.302719,75.373795,0.331163,0.323939,,,,,,,,,,,,
64709,,,,,,,,,,,79.999992,79.999992,76.236641,75.979172,0.332200,0.318287,,,,,,,,,,,,
64714,,,,,,,,,,,79.999992,79.999992,76.767700,76.532410,0.327213,0.313101,,,,,,,,,,,,
64719,,,,,,,,,,,79.999992,79.999992,77.253021,77.037994,0.322634,0.308342,,,,,,,,,,,,
64724,,,,,,,,,,,79.999992,79.999992,77.696541,76.908592,0.318430,0.309945,,,,,,,,,,,,
64729,,,,,,,,,,,79.999992,79.999992,77.510414,77.381775,0.320540,0.305475,,,,,,,,,,,,
64734,,,,,,,,,,,79.999992,79.999992,77.931763,77.814209,0.316533,0.301369,,,,,,,,,,,,
64739,,,,,,,,,,,79.999992,79.999992,77.725380,78.209396,0.318824,0.297596,,,,,,,,,,,,
64744,,,,,,,,,,,79.999992,79.999992,78.128212,78.570541,0.314983,0.294128,,,,,,,,,,,,
64756,,,,,,,,,,,79.999992,79.999992,80.434448,80.803856,0.291141,0.270937,,,,,,,,,,,,
64759,,,,,,,,,,,79.999992,79.999992,77.646729,77.984314,0.319253,0.299334,,,,,,,,,,,,
64764,,,,,,,,,,,79.999992,79.999992,77.464890,78.364845,0.321325,0.295692,,,,,,,,,,,,
64769,,,,,,,,,,,79.999992,79.999992,77.890160,78.121155,0.317283,0.298317,,,,,,,,,,,,
64774,,,,,,,,,,,79.999992,79.999992,78.278801,78.489899,0.313569,0.294780,,,,,,,,,,,,
64779,,,,,,,,,,,79.999992,79.999992,78.042526,78.826889,0.316128,0.291528,,,,,,,,,,,,
64784,,,,,,,,,,,79.999992,79.999992,78.418045,78.543404,0.312531,0.294508,,,,,,,,,,,,
64789,,,,,,,,,,,79.999992,79.999992,78.169777,78.875786,0.315196,0.291297,,,,,,,,,,,,
64794,,,,,,,,,,,79.999992,79.999992,78.534340,79.179535,0.311697,0.288341,,,,,,,,,,,,
64799,,,,,,,,,,,79.999992,79.999992,78.867500,78.865677,0.308479,0.291593,,,,,,,,,,,,
64804,,,,,,,,,,,79.999992,79.999992,79.171967,79.170296,0.305517,0.288630,,,,,,,,,,,,
64809,,,,,,,,,,,79.999992,79.999992,78.858765,79.448677,0.308763,0.285902,,,,,,,,,,,,
64814,,,,,,,,,,,79.999992,79.999992,79.163979,79.111641,0.305795,0.289361,,,,,,,,,,,,
64819,,,,,,,,,,,79.999992,79.999992,79.442909,79.395081,0.303061,0.286587,,,,,,,,,,,,
64824,,,,,,,,,,,79.999992,79.999992,79.106369,79.062660,0.306516,0.290005,,,,,,,,,,,,
64836,,,,,,,,,,,79.999992,79.999992,81.251358,81.214851,0.284115,0.267539,,,,,,,,,,,,
64839,,,,,,,,,,,79.999992,79.999992,78.393272,78.359917,0.312856,0.296253,,,,,,,,,,,,
64844,,,,,,,,,,,79.999992,79.999992,78.147141,78.116653,0.315503,0.298874,,,,,,,,,,,,
64849,,,,,,,,,,,79.999992,79.999992,78.513649,78.485786,0.311986,0.295334,,,,,,,,,,,,
64854,,,,,,,,,,,79.999992,79.999992,78.257149,78.823128,0.314725,0.292078,,,,,,,,,,,,
64859,,,,,,,,,,,79.999992,79.999992,78.614182,78.539970,0.311294,0.295056,,,,,,,,,,,,
64864,,,,,,,,,,,79.999992,79.999992,78.349022,78.872643,0.314110,0.291842,,,,,,,,,,,,
64869,,,,,,,,,,,79.999992,79.999992,78.106697,78.585220,0.316723,0.294857,,,,,,,,,,,,
64874,,,,,,,,,,,79.999992,79.999992,78.476692,78.322556,0.313175,0.297652,,,,,,,,,,,,
64879,,,,,,,,,,,79.999992,79.999992,78.814819,78.673958,0.309913,0.294270,,,,,,,,,,,,
64884,,,,,,,,,,,79.999992,79.999992,78.532379,78.403648,0.312884,0.297133,,,,,,,,,,,,
64896,,,,,,,,,,,79.999992,79.999992,88.920273,88.211182,0.208113,0.198236,,,,,,,,,,,,
64897,,,,,,,,,,,79.999992,79.999992,81.261551,81.204979,0.284574,0.268178,,,,,,,,,,,,
64899,,,,,,,,,,,74.194344,79.839096,77.811150,77.759445,0.260660,0.301232,,,,,,,,,,,,
64904,,,,,,,,,,,74.194344,79.839096,77.615150,77.567902,0.262278,0.303375,,,,,,,,,,,,
64909,,,,,,,,,,,74.194344,79.839096,77.436035,77.984299,0.263745,0.299396,,,,,,,,,,,,
64914,,,,,,,,,,,74.194344,79.839096,77.272346,77.773392,0.265074,0.301712,,,,,,,,,,,,
64919,,,,,,,,,,,74.194344,79.839096,77.122757,78.172089,0.266277,0.297892,,,,,,,,,,,,
64924,,,,,,,,,,,74.194344,79.839096,76.986053,78.536446,0.267365,0.294378,,,,,,,,,,,,
64929,,,,,,,,,,,74.194344,79.839096,76.861122,78.277977,0.268347,0.297119,,,,,,,,,,,,
64934,,,,,,,,,,,74.194344,79.839096,76.746948,78.633217,0.269234,0.293687,,,,,,,,,,,,
64939,,,,,,,,,,,74.194344,79.839096,76.642609,78.366417,0.270032,0.296503,,,,,,,,,,,,
64944,,,,,,,,,,,74.194344,79.839096,76.547256,78.714043,0.270751,0.293139,,,,,,,,,,,,
64956,,,,,,,,,,,74.194344,79.839096,85.331795,88.494843,0.254909,0.270583,,,,,,,,,,,,
64957,,,,,,,,,,,,,77.982147,80.872765,,,,,,,,,,,,,,
64959,,,,,,,,,,,64.320549,79.565460,74.814201,77.455849,0.186801,0.302227,,,,,,,,,,,,
64964,,,,,,,,,,,64.320549,79.565460,74.284889,77.881897,0.191098,0.298134,,,,,,,,,,,,
64969,,,,,,,,,,,64.320549,79.565460,74.392609,77.679810,0.189014,0.300344,,,,,,,,,,,,
64974,,,,,,,,,,,64.320549,79.565460,73.308159,78.086571,0.198959,0.296424,,,,,,,,,,,,
64979,,,,,,,,,,,64.320549,79.565460,72.908562,77.866852,0.202097,0.298791,,,,,,,,,,,,
64984,,,,,,,,,,,64.320549,79.565460,72.543381,78.257500,0.204926,0.295016,,,,,,,,,,,,
64989,,,,,,,,,,,64.320549,79.565460,72.209656,78.614502,0.207474,0.291541,,,,,,,,,,,,
64994,,,,,,,,,,,64.320549,79.565460,71.313225,78.940758,0.215739,0.288341,,,,,,,,,,,,
64999,,,,,,,,,,,64.320549,79.565460,70.494003,78.647469,0.223314,0.291365,,,,,,,,,,,,
65004,,,,,,,,,,,64.320549,79.565460,70.336792,78.970886,0.224285,0.288190,,,,,,,,,,,,
65009,,,,,,,,,,,64.320549,79.565460,69.601677,78.675003,0.231108,0.291238,,,,,,,,,,,,
65014,,,,,,,,,,,64.320549,79.565460,68.929871,78.996048,0.237365,0.288085,,,,,,,,,,,,
65019,,,,,,,,,,,64.320549,79.565460,68.315933,78.697998,0.243105,0.291152,,,,,,,,,,,,
65024,,,,,,,,,,,64.320549,79.565460,68.346313,79.017059,0.242398,0.288016,,,,,,,,,,,,
65036,,,,,,,,,,,64.320549,79.565460,68.971054,81.125832,0.234571,0.265852,,,,,,,,,,,,
65039,,,,,,,,,,,64.320549,79.565460,65.987785,77.687119,0.264237,0.300427,,,,,,,,,,,,
65044,,,,,,,,,,,64.320549,79.565460,65.627251,78.093246,0.267712,0.296513,,,,,,,,,,,,
65049,,,,,,,,,,,64.320549,79.565460,65.297768,78.464401,0.270909,0.292911,,,,,,,,,,,,
65054,,,,,,,,,,,64.320549,79.565460,65.588104,78.212143,0.267879,0.295569,,,,,,,,,,,,
65059,,,,,,,,,,,64.320549,79.565460,65.261993,78.573051,0.271045,0.292060,,,,,,,,,,,,
65064,,,,,,,,,,,64.320549,79.565460,64.963966,78.902878,0.273961,0.288828,,,,,,,,,,,,
65069,,,,,,,,,,,75.713844,79.881210,65.283058,78.612846,0.385747,0.295012,,,,,,,,,,,,
65074,,,,,,,,,,,75.713844,79.881210,64.983215,78.939247,0.389818,0.291842,,,,,,,,,,,,
65079,,,,,,,,,,,75.713844,79.881210,65.300644,79.237534,0.387685,0.288924,,,,,,,,,,,,
65084,,,,,,,,,,,75.713844,79.881210,65.590736,79.510124,0.385796,0.286235,,,,,,,,,,,,
65096,,,,,,,,,,,75.713844,79.881210,68.342163,80.997116,0.359177,0.270379,,,,,,,,,,,,
65099,,,,,,,,,,,75.713844,79.881210,66.004509,78.160934,0.383525,0.298912,,,,,,,,,,,,
65104,,,,,,,,,,,75.713844,79.881210,66.825424,78.526253,0.376204,0.295395,,,,,,,,,,,,
65109,,,,,,,,,,,75.713844,79.881210,67.575630,78.268661,0.369516,0.298132,,,,,,,,,,,,
65114,,,,,,,,,,,75.713844,79.881210,68.261223,78.624702,0.363405,0.294697,,,,,,,,,,,,
65119,,,,,,,,,,,75.713844,79.881210,69.479210,78.950081,0.351849,0.291536,,,,,,,,,,,,
65124,,,,,,,,,,,75.713844,79.881210,70.000847,78.655991,0.347204,0.294600,,,,,,,,,,,,
65129,,,,,,,,,,,75.713844,79.881210,70.477554,78.978676,0.342960,0.291463,,,,,,,,,,,,
65134,,,,,,,,,,,75.713844,79.881210,70.913200,79.273567,0.339084,0.288575,,,,,,,,,,,,
65139,,,,,,,,,,,75.713844,79.881210,71.902771,78.951614,0.329569,0.291888,,,,,,,,,,,,
65144,,,,,,,,,,,75.713844,79.881210,72.215668,79.248833,0.326790,0.288979,,,,,,,,,,,,
65156,,,,,,,,,,,75.713844,79.881210,73.824081,80.289330,0.310388,0.277800,,,,,,,,,,,,
65159,,,,,,,,,,,75.713844,79.881210,72.197159,77.514107,0.327009,0.305789,,,,,,,,,,,,
65164,,,,,,,,,,,75.713844,79.881210,71.893250,76.752251,0.330430,0.313720,,,,,,,,,,,,
65169,,,,,,,,,,,75.713844,79.881210,72.206963,76.647453,0.327644,0.315092,,,,,,,,,,,,
65174,,,,,,,,,,,75.713844,79.881210,72.493652,76.551689,0.325099,0.316382,,,,,,,,,,,,
65179,,,,,,,,,,,75.713844,79.881210,72.755653,76.464172,0.322775,0.317599,,,,,,,,,,,,
65184,,,,,,,,,,,75.713844,79.881210,72.995087,76.975639,0.320652,0.312775,,,,,,,,,,,,
65189,,,,,,,,,,,75.713844,79.881210,73.213898,76.851608,0.318714,0.314318,,,,,,,,,,,,
65194,,,,,,,,,,,75.713844,79.881210,73.413864,76.738258,0.316945,0.315766,,,,,,,,,,,,
65199,,,,,,,,,,,75.713844,79.881210,74.188049,77.226112,0.309355,0.311153,,,,,,,,,,,,
65204,,,,,,,,,,,75.713844,79.881210,73.712669,77.080505,0.314309,0.312889,,,,,,,,,,,,
65216,,,,,,,,,,,75.713844,79.881210,76.155327,78.967995,0.289077,0.293453,,,,,,,,,,,,
65219,,,,,,,,,,,75.713844,79.881210,73.736168,76.306580,0.313466,0.320424,,,,,,,,,,,,
65224,,,,,,,,,,,75.713844,79.881210,73.891151,76.240173,0.312098,0.321453,,,,,,,,,,,,
65229,,,,,,,,,,,75.713844,79.881210,73.441338,76.179482,0.316824,0.322430,,,,,,,,,,,,
65234,,,,,,,,,,,79.999992,79.999992,73.621712,76.715469,0.358519,0.318586,,,,,,,,,,,,
65239,,,,,,,,,,,79.999992,79.999992,73.786552,76.613846,0.357492,0.319941,,,,,,,,,,,,
65244,,,,,,,,,,,79.999992,79.999992,74.528641,77.112419,0.350619,0.315244,,,,,,,,,,,,
65249,,,,,,,,,,,79.999992,79.999992,74.615364,76.976601,0.350290,0.316905,,,,,,,,,,,,
65254,,,,,,,,,,,79.999992,79.999992,74.694618,77.443932,0.350028,0.312487,,,,,,,,,,,,
65259,,,,,,,,,,,79.942642,77.930519,75.358498,77.871010,0.343274,0.287527,,,,,,,,,,,,
65264,,,,,,,,,,,79.942642,77.930519,75.373749,77.669861,0.343578,0.289565,,,,,,,,,,,,
65269,,,,,,,,,,,79.942642,77.930519,75.387688,78.077477,0.343894,0.285474,,,,,,,,,,,,
65274,,,,,,,,,,,79.942642,77.930519,75.991867,78.449989,0.338248,0.281697,,,,,,,,,,,,
65279,,,,,,,,,,,79.942642,77.930519,75.952568,78.198967,0.339040,0.284180,,,,,,,,,,,,
65284,,,,,,,,,,,79.942642,77.930519,76.508095,77.969566,0.333828,0.286470,,,,,,,,,,,,
65296,,,,,,,,,,,79.942642,77.930519,79.030441,80.301949,0.308042,0.261980,,,,,,,,,,,,
65299,,,,,,,,,,,79.942642,77.930519,76.363647,76.934196,0.335068,0.295757,,,,,,,,,,,,
65304,,,,,,,,,,,79.942642,77.930519,76.292328,76.813728,0.336146,0.297074,,,,,,,,,,,,
65309,,,,,,,,,,,79.942642,77.930519,76.818596,76.703636,0.331196,0.298297,,,,,,,,,,,,
65314,,,,,,,,,,,79.942642,77.930519,76.708084,77.194473,0.332624,0.293463,,,,,,,,,,,,
65319,,,,,,,,,,,79.942642,77.930519,77.198540,77.051590,0.327994,0.294979,,,,,,,,,,,,
65324,,,,,,,,,,,79.942642,77.930519,77.646751,76.921013,0.323742,0.296386,,,,,,,,,,,,
65329,,,,,,,,,,,79.942642,77.930519,78.056358,76.801682,0.319834,0.297692,,,,,,,,,,,,
65334,,,,,,,,,,,79.942642,77.930519,77.839241,77.284073,0.322216,0.292933,,,,,,,,,,,,
65339,,,,,,,,,,,79.942642,77.930519,78.232269,77.133476,0.318457,0.294519,,,,,,,,,,,,
65344,,,,,,,,,,,79.942642,77.930519,78.000000,76.995850,0.320974,0.295988,,,,,,,,,,,,
65356,,,,,,,,,,,79.942642,77.930519,80.867867,79.488739,0.291412,0.270063,,,,,,,,,,,,
65359,,,,,,,,,,,73.381210,53.250683,77.451370,76.191025,0.259556,0.053948,,,,,,,,,,,,
65364,,,,,,,,,,,73.381210,53.250683,77.877808,75.543121,0.254842,0.058198,,,,,,,,,,,,
65369,,,,,,,,,,,73.381210,53.250683,77.676071,74.359581,0.256430,0.067922,,,,,,,,,,,,
65374,,,,,,,,,,,73.381210,53.250683,77.491707,72.686531,0.257862,0.082709,,,,,,,,,,,,
65379,,,,,,,,,,,73.381210,53.250683,76.731781,71.157585,0.265127,0.096208,,,,,,,,,,,,
65384,,,,,,,,,,,73.381210,53.250683,77.220192,69.168884,0.259859,0.114503,,,,,,,,,,,,
65389,,,,,,,,,,,73.381210,53.250683,77.075096,67.942917,0.260940,0.125294,,,,,,,,,,,,
65394,,,,,,,,,,,73.381210,53.250683,76.942497,66.231094,0.261910,0.141114,,,,,,,,,,,,
65399,,,,,,,,,,,73.381210,53.250683,76.821320,65.258156,0.262778,0.149642,,,,,,,,,,,,
65404,,,,,,,,,,,73.381210,53.250683,76.710579,64.369019,0.263552,0.157422,,,,,,,,,,,,
65416,,,,,,,,,,,73.381210,53.250683,78.659050,63.487366,0.242271,0.163593,,,,,,,,,,,,
65419,,,,,,,,,,,73.381210,53.250683,75.432800,60.384964,0.274328,0.193903,,,,,,,,,,,,
65424,,,,,,,,,,,73.381210,53.250683,75.441650,59.324108,0.274033,0.203905,,,,,,,,,,,,
65429,,,,,,,,,,,73.381210,53.250683,75.449738,58.354626,0.273746,0.213089,,,,,,,,,,,,
65434,,,,,,,,,,,73.381210,53.250683,74.865685,58.060089,0.279438,0.215553,,,,,,,,,,,,
65439,,,,,,,,,,,73.381210,53.250683,74.923378,57.790920,0.278707,0.217791,,,,,,,,,,,,
65444,,,,,,,,,,,73.381210,53.250683,74.976105,57.544937,0.278020,0.219821,,,,,,,,,,,,
65449,,,,,,,,,,,73.381210,53.250683,75.615738,57.911583,0.271400,0.215689,,,,,,,,,,,,
65454,,,,,,,,,,,73.381210,53.250683,75.608833,57.655205,0.271246,0.217812,,,,,,,,,,,,
65459,,,,,,,,,,,56.673702,27.461237,75.602524,57.420910,0.102341,-0.040735,,,,,,,,,,,,
65464,,,,,,,,,,,56.673702,27.461237,75.596756,56.615349,0.100507,-0.035595,,,,,,,,,,,,
65469,,,,,,,,,,,56.673702,27.461237,75.000038,54.696281,0.104641,-0.019128,,,,,,,,,,,,
65474,,,,,,,,,,,56.673702,27.461237,73.863274,52.351059,0.114290,0.001835,,,,,,,,,,,,
65479,,,,,,,,,,,56.673702,27.461237,72.824417,50.207832,0.123064,0.020993,,,,,,,,,,,,
65484,,,,,,,,,,,56.673702,27.461237,72.466484,48.249203,0.125064,0.038501,,,,,,,,,,,,
65496,,,,,,,,,,,56.673702,27.461237,71.922478,45.160240,0.126841,0.065425,,,,,,,,,,,,
65499,,,,,,,,,,,56.673702,27.461237,68.685005,42.453468,0.158014,0.090993,,,,,,,,,,,,
65504,,,,,,,,,,,56.673702,27.461237,67.500710,41.162724,0.168775,0.102531,,,,,,,,,,,,
65509,,,,,,,,,,,56.673702,27.461237,66.418419,40.574593,0.178623,0.107101,,,,,,,,,,,,
65514,,,,,,,,,,,56.673702,27.461237,65.429344,39.445675,0.187638,0.117191,,,,,,,,,,,,
65519,,,,,,,,,,,56.673702,27.461237,64.525459,38.413990,0.195892,0.126413,,,,,,,,,,,,
65524,,,,,,,,,,,56.673702,27.461237,63.699429,37.471165,0.203450,0.134840,,,,,,,,,,,,
65529,,,,,,,,,,,56.673702,27.461237,62.353096,36.609547,0.216345,0.142541,,,,,,,,,,,,
65534,,,,,,,,,,,56.673702,27.461237,61.714169,36.413582,0.222230,0.143606,,,,,,,,,,,,
65539,,,,,,,,,,,56.673702,27.461237,61.721718,36.234497,0.221650,0.144519,,,,,,,,,,,,
65544,,,,,,,,,,,56.673702,27.461237,61.728619,36.070835,0.221076,0.145295,,,,,,,,,,,,
65556,,,,,,,,,,,0.000000,0.000000,62.954666,37.151394,-0.371042,-0.147903,,,,,,,,,,,,
65559,,,,,,,,,,,0.000000,0.000000,59.306702,35.134426,-0.340493,-0.131247,,,,,,,,,,,,
65564,,,,,,,,,,,0.000000,0.000000,56.564384,33.291180,-0.318726,-0.116144,,,,,,,,,,,,
65569,,,,,,,,,,,0.000000,0.000000,52.875374,31.606693,-0.287123,-0.102460,,,,,,,,,,,,
65574,,,,,,,,,,,0.000000,0.000000,48.321205,28.884403,-0.246414,-0.078125,,,,,,,,,,,,
65579,,,,,,,,,,,0.000000,0.000000,44.159290,26.988029,-0.209210,-0.061860,,,,,,,,,,,,
65584,,,,,,,,,,,0.000000,0.000000,40.355843,24.663546,-0.175212,-0.041082,,,,,,,,,,,,
65589,,,,,,,,,,,0.000000,0.000000,36.879986,22.539268,-0.144141,-0.022093,,,,,,,,,,,,
65594,,,,,,,,,,,0.000000,0.000000,33.703506,20.597958,-0.115747,-0.004740,,,,,,,,,,,,
65599,,,,,,,,,,,0.000000,0.000000,30.800617,18.823851,-0.089798,0.011119,,,,,,,,,,,,
65604,,,,,,,,,,,0.000000,0.000000,27.556309,17.202549,-0.060110,0.025612,,,,,,,,,,,,
65615,,,,,,,,,,,0.000000,0.000000,24.591433,16.312334,-0.032921,0.032883,,,,,,,,,,,,
65616,,,,,,,,,,,0.000000,0.000000,22.473368,14.907350,-0.013987,0.045442,,,,,,,,,,,,
65619,,,,,,,,,,,0.000000,0.000000,20.537731,13.623377,0.003315,0.056919,,,,,,,,,,,,
65624,,,,,,,,,,,0.000000,0.000000,18.768812,13.632882,0.019128,0.055461,,,,,,,,,,,,
65629,,,,,,,,,,,0.000000,0.000000,18.926586,13.641569,0.015657,0.054010,,,,,,,,,,,,
65634,,,,,,,,,,,0.000000,0.000000,19.662214,13.649508,0.006335,0.052566,,,,,,,,,,,,
65639,,,,,,,,,,,0.000000,0.000000,20.334484,13.656762,-0.002421,0.051127,,,,,,,,,,,,
65644,,,,,,,,,,,0.000000,0.000000,19.765961,13.663392,0.001287,0.049695,,,,,,,,,,,,
65649,,,,,,,,,,,0.000000,0.000000,19.246405,13.078006,0.004558,0.054241,,,,,,,,,,,,
65654,,,,,,,,,,,0.000000,0.000000,18.771597,13.134484,0.007429,0.052363,,,,,,,,,,,,
65659,,,,,,,,,,,0.000000,0.000000,17.746241,13.186098,0.015908,0.050528,,,,,,,,,,,,
65664,,,,,,,,,,,0.000000,0.000000,17.992088,13.233267,0.011650,0.048733,,,,,,,,,,,,
65676,,,,,,,,,,,0.000000,0.000000,17.728754,13.213882,0.010571,0.046159,,,,,,,,,,,,
65679,,,,,,,,,,,0.000000,0.000000,16.793219,13.258657,0.018247,0.044386,,,,,,,,,,,,
65684,,,,,,,,,,,0.000000,0.000000,16.529705,12.708132,0.019229,0.048620,,,,,,,,,,,,
65689,,,,,,,,,,,0.000000,0.000000,15.697443,12.796468,0.025982,0.046457,,,,,,,,,,,,
65694,,,,,,,,,,,0.000000,0.000000,15.528309,12.877195,0.026120,0.044362,,,,,,,,,,,,
65699,,,,,,,,,,,0.000000,0.000000,14.782297,12.359525,0.032102,0.048303,,,,,,,,,,,,
65704,,,,,,,,,,,0.000000,0.000000,14.100540,12.477886,0.037510,0.045872,,,,,,,,,,,,
65709,,,,,,,,,,,0.000000,0.000000,13.477503,11.994608,0.042392,0.049505,,,,,,,,,,,,
65714,,,,,,,,,,,0.000000,0.000000,12.908128,12.144400,0.046795,0.046793,,,,,,,,,,,,
65719,,,,,,,,,,,0.000000,0.000000,12.387793,11.689845,0.050760,0.050169,,,,,,,,,,,,
65724,,,,,,,,,,,0.000000,0.000000,11.912274,11.274441,0.054324,0.053196,,,,,,,,,,,,
65729,,,,,,,,,,,0.000000,0.000000,11.477713,11.486260,0.057522,0.049929,,,,,,,,,,,,
65734,,,,,,,,,,,0.000000,0.000000,11.080580,11.088391,0.060385,0.052799,,,,,,,,,,,,
65739,,,,,,,,,,,0.000000,0.000000,10.717652,10.724791,0.062942,0.055362,,,,,,,,,,,,
65744,,,,,,,,,,,0.000000,0.000000,10.385983,10.983952,0.065221,0.051672,,,,,,,,,,,,
65756,,,,,,,,,,,0.000000,0.000000,9.754944,10.794846,0.069488,0.051303,,,,,,,,,,,,
65759,,,,,,,,,,,0.000000,0.000000,8.914748,9.865084,0.076999,0.059614,,,,,,,,,,,,
65764,,,,,,,,,,,0.000000,0.000000,8.738364,10.198292,0.077889,0.055262,,,,,,,,,,,,
65769,,,,,,,,,,,0.000000,0.000000,8.577172,9.911356,0.078643,0.057140,,,,,,,,,,,,
65774,,,,,,,,,,,0.000000,0.000000,8.429864,9.649134,0.079273,0.058797,,,,,,,,,,,,
65779,,,,,,,,,,,0.000000,0.000000,8.295243,9.409496,0.079790,0.060253,,,,,,,,,,,,
65784,,,,,,,,,,,0.000000,0.000000,8.172217,9.190499,0.080203,0.061524,,,,,,,,,,,,
65789,,,,,,,,,,,0.000000,0.000000,7.468343,9.581809,0.086494,0.056652,,,,,,,,,,,,
65794,,,,,,,,,,,0.000000,0.000000,7.416538,9.347971,0.086271,0.058056,,,,,,,,,,,,
65799,,,,,,,,,,,0.000000,0.000000,7.369195,9.134274,0.086007,0.059280,,,,,,,,,,,,
65804,,,,,,,,,,,0.000000,0.000000,6.734484,8.938982,0.091681,0.060339,,,,,,,,,,,,
65816,,,,,,,,,,,0.000000,0.000000,6.705366,9.086973,0.090568,0.056956,,,,,,,,,,,,
65819,,,,,,,,,,,0.000000,0.000000,6.719276,8.895755,0.089757,0.057978,,,,,,,,,,,,
65824,,,,,,,,,,,0.000000,0.000000,6.731988,8.721006,0.088957,0.058854,,,,,,,,,,,,
65829,,,,,,,,,,,0.000000,0.000000,6.743606,8.561309,0.088166,0.059594,,,,,,,,,,,,
65834,,,,,,,,,,,0.000000,0.000000,6.754222,8.415366,0.087384,0.060212,,,,,,,,,,,,
65839,,,,,,,,,,,0.000000,0.000000,6.763925,8.281994,0.086611,0.060718,,,,,,,,,,,,
65844,,,,,,,,,,,0.000000,0.000000,6.772791,8.160109,0.085845,0.061121,,,,,,,,,,,,
65849,,,,,,,,,,,0.000000,0.000000,6.780894,8.048721,0.085086,0.061430,,,,,,,,,,,,
65854,,,,,,,,,,,0.000000,0.000000,6.196855,7.946928,0.090307,0.061653,,,,,,,,,,,,
65859,,,,,,,,,,,0.000000,0.000000,6.846008,7.853902,0.083131,0.061798,,,,,,,,,,,,
65864,,,,,,,,,,,0.000000,0.000000,6.847805,8.360333,0.082428,0.055897,,,,,,,,,,,,
65876,,,,,,,,,,,0.000000,0.000000,6.259502,7.522703,0.087000,0.062698,,,,,,,,,,,,
65879,,,,,,,,,,,0.000000,0.000000,5.720370,6.874771,0.091819,0.068490,,,,,,,,,,,,
65884,,,,,,,,,,,0.000000,0.000000,5.819118,6.874090,0.090250,0.067810,,,,,,,,,,,,
65889,,,,,,,,,,,0.000000,0.000000,5.317917,6.873468,0.094730,0.067128,,,,,,,,,,,,
65894,,,,,,,,,,,0.000000,0.000000,5.451328,6.281455,0.092851,0.072420,,,,,,,,,,,,
65899,,,,,,,,,,,0.000000,0.000000,5.573249,6.331877,0.091074,0.071283,,,,,,,,,,,,
65904,,,,,,,,,,,0.000000,0.000000,5.093224,5.786511,0.095365,0.076158,,,,,,,,,,,,
65909,,,,,,,,,,,0.000000,0.000000,5.245988,5.879562,0.093313,0.074640,,,,,,,,,,,,
65914,,,,,,,,,,,0.000000,0.000000,5.385595,5.964599,0.091378,0.073193,,,,,,,,,,,,
65919,,,,,,,,,,,0.000000,0.000000,5.513178,6.042312,0.089551,0.071811,,,,,,,,,,,,
65924,,,,,,,,,,,0.000000,0.000000,5.038327,6.113331,0.093796,0.070490,,,,,,,,,,,,
65929,,,,,,,,,,,0.000000,0.000000,5.195819,5.586788,0.091701,0.075197,,,,,,,,,,,,
65934,,,,,,,,,,,0.000000,0.000000,4.748302,5.697042,0.095702,0.073524,,,,,,,,,,,,
65939,,,,,,,,,,,0.000000,0.000000,4.930775,5.797800,0.093384,0.071937,,,,,,,,,,,,
65944,,,,,,,,,,,0.000000,0.000000,5.097531,5.889879,0.091207,0.070427,,,,,,,,,,,,
65956,,,,,,,,,,,0.000000,0.000000,4.797748,5.999987,0.093200,0.068070,,,,,,,,,,,,
65959,,,,,,,,,,,0.000000,0.000000,4.975962,5.483207,0.090920,0.072689,,,,,,,,,,,,
65964,,,,,,,,,,,0.000000,0.000000,4.547381,5.602382,0.094751,0.070937,,,,,,,,,,,,
65969,,,,,,,,,,,0.000000,0.000000,4.747159,5.711292,0.092279,0.069277,,,,,,,,,,,,
65974,,,,,,,,,,,0.000000,0.000000,4.929730,5.810822,0.089960,0.067700,,,,,,,,,,,,
65979,,,,,,,,,,,0.000000,0.000000,4.505131,5.901780,0.093755,0.066201,,,,,,,,,,,,
65984,,,,,,,,,,,0.000000,0.000000,4.708548,5.984903,0.091250,0.064771,,,,,,,,,,,,
65989,,,,,,,,,,,0.000000,0.000000,4.894445,6.060867,0.088902,0.063405,,,,,,,,,,,,
65994,,,,,,,,,,,0.000000,0.000000,4.472886,5.538844,0.092670,0.068072,,,,,,,,,,,,
65999,,,,,,,,,,,0.000000,0.000000,4.679080,5.653227,0.090140,0.066362,,,,,,,,,,,,
66004,,,,,,,,,,,0.000000,0.000000,4.867515,5.757758,0.087769,0.064741,,,,,,,,,,,,
66016,,,,,,,,,,,0.000000,0.000000,5.146151,5.889645,0.083905,0.062189,,,,,,,,,,,,
66019,,,,,,,,,,,0.000000,0.000000,4.702912,5.973813,0.087867,0.060750,,,,,,,,,,,,
66024,,,,,,,,,,,0.000000,0.000000,4.889294,5.459287,0.085514,0.065349,,,,,,,,,,,,
66029,,,,,,,,,,,0.000000,0.000000,4.468178,5.580523,0.089279,0.063579,,,,,,,,,,,,
66034,,,,,,,,,,,0.000000,0.000000,4.674778,5.691316,0.086745,0.061902,,,,,,,,,,,,
66039,,,,,,,,,,,0.000000,0.000000,4.863583,5.792566,0.084371,0.060310,,,,,,,,,,,,
66044,,,,,,,,,,,0.000000,0.000000,5.036127,5.885096,0.082142,0.058796,,,,,,,,,,,,
66049,,,,,,,,,,,0.000000,0.000000,4.602364,5.378211,0.086019,0.063327,,,,,,,,,,,,
66054,,,,,,,,,,,0.000000,0.000000,4.205962,5.506430,0.089563,0.061494,,,,,,,,,,,,
66059,,,,,,,,,,,0.000000,0.000000,5.026591,5.623605,0.080854,0.059760,,,,,,,,,,,,
66064,,,,,,,,,,,0.000000,0.000000,4.593650,5.730688,0.084724,0.058116,,,,,,,,,,,,
66076,,,,,,,,,,,0.000000,0.000000,4.917430,5.867037,0.080456,0.055524,,,,,,,,,,,,
66079,,,,,,,,,,,0.000000,0.000000,4.493891,5.361708,0.084242,0.060041,,,,,,,,,,,,
66084,,,,,,,,,,,0.000000,0.000000,4.698277,5.491348,0.081728,0.058196,,,,,,,,,,,,
66089,,,,,,,,,,,0.000000,0.000000,4.293613,5.609822,0.085346,0.056450,,,,,,,,,,,,
66094,,,,,,,,,,,0.000000,0.000000,4.515248,5.126647,0.082678,0.060769,,,,,,,,,,,,
66099,,,,,,,,,,,0.000000,0.000000,4.717794,5.276532,0.080181,0.058743,,,,,,,,,,,,
66104,,,,,,,,,,,0.000000,0.000000,4.311450,5.413508,0.083813,0.056832,,,,,,,,,,,,
66109,,,,,,,,,,,0.000000,0.000000,4.531549,5.538687,0.081159,0.055026,,,,,,,,,,,,
66114,,,,,,,,,,,0.000000,0.000000,4.141245,5.061638,0.084648,0.059290,,,,,,,,,,,,
66119,,,,,,,,,,,0.000000,0.000000,4.376004,5.217123,0.081863,0.057214,,,,,,,,,,,,
66124,,,,,,,,,,,0.000000,0.000000,4.590542,5.359216,0.079258,0.055257,,,,,,,,,,,,
66136,,,,,,,,,,,0.000000,0.000000,4.374332,5.016296,0.080504,0.057636,,,,,,,,,,,,
66139,,,,,,,,,,,0.000000,0.000000,4.589015,4.584241,0.077898,0.061498,,,,,,,,,,,,
66144,,,,,,,,,,,0.000000,0.000000,4.193762,4.780845,0.081431,0.059054,,,,,,,,,,,,
66149,,,,,,,,,,,0.000000,0.000000,3.832552,4.960515,0.084660,0.056761,,,,,,,,,,,,
66154,,,,,,,,,,,0.000000,0.000000,4.685343,4.533265,0.075664,0.060580,,,,,,,,,,,,
66159,,,,,,,,,,,0.000000,0.000000,4.281794,4.734259,0.079271,0.058097,,,,,,,,,,,,
66164,,,,,,,,,,,0.000000,0.000000,4.504447,4.917941,0.076594,0.055768,,,,,,,,,,,,
66169,,,,,,,,,,,0.000000,0.000000,4.116477,4.494358,0.080062,0.059554,,,,,,,,,,,,
66174,,,,,,,,,,,0.000000,0.000000,4.353369,4.698703,0.077258,0.057041,,,,,,,,,,,,
66179,,,,,,,,,,,0.000000,0.000000,3.978413,4.294003,0.080610,0.060659,,,,,,,,,,,,
66184,,,,,,,,,,,0.000000,0.000000,3.635751,4.515604,0.083673,0.057991,,,,,,,,,,,,
66189,,,,,,,,,,,0.000000,0.000000,3.914048,4.126674,0.080498,0.061468,,,,,,,,,,,,
66194,,,,,,,,,,,0.000000,0.000000,4.168375,4.362688,0.077538,0.058671,,,,,,,,,,,,
66199,,,,,,,,,,,0.000000,0.000000,4.400797,4.578373,0.074774,0.056057,,,,,,,,,,,,
66204,,,,,,,,,,,0.000000,0.000000,4.613201,4.184037,0.072189,0.059582,,,,,,,,,,,,
66216,,,,,,,,,,,0.000000,0.000000,3.852751,4.575339,0.078986,0.054710,,,,,,,,,,,,
66219,,,,,,,,,,,0.000000,0.000000,3.520913,4.181264,0.081953,0.058233,,,,,,,,,,,,
66224,,,,,,,,,,,0.000000,0.000000,3.217656,3.821131,0.084663,0.061452,,,,,,,,,,,,
66229,,,,,,,,,,,0.000000,0.000000,3.531964,4.083461,0.081167,0.058421,,,,,,,,,,,,
66234,,,,,,,,,,,0.000000,0.000000,3.227755,4.323197,0.083886,0.055591,,,,,,,,,,,,
66239,,,,,,,,,,,0.000000,0.000000,3.541193,3.950839,0.080398,0.058919,,,,,,,,,,,,
66244,,,,,,,,,,,0.000000,0.000000,3.827634,4.201997,0.077151,0.055988,,,,,,,,,,,,
66249,,,,,,,,,,,0.000000,0.000000,3.497959,4.431523,0.080098,0.053249,,,,,,,,,,,,
66254,,,,,,,,,,,0.000000,0.000000,3.788124,4.049835,0.076817,0.056661,,,,,,,,,,,,
66259,,,,,,,,,,,0.000000,0.000000,3.461852,4.292467,0.079734,0.053806,,,,,,,,,,,,
66264,,,,,,,,,,,0.000000,0.000000,3.163682,3.922756,0.082399,0.057110,,,,,,,,,,,,
66276,,,,,,,,,,,0.000000,0.000000,3.723182,4.357128,0.076024,0.051854,,,,,,,,,,,,
66279,,,,,,,,,,,0.000000,0.000000,3.402503,3.981848,0.078891,0.055209,,,,,,,,,,,,
66284,,,,,,,,,,,0.000000,0.000000,3.109445,3.638891,0.081511,0.058274,,,,,,,,,,,,
66289,,,,,,,,,,,0.000000,0.000000,3.433073,3.916917,0.077931,0.055102,,,,,,,,,,,,
66294,,,,,,,,,,,0.000000,0.000000,3.137381,4.170997,0.080574,0.052145,,,,,,,,,,,,
66299,,,,,,,,,,,0.000000,0.000000,3.458603,3.811748,0.077016,0.055356,,,,,,,,,,,,
66304,,,,,,,,,,,0.000000,0.000000,3.160713,4.074886,0.079679,0.052317,,,,,,,,,,,,
66309,,,,,,,,,,,0.000000,0.000000,3.479925,3.723916,0.076139,0.055454,,,,,,,,,,,,
66314,,,,,,,,,,,0.000000,0.000000,3.180198,3.994619,0.078818,0.052348,,,,,,,,,,,,
66319,,,,,,,,,,,0.000000,0.000000,3.497732,3.650562,0.075293,0.055423,,,,,,,,,,,,
66324,,,,,,,,,,,0.000000,0.000000,3.196472,3.927583,0.077986,0.052260,,,,,,,,,,,,
66336,,,,,,,,,,,0.000000,0.000000,3.750566,3.820656,0.071659,0.052530,,,,,,,,,,,,
66339,,,,,,,,,,,0.000000,0.000000,3.427529,3.491582,0.074547,0.055471,,,,,,,,,,,,
66344,,,,,,,,,,,0.000000,0.000000,3.132316,3.190851,0.077186,0.058159,,,,,,,,,,,,
66349,,,,,,,,,,,0.000000,0.000000,2.862529,3.507468,0.079598,0.054642,,,,,,,,,,,,
66354,,,,,,,,,,,0.000000,0.000000,2.615978,3.205369,0.081802,0.057343,,,,,,,,,,,,
66359,,,,,,,,,,,0.000000,0.000000,2.982109,3.520734,0.077842,0.053837,,,,,,,,,,,,
66364,,,,,,,,,,,0.000000,0.000000,2.725259,3.217493,0.080138,0.056548,,,,,,,,,,,,
66369,,,,,,,,,,,0.000000,0.000000,3.081977,3.531814,0.076263,0.053051,,,,,,,,,,,,
66374,,,,,,,,,,,0.000000,0.000000,3.407970,3.227618,0.072662,0.055771,,,,,,,,,,,,
66379,,,,,,,,,,,0.000000,0.000000,3.114441,3.541068,0.075286,0.052282,,,,,,,,,,,,
66384,,,,,,,,,,,0.000000,0.000000,2.846194,3.236075,0.077684,0.055008,,,,,,,,,,,,
66396,,,,,,,,,,,0.000000,0.000000,2.917525,3.243137,0.076359,0.054259,,,,,,,,,,,,
66399,,,,,,,,,,,0.000000,0.000000,2.666238,2.963805,0.078605,0.056755,,,,,,,,,,,,
66404,,,,,,,,,,,0.000000,0.000000,2.436594,3.299977,0.080658,0.053064,,,,,,,,,,,,
66409,,,,,,,,,,,0.000000,0.000000,2.818175,3.015749,0.076561,0.055604,,,,,,,,,,,,
66414,,,,,,,,,,,0.000000,0.000000,3.166890,2.756002,0.072757,0.057926,,,,,,,,,,,,
66419,,,,,,,,,,,0.000000,0.000000,2.894125,3.110072,0.075195,0.054075,,,,,,,,,,,,
66424,,,,,,,,,,,0.000000,0.000000,2.644853,2.842201,0.077423,0.056469,,,,,,,,,,,,
66429,,,,,,,,,,,0.000000,0.000000,3.008496,3.188847,0.073486,0.052684,,,,,,,,,,,,
66434,,,,,,,,,,,0.000000,0.000000,2.749374,2.914191,0.075802,0.055139,,,,,,,,,,,,
66439,,,,,,,,,,,0.000000,0.000000,3.104015,3.254636,0.071945,0.051409,,,,,,,,,,,,
66444,,,,,,,,,,,0.000000,0.000000,2.836665,2.974313,0.074335,0.053915,,,,,,,,,,,,
66449,,,,,,,,,,,0.000000,0.000000,2.592343,2.718135,0.076519,0.056205,,,,,,,,,,,,
66454,,,,,,,,,,,0.000000,0.000000,2.369064,2.484022,0.078515,0.058297,,,,,,,,,,,,
66459,,,,,,,,,,,0.000000,0.000000,2.165016,2.861517,0.080339,0.054236,,,,,,,,,,,,
66464,,,,,,,,,,,0.000000,0.000000,1.978542,2.615054,0.082006,0.056439,,,,,,,,,,,,
66476,,,,,,,,,,,0.000000,0.000000,1.652395,2.724487,0.084921,0.054775,,,,,,,,,,,,
66479,,,,,,,,,,,0.000000,0.000000,1.510074,3.081271,0.086194,0.050899,,,,,,,,,,,,
66484,,,,,,,,,,,0.000000,0.000000,1.380011,2.815881,0.087356,0.053271,,,,,,,,,,,,
66489,,,,,,,,,,,0.000000,0.000000,1.261151,2.573349,0.088419,0.055439,,,,,,,,,,,,
66494,,,,,,,,,,,0.000000,0.000000,1.152528,2.943150,0.089390,0.051447,,,,,,,,,,,,
66499,,,,,,,,,,,0.000000,0.000000,1.053260,2.689656,0.090277,0.053713,,,,,,,,,,,,
66504,,,,,,,,,,,0.000000,0.000000,0.962543,3.049440,0.091088,0.049810,,,,,,,,,,,,
66509,,,,,,,,,,,0.000000,0.000000,0.879639,2.786792,0.091829,0.052158,,,,,,,,,,,,
66514,,,,,,,,,,,0.000000,0.000000,0.803875,3.138210,0.092506,0.048330,,,,,,,,,,,,
66519,,,,,,,,,,,0.000000,0.000000,0.734637,2.867915,0.093125,0.050746,,,,,,,,,,,,
66524,,,,,,,,,,,0.000000,0.000000,0.671363,2.620901,0.093691,0.052954,,,,,,,,,,,,
66536,,,,,,,,,,,0.000000,0.000000,0.560694,2.729370,0.094680,0.051298,,,,,,,,,,,,
66539,,,,,,,,,,,0.000000,0.000000,0.512401,2.494289,0.095112,0.053399,,,,,,,,,,,,
66544,,,,,,,,,,,0.000000,0.000000,0.468268,2.279455,0.095506,0.055319,,,,,,,,,,,,
66549,,,,,,,,,,,0.000000,0.000000,0.427936,2.674570,0.095867,0.051101,,,,,,,,,,,,
66554,,,,,,,,,,,0.000000,0.000000,0.391078,2.444209,0.096196,0.053160,,,,,,,,,,,,
66559,,,,,,,,,,,0.000000,0.000000,0.357394,2.233689,0.096497,0.055042,,,,,,,,,,,,
66564,,,,,,,,,,,0.000000,0.000000,0.326612,2.632746,0.096773,0.050788,,,,,,,,,,,,
66569,,,,,,,,,,,0.000000,0.000000,0.889925,2.405987,0.091050,0.052815,,,,,,,,,,,,
66574,,,,,,,,,,,0.000000,0.000000,1.404721,2.198759,0.085762,0.054667,,,,,,,,,,,,
66579,,,,,,,,,,,0.000000,0.000000,1.283732,2.009379,0.086844,0.056360,,,,,,,,,,,,
66584,,,,,,,,,,,0.000000,0.000000,1.173164,1.836311,0.087832,0.057907,,,,,,,,,,,,
66596,,,,,,,,,,,0.000000,0.000000,1.520281,2.074113,0.084042,0.055095,,,,,,,,,,,,
66599,,,,,,,,,,,0.000000,0.000000,1.389339,1.895470,0.085213,0.056692,,,,,,,,,,,,
66604,,,,,,,,,,,0.000000,0.000000,1.269675,1.732212,0.086283,0.058151,,,,,,,,,,,,
66609,,,,,,,,,,,0.000000,0.000000,1.751762,1.583017,0.081286,0.059485,,,,,,,,,,,,
66614,,,,,,,,,,,0.000000,0.000000,1.600883,2.038116,0.082635,0.054730,,,,,,,,,,,,
66619,,,,,,,,,,,0.000000,0.000000,1.462998,1.862573,0.083868,0.056299,,,,,,,,,,,,
66624,,,,,,,,,,,0.000000,0.000000,1.336990,1.702149,0.084994,0.057733,,,,,,,,,,,,
66629,,,,,,,,,,,0.000000,0.000000,1.221835,1.555542,0.086023,0.059044,,,,,,,,,,,,
66634,,,,,,,,,,,0.000000,0.000000,1.116598,2.013008,0.086964,0.054268,,,,,,,,,,,,
66639,,,,,,,,,,,0.000000,0.000000,1.020425,1.839627,0.087824,0.055817,,,,,,,,,,,,
66644,,,,,,,,,,,0.000000,0.000000,0.932536,2.272625,0.088610,0.051260,,,,,,,,,,,,
66649,,,,,,,,,,,0.000000,0.000000,0.852216,2.076883,0.089327,0.053010,,,,,,,,,,,,
66654,,,,,,,,,,,0.000000,0.000000,0.778815,1.898001,0.089984,0.054609,,,,,,,,,,,,
66659,,,,,,,,,,,0.000000,0.000000,0.711735,2.325970,0.090583,0.050097,,,,,,,,,,,,
66664,,,,,,,,,,,0.000000,0.000000,0.650433,2.125634,0.091131,0.051887,,,,,,,,,,,,
66679,,,,,,,,,,,0.000000,0.000000,0.496427,2.116288,0.092508,0.051284,,,,,,,,,,,,
66684,,,,,,,,,,,0.000000,0.000000,0.453670,1.934012,0.092890,0.052914,,,,,,,,,,,,
66689,,,,,,,,,,,0.000000,0.000000,0.414595,1.767435,0.093239,0.054403,,,,,,,,,,,,
66694,,,,,,,,,,,0.000000,0.000000,0.378886,2.206650,0.093559,0.049790,,,,,,,,,,,,
66699,,,,,,,,,,,0.000000,0.000000,0.346253,2.016591,0.093850,0.051489,,,,,,,,,,,,
66704,,,,,,,,,,,0.000000,0.000000,0.316430,1.842902,0.094117,0.053041,,,,,,,,,,,,
66709,,,,,,,,,,,0.000000,0.000000,0.289176,2.275617,0.094360,0.048487,,,,,,,,,,,,
66714,,,,,,,,,,,0.000000,0.000000,0.264269,2.079618,0.094583,0.050239,,,,,,,,,,,,
66719,,,,,,,,,,,0.000000,0.000000,0.241507,1.900500,0.094787,0.051840,,,,,,,,,,,,
66724,,,,,,,,,,,0.000000,0.000000,0.220706,2.328254,0.094973,0.047330,,,,,,,,,,,,
66736,,,,,,,,,,,0.000000,0.000000,0.184325,1.944460,0.095298,0.050760,,,,,,,,,,,,
66739,,,,,,,,,,,0.000000,0.000000,0.168449,1.776983,0.095440,0.052257,,,,,,,,,,,,
66744,,,,,,,,,,,0.000000,0.000000,0.153940,2.215376,0.095569,0.047652,,,,,,,,,,,,
66749,,,,,,,,,,,0.000000,0.000000,0.140681,2.024565,0.095688,0.049358,,,,,,,,,,,,
66754,,,,,,,,,,,0.000000,0.000000,0.128564,1.850189,0.095796,0.050916,,,,,,,,,,,,
66759,,,,,,,,,,,0.000000,0.000000,0.117491,1.690832,0.095895,0.052341,,,,,,,,,,,,
66764,,,,,,,,,,,0.000000,0.000000,0.107372,1.545200,0.095986,0.053643,,,,,,,,,,,,
66769,,,,,,,,,,,0.000000,0.000000,0.098124,2.003557,0.096068,0.048859,,,,,,,,,,,,
66774,,,,,,,,,,,0.000000,0.000000,0.089672,1.830990,0.096144,0.050401,,,,,,,,,,,,
66779,,,,,,,,,,,0.000000,0.000000,0.081949,1.673286,0.096213,0.051811,,,,,,,,,,,,
66784,,,,,,,,,,,0.000000,0.000000,0.074890,1.529166,0.096276,0.053099,,,,,,,,,,,,
66796,,,,,,,,,,,0.000000,0.000000,0.062545,1.817599,0.096386,0.049834,,,,,,,,,,,,
66799,,,,,,,,,,,0.000000,0.000000,0.057158,1.661049,0.096434,0.051234,,,,,,,,,,,,
66804,,,,,,,,,,,0.000000,0.000000,0.052235,1.517982,0.096478,0.052512,,,,,,,,,,,,
66809,,,,,,,,,,,0.000000,0.000000,0.047736,1.387238,0.096519,0.053681,,,,,,,,,,,,
66814,,,,,,,,,,,0.000000,0.000000,0.043625,1.267755,0.096555,0.054749,,,,,,,,,,,,
66819,,,,,,,,,,,0.000000,0.000000,0.039867,1.158563,0.096589,0.055725,,,,,,,,,,,,
66824,,,,,,,,,,,0.000000,0.000000,0.036434,1.650221,0.096620,0.050644,,,,,,,,,,,,
66829,,,,,,,,,,,0.000000,0.000000,0.033295,1.508087,0.096648,0.051914,,,,,,,,,,,,
66834,,,,,,,,,,,0.000000,0.000000,0.030428,1.378195,0.096673,0.053075,,,,,,,,,,,,
66839,,,,,,,,,,,0.000000,0.000000,0.027807,1.259491,0.096697,0.054136,,,,,,,,,,,,
66844,,,,,,,,,,,0.000000,0.000000,0.025412,1.742455,0.096718,0.049133,,,,,,,,,,,,
66856,,,,,,,,,,,0.000000,0.000000,0.021223,1.455226,0.096756,0.051700,,,,,,,,,,,,
66859,,,,,,,,,,,0.000000,0.000000,0.019395,1.329887,0.096772,0.052820,,,,,,,,,,,,
66864,,,,,,,,,,,0.000000,0.000000,0.017725,1.806788,0.096787,0.047871,,,,,,,,,,,,
66869,,,,,,,,,,,0.000000,0.000000,0.016198,1.651169,0.096801,0.049262,,,,,,,,,,,,
66874,,,,,,,,,,,0.000000,0.000000,0.014803,1.508954,0.096813,0.050533,,,,,,,,,,,,
66879,,,,,,,,,,,0.000000,0.000000,0.013528,1.378987,0.096824,0.051695,,,,,,,,,,,,
66884,,,,,,,,,,,0.000000,0.000000,0.012363,1.851660,0.096835,0.046783,,,,,,,,,,,,
66889,,,,,,,,,,,0.000000,0.000000,0.011298,1.692176,0.096844,0.048209,,,,,,,,,,,,
66894,,,,,,,,,,,0.000000,0.000000,0.010325,1.546428,0.096853,0.049511,,,,,,,,,,,,
66899,,,,,,,,,,,0.000000,0.000000,0.009436,1.413234,0.096861,0.050702,,,,,,,,,,,,
66904,,,,,,,,,,,0.000000,0.000000,0.008623,1.291512,0.096868,0.051790,,,,,,,,,,,,
66909,,,,,,,,,,,0.000000,0.000000,0.007880,1.771719,0.096875,0.046811,,,,,,,,,,,,
66914,,,,,,,,,,,0.000000,0.000000,0.007201,1.619120,0.096881,0.048175,,,,,,,,,,,,
66919,,,,,,,,,,,0.000000,0.000000,0.006581,1.479665,0.096887,0.049422,,,,,,,,,,,,
66924,,,,,,,,,,,0.000000,0.000000,0.006014,1.352221,0.096892,0.050561,,,,,,,,,,,,
66937,,,,,,,,,,,0.000000,0.000000,0.005023,1.669822,0.096901,0.047035,,,,,,,,,,,,
66939,,,,,,,,,,,0.000000,0.000000,0.004590,1.526000,0.096904,0.048321,,,,,,,,,,,,
66944,,,,,,,,,,,0.000000,0.000000,0.004195,1.394565,0.096908,0.049496,,,,,,,,,,,,
66949,,,,,,,,,,,0.000000,0.000000,0.003834,1.274451,0.096911,0.050569,,,,,,,,,,,,
66954,,,,,,,,,,,0.000000,0.000000,0.003503,1.164682,0.096914,0.051550,,,,,,,,,,,,
66959,,,,,,,,,,,0.000000,0.000000,0.003202,1.655813,0.096917,0.046474,,,,,,,,,,,,
66964,,,,,,,,,,,0.000000,0.000000,0.002926,1.513197,0.096919,0.047748,,,,,,,,,,,,
66969,,,,,,,,,,,0.000000,0.000000,0.002674,1.382865,0.096922,0.048913,,,,,,,,,,,,
66974,,,,,,,,,,,0.000000,0.000000,0.002444,1.263759,0.096924,0.049978,,,,,,,,,,,,
66979,,,,,,,,,,,0.000000,0.000000,0.002233,1.154911,0.096925,0.050951,,,,,,,,,,,,
66984,,,,,,,,,,,0.000000,0.000000,0.002041,1.055438,0.096927,0.051840,,,,,,,,,,,,
66996,,,,,,,,,,,0.000000,0.000000,0.001704,1.421961,0.096930,0.047877,,,,,,,,,,,,
66999,,,,,,,,,,,0.000000,0.000000,0.001558,1.299487,0.096931,0.048972,,,,,,,,,,,,
67004,,,,,,,,,,,0.000000,0.000000,0.001423,1.187562,0.096933,0.049973,,,,,,,,,,,,
67009,,,,,,,,,,,0.000000,0.000000,0.001301,1.085277,0.096934,0.050887,,,,,,,,,,,,
67014,,,,,,,,,,,0.000000,0.000000,0.001189,1.583247,0.096935,0.045749,,,,,,,,,,,,
67019,,,,,,,,,,,0.000000,0.000000,0.001086,1.446882,0.096936,0.046968,,,,,,,,,,,,
67024,,,,,,,,,,,0.000000,0.000000,0.000993,1.322261,0.096937,0.048082,,,,,,,,,,,,
67029,,,,,,,,,,,0.000000,0.000000,0.000907,1.208375,0.096937,0.049100,,,,,,,,,,,,
67034,,,,,,,,,,,0.000000,0.000000,0.000829,1.104297,0.096938,0.050030,,,,,,,,,,,,
67039,,,,,,,,,,,0.000000,0.000000,0.000758,1.009184,0.096939,0.050880,,,,,,,,,,,,
67044,,,,,,,,,,,0.000000,0.000000,0.000692,0.922263,0.096939,0.051657,,,,,,,,,,,,
67056,,,,,,,,,,,0.000000,0.000000,0.000578,1.310739,0.096940,0.047498,,,,,,,,,,,,
67059,,,,,,,,,,,0.000000,0.000000,0.000529,1.197844,0.096941,0.048507,,,,,,,,,,,,
67064,,,,,,,,,,,0.000000,0.000000,0.000483,1.094674,0.096941,0.049430,,,,,,,,,,,,
67069,,,,,,,,,,,0.000000,0.000000,0.000441,1.000389,0.096941,0.050272,,,,,,,,,,,,
67074,,,,,,,,,,,0.000000,0.000000,0.000403,0.914226,0.096942,0.051043,,,,,,,,,,,,
67079,,,,,,,,,,,0.000000,0.000000,0.000369,0.835483,0.096942,0.051746,,,,,,,,,,,,
67084,,,,,,,,,,,0.000000,0.000000,0.000337,0.763523,0.096942,0.052390,,,,,,,,,,,,
67089,,,,,,,,,,,0.000000,0.000000,0.000308,0.697760,0.096943,0.052978,,,,,,,,,,,,
67094,,,,,,,,,,,0.000000,0.000000,0.000281,0.637662,0.096943,0.053515,,,,,,,,,,,,
67099,,,,,,,,,,,0.000000,0.000000,0.000257,0.582740,0.096943,0.054006,,,,,,,,,,,,
67104,,,,,,,,,,,0.000000,0.000000,0.000235,0.532549,0.096943,0.054454,,,,,,,,,,,,
67109,,,,,,,,,,,0.000000,0.000000,0.000215,0.486680,0.096944,0.054864,,,,,,,,,,,,
67114,,,,,,,,,,,0.000000,0.000000,0.000196,0.444762,0.096944,0.055239,,,,,,,,,,,,
67119,,,,,,,,,,,0.000000,0.000000,0.000179,0.406455,0.096944,0.055581,,,,,,,,,,,,
67124,,,,,,,,,,,0.000000,0.000000,0.000164,0.371447,0.096944,0.055894,,,,,,,,,,,,
67136,,,,,,,,,,,0.000000,0.000000,0.000137,0.310217,0.096944,0.056442,,,,,,,,,,,,
67139,,,,,,,,,,,0.000000,0.000000,0.000125,0.283498,0.096944,0.056681,,,,,,,,,,,,
67144,,,,,,,,,,,0.000000,0.000000,0.000114,0.259080,0.096944,0.056899,,,,,,,,,,,,
67149,,,,,,,,,,,0.000000,0.000000,0.000104,0.236765,0.096944,0.057098,,,,,,,,,,,,
67154,,,,,,,,,,,0.000000,0.000000,0.000095,0.216373,0.096945,0.057281,,,,,,,,,,,,
67159,,,,,,,,,,,0.000000,0.000000,0.000087,0.197737,0.096945,0.057447,,,,,,,,,,,,
67164,,,,,,,,,,,0.000000,0.000000,0.000080,0.180705,0.096945,0.057599,,,,,,,,,,,,
67169,,,,,,,,,,,0.000000,0.000000,0.000073,0.165141,0.096945,0.057739,,,,,,,,,,,,
67174,,,,,,,,,,,0.000000,0.000000,0.000067,0.150918,0.096945,0.057866,,,,,,,,,,,,
67179,,,,,,,,,,,0.000000,0.000000,0.000061,0.137919,0.096945,0.057982,,,,,,,,,,,,
67184,,,,,,,,,,,0.000000,0.000000,0.000056,0.126040,0.096945,0.058088,,,,,,,,,,,,
67196,,,,,,,,,,,0.000000,0.000000,0.000046,0.105263,0.096945,0.058274,,,,,,,,,,,,
67199,,,,,,,,,,,0.000000,0.000000,0.000042,0.096197,0.096945,0.058355,,,,,,,,,,,,
67204,,,,,,,,,,,0.000000,0.000000,0.000039,0.087912,0.096945,0.058429,,,,,,,,,,,,
67209,,,,,,,,,,,0.000000,0.000000,0.000035,0.080340,0.096945,0.058497,,,,,,,,,,,,
67214,,,,,,,,,,,0.000000,0.000000,0.000032,0.073420,0.096945,0.058558,,,,,,,,,,,,
67219,,,,,,,,,,,0.000000,0.000000,0.000030,0.067096,0.096945,0.058615,,,,,,,,,,,,
67224,,,,,,,,,,,0.000000,0.000000,0.000027,0.061317,0.096945,0.058667,,,,,,,,,,,,
67229,,,,,,,,,,,0.000000,0.000000,0.000025,0.056036,0.096945,0.058714,,,,,,,,,,,,
67234,,,,,,,,,,,0.000000,0.000000,0.000023,0.051210,0.096945,0.058757,,,,,,,,,,,,
67239,,,,,,,,,,,0.000000,0.000000,0.000021,0.046799,0.096945,0.058796,,,,,,,,,,,,
67244,,,,,,,,,,,0.000000,0.000000,0.000019,0.042768,0.096945,0.058832,,,,,,,,,,,,
67256,,,,,,,,,,,0.000000,0.000000,0.000016,0.035718,0.096945,0.058896,,,,,,,,,,,,
67259,,,,,,,,,,,0.000000,0.000000,0.000014,0.032642,0.096945,0.058923,,,,,,,,,,,,
67264,,,,,,,,,,,0.000000,0.000000,0.000013,0.029830,0.096945,0.058948,,,,,,,,,,,,
67269,,,,,,,,,,,0.000000,0.000000,0.000012,0.027261,0.096945,0.058971,,,,,,,,,,,,
67274,,,,,,,,,,,0.000000,0.000000,0.000011,0.024913,0.096945,0.058992,,,,,,,,,,,,
67279,,,,,,,,,,,0.000000,0.000000,0.000010,0.022767,0.096945,0.059011,,,,,,,,,,,,
67284,,,,,,,,,,,0.000000,0.000000,0.000009,0.020806,0.096945,0.059029,,,,,,,,,,,,
67289,,,,,,,,,,,0.000000,0.000000,0.000008,0.019014,0.096945,0.059045,,,,,,,,,,,,
67294,,,,,,,,,,,0.000000,0.000000,0.000008,0.017377,0.096945,0.059059,,,,,,,,,,,,
67299,,,,,,,,,,,0.000000,0.000000,0.000007,0.015880,0.096945,0.059073,,,,,,,,,,,,
67304,,,,,,,,,,,0.000000,0.000000,0.000006,0.014512,0.096945,0.059085,,,,,,,,,,,,
67316,,,,,,,,,,,0.000000,0.000000,0.000005,0.012120,0.096945,0.059106,,,,,,,,,,,,
67319,,,,,,,,,,,0.000000,0.000000,0.000005,0.011076,0.096945,0.059116,,,,,,,,,,,,
67324,,,,,,,,,,,0.000000,0.000000,0.000004,0.010122,0.096945,0.059124,,,,,,,,,,,,
67329,,,,,,,,,,,0.000000,0.000000,0.000004,0.009250,0.096945,0.059132,,,,,,,,,,,,
67334,,,,,,,,,,,0.000000,0.000000,0.000004,0.008454,0.096945,0.059139,,,,,,,,,,,,
67339,,,,,,,,,,,0.000000,0.000000,0.000003,0.007725,0.096945,0.059146,,,,,,,,,,,,
67344,,,,,,,,,,,0.000000,0.000000,0.000003,0.007060,0.096945,0.059152,,,,,,,,,,,,
67349,,,,,,,,,,,0.000000,0.000000,0.000003,0.006452,0.096945,0.059157,,,,,,,,,,,,
67354,,,,,,,,,,,0.000000,0.000000,0.000003,0.005896,0.096945,0.059162,,,,,,,,,,,,
67359,,,,,,,,,,,0.000000,0.000000,0.000002,0.005388,0.096945,0.059167,,,,,,,,,,,,
67364,,,,,,,,,,,0.000000,0.000000,0.000002,0.004924,0.096945,0.059171,,,,,,,,,,,,
67369,,,,,,,,,,,0.000000,0.000000,0.000002,0.004500,0.096945,0.059175,,,,,,,,,,,,
67374,,,,,,,,,,,0.000000,0.000000,0.000002,0.004113,0.096945,0.059178,,,,,,,,,,,,
67379,,,,,,,,,,,0.000000,0.000000,0.000002,0.003758,0.096945,0.059181,,,,,,,,,,,,
67384,,,,,,,,,,,0.000000,0.000000,0.000002,0.003435,0.096945,0.059184,,,,,,,,,,,,
67396,,,,,,,,,,,0.000000,0.000000,0.000001,0.002868,0.096945,0.059189,,,,,,,,,,,,
67399,,,,,,,,,,,0.000000,0.000000,0.000001,0.002621,0.096945,0.059191,,,,,,,,,,,,
67404,,,,,,,,,,,0.000000,0.000000,0.000001,0.002396,0.096945,0.059193,,,,,,,,,,,,
67409,,,,,,,,,,,0.000000,0.000000,0.000001,0.002189,0.096945,0.059195,,,,,,,,,,,,
67414,,,,,,,,,,,0.000000,0.000000,0.000001,0.002001,0.096945,0.059197,,,,,,,,,,,,
67419,,,,,,,,,,,0.000000,0.000000,0.000001,0.001828,0.096945,0.059198,,,,,,,,,,,,
67424,,,,,,,,,,,0.000000,0.000000,0.000001,0.001671,0.096945,0.059200,,,,,,,,,,,,
67429,,,,,,,,,,,0.000000,0.000000,0.000001,0.001527,0.096945,0.059201,,,,,,,,,,,,
67434,,,,,,,,,,,0.000000,0.000000,0.000001,0.001395,0.096945,0.059202,,,,,,,,,,,,
67439,,,,,,,,,,,0.000000,0.000000,0.000001,0.001275,0.096945,0.059203,,,,,,,,,,,,
67444,,,,,,,,,,,0.000000,0.000000,0.000001,0.001165,0.096945,0.059204,,,,,,,,,,,,
67456,,,,,,,,,,,0.000000,0.000000,0.000000,0.000973,0.096945,0.059206,,,,,,,,,,,,
67459,,,,,,,,,,,0.000000,0.000000,0.000000,0.000890,0.096945,0.059207,,,,,,,,,,,,
67464,,,,,,,,,,,0.000000,0.000000,0.000000,0.000813,0.096945,0.059208,,,,,,,,,,,,
67469,,,,,,,,,,,0.000000,0.000000,0.000000,0.000743,0.096945,0.059208,,,,,,,,,,,,
67474,,,,,,,,,,,0.000000,0.000000,0.000000,0.000679,0.096945,0.059209,,,,,,,,,,,,
67479,,,,,,,,,,,0.000000,0.000000,0.000000,0.000620,0.096945,0.059209,,,,,,,,,,,,
67484,,,,,,,,,,,0.000000,0.000000,0.000000,0.000567,0.096945,0.059210,,,,,,,,,,,,
67489,,,,,,,,,,,0.000000,0.000000,0.000000,0.000518,0.096945,0.059210,,,,,,,,,,,,
67494,,,,,,,,,,,0.000000,0.000000,0.000000,0.000474,0.096945,0.059211,,,,,,,,,,,,
67499,,,,,,,,,,,0.000000,0.000000,0.000000,0.000433,0.096945,0.059211,,,,,,,,,,,,
67504,,,,,,,,,,,0.000000,0.000000,0.000000,0.000395,0.096945,0.059211,,,,,,,,,,,,
67516,,,,,,,,,,,0.000000,0.000000,0.000000,0.000330,0.096945,0.059212,,,,,,,,,,,,
67519,,,,,,,,,,,0.000000,0.000000,0.000000,0.000302,0.096945,0.059212,,,,,,,,,,,,
67524,,,,,,,,,,,0.000000,0.000000,0.000000,0.000276,0.096945,0.059212,,,,,,,,,,,,
67529,,,,,,,,,,,0.000000,0.000000,0.000000,0.000252,0.096945,0.059213,,,,,,,,,,,,
67534,,,,,,,,,,,0.000000,0.000000,0.000000,0.000230,0.096945,0.059213,,,,,,,,,,,,
67539,,,,,,,,,,,0.000000,0.000000,0.000000,0.000211,0.096945,0.059213,,,,,,,,,,,,
67544,,,,,,,,,,,0.000000,0.000000,0.000000,0.000192,0.096945,0.059213,,,,,,,,,,,,
67549,,,,,,,,,,,0.000000,0.000000,0.000000,0.000176,0.096945,0.059213,,,,,,,,,,,,
67554,,,,,,,,,,,0.000000,0.000000,0.000000,0.000161,0.096945,0.059213,,,,,,,,,,,,
67559,,,,,,,,,,,0.000000,0.000000,0.000000,0.000147,0.096945,0.059213,,,,,,,,,,,,
67564,,,,,,,,,,,0.000000,0.000000,0.000000,0.000134,0.096945,0.059214,,,,,,,,,,,,
67569,,,,,,,,,,,0.000000,0.000000,0.000000,0.000123,0.096945,0.059214,,,,,,,,,,,,
67574,,,,,,,,,,,0.000000,0.000000,0.000000,0.000112,0.096945,0.059214,,,,,,,,,,,,
67579,,,,,,,,,,,0.000000,0.000000,0.000000,0.000102,0.096945,0.059214,,,,,,,,,,,,
67584,,,,,,,,,,,0.000000,0.000000,0.000000,0.000094,0.096945,0.059214,,,,,,,,,,,,
67596,,,,,,,,,,,0.000000,0.000000,0.000000,0.000078,0.096945,0.059214,,,,,,,,,,,,
67599,,,,,,,,,,,0.000000,0.000000,0.000000,0.000071,0.096945,0.059214,,,,,,,,,,,,
67604,,,,,,,,,,,0.000000,0.000000,0.000000,0.000065,0.096945,0.059214,,,,,,,,,,,,
67609,,,,,,,,,,,0.000000,0.000000,0.000000,0.000060,0.096945,0.059214,,,,,,,,,,,,
67614,,,,,,,,,,,0.000000,0.000000,0.000000,0.000055,0.096945,0.059214,,,,,,,,,,,,
67619,,,,,,,,,,,0.000000,0.000000,0.000000,0.000050,0.096945,0.059214,,,,,,,,,,,,
67624,,,,,,,,,,,0.000000,0.000000,0.000000,0.000046,0.096945,0.059214,,,,,,,,,,,,
67629,,,,,,,,,,,0.000000,0.000000,0.000000,0.000042,0.096945,0.059214,,,,,,,,,,,,
67634,,,,,,,,,,,0.000000,0.000000,0.000000,0.000038,0.096945,0.059214,,,,,,,,,,,,
67639,,,,,,,,,,,0.000000,0.000000,0.000000,0.000035,0.096945,0.059214,,,,,,,,,,,,
67644,,,,,,,,,,,0.000000,0.000000,0.000000,0.000032,0.096945,0.059215,,,,,,,,,,,,
67656,,,,,,,,,,,0.000000,0.000000,0.000000,0.000027,0.096945,0.059215,,,,,,,,,,,,
67659,,,,,,,,,,,0.000000,0.000000,0.000000,0.000024,0.096945,0.059215,,,,,,,,,,,,
67664,,,,,,,,,,,0.000000,0.000000,0.000000,0.000022,0.096945,0.059215,,,,,,,,,,,,
67669,,,,,,,,,,,0.000000,0.000000,0.000000,0.000020,0.096945,0.059215,,,,,,,,,,,,
67674,,,,,,,,,,,0.000000,0.000000,0.000000,0.000019,0.096945,0.059215,,,,,,,,,,,,
67679,,,,,,,,,,,0.000000,0.000000,0.000000,0.000017,0.096945,0.059215,,,,,,,,,,,,
67684,,,,,,,,,,,0.000000,0.000000,0.000000,0.000015,0.096945,0.059215,,,,,,,,,,,,
67689,,,,,,,,,,,0.000000,0.000000,0.000000,0.000014,0.096945,0.059215,,,,,,,,,,,,
67694,,,,,,,,,,,0.000000,0.000000,0.000000,0.000013,0.096945,0.059215,,,,,,,,,,,,
67699,,,,,,,,,,,0.000000,0.000000,0.000000,0.000012,0.096945,0.059215,,,,,,,,,,,,
67704,,,,,,,,,,,0.000000,0.000000,0.000000,0.000011,0.096945,0.059215,,,,,,,,,,,,
67716,,,,,,,,,,,0.000000,0.000000,0.000000,0.000009,0.096945,0.059215,,,,,,,,,,,,
67719,,,,,,,,,,,0.000000,0.000000,0.000000,0.000008,0.096945,0.059215,,,,,,,,,,,,
67724,,,,,,,,,,,0.000000,0.000000,0.000000,0.000008,0.096945,0.059215,,,,,,,,,,,,
67729,,,,,,,,,,,0.000000,0.000000,0.000000,0.000007,0.096945,0.059215,,,,,,,,,,,,
67734,,,,,,,,,,,0.000000,0.000000,0.000000,0.000006,0.096945,0.059215,,,,,,,,,,,,
67739,,,,,,,,,,,0.000000,0.000000,0.000000,0.000006,0.096945,0.059215,,,,,,,,,,,,
67744,,,,,,,,,,,0.000000,0.000000,0.000000,0.000005,0.096945,0.059215,,,,,,,,,,,,
67749,,,,,,,,,,,0.000000,0.000000,0.000000,0.000005,0.096945,0.059215,,,,,,,,,,,,
67754,,,,,,,,,,,0.000000,0.000000,0.000000,0.000004,0.096945,0.059215,,,,,,,,,,,,
67759,,,,,,,,,,,0.000000,0.000000,0.000000,0.000004,0.096945,0.059215,,,,,,,,,,,,
67764,,,,,,,,,,,0.000000,0.000000,0.000000,0.000004,0.096945,0.059215,,,,,,,,,,,,
67775,,,,,,,,,,,0.000000,0.000000,,,0.096945,0.059215,,,,,,,,,,,,
67776,,,,,,,,,,,0.000000,0.000000,0.000000,0.000003,0.096945,0.059215,,,,,,,,,,,,
67779,,,,,,,,,,,0.000000,0.000000,0.000000,0.000003,0.096945,0.059215,,,,,,,,,,,,
67784,,,,,,,,,,,0.000000,0.000000,0.000000,0.000003,0.096945,0.059215,,,,,,,,,,,,
67789,,,,,,,,,,,0.000000,0.000000,0.000000,0.000002,0.096945,0.059215,,,,,,,,,,,,
67794,,,,,,,,,,,0.000000,0.000000,0.000000,0.000002,0.096945,0.059215,,,,,,,,,,,,
67799,,,,,,,,,,,0.000000,0.000000,0.000000,0.000002,0.096945,0.059215,,,,,,,,,,,,
67804,,,,,,,,,,,0.000000,0.000000,0.000000,0.000002,0.096945,0.059215,,,,,,,,,,,,
