ts,x,y,yaw,x_des,y_des,yaw_des,v_ff,w_ff,v_actual,w_actual,omega_l_cmd,omega_r_cmd,omega_l_meas,omega_r_meas,duty_l,duty_r,x_err,y_err,yaw_err,x_raw,y_raw,yaw_raw,acc_x,acc_y,acc_z,gyro_x,gyro_y,gyro_z
400842,,,,,,,,,,,0.000000,0.000000,0.000000,0.000000,0.000000,0.000000,,,,,,,,,,,,
400847,,,,,,,,,,,0.000000,0.000000,0.000000,0.000000,0.000000,0.000000,,,,,,,,,,,,
400852,,,,,,,,,,,0.000000,0.000000,0.000000,0.000000,0.000000,0.000000,,,,,,,,,,,,
400857,,,,,,,,,,,0.000000,0.000000,0.000000,0.000000,0.000000,0.000000,,,,,,,,,,,,
400862,,,,,,,,,,,0.000000,0.000000,0.000000,0.000000,0.000000,0.000000,,,,,,,,,,,,
400867,,,,,,,,,,,0.000000,0.000000,0.000000,0.000000,0.000000,0.000000,,,,,,,,,,,,
400872,,,,,,,,,,,0.000000,0.000000,0.000000,0.000000,0.000000,0.000000,,,,,,,,,,,,
400877,,,,,,,,,,,0.000000,0.000000,0.000000,0.000000,0.000000,0.000000,,,,,,,,,,,,
400882,,,,,,,,,,,0.000000,0.000000,0.000000,0.000000,0.000000,0.000000,,,,,,,,,,,,
400887,,,,,,,,,,,0.000000,0.000000,0.000000,0.000000,0.000000,0.000000,,,,,,,,,,,,
400892,,,,,,,,,,,0.000000,0.000000,0.000000,0.000000,0.000000,0.000000,,,,,,,,,,,,
400897,,,,,,,,,,,0.000000,0.000000,0.000000,0.000000,0.000000,0.000000,,,,,,,,,,,,
400902,,,,,,,,,,,0.000000,0.000000,0.000000,0.000000,0.000000,0.000000,,,,,,,,,,,,
400907,,,,,,,,,,,0.000000,0.000000,0.000000,0.000000,0.000000,0.000000,,,,,,,,,,,,
400912,,,,,,,,,,,0.000000,0.000000,0.000000,0.000000,0.000000,0.000000,,,,,,,,,,,,
400917,,,,,,,,,,,0.000000,0.000000,0.000000,0.000000,0.000000,0.000000,,,,,,,,,,,,
400922,,,,,,,,,,,0.000000,0.000000,0.000000,0.000000,0.000000,0.000000,,,,,,,,,,,,
400927,,,,,,,,,,,0.000000,0.000000,0.000000,0.000000,0.000000,0.000000,,,,,,,,,,,,
400932,,,,,,,,,,,0.000000,0.000000,0.000000,0.000000,0.000000,0.000000,,,,,,,,,,,,
400937,,,,,,,,,,,0.000000,0.000000,0.000000,0.000000,0.000000,0.000000,,,,,,,,,,,,
400942,,,,,,,,,,,0.000000,0.000000,0.000000,0.000000,0.000000,0.000000,,,,,,,,,,,,
400947,,,,,,,,,,,0.000000,0.000000,0.000000,0.000000,0.000000,0.000000,,,,,,,,,,,,
400952,,,,,,,,,,,0.000000,0.000000,0.000000,0.000000,0.000000,0.000000,,,,,,,,,,,,
400957,,,,,,,,,,,0.000000,0.000000,0.000000,0.000000,0.000000,0.000000,,,,,,,,,,,,
400962,,,,,,,,,,,0.000000,0.000000,0.000000,0.000000,0.000000,0.000000,,,,,,,,,,,,
400967,,,,,,,,,,,0.000000,0.000000,0.000000,0.000000,0.000000,0.000000,,,,,,,,,,,,
400972,,,,,,,,,,,0.000000,0.000000,0.000000,0.000000,0.000000,0.000000,,,,,,,,,,,,
400977,,,,,,,,,,,0.000000,0.000000,0.000000,0.000000,0.000000,0.000000,,,,,,,,,,,,
400982,,,,,,,,,,,0.000000,0.000000,0.000000,0.000000,0.000000,0.000000,,,,,,,,,,,,
400987,,,,,,,,,,,0.000000,0.000000,0.000000,0.000000,0.000000,0.000000,,,,,,,,,,,,
400992,,,,,,,,,,,0.000000,0.000000,0.000000,0.000000,0.000000,0.000000,,,,,,,,,,,,
400997,,,,,,,,,,,0.000000,0.000000,0.000000,0.000000,0.000000,0.000000,,,,,,,,,,,,
401002,,,,,,,,,,,0.000000,0.000000,0.000000,0.000000,0.000000,0.000000,,,,,,,,,,,,
401007,,,,,,,,,,,0.000000,0.000000,0.000000,0.000000,0.000000,0.000000,,,,,,,,,,,,
401012,,,,,,,,,,,0.000000,0.000000,0.000000,0.000000,0.000000,0.000000,,,,,,,,,,,,
401017,,,,,,,,,,,0.000000,0.000000,0.000000,0.000000,0.000000,0.000000,,,,,,,,,,,,
401022,,,,,,,,,,,0.000000,0.000000,0.000000,0.000000,0.000000,0.000000,,,,,,,,,,,,
401027,,,,,,,,,,,0.000000,0.000000,0.000000,0.000000,0.000000,0.000000,,,,,,,,,,,,
401032,,,,,,,,,,,0.000000,0.000000,0.000000,0.000000,0.000000,0.000000,,,,,,,,,,,,
401037,,,,,,,,,,,0.000000,0.000000,0.000000,0.000000,0.000000,0.000000,,,,,,,,,,,,
401042,,,,,,,,,,,0.000000,0.000000,0.000000,0.000000,0.000000,0.000000,,,,,,,,,,,,
401047,,,,,,,,,,,0.000000,0.000000,0.000000,0.000000,0.000000,0.000000,,,,,,,,,,,,
401052,,,,,,,,,,,0.000000,0.000000,,,0.000000,0.000000,,,,,,,,,,,,
401374,,,,,,,,,,,0.000000,0.000000,0.000000,0.000000,0.000000,0.000000,,,,,,,,,,,,
401379,,,,,,,,,,,0.000000,0.000000,0.000000,0.000000,0.000000,0.000000,,,,,,,,,,,,
401389,,,,,,,,,,,0.000000,0.000000,0.000000,0.000000,0.000000,0.000000,,,,,,,,,,,,
401390,,,,,,,,,,,0.000000,0.000000,0.000000,0.000000,0.000000,0.000000,,,,,,,,,,,,
401392,,,,,,,,,,,0.000000,0.000000,0.000000,0.000000,0.000000,0.000000,,,,,,,,,,,,
401397,,,,,,,,,,,0.000000,0.000000,0.000000,0.000000,0.000000,0.000000,,,,,,,,,,,,
401402,,,,,,,,,,,0.000000,0.000000,0.000000,0.000000,0.000000,0.000000,,,,,,,,,,,,
401407,,,,,,,,,,,0.000000,0.000000,0.000000,0.000000,0.000000,0.000000,,,,,,,,,,,,
401412,,,,,,,,,,,0.000000,0.000000,0.000000,0.000000,0.000000,0.000000,,,,,,,,,,,,
401417,,,,,,,,,,,0.000000,0.000000,0.000000,0.000000,0.000000,0.000000,,,,,,,,,,,,
401422,,,,,,,,,,,0.000000,0.000000,0.000000,0.000000,0.000000,0.000000,,,,,,,,,,,,
401434,,,,,,,,,,,0.000000,0.000000,0.000000,0.000000,0.000000,0.000000,,,,,,,,,,,,
401437,,,,,,,,,,,0.000000,0.000000,0.000000,0.000000,0.000000,0.000000,,,,,,,,,,,,
401442,,,,,,,,,,,0.000000,0.000000,0.000000,0.000000,0.000000,0.000000,,,,,,,,,,,,
401447,,,,,,,,,,,0.000000,0.000000,0.000000,0.000000,0.000000,0.000000,,,,,,,,,,,,
401452,,,,,,,,,,,0.000000,0.000000,0.000000,0.000000,0.000000,0.000000,,,,,,,,,,,,
401457,,,,,,,,,,,0.000000,0.000000,0.000000,0.000000,0.000000,0.000000,,,,,,,,,,,,
401462,,,,,,,,,,,0.000000,0.000000,0.000000,0.000000,0.000000,0.000000,,,,,,,,,,,,
401467,,,,,,,,,,,0.000000,0.000000,0.000000,0.000000,0.000000,0.000000,,,,,,,,,,,,
401472,,,,,,,,,,,0.000000,0.000000,0.000000,0.000000,0.000000,0.000000,,,,,,,,,,,,
401477,,,,,,,,,,,0.000000,0.000000,0.000000,0.000000,0.000000,0.000000,,,,,,,,,,,,
401482,,,,,,,,,,,0.000000,0.000000,0.000000,0.000000,0.000000,0.000000,,,,,,,,,,,,
401494,,,,,,,,,,,0.000000,0.000000,0.000000,0.000000,0.000000,0.000000,,,,,,,,,,,,
401497,,,,,,,,,,,0.000000,0.000000,0.000000,0.000000,0.000000,0.000000,,,,,,,,,,,,
401502,,,,,,,,,,,0.000000,0.000000,0.000000,0.000000,0.000000,0.000000,,,,,,,,,,,,
401507,,,,,,,,,,,0.000000,0.000000,0.000000,0.000000,0.000000,0.000000,,,,,,,,,,,,
401512,,,,,,,,,,,0.000000,0.000000,0.000000,0.000000,0.000000,0.000000,,,,,,,,,,,,
401517,,,,,,,,,,,0.000000,0.000000,0.000000,0.000000,0.000000,0.000000,,,,,,,,,,,,
401522,,,,,,,,,,,0.000000,0.000000,0.000000,0.000000,0.000000,0.000000,,,,,,,,,,,,
401527,,,,,,,,,,,0.000000,0.000000,0.000000,0.000000,0.000000,0.000000,,,,,,,,,,,,
401532,,,,,,,,,,,0.000000,0.000000,0.000000,0.000000,0.000000,0.000000,,,,,,,,,,,,
401537,,,,,,,,,,,0.000000,0.000000,0.000000,0.000000,0.000000,0.000000,,,,,,,,,,,,
401542,,,,,,,,,,,0.000000,0.000000,0.000000,0.000000,0.000000,0.000000,,,,,,,,,,,,
401547,,,,,,,,,,,0.000000,0.000000,0.000000,0.000000,0.000000,0.000000,,,,,,,,,,,,
401552,,,,,,,,,,,0.000000,0.000000,0.000000,0.000000,0.000000,0.000000,,,,,,,,,,,,
401557,,,,,,,,,,,0.000000,0.000000,0.000000,0.000000,0.000000,0.000000,,,,,,,,,,,,
401562,,,,,,,,,,,0.000000,0.000000,0.000000,0.000000,0.000000,0.000000,,,,,,,,,,,,
401574,,,,,,,,,,,0.000000,0.000000,0.000000,0.000000,0.000000,0.000000,,,,,,,,,,,,
401577,,,,,,,,,,,0.000000,0.000000,0.000000,0.000000,0.000000,0.000000,,,,,,,,,,,,
401582,,,,,,,,,,,0.000000,0.000000,0.000000,0.000000,0.000000,0.000000,,,,,,,,,,,,
401587,,,,,,,,,,,0.000000,0.000000,0.000000,0.000000,0.000000,0.000000,,,,,,,,,,,,
401592,,,,,,,,,,,0.000000,0.000000,0.000000,0.000000,0.000000,0.000000,,,,,,,,,,,,
401597,,,,,,,,,,,0.000000,0.000000,0.000000,0.000000,0.000000,0.000000,,,,,,,,,,,,
401602,,,,,,,,,,,0.000000,0.000000,0.000000,0.000000,0.000000,0.000000,,,,,,,,,,,,
401607,,,,,,,,,,,0.000000,0.000000,0.000000,0.000000,0.000000,0.000000,,,,,,,,,,,,
401612,,,,,,,,,,,0.000000,0.000000,0.000000,0.000000,0.000000,0.000000,,,,,,,,,,,,
401617,,,,,,,,,,,0.000000,0.000000,0.000000,0.000000,0.000000,0.000000,,,,,,,,,,,,
401622,,,,,,,,,,,0.000000,0.000000,0.000000,0.000000,0.000000,0.000000,,,,,,,,,,,,
401633,,,,,,,,,,,0.000000,0.000000,0.000000,0.000000,0.000000,0.000000,,,,,,,,,,,,
401637,,,,,,,,,,,0.000000,0.000000,0.000000,0.000000,0.000000,0.000000,,,,,,,,,,,,
401642,,,,,,,,,,,0.000000,0.000000,0.000000,0.000000,0.000000,0.000000,,,,,,,,,,,,
401647,,,,,,,,,,,0.000000,0.000000,0.000000,0.000000,0.000000,0.000000,,,,,,,,,,,,
401652,,,,,,,,,,,0.000000,0.000000,0.000000,0.000000,0.000000,0.000000,,,,,,,,,,,,
401657,,,,,,,,,,,0.000000,0.000000,0.000000,0.000000,0.000000,0.000000,,,,,,,,,,,,
401662,,,,,,,,,,,0.000000,0.000000,0.000000,0.000000,0.000000,0.000000,,,,,,,,,,,,
401667,,,,,,,,,,,0.000000,0.000000,0.000000,0.000000,0.000000,0.000000,,,,,,,,,,,,
401672,,,,,,,,,,,0.000000,0.000000,0.000000,0.000000,0.000000,0.000000,,,,,,,,,,,,
401677,,,,,,,,,,,0.000000,0.000000,0.000000,0.000000,0.000000,0.000000,,,,,,,,,,,,
401682,,,,,,,,,,,0.000000,0.000000,0.000000,0.000000,0.000000,0.000000,,,,,,,,,,,,
401693,,,,,,,,,,,0.000000,0.000000,0.000000,0.000000,0.000000,0.000000,,,,,,,,,,,,
401697,,,,,,,,,,,0.000000,0.000000,0.000000,0.000000,0.000000,0.000000,,,,,,,,,,,,
401702,,,,,,,,,,,0.000000,0.000000,0.000000,0.000000,0.000000,0.000000,,,,,,,,,,,,
401707,,,,,,,,,,,0.000000,0.000000,0.000000,0.000000,0.000000,0.000000,,,,,,,,,,,,
401712,,,,,,,,,,,0.000000,0.000000,0.000000,0.000000,0.000000,0.000000,,,,,,,,,,,,
401717,,,,,,,,,,,0.000000,0.000000,0.000000,0.000000,0.000000,0.000000,,,,,,,,,,,,
401722,,,,,,,,,,,0.000000,0.000000,0.000000,0.000000,0.000000,0.000000,,,,,,,,,,,,
401727,,,,,,,,,,,0.000000,0.000000,0.000000,0.000000,0.000000,0.000000,,,,,,,,,,,,
401732,,,,,,,,,,,0.000000,0.000000,0.000000,0.000000,0.000000,0.000000,,,,,,,,,,,,
401737,,,,,,,,,,,0.000000,0.000000,0.000000,0.000000,0.000000,0.000000,,,,,,,,,,,,
401742,,,,,,,,,,,0.000000,0.000000,0.000000,0.000000,0.000000,0.000000,,,,,,,,,,,,
401754,,,,,,,,,,,0.000000,0.000000,,,0.000000,0.000000,,,,,,,,,,,,
401755,,,,,,,,,,,0.000000,0.000000,0.000000,0.000000,0.000000,0.000000,,,,,,,,,,,,
401757,,,,,,,,,,,0.000000,0.000000,0.000000,0.000000,0.000000,0.000000,,,,,,,,,,,,
401762,,,,,,,,,,,0.000000,0.000000,0.000000,0.000000,0.000000,0.000000,,,,,,,,,,,,
401767,,,,,,,,,,,0.000000,0.000000,0.000000,0.000000,0.000000,0.000000,,,,,,,,,,,,
401772,,,,,,,,,,,0.000000,0.000000,0.000000,0.000000,0.000000,0.000000,,,,,,,,,,,,
401777,,,,,,,,,,,0.000000,0.000000,0.000000,0.000000,0.000000,0.000000,,,,,,,,,,,,
401782,,,,,,,,,,,0.000000,0.000000,0.000000,0.000000,0.000000,0.000000,,,,,,,,,,,,
401787,,,,,,,,,,,0.000000,0.000000,0.000000,0.000000,0.000000,0.000000,,,,,,,,,,,,
401792,,,,,,,,,,,0.000000,0.000000,0.000000,0.000000,0.000000,0.000000,,,,,,,,,,,,
401797,,,,,,,,,,,0.000000,0.000000,0.000000,0.000000,0.000000,0.000000,,,,,,,,,,,,
401802,,,,,,,,,,,0.000000,0.000000,0.000000,0.000000,0.000000,0.000000,,,,,,,,,,,,
401807,,,,,,,,,,,0.000000,0.000000,0.000000,0.000000,0.000000,0.000000,,,,,,,,,,,,
401812,,,,,,,,,,,0.000000,0.000000,0.000000,0.000000,0.000000,0.000000,,,,,,,,,,,,
401817,,,,,,,,,,,0.000000,0.000000,0.000000,0.000000,0.000000,0.000000,,,,,,,,,,,,
401822,,,,,,,,,,,0.000000,0.000000,0.000000,0.000000,0.000000,0.000000,,,,,,,,,,,,
401833,,,,,,,,,,,0.000000,0.000000,0.000000,0.000000,0.000000,0.000000,,,,,,,,,,,,
401834,,,,,,,,,,,0.000000,0.000000,0.000000,0.000000,0.000000,0.000000,,,,,,,,,,,,
401837,,,,,,,,,,,0.000000,0.000000,0.000000,0.000000,0.000000,0.000000,,,,,,,,,,,,
401842,,,,,,,,,,,0.000000,0.000000,0.000000,0.000000,0.000000,0.000000,,,,,,,,,,,,
401847,,,,,,,,,,,0.000000,0.000000,0.000000,0.000000,0.000000,0.000000,,,,,,,,,,,,
401852,,,,,,,,,,,0.000000,0.000000,0.000000,0.000000,0.000000,0.000000,,,,,,,,,,,,
401857,,,,,,,,,,,0.000000,0.000000,0.000000,0.000000,0.000000,0.000000,,,,,,,,,,,,
401862,,,,,,,,,,,0.000000,0.000000,0.000000,0.000000,0.000000,0.000000,,,,,,,,,,,,
401867,,,,,,,,,,,0.000000,0.000000,0.000000,0.000000,0.000000,0.000000,,,,,,,,,,,,
401872,,,,,,,,,,,0.000000,0.000000,0.000000,0.000000,0.000000,0.000000,,,,,,,,,,,,
401877,,,,,,,,,,,0.000000,0.000000,0.000000,0.000000,0.000000,0.000000,,,,,,,,,,,,
401882,,,,,,,,,,,0.000000,0.000000,0.000000,0.000000,0.000000,0.000000,,,,,,,,,,,,
401893,,,,,,,,,,,0.000000,0.000000,0.000000,0.000000,0.000000,0.000000,,,,,,,,,,,,
401894,,,,,,,,,,,0.000000,0.000000,0.000000,0.000000,0.000000,0.000000,,,,,,,,,,,,
401897,,,,,,,,,,,0.000000,0.000000,0.000000,0.000000,0.000000,0.000000,,,,,,,,,,,,
401902,,,,,,,,,,,0.000000,0.000000,0.000000,0.000000,0.000000,0.000000,,,,,,,,,,,,
401907,,,,,,,,,,,0.000000,0.000000,0.000000,0.000000,0.000000,0.000000,,,,,,,,,,,,
401912,,,,,,,,,,,0.000000,0.000000,0.000000,0.000000,0.000000,0.000000,,,,,,,,,,,,
401917,,,,,,,,,,,0.000000,0.000000,0.000000,0.000000,0.000000,0.000000,,,,,,,,,,,,
401922,,,,,,,,,,,0.000000,0.000000,0.000000,0.000000,0.000000,0.000000,,,,,,,,,,,,
401927,,,,,,,,,,,0.000000,0.000000,0.000000,0.000000,0.000000,0.000000,,,,,,,,,,,,
401932,,,,,,,,,,,0.000000,0.000000,0.000000,0.000000,0.000000,0.000000,,,,,,,,,,,,
401937,,,,,,,,,,,0.000000,0.000000,0.000000,0.000000,0.000000,0.000000,,,,,,,,,,,,
401942,,,,,,,,,,,0.000000,0.000000,0.000000,0.000000,0.000000,0.000000,,,,,,,,,,,,
401954,,,,,,,,,,,0.000000,0.000000,0.000000,0.000000,0.000000,0.000000,,,,,,,,,,,,
401957,,,,,,,,,,,0.000000,0.000000,0.000000,0.000000,0.000000,0.000000,,,,,,,,,,,,
401962,,,,,,,,,,,0.000000,0.000000,0.000000,0.000000,0.000000,0.000000,,,,,,,,,,,,
401967,,,,,,,,,,,0.000000,0.000000,0.000000,0.000000,0.000000,0.000000,,,,,,,,,,,,
401972,,,,,,,,,,,0.000000,0.000000,0.000000,0.000000,0.000000,0.000000,,,,,,,,,,,,
401977,,,,,,,,,,,0.000000,0.000000,0.000000,0.000000,0.000000,0.000000,,,,,,,,,,,,
401982,,,,,,,,,,,0.000000,0.000000,0.000000,0.000000,0.000000,0.000000,,,,,,,,,,,,
401987,,,,,,,,,,,0.000000,0.000000,0.000000,0.000000,0.000000,0.000000,,,,,,,,,,,,
401992,,,,,,,,,,,0.000000,0.000000,0.000000,0.000000,0.000000,0.000000,,,,,,,,,,,,
401997,,,,,,,,,,,0.000000,0.000000,0.000000,0.000000,0.000000,0.000000,,,,,,,,,,,,
402002,,,,,,,,,,,0.000000,0.000000,0.000000,0.000000,0.000000,0.000000,,,,,,,,,,,,
402014,,,,,,,,,,,0.000000,0.000000,0.000000,0.000000,0.000000,0.000000,,,,,,,,,,,,
402017,,,,,,,,,,,0.000000,0.000000,0.000000,0.000000,0.000000,0.000000,,,,,,,,,,,,
402022,,,,,,,,,,,0.000000,0.000000,0.000000,0.000000,0.000000,0.000000,,,,,,,,,,,,
402027,,,,,,,,,,,0.000000,0.000000,0.000000,0.000000,0.000000,0.000000,,,,,,,,,,,,
402032,,,,,,,,,,,0.000000,0.000000,0.000000,0.000000,0.000000,0.000000,,,,,,,,,,,,
402037,,,,,,,,,,,0.000000,0.000000,0.000000,0.000000,0.000000,0.000000,,,,,,,,,,,,
402042,,,,,,,,,,,0.000000,0.000000,0.000000,0.000000,0.000000,0.000000,,,,,,,,,,,,
402047,,,,,,,,,,,0.000000,0.000000,0.000000,0.000000,0.000000,0.000000,,,,,,,,,,,,
402052,,,,,,,,,,,0.000000,0.000000,0.000000,0.000000,0.000000,0.000000,,,,,,,,,,,,
402057,,,,,,,,,,,0.000000,0.000000,0.000000,0.000000,0.000000,0.000000,,,,,,,,,,,,
402062,,,,,,,,,,,0.000000,0.000000,0.000000,0.000000,0.000000,0.000000,,,,,,,,,,,,
402067,,,,,,,,,,,0.000000,0.000000,0.000000,0.000000,0.000000,0.000000,,,,,,,,,,,,
402072,,,,,,,,,,,0.000000,0.000000,0.000000,0.000000,0.000000,0.000000,,,,,,,,,,,,
402077,,,,,,,,,,,0.000000,0.000000,0.000000,0.000000,0.000000,0.000000,,,,,,,,,,,,
402082,,,,,,,,,,,0.000000,0.000000,0.000000,0.000000,0.000000,0.000000,,,,,,,,,,,,
402093,,,,,,,,,,,0.000000,0.000000,0.000000,0.000000,0.000000,0.000000,,,,,,,,,,,,
402094,,,,,,,,,,,0.000000,0.000000,0.000000,0.000000,0.000000,0.000000,,,,,,,,,,,,
402097,,,,,,,,,,,0.000000,0.000000,0.000000,0.000000,0.000000,0.000000,,,,,,,,,,,,
402102,,,,,,,,,,,0.000000,0.000000,0.000000,0.000000,0.000000,0.000000,,,,,,,,,,,,
402107,,,,,,,,,,,0.000000,0.000000,0.000000,0.000000,0.000000,0.000000,,,,,,,,,,,,
402112,,,,,,,,,,,0.000000,0.000000,0.000000,0.000000,0.000000,0.000000,,,,,,,,,,,,
402117,,,,,,,,,,,0.000000,0.000000,0.000000,0.000000,0.000000,0.000000,,,,,,,,,,,,
402122,,,,,,,,,,,0.000000,0.000000,0.000000,0.000000,0.000000,0.000000,,,,,,,,,,,,
402127,,,,,,,,,,,0.000000,0.000000,0.000000,0.000000,0.000000,0.000000,,,,,,,,,,,,
402132,,,,,,,,,,,0.000000,0.000000,0.000000,0.000000,0.000000,0.000000,,,,,,,,,,,,
402137,,,,,,,,,,,0.000000,0.000000,0.000000,0.000000,0.000000,0.000000,,,,,,,,,,,,
402142,,,,,,,,,,,0.000000,0.000000,0.000000,0.000000,0.000000,0.000000,,,,,,,,,,,,
402153,,,,,,,,,,,0.000000,0.000000,0.000000,0.000000,0.000000,0.000000,,,,,,,,,,,,
402157,,,,,,,,,,,0.000000,0.000000,0.000000,0.000000,0.000000,0.000000,,,,,,,,,,,,
402162,,,,,,,,,,,0.000000,0.000000,0.000000,0.000000,0.000000,0.000000,,,,,,,,,,,,
402167,,,,,,,,,,,0.000000,0.000000,0.000000,0.000000,0.000000,0.000000,,,,,,,,,,,,
402172,,,,,,,,,,,0.000000,0.000000,0.000000,0.000000,0.000000,0.000000,,,,,,,,,,,,
402177,,,,,,,,,,,0.000000,0.000000,0.000000,0.000000,0.000000,0.000000,,,,,,,,,,,,
402182,,,,,,,,,,,0.000000,0.000000,0.000000,0.000000,0.000000,0.000000,,,,,,,,,,,,
402187,,,,,,,,,,,0.000000,0.000000,0.000000,0.000000,0.000000,0.000000,,,,,,,,,,,,
402192,,,,,,,,,,,0.000000,0.000000,0.000000,0.000000,0.000000,0.000000,,,,,,,,,,,,
402197,,,,,,,,,,,0.000000,0.000000,0.000000,0.000000,0.000000,0.000000,,,,,,,,,,,,
402202,,,,,,,,,,,0.000000,0.000000,0.000000,0.000000,0.000000,0.000000,,,,,,,,,,,,
402212,,,,,,,,,,,0.000000,0.000000,0.000000,0.000000,0.000000,0.000000,,,,,,,,,,,,
402217,,,,,,,,,,,0.000000,0.000000,0.000000,0.000000,0.000000,0.000000,,,,,,,,,,,,
402222,,,,,,,,,,,0.000000,0.000000,0.000000,0.000000,0.000000,0.000000,,,,,,,,,,,,
402227,,,,,,,,,,,0.000000,0.000000,0.000000,0.000000,0.000000,0.000000,,,,,,,,,,,,
402232,,,,,,,,,,,0.000000,0.000000,0.000000,0.000000,0.000000,0.000000,,,,,,,,,,,,
402237,,,,,,,,,,,0.000000,0.000000,0.000000,0.000000,0.000000,0.000000,,,,,,,,,,,,
402242,,,,,,,,,,,0.000000,0.000000,0.000000,0.000000,0.000000,0.000000,,,,,,,,,,,,
402247,,,,,,,,,,,0.000000,0.000000,0.000000,0.000000,0.000000,0.000000,,,,,,,,,,,,
402252,,,,,,,,,,,0.000000,0.000000,0.000000,0.000000,0.000000,0.000000,,,,,,,,,,,,
402257,,,,,,,,,,,0.000000,0.000000,0.000000,0.000000,0.000000,0.000000,,,,,,,,,,,,
402262,,,,,,,,,,,0.000000,0.000000,0.000000,0.000000,0.000000,0.000000,,,,,,,,,,,,
402267,,,,,,,,,,,0.000000,0.000000,0.000000,0.000000,0.000000,0.000000,,,,,,,,,,,,
402272,,,,,,,,,,,0.000000,0.000000,0.000000,0.000000,0.000000,0.000000,,,,,,,,,,,,
402277,,,,,,,,,,,0.000000,0.000000,0.000000,0.000000,0.000000,0.000000,,,,,,,,,,,,
402282,,,,,,,,,,,0.000000,0.000000,0.000000,0.000000,0.000000,0.000000,,,,,,,,,,,,
402292,,,,,,,,,,,0.000000,0.000000,0.000000,0.000000,0.000000,0.000000,,,,,,,,,,,,
402297,,,,,,,,,,,0.000000,0.000000,0.000000,0.000000,0.000000,0.000000,,,,,,,,,,,,
402302,,,,,,,,,,,0.000000,0.000000,0.000000,0.000000,0.000000,0.000000,,,,,,,,,,,,
402307,,,,,,,,,,,0.000000,0.000000,0.000000,0.000000,0.000000,0.000000,,,,,,,,,,,,
402312,,,,,,,,,,,0.000000,0.000000,0.000000,0.000000,0.000000,0.000000,,,,,,,,,,,,
402317,,,,,,,,,,,0.000000,0.000000,0.000000,0.000000,0.000000,0.000000,,,,,,,,,,,,
402322,,,,,,,,,,,0.000000,0.000000,0.000000,0.000000,0.000000,0.000000,,,,,,,,,,,,
402327,,,,,,,,,,,0.000000,0.000000,0.000000,0.000000,0.000000,0.000000,,,,,,,,,,,,
402332,,,,,,,,,,,0.000000,0.000000,0.000000,0.000000,0.000000,0.000000,,,,,,,,,,,,
402337,,,,,,,,,,,0.000000,0.000000,0.000000,0.000000,0.000000,0.000000,,,,,,,,,,,,
402342,,,,,,,,,,,0.000000,0.000000,0.000000,0.000000,0.000000,0.000000,,,,,,,,,,,,
402355,,,,,,,,,,,0.000000,0.000000,0.000000,0.000000,0.000000,0.000000,,,,,,,,,,,,
402357,,,,,,,,,,,0.000000,0.000000,0.000000,0.000000,0.000000,0.000000,,,,,,,,,,,,
402362,,,,,,,,,,,0.000000,0.000000,0.000000,0.000000,0.000000,0.000000,,,,,,,,,,,,
402367,,,,,,,,,,,0.000000,0.000000,0.000000,0.000000,0.000000,0.000000,,,,,,,,,,,,
402372,,,,,,,,,,,0.000000,0.000000,0.000000,0.000000,0.000000,0.000000,,,,,,,,,,,,
402377,,,,,,,,,,,0.000000,0.000000,0.000000,0.000000,0.000000,0.000000,,,,,,,,,,,,
402382,,,,,,,,,,,0.000000,0.000000,0.000000,0.000000,0.000000,0.000000,,,,,,,,,,,,
402387,,,,,,,,,,,0.000000,0.000000,0.000000,0.000000,0.000000,0.000000,,,,,,,,,,,,
402392,,,,,,,,,,,0.000000,0.000000,0.000000,0.000000,0.000000,0.000000,,,,,,,,,,,,
402397,,,,,,,,,,,0.000000,0.000000,0.000000,0.000000,0.000000,0.000000,,,,,,,,,,,,
402402,,,,,,,,,,,0.000000,0.000000,0.000000,0.000000,0.000000,0.000000,,,,,,,,,,,,
402414,,,,,,,,,,,0.000000,0.000000,0.000000,0.000000,0.000000,0.000000,,,,,,,,,,,,
402417,,,,,,,,,,,0.000000,0.000000,0.000000,0.000000,0.000000,0.000000,,,,,,,,,,,,
402422,,,,,,,,,,,0.000000,0.000000,0.000000,0.000000,0.000000,0.000000,,,,,,,,,,,,
402427,,,,,,,,,,,0.000000,0.000000,0.000000,0.000000,0.000000,0.000000,,,,,,,,,,,,
402432,,,,,,,,,,,0.000000,0.000000,0.000000,0.000000,0.000000,0.000000,,,,,,,,,,,,
402437,,,,,,,,,,,0.000000,0.000000,0.000000,0.000000,0.000000,0.000000,,,,,,,,,,,,
402442,,,,,,,,,,,0.000000,0.000000,0.000000,0.000000,0.000000,0.000000,,,,,,,,,,,,
402447,,,,,,,,,,,0.000000,0.000000,0.000000,0.000000,0.000000,0.000000,,,,,,,,,,,,
402452,,,,,,,,,,,0.000000,0.000000,0.000000,0.000000,0.000000,0.000000,,,,,,,,,,,,
402457,,,,,,,,,,,0.000000,0.000000,0.000000,0.000000,0.000000,0.000000,,,,,,,,,,,,
402462,,,,,,,,,,,0.000000,0.000000,0.000000,0.000000,0.000000,0.000000,,,,,,,,,,,,
402474,,,,,,,,,,,0.000000,0.000000,0.000000,0.000000,0.000000,0.000000,,,,,,,,,,,,
402477,,,,,,,,,,,0.000000,0.000000,0.000000,0.000000,0.000000,0.000000,,,,,,,,,,,,
402482,,,,,,,,,,,0.000000,0.000000,0.000000,0.000000,0.000000,0.000000,,,,,,,,,,,,
402487,,,,,,,,,,,0.000000,0.000000,0.000000,0.000000,0.000000,0.000000,,,,,,,,,,,,
402492,,,,,,,,,,,0.000000,0.000000,0.000000,0.000000,0.000000,0.000000,,,,,,,,,,,,
402497,,,,,,,,,,,0.000000,0.000000,0.000000,0.000000,0.000000,0.000000,,,,,,,,,,,,
402502,,,,,,,,,,,0.000000,0.000000,0.000000,0.000000,0.000000,0.000000,,,,,,,,,,,,
402507,,,,,,,,,,,0.000000,0.000000,0.000000,0.000000,0.000000,0.000000,,,,,,,,,,,,
402512,,,,,,,,,,,0.000000,0.000000,0.000000,0.000000,0.000000,0.000000,,,,,,,,,,,,
402517,,,,,,,,,,,0.000000,0.000000,0.000000,0.000000,0.000000,0.000000,,,,,,,,,,,,
402522,,,,,,,,,,,0.000000,0.000000,0.000000,0.000000,0.000000,0.000000,,,,,,,,,,,,
402527,,,,,,,,,,,0.000000,0.000000,0.000000,0.000000,0.000000,0.000000,,,,,,,,,,,,
402532,,,,,,,,,,,0.000000,0.000000,0.000000,0.000000,0.000000,0.000000,,,,,,,,,,,,
402537,,,,,,,,,,,0.000000,0.000000,0.000000,0.000000,0.000000,0.000000,,,,,,,,,,,,
402542,,,,,,,,,,,0.000000,0.000000,0.000000,0.000000,0.000000,0.000000,,,,,,,,,,,,
402554,,,,,,,,,,,0.000000,0.000000,0.000000,0.000000,0.000000,0.000000,,,,,,,,,,,,
402557,,,,,,,,,,,0.000000,0.000000,0.000000,0.000000,0.000000,0.000000,,,,,,,,,,,,
402562,,,,,,,,,,,0.000000,0.000000,0.000000,0.000000,0.000000,0.000000,,,,,,,,,,,,
402567,,,,,,,,,,,0.000000,0.000000,0.000000,0.000000,0.000000,0.000000,,,,,,,,,,,,
402572,,,,,,,,,,,0.000000,0.000000,0.000000,0.000000,0.000000,0.000000,,,,,,,,,,,,
402577,,,,,,,,,,,0.000000,0.000000,0.000000,0.000000,0.000000,0.000000,,,,,,,,,,,,
402582,,,,,,,,,,,0.000000,0.000000,0.000000,0.000000,0.000000,0.000000,,,,,,,,,,,,
402587,,,,,,,,,,,0.000000,0.000000,0.000000,0.000000,0.000000,0.000000,,,,,,,,,,,,
402592,,,,,,,,,,,0.000000,0.000000,0.000000,0.000000,0.000000,0.000000,,,,,,,,,,,,
402597,,,,,,,,,,,0.000000,0.000000,0.000000,0.000000,0.000000,0.000000,,,,,,,,,,,,
402602,,,,,,,,,,,0.000000,0.000000,0.000000,0.000000,0.000000,0.000000,,,,,,,,,,,,
402613,,,,,,,,,,,0.000000,0.000000,0.000000,0.000000,0.000000,0.000000,,,,,,,,,,,,
402614,,,,,,,,,,,0.000000,0.000000,0.000000,0.000000,0.000000,0.000000,,,,,,,,,,,,
402617,,,,,,,,,,,0.000000,0.000000,0.000000,0.000000,0.000000,0.000000,,,,,,,,,,,,
402622,,,,,,,,,,,0.000000,0.000000,0.000000,0.000000,0.000000,0.000000,,,,,,,,,,,,
402627,,,,,,,,,,,0.000000,0.000000,0.000000,0.000000,0.000000,0.000000,,,,,,,,,,,,
402632,,,,,,,,,,,0.000000,0.000000,0.000000,0.000000,0.000000,0.000000,,,,,,,,,,,,
402637,,,,,,,,,,,0.000000,0.000000,0.000000,0.000000,0.000000,0.000000,,,,,,,,,,,,
402642,,,,,,,,,,,0.000000,0.000000,0.000000,0.000000,0.000000,0.000000,,,,,,,,,,,,
402647,,,,,,,,,,,0.000000,0.000000,0.000000,0.000000,0.000000,0.000000,,,,,,,,,,,,
402652,,,,,,,,,,,0.000000,0.000000,0.000000,0.000000,0.000000,0.000000,,,,,,,,,,,,
402657,,,,,,,,,,,0.000000,0.000000,0.000000,0.000000,0.000000,0.000000,,,,,,,,,,,,
402662,,,,,,,,,,,0.000000,0.000000,0.000000,0.000000,0.000000,0.000000,,,,,,,,,,,,
402673,,,,,,,,,,,0.000000,0.000000,0.000000,0.000000,0.000000,0.000000,,,,,,,,,,,,
402674,,,,,,,,,,,0.000000,0.000000,0.000000,0.000000,0.000000,0.000000,,,,,,,,,,,,
402677,,,,,,,,,,,0.000000,0.000000,0.000000,0.000000,0.000000,0.000000,,,,,,,,,,,,
402682,,,,,,,,,,,0.000000,0.000000,0.000000,0.000000,0.000000,0.000000,,,,,,,,,,,,
402687,,,,,,,,,,,0.000000,0.000000,0.000000,0.000000,0.000000,0.000000,,,,,,,,,,,,
402692,,,,,,,,,,,0.000000,0.000000,0.000000,0.000000,0.000000,0.000000,,,,,,,,,,,,
402697,,,,,,,,,,,0.000000,0.000000,0.000000,0.000000,0.000000,0.000000,,,,,,,,,,,,
402702,,,,,,,,,,,0.000000,0.000000,0.000000,0.000000,0.000000,0.000000,,,,,,,,,,,,
402707,,,,,,,,,,,0.000000,0.000000,0.000000,0.000000,0.000000,0.000000,,,,,,,,,,,,
402712,,,,,,,,,,,0.000000,0.000000,0.000000,0.000000,0.000000,0.000000,,,,,,,,,,,,
402717,,,,,,,,,,,0.000000,0.000000,0.000000,0.000000,0.000000,0.000000,,,,,,,,,,,,
402722,,,,,,,,,,,0.000000,0.000000,0.000000,0.000000,0.000000,0.000000,,,,,,,,,,,,
402727,,,,,,,,,,,0.000000,0.000000,0.000000,0.000000,0.000000,0.000000,,,,,,,,,,,,
402732,,,,,,,,,,,0.000000,0.000000,0.000000,0.000000,0.000000,0.000000,,,,,,,,,,,,
402737,,,,,,,,,,,0.000000,0.000000,0.000000,0.000000,0.000000,0.000000,,,,,,,,,,,,
402742,,,,,,,,,,,0.000000,0.000000,0.000000,0.000000,0.000000,0.000000,,,,,,,,,,,,
402753,,,,,,,,,,,0.000000,0.000000,0.000000,0.000000,0.000000,0.000000,,,,,,,,,,,,
402757,,,,,,,,,,,0.000000,0.000000,0.000000,0.000000,0.000000,0.000000,,,,,,,,,,,,
402762,,,,,,,,,,,0.000000,0.000000,0.000000,0.000000,0.000000,0.000000,,,,,,,,,,,,
402767,,,,,,,,,,,0.000000,0.000000,0.000000,0.000000,0.000000,0.000000,,,,,,,,,,,,
402772,,,,,,,,,,,0.000000,0.000000,0.000000,0.000000,0.000000,0.000000,,,,,,,,,,,,
402777,,,,,,,,,,,0.000000,0.000000,0.000000,0.000000,0.000000,0.000000,,,,,,,,,,,,
402782,,,,,,,,,,,0.000000,0.000000,0.000000,0.000000,0.000000,0.000000,,,,,,,,,,,,
402787,,,,,,,,,,,0.000000,0.000000,0.000000,0.000000,0.000000,0.000000,,,,,,,,,,,,
402792,,,,,,,,,,,0.000000,0.000000,0.000000,0.000000,0.000000,0.000000,,,,,,,,,,,,
402797,,,,,,,,,,,0.000000,0.000000,0.000000,0.000000,0.000000,0.000000,,,,,,,,,,,,
402802,,,,,,,,,,,0.000000,0.000000,0.000000,0.000000,0.000000,0.000000,,,,,,,,,,,,
402814,,,,,,,,,,,0.000000,0.000000,0.000000,0.000000,0.000000,0.000000,,,,,,,,,,,,
402817,,,,,,,,,,,0.000000,0.000000,0.000000,0.000000,0.000000,0.000000,,,,,,,,,,,,
402822,,,,,,,,,,,0.000000,0.000000,0.000000,0.000000,0.000000,0.000000,,,,,,,,,,,,
402827,,,,,,,,,,,0.000000,0.000000,0.000000,0.000000,0.000000,0.000000,,,,,,,,,,,,
402832,,,,,,,,,,,0.000000,0.000000,0.000000,0.000000,0.000000,0.000000,,,,,,,,,,,,
402837,,,,,,,,,,,0.000000,0.000000,0.000000,0.000000,0.000000,0.000000,,,,,,,,,,,,
402842,,,,,,,,,,,0.000000,0.000000,0.000000,0.000000,0.000000,0.000000,,,,,,,,,,,,
402847,,,,,,,,,,,0.000000,0.000000,0.000000,0.000000,0.000000,0.000000,,,,,,,,,,,,
402852,,,,,,,,,,,0.000000,0.000000,0.000000,0.000000,0.000000,0.000000,,,,,,,,,,,,
402857,,,,,,,,,,,0.000000,0.000000,0.000000,0.000000,0.000000,0.000000,,,,,,,,,,,,
402862,,,,,,,,,,,0.000000,0.000000,0.000000,0.000000,0.000000,0.000000,,,,,,,,,,,,
402873,,,,,,,,,,,0.000000,0.000000,0.000000,0.000000,0.000000,0.000000,,,,,,,,,,,,
402874,,,,,,,,,,,0.000000,0.000000,0.000000,0.000000,0.000000,0.000000,,,,,,,,,,,,
402877,,,,,,,,,,,0.000000,0.000000,0.000000,0.000000,0.000000,0.000000,,,,,,,,,,,,
402882,,,,,,,,,,,0.000000,0.000000,0.000000,0.000000,0.000000,0.000000,,,,,,,,,,,,
402887,,,,,,,,,,,0.000000,0.000000,0.000000,0.000000,0.000000,0.000000,,,,,,,,,,,,
402892,,,,,,,,,,,0.000000,0.000000,0.000000,0.000000,0.000000,0.000000,,,,,,,,,,,,
402897,,,,,,,,,,,0.000000,0.000000,0.000000,0.000000,0.000000,0.000000,,,,,,,,,,,,
402902,,,,,,,,,,,0.000000,0.000000,0.000000,0.000000,0.000000,0.000000,,,,,,,,,,,,
402907,,,,,,,,,,,0.000000,0.000000,0.000000,0.000000,0.000000,0.000000,,,,,,,,,,,,
402912,,,,,,,,,,,0.000000,0.000000,0.000000,0.000000,0.000000,0.000000,,,,,,,,,,,,
402917,,,,,,,,,,,0.000000,0.000000,0.000000,0.000000,0.000000,0.000000,,,,,,,,,,,,
402922,,,,,,,,,,,0.000000,0.000000,0.000000,0.000000,0.000000,0.000000,,,,,,,,,,,,
402934,,,,,,,,,,,0.000000,0.000000,0.000000,0.000000,0.000000,0.000000,,,,,,,,,,,,
402937,,,,,,,,,,,0.000000,0.000000,0.000000,0.000000,0.000000,0.000000,,,,,,,,,,,,
402942,,,,,,,,,,,0.000000,0.000000,0.000000,0.000000,0.000000,0.000000,,,,,,,,,,,,
402947,,,,,,,,,,,0.000000,0.000000,0.000000,0.000000,0.000000,0.000000,,,,,,,,,,,,
402952,,,,,,,,,,,0.000000,0.000000,0.000000,0.000000,0.000000,0.000000,,,,,,,,,,,,
402957,,,,,,,,,,,0.000000,0.000000,0.000000,0.000000,0.000000,0.000000,,,,,,,,,,,,
402962,,,,,,,,,,,0.000000,0.000000,0.000000,0.000000,0.000000,0.000000,,,,,,,,,,,,
402967,,,,,,,,,,,0.000000,0.000000,0.000000,0.000000,0.000000,0.000000,,,,,,,,,,,,
402972,,,,,,,,,,,0.000000,0.000000,0.000000,0.000000,0.000000,0.000000,,,,,,,,,,,,
402977,,,,,,,,,,,0.000000,0.000000,0.000000,0.000000,0.000000,0.000000,,,,,,,,,,,,
402982,,,,,,,,,,,0.000000,0.000000,0.000000,0.000000,0.000000,0.000000,,,,,,,,,,,,
402987,,,,,,,,,,,0.000000,0.000000,0.000000,0.000000,0.000000,0.000000,,,,,,,,,,,,
402992,,,,,,,,,,,0.000000,0.000000,0.000000,0.000000,0.000000,0.000000,,,,,,,,,,,,
402997,,,,,,,,,,,0.000000,0.000000,0.000000,0.000000,0.000000,0.000000,,,,,,,,,,,,
403002,,,,,,,,,,,0.000000,0.000000,0.000000,0.000000,0.000000,0.000000,,,,,,,,,,,,
403013,,,,,,,,,,,0.000000,0.000000,0.000000,0.000000,0.000000,0.000000,,,,,,,,,,,,
403014,,,,,,,,,,,0.000000,0.000000,0.000000,0.000000,0.000000,0.000000,,,,,,,,,,,,
403017,,,,,,,,,,,0.000000,0.000000,0.000000,0.000000,0.000000,0.000000,,,,,,,,,,,,
403022,,,,,,,,,,,0.000000,0.000000,0.000000,0.000000,0.000000,0.000000,,,,,,,,,,,,
403027,,,,,,,,,,,0.000000,0.000000,0.000000,0.000000,0.000000,0.000000,,,,,,,,,,,,
403032,,,,,,,,,,,0.000000,0.000000,0.000000,0.000000,0.000000,0.000000,,,,,,,,,,,,
403037,,,,,,,,,,,0.000000,0.000000,0.000000,0.000000,0.000000,0.000000,,,,,,,,,,,,
403042,,,,,,,,,,,0.000000,0.000000,0.000000,0.000000,0.000000,0.000000,,,,,,,,,,,,
403047,,,,,,,,,,,0.000000,0.000000,0.000000,0.000000,0.000000,0.000000,,,,,,,,,,,,
403052,,,,,,,,,,,0.000000,0.000000,0.000000,0.000000,0.000000,0.000000,,,,,,,,,,,,
403057,,,,,,,,,,,0.000000,0.000000,0.000000,0.000000,0.000000,0.000000,,,,,,,,,,,,
403062,,,,,,,,,,,0.000000,0.000000,0.000000,0.000000,0.000000,0.000000,,,,,,,,,,,,
403073,,,,,,,,,,,0.000000,0.000000,,,,,,,,,,,,,,,,
403074,,,,,,,,,,,0.000000,0.000000,0.000000,0.000000,0.000000,0.000000,,,,,,,,,,,,
403077,,,,,,,,,,,0.000000,0.000000,0.000000,0.000000,0.000000,0.000000,,,,,,,,,,,,
403082,,,,,,,,,,,0.000000,0.000000,0.000000,0.000000,0.000000,0.000000,,,,,,,,,,,,
403087,,,,,,,,,,,0.000000,0.000000,0.000000,0.000000,0.000000,0.000000,,,,,,,,,,,,
403092,,,,,,,,,,,0.000000,0.000000,0.000000,0.000000,0.000000,0.000000,,,,,,,,,,,,
403097,,,,,,,,,,,0.000000,0.000000,0.000000,0.000000,0.000000,0.000000,,,,,,,,,,,,
403102,,,,,,,,,,,0.000000,0.000000,0.000000,0.000000,0.000000,0.000000,,,,,,,,,,,,
403107,,,,,,,,,,,0.000000,0.000000,0.000000,0.000000,0.000000,0.000000,,,,,,,,,,,,
403112,,,,,,,,,,,0.000000,0.000000,0.000000,0.000000,0.000000,0.000000,,,,,,,,,,,,
403117,,,,,,,,,,,0.000000,0.000000,0.000000,0.000000,0.000000,0.000000,,,,,,,,,,,,
403122,,,,,,,,,,,0.000000,0.000000,0.000000,0.000000,0.000000,0.000000,,,,,,,,,,,,
403134,,,,,,,,,,,0.000000,0.000000,0.000000,0.000000,0.000000,0.000000,,,,,,,,,,,,
403137,,,,,,,,,,,0.000000,0.000000,0.000000,0.000000,0.000000,0.000000,,,,,,,,,,,,
403142,,,,,,,,,,,0.000000,0.000000,0.000000,0.000000,0.000000,0.000000,,,,,,,,,,,,
403147,,,,,,,,,,,0.000000,0.000000,0.000000,0.000000,0.000000,0.000000,,,,,,,,,,,,
403152,,,,,,,,,,,0.000000,0.000000,0.000000,0.000000,0.000000,0.000000,,,,,,,,,,,,
403157,,,,,,,,,,,0.000000,0.000000,0.000000,0.000000,0.000000,0.000000,,,,,,,,,,,,
403162,,,,,,,,,,,0.000000,0.000000,0.000000,0.000000,0.000000,0.000000,,,,,,,,,,,,
403167,,,,,,,,,,,0.000000,0.000000,0.000000,0.000000,0.000000,0.000000,,,,,,,,,,,,
403172,,,,,,,,,,,0.000000,0.000000,0.000000,0.000000,0.000000,0.000000,,,,,,,,,,,,
403177,,,,,,,,,,,0.000000,0.000000,0.000000,0.000000,0.000000,0.000000,,,,,,,,,,,,
403182,,,,,,,,,,,0.000000,0.000000,0.000000,0.000000,0.000000,0.000000,,,,,,,,,,,,
403187,,,,,,,,,,,0.000000,0.000000,0.000000,0.000000,0.000000,0.000000,,,,,,,,,,,,
403192,,,,,,,,,,,0.000000,0.000000,0.000000,0.000000,0.000000,0.000000,,,,,,,,,,,,
403197,,,,,,,,,,,0.000000,0.000000,0.000000,0.000000,0.000000,0.000000,,,,,,,,,,,,
403202,,,,,,,,,,,0.000000,0.000000,0.000000,0.000000,0.000000,0.000000,,,,,,,,,,,,
403213,,,,,,,,,,,0.000000,0.000000,0.000000,0.000000,0.000000,0.000000,,,,,,,,,,,,
403217,,,,,,,,,,,0.000000,0.000000,0.000000,0.000000,0.000000,0.000000,,,,,,,,,,,,
403222,,,,,,,,,,,0.000000,0.000000,0.000000,0.000000,0.000000,0.000000,,,,,,,,,,,,
403227,,,,,,,,,,,0.000000,0.000000,0.000000,0.000000,0.000000,0.000000,,,,,,,,,,,,
403232,,,,,,,,,,,0.000000,0.000000,0.000000,0.000000,0.000000,0.000000,,,,,,,,,,,,
403237,,,,,,,,,,,0.000000,0.000000,0.000000,0.000000,0.000000,0.000000,,,,,,,,,,,,
403242,,,,,,,,,,,0.000000,0.000000,0.000000,0.000000,0.000000,0.000000,,,,,,,,,,,,
403247,,,,,,,,,,,0.000000,0.000000,0.000000,0.000000,0.000000,0.000000,,,,,,,,,,,,
403252,,,,,,,,,,,0.000000,0.000000,0.000000,0.000000,0.000000,0.000000,,,,,,,,,,,,
403257,,,,,,,,,,,0.000000,0.000000,0.000000,0.000000,0.000000,0.000000,,,,,,,,,,,,
403262,,,,,,,,,,,0.000000,0.000000,0.000000,0.000000,0.000000,0.000000,,,,,,,,,,,,
403273,,,,,,,,,,,0.000000,0.000000,0.000000,0.000000,0.000000,0.000000,,,,,,,,,,,,
403277,,,,,,,,,,,0.000000,0.000000,0.000000,0.000000,0.000000,0.000000,,,,,,,,,,,,
403282,,,,,,,,,,,0.000000,0.000000,0.000000,0.000000,0.000000,0.000000,,,,,,,,,,,,
403287,,,,,,,,,,,0.000000,0.000000,0.000000,0.000000,0.000000,0.000000,,,,,,,,,,,,
403292,,,,,,,,,,,0.000000,0.000000,0.000000,0.000000,0.000000,0.000000,,,,,,,,,,,,
403297,,,,,,,,,,,0.000000,0.000000,0.000000,0.000000,0.000000,0.000000,,,,,,,,,,,,
403302,,,,,,,,,,,0.000000,0.000000,0.000000,0.000000,0.000000,0.000000,,,,,,,,,,,,
403307,,,,,,,,,,,0.000000,0.000000,0.000000,0.000000,0.000000,0.000000,,,,,,,,,,,,
403312,,,,,,,,,,,0.000000,0.000000,0.000000,0.000000,0.000000,0.000000,,,,,,,,,,,,
403317,,,,,,,,,,,0.000000,0.000000,0.000000,0.000000,0.000000,0.000000,,,,,,,,,,,,
403322,,,,,,,,,,,0.000000,0.000000,0.000000,0.000000,0.000000,0.000000,,,,,,,,,,,,
403333,,,,,,,,,,,0.000000,0.000000,,,0.000000,0.000000,,,,,,,,,,,,
403334,,,,,,,,,,,0.000000,0.000000,0.000000,0.000000,0.000000,0.000000,,,,,,,,,,,,
403337,,,,,,,,,,,0.000000,0.000000,0.000000,0.000000,0.000000,0.000000,,,,,,,,,,,,
403342,,,,,,,,,,,0.000000,0.000000,0.000000,0.000000,0.000000,0.000000,,,,,,,,,,,,
403347,,,,,,,,,,,0.000000,0.000000,0.000000,0.000000,0.000000,0.000000,,,,,,,,,,,,
403352,,,,,,,,,,,0.000000,0.000000,0.000000,0.000000,0.000000,0.000000,,,,,,,,,,,,
403357,,,,,,,,,,,0.000000,0.000000,0.000000,0.000000,0.000000,0.000000,,,,,,,,,,,,
403362,,,,,,,,,,,0.000000,0.000000,0.000000,0.000000,0.000000,0.000000,,,,,,,,,,,,
403367,,,,,,,,,,,0.000000,0.000000,0.000000,0.000000,0.000000,0.000000,,,,,,,,,,,,
403372,,,,,,,,,,,0.000000,0.000000,0.000000,0.000000,0.000000,0.000000,,,,,,,,,,,,
403377,,,,,,,,,,,0.000000,0.000000,0.000000,0.000000,0.000000,0.000000,,,,,,,,,,,,
403382,,,,,,,,,,,0.000000,0.000000,0.000000,0.000000,0.000000,0.000000,,,,,,,,,,,,
403393,,,,,,,,,,,0.000000,0.000000,,,,,,,,,,,,,,,,
403394,,,,,,,,,,,0.000000,0.000000,0.000000,0.000000,0.000000,0.000000,,,,,,,,,,,,
403397,,,,,,,,,,,0.000000,0.000000,0.000000,0.000000,0.000000,0.000000,,,,,,,,,,,,
403402,,,,,,,,,,,0.000000,0.000000,0.000000,0.000000,0.000000,0.000000,,,,,,,,,,,,
403407,,,,,,,,,,,0.000000,0.000000,0.000000,0.000000,0.000000,0.000000,,,,,,,,,,,,
403412,,,,,,,,,,,0.000000,0.000000,0.000000,0.000000,0.000000,0.000000,,,,,,,,,,,,
403417,,,,,,,,,,,0.000000,0.000000,0.000000,0.000000,0.000000,0.000000,,,,,,,,,,,,
403422,,,,,,,,,,,0.000000,0.000000,0.000000,0.000000,0.000000,0.000000,,,,,,,,,,,,
403427,,,,,,,,,,,0.000000,0.000000,0.000000,0.000000,0.000000,0.000000,,,,,,,,,,,,
403432,,,,,,,,,,,0.000000,0.000000,0.000000,0.000000,0.000000,0.000000,,,,,,,,,,,,
403437,,,,,,,,,,,0.000000,0.000000,0.000000,0.000000,0.000000,0.000000,,,,,,,,,,,,
403442,,,,,,,,,,,0.000000,0.000000,0.000000,0.000000,0.000000,0.000000,,,,,,,,,,,,
403447,,,,,,,,,,,0.000000,0.000000,0.000000,0.000000,0.000000,0.000000,,,,,,,,,,,,
403452,,,,,,,,,,,0.000000,0.000000,0.000000,0.000000,0.000000,0.000000,,,,,,,,,,,,
403457,,,,,,,,,,,0.000000,0.000000,0.000000,0.000000,0.000000,0.000000,,,,,,,,,,,,
403462,,,,,,,,,,,0.000000,0.000000,0.000000,0.000000,0.000000,0.000000,,,,,,,,,,,,
403473,,,,,,,,,,,0.000000,0.000000,0.000000,0.000000,0.000000,0.000000,,,,,,,,,,,,
403474,,,,,,,,,,,0.000000,0.000000,0.000000,0.000000,0.000000,0.000000,,,,,,,,,,,,
403477,,,,,,,,,,,0.000000,0.000000,0.000000,0.000000,0.000000,0.000000,,,,,,,,,,,,
403482,,,,,,,,,,,0.000000,0.000000,0.000000,0.000000,0.000000,0.000000,,,,,,,,,,,,
403487,,,,,,,,,,,0.000000,0.000000,0.000000,0.000000,0.000000,0.000000,,,,,,,,,,,,
403492,,,,,,,,,,,0.000000,0.000000,0.000000,0.000000,0.000000,0.000000,,,,,,,,,,,,
403497,,,,,,,,,,,0.000000,0.000000,0.000000,0.000000,0.000000,0.000000,,,,,,,,,,,,
403502,,,,,,,,,,,0.000000,0.000000,0.000000,0.000000,0.000000,0.000000,,,,,,,,,,,,
403507,,,,,,,,,,,0.000000,0.000000,0.000000,0.000000,0.000000,0.000000,,,,,,,,,,,,
403512,,,,,,,,,,,0.000000,0.000000,0.000000,0.000000,0.000000,0.000000,,,,,,,,,,,,
403517,,,,,,,,,,,0.000000,0.000000,0.000000,0.000000,0.000000,0.000000,,,,,,,,,,,,
403522,,,,,,,,,,,0.000000,0.000000,0.000000,0.000000,0.000000,0.000000,,,,,,,,,,,,
403537,,,,,,,,,,,0.000000,0.000000,0.000000,0.000000,0.000000,0.000000,,,,,,,,,,,,
403542,,,,,,,,,,,0.000000,0.000000,0.000000,0.000000,0.000000,0.000000,,,,,,,,,,,,
403547,,,,,,,,,,,0.000000,0.000000,0.000000,0.000000,0.000000,0.000000,,,,,,,,,,,,
403552,,,,,,,,,,,0.000000,0.000000,0.000000,0.000000,0.000000,0.000000,,,,,,,,,,,,
403557,,,,,,,,,,,0.000000,0.000000,0.000000,0.000000,0.000000,0.000000,,,,,,,,,,,,
403562,,,,,,,,,,,0.000000,0.000000,0.000000,0.000000,0.000000,0.000000,,,,,,,,,,,,
403567,,,,,,,,,,,0.000000,0.000000,0.000000,0.000000,0.000000,0.000000,,,,,,,,,,,,
403572,,,,,,,,,,,0.000000,0.000000,0.000000,0.000000,0.000000,0.000000,,,,,,,,,,,,
403577,,,,,,,,,,,0.000000,0.000000,0.000000,0.000000,0.000000,0.000000,,,,,,,,,,,,
403582,,,,,,,,,,,0.000000,0.000000,0.000000,0.000000,0.000000,0.000000,,,,,,,,,,,,
403593,,,,,,,,,,,0.000000,0.000000,0.000000,0.000000,0.000000,0.000000,,,,,,,,,,,,
403597,,,,,,,,,,,0.000000,0.000000,0.000000,0.000000,0.000000,0.000000,,,,,,,,,,,,
403602,,,,,,,,,,,0.000000,0.000000,0.000000,0.000000,0.000000,0.000000,,,,,,,,,,,,
403607,,,,,,,,,,,0.000000,0.000000,0.000000,0.000000,0.000000,0.000000,,,,,,,,,,,,
403612,,,,,,,,,,,0.000000,0.000000,0.000000,0.000000,0.000000,0.000000,,,,,,,,,,,,
403617,,,,,,,,,,,0.000000,0.000000,0.000000,0.000000,0.000000,0.000000,,,,,,,,,,,,
403622,,,,,,,,,,,0.000000,0.000000,0.000000,0.000000,0.000000,0.000000,,,,,,,,,,,,
403627,,,,,,,,,,,0.000000,0.000000,0.000000,0.000000,0.000000,0.000000,,,,,,,,,,,,
403632,,,,,,,,,,,0.000000,0.000000,0.000000,0.000000,0.000000,0.000000,,,,,,,,,,,,
403637,,,,,,,,,,,0.000000,0.000000,0.000000,0.000000,0.000000,0.000000,,,,,,,,,,,,
403642,,,,,,,,,,,0.000000,0.000000,0.000000,0.000000,0.000000,0.000000,,,,,,,,,,,,
403647,,,,,,,,,,,0.000000,0.000000,0.000000,0.000000,0.000000,0.000000,,,,,,,,,,,,
403652,,,,,,,,,,,0.000000,0.000000,0.000000,0.000000,0.000000,0.000000,,,,,,,,,,,,
403657,,,,,,,,,,,0.000000,0.000000,0.000000,0.000000,0.000000,0.000000,,,,,,,,,,,,
403662,,,,,,,,,,,0.000000,0.000000,0.000000,0.000000,0.000000,0.000000,,,,,,,,,,,,
403673,,,,,,,,,,,0.000000,0.000000,0.000000,0.000000,0.000000,0.000000,,,,,,,,,,,,
403677,,,,,,,,,,,0.000000,0.000000,0.000000,0.000000,0.000000,0.000000,,,,,,,,,,,,
403682,,,,,,,,,,,0.000000,0.000000,0.000000,0.000000,0.000000,0.000000,,,,,,,,,,,,
403687,,,,,,,,,,,0.000000,0.000000,0.000000,0.000000,0.000000,0.000000,,,,,,,,,,,,
403692,,,,,,,,,,,0.000000,0.000000,0.000000,0.000000,0.000000,0.000000,,,,,,,,,,,,
403697,,,,,,,,,,,0.000000,0.000000,0.000000,0.000000,0.000000,0.000000,,,,,,,,,,,,
403702,,,,,,,,,,,0.000000,0.000000,0.000000,0.000000,0.000000,0.000000,,,,,,,,,,,,
403707,,,,,,,,,,,0.000000,0.000000,0.000000,0.000000,0.000000,0.000000,,,,,,,,,,,,
403712,,,,,,,,,,,0.000000,0.000000,0.000000,0.000000,0.000000,0.000000,,,,,,,,,,,,
403717,,,,,,,,,,,0.000000,0.000000,0.000000,0.000000,0.000000,0.000000,,,,,,,,,,,,
403722,,,,,,,,,,,0.000000,0.000000,0.000000,0.000000,0.000000,0.000000,,,,,,,,,,,,
403731,,,,,,,,,,,0.000000,0.000000,0.000000,0.000000,0.000000,0.000000,,,,,,,,,,,,
403732,,,,,,,,,,,0.000000,0.000000,0.000000,0.000000,0.000000,0.000000,,,,,,,,,,,,
403737,,,,,,,,,,,0.000000,0.000000,0.000000,0.000000,0.000000,0.000000,,,,,,,,,,,,
403742,,,,,,,,,,,0.000000,0.000000,0.000000,0.000000,0.000000,0.000000,,,,,,,,,,,,
403747,,,,,,,,,,,0.000000,0.000000,0.000000,0.000000,0.000000,0.000000,,,,,,,,,,,,
403752,,,,,,,,,,,0.000000,0.000000,0.000000,0.000000,0.000000,0.000000,,,,,,,,,,,,
403757,,,,,,,,,,,0.000000,0.000000,0.000000,0.000000,0.000000,0.000000,,,,,,,,,,,,
403762,,,,,,,,,,,0.000000,0.000000,0.000000,0.000000,0.000000,0.000000,,,,,,,,,,,,
403767,,,,,,,,,,,0.000000,0.000000,0.000000,0.000000,0.000000,0.000000,,,,,,,,,,,,
403772,,,,,,,,,,,0.000000,0.000000,0.000000,0.000000,0.000000,0.000000,,,,,,,,,,,,
403777,,,,,,,,,,,0.000000,0.000000,0.000000,0.000000,0.000000,0.000000,,,,,,,,,,,,
403782,,,,,,,,,,,0.000000,0.000000,0.000000,0.000000,0.000000,0.000000,,,,,,,,,,,,
403792,,,,,,,,,,,0.000000,0.000000,0.000000,0.000000,0.000000,0.000000,,,,,,,,,,,,
403793,,,,,,,,,,,0.000000,0.000000,0.000000,0.000000,0.000000,0.000000,,,,,,,,,,,,
403797,,,,,,,,,,,0.000000,0.000000,0.000000,0.000000,0.000000,0.000000,,,,,,,,,,,,
403802,,,,,,,,,,,0.000000,0.000000,0.000000,0.000000,0.000000,0.000000,,,,,,,,,,,,
403807,,,,,,,,,,,0.000000,0.000000,0.000000,0.000000,0.000000,0.000000,,,,,,,,,,,,
403812,,,,,,,,,,,0.000000,0.000000,0.000000,0.000000,0.000000,0.000000,,,,,,,,,,,,
403817,,,,,,,,,,,0.000000,0.000000,0.000000,0.000000,0.000000,0.000000,,,,,,,,,,,,
403822,,,,,,,,,,,0.000000,0.000000,0.000000,0.000000,0.000000,0.000000,,,,,,,,,,,,
403827,,,,,,,,,,,0.000000,0.000000,0.000000,0.000000,0.000000,0.000000,,,,,,,,,,,,
403832,,,,,,,,,,,0.000000,0.000000,0.000000,0.000000,0.000000,0.000000,,,,,,,,,,,,
403837,,,,,,,,,,,0.000000,0.000000,0.000000,0.000000,0.000000,0.000000,,,,,,,,,,,,
403842,,,,,,,,,,,0.000000,0.000000,0.000000,0.000000,0.000000,0.000000,,,,,,,,,,,,
403852,,,,,,,,,,,0.000000,0.000000,0.000000,0.000000,0.000000,0.000000,,,,,,,,,,,,
403853,,,,,,,,,,,0.000000,0.000000,0.000000,0.000000,0.000000,0.000000,,,,,,,,,,,,
403857,,,,,,,,,,,0.000000,0.000000,0.000000,0.000000,0.000000,0.000000,,,,,,,,,,,,
403862,,,,,,,,,,,0.000000,0.000000,0.000000,0.000000,0.000000,0.000000,,,,,,,,,,,,
403867,,,,,,,,,,,0.000000,0.000000,0.000000,0.000000,0.000000,0.000000,,,,,,,,,,,,
403872,,,,,,,,,,,0.000000,0.000000,0.000000,0.000000,0.000000,0.000000,,,,,,,,,,,,
403877,,,,,,,,,,,0.000000,0.000000,0.000000,0.000000,0.000000,0.000000,,,,,,,,,,,,
403882,,,,,,,,,,,0.000000,0.000000,0.000000,0.000000,0.000000,0.000000,,,,,,,,,,,,
403887,,,,,,,,,,,0.000000,0.000000,0.000000,0.000000,0.000000,0.000000,,,,,,,,,,,,
403892,,,,,,,,,,,0.000000,0.000000,0.000000,0.000000,0.000000,0.000000,,,,,,,,,,,,
403897,,,,,,,,,,,0.000000,0.000000,0.000000,0.000000,0.000000,0.000000,,,,,,,,,,,,
403902,,,,,,,,,,,0.000000,0.000000,0.000000,0.000000,0.000000,0.000000,,,,,,,,,,,,
403907,,,,,,,,,,,0.000000,0.000000,0.000000,0.000000,0.000000,0.000000,,,,,,,,,,,,
403912,,,,,,,,,,,0.000000,0.000000,0.000000,0.000000,0.000000,0.000000,,,,,,,,,,,,
403917,,,,,,,,,,,0.000000,0.000000,0.000000,0.000000,0.000000,0.000000,,,,,,,,,,,,
403922,,,,,,,,,,,0.000000,0.000000,0.000000,0.000000,0.000000,0.000000,,,,,,,,,,,,
403934,,,,,,,,,,,0.000000,0.000000,0.000000,0.000000,0.000000,0.000000,,,,,,,,,,,,
403937,,,,,,,,,,,0.000000,0.000000,0.000000,0.000000,0.000000,0.000000,,,,,,,,,,,,
403942,,,,,,,,,,,0.000000,0.000000,0.000000,0.000000,0.000000,0.000000,,,,,,,,,,,,
403947,,,,,,,,,,,0.000000,0.000000,0.000000,0.000000,0.000000,0.000000,,,,,,,,,,,,
403952,,,,,,,,,,,0.000000,0.000000,0.000000,0.000000,0.000000,0.000000,,,,,,,,,,,,
403957,,,,,,,,,,,0.000000,0.000000,0.000000,0.000000,0.000000,0.000000,,,,,,,,,,,,
403962,,,,,,,,,,,0.000000,0.000000,0.000000,0.000000,0.000000,0.000000,,,,,,,,,,,,
403967,,,,,,,,,,,0.000000,0.000000,0.000000,0.000000,0.000000,0.000000,,,,,,,,,,,,
403972,,,,,,,,,,,0.000000,0.000000,0.000000,0.000000,0.000000,0.000000,,,,,,,,,,,,
403977,,,,,,,,,,,0.000000,0.000000,0.000000,0.000000,0.000000,0.000000,,,,,,,,,,,,
403982,,,,,,,,,,,0.000000,0.000000,0.000000,0.000000,0.000000,0.000000,,,,,,,,,,,,
403994,,,,,,,,,,,0.000000,0.000000,0.000000,0.000000,0.000000,0.000000,,,,,,,,,,,,
403997,,,,,,,,,,,0.000000,0.000000,0.000000,0.000000,0.000000,0.000000,,,,,,,,,,,,
404002,,,,,,,,,,,0.000000,0.000000,0.000000,0.000000,0.000000,0.000000,,,,,,,,,,,,
404007,,,,,,,,,,,0.000000,0.000000,0.000000,0.000000,0.000000,0.000000,,,,,,,,,,,,
404012,,,,,,,,,,,0.000000,0.000000,0.000000,0.000000,0.000000,0.000000,,,,,,,,,,,,
404017,,,,,,,,,,,0.000000,0.000000,0.000000,0.000000,0.000000,0.000000,,,,,,,,,,,,
404022,,,,,,,,,,,0.000000,0.000000,0.000000,0.000000,0.000000,0.000000,,,,,,,,,,,,
404027,,,,,,,,,,,0.000000,0.000000,0.000000,0.000000,0.000000,0.000000,,,,,,,,,,,,
404032,,,,,,,,,,,0.000000,0.000000,0.000000,0.000000,0.000000,0.000000,,,,,,,,,,,,
404037,,,,,,,,,,,0.000000,0.000000,0.000000,0.000000,0.000000,0.000000,,,,,,,,,,,,
404042,,,,,,,,,,,0.000000,0.000000,0.000000,0.000000,0.000000,0.000000,,,,,,,,,,,,
404054,,,,,,,,,,,0.000000,0.000000,0.000000,0.000000,0.000000,0.000000,,,,,,,,,,,,
404057,,,,,,,,,,,0.000000,0.000000,0.000000,0.000000,0.000000,0.000000,,,,,,,,,,,,
404062,,,,,,,,,,,0.000000,0.000000,0.000000,0.000000,0.000000,0.000000,,,,,,,,,,,,
404067,,,,,,,,,,,0.000000,0.000000,0.000000,0.000000,0.000000,0.000000,,,,,,,,,,,,
404072,,,,,,,,,,,0.000000,0.000000,0.000000,0.000000,0.000000,0.000000,,,,,,,,,,,,
404077,,,,,,,,,,,0.000000,0.000000,0.000000,0.000000,0.000000,0.000000,,,,,,,,,,,,
404082,,,,,,,,,,,0.000000,0.000000,0.000000,0.000000,0.000000,0.000000,,,,,,,,,,,,
404087,,,,,,,,,,,0.000000,0.000000,0.000000,0.000000,0.000000,0.000000,,,,,,,,,,,,
404092,,,,,,,,,,,0.000000,0.000000,0.000000,0.000000,0.000000,0.000000,,,,,,,,,,,,
404097,,,,,,,,,,,0.000000,0.000000,0.000000,0.000000,0.000000,0.000000,,,,,,,,,,,,
404102,,,,,,,,,,,0.000000,0.000000,0.000000,0.000000,0.000000,0.000000,,,,,,,,,,,,
404107,,,,,,,,,,,0.000000,0.000000,0.000000,0.000000,0.000000,0.000000,,,,,,,,,,,,
404112,,,,,,,,,,,0.000000,0.000000,0.000000,0.000000,0.000000,0.000000,,,,,,,,,,,,
404117,,,,,,,,,,,0.000000,0.000000,0.000000,0.000000,0.000000,0.000000,,,,,,,,,,,,
404122,,,,,,,,,,,0.000000,0.000000,0.000000,0.000000,0.000000,0.000000,,,,,,,,,,,,
404134,,,,,,,,,,,0.000000,0.000000,0.000000,0.000000,0.000000,0.000000,,,,,,,,,,,,
404137,,,,,,,,,,,0.000000,0.000000,0.000000,0.000000,0.000000,0.000000,,,,,,,,,,,,
404142,,,,,,,,,,,0.000000,0.000000,0.000000,0.000000,0.000000,0.000000,,,,,,,,,,,,
404147,,,,,,,,,,,0.000000,0.000000,0.000000,0.000000,0.000000,0.000000,,,,,,,,,,,,
404152,,,,,,,,,,,0.000000,0.000000,0.000000,0.000000,0.000000,0.000000,,,,,,,,,,,,
404157,,,,,,,,,,,0.000000,0.000000,0.000000,0.000000,0.000000,0.000000,,,,,,,,,,,,
404162,,,,,,,,,,,0.000000,0.000000,0.000000,0.000000,0.000000,0.000000,,,,,,,,,,,,
404167,,,,,,,,,,,0.000000,0.000000,0.000000,0.000000,0.000000,0.000000,,,,,,,,,,,,
404172,,,,,,,,,,,0.000000,0.000000,0.000000,0.000000,0.000000,0.000000,,,,,,,,,,,,
404177,,,,,,,,,,,0.000000,0.000000,0.000000,0.000000,0.000000,0.000000,,,,,,,,,,,,
404182,,,,,,,,,,,0.000000,0.000000,0.000000,0.000000,0.000000,0.000000,,,,,,,,,,,,
404193,,,,,,,,,,,0.000000,0.000000,0.000000,0.000000,0.000000,0.000000,,,,,,,,,,,,
404197,,,,,,,,,,,0.000000,0.000000,0.000000,0.000000,0.000000,0.000000,,,,,,,,,,,,
404202,,,,,,,,,,,0.000000,0.000000,0.000000,0.000000,0.000000,0.000000,,,,,,,,,,,,
404207,,,,,,,,,,,0.000000,0.000000,0.000000,0.000000,0.000000,0.000000,,,,,,,,,,,,
404212,,,,,,,,,,,0.000000,0.000000,0.000000,0.000000,0.000000,0.000000,,,,,,,,,,,,
404217,,,,,,,,,,,0.000000,0.000000,0.000000,0.000000,0.000000,0.000000,,,,,,,,,,,,
404222,,,,,,,,,,,0.000000,0.000000,0.000000,0.000000,0.000000,0.000000,,,,,,,,,,,,
404227,,,,,,,,,,,0.000000,0.000000,0.000000,0.000000,0.000000,0.000000,,,,,,,,,,,,
404232,,,,,,,,,,,0.000000,0.000000,0.000000,0.000000,0.000000,0.000000,,,,,,,,,,,,
404237,,,,,,,,,,,0.000000,0.000000,0.000000,0.000000,0.000000,0.000000,,,,,,,,,,,,
404242,,,,,,,,,,,0.000000,0.000000,0.000000,0.000000,0.000000,0.000000,,,,,,,,,,,,
404253,,,,,,,,,,,0.000000,0.000000,,,,,,,,,,,,,,,,
404254,,,,,,,,,,,0.000000,0.000000,0.000000,0.000000,0.000000,0.000000,,,,,,,,,,,,
404257,,,,,,,,,,,0.000000,0.000000,0.000000,0.000000,0.000000,0.000000,,,,,,,,,,,,
404262,,,,,,,,,,,0.000000,0.000000,0.000000,0.000000,0.000000,0.000000,,,,,,,,,,,,
404267,,,,,,,,,,,0.000000,0.000000,0.000000,0.000000,0.000000,0.000000,,,,,,,,,,,,
404272,,,,,,,,,,,0.000000,0.000000,0.000000,0.000000,0.000000,0.000000,,,,,,,,,,,,
404277,,,,,,,,,,,0.000000,0.000000,0.000000,0.000000,0.000000,0.000000,,,,,,,,,,,,
404282,,,,,,,,,,,0.000000,0.000000,0.000000,0.000000,0.000000,0.000000,,,,,,,,,,,,
404287,,,,,,,,,,,0.000000,0.000000,0.000000,0.000000,0.000000,0.000000,,,,,,,,,,,,
404292,,,,,,,,,,,0.000000,0.000000,0.000000,0.000000,0.000000,0.000000,,,,,,,,,,,,
404297,,,,,,,,,,,0.000000,0.000000,0.000000,0.000000,0.000000,0.000000,,,,,,,,,,,,
404302,,,,,,,,,,,0.000000,0.000000,0.000000,0.000000,0.000000,0.000000,,,,,,,,,,,,
404313,,,,,,,,,,,0.000000,0.000000,0.000000,0.000000,0.000000,0.000000,,,,,,,,,,,,
404314,,,,,,,,,,,0.000000,0.000000,0.000000,0.000000,0.000000,0.000000,,,,,,,,,,,,
404317,,,,,,,,,,,0.000000,0.000000,0.000000,0.000000,0.000000,0.000000,,,,,,,,,,,,
404322,,,,,,,,,,,0.000000,0.000000,0.000000,0.000000,0.000000,0.000000,,,,,,,,,,,,
404327,,,,,,,,,,,0.000000,0.000000,0.000000,0.000000,0.000000,0.000000,,,,,,,,,,,,
404332,,,,,,,,,,,0.000000,0.000000,0.000000,0.000000,0.000000,0.000000,,,,,,,,,,,,
404337,,,,,,,,,,,0.000000,0.000000,0.000000,0.000000,0.000000,0.000000,,,,,,,,,,,,
404342,,,,,,,,,,,0.000000,0.000000,0.000000,0.000000,0.000000,0.000000,,,,,,,,,,,,
404347,,,,,,,,,,,0.000000,0.000000,0.000000,0.000000,0.000000,0.000000,,,,,,,,,,,,
404352,,,,,,,,,,,0.000000,0.000000,0.000000,0.000000,0.000000,0.000000,,,,,,,,,,,,
404357,,,,,,,,,,,0.000000,0.000000,0.000000,0.000000,0.000000,0.000000,,,,,,,,,,,,
404362,,,,,,,,,,,0.000000,0.000000,0.000000,0.000000,0.000000,0.000000,,,,,,,,,,,,
404367,,,,,,,,,,,0.000000,0.000000,0.000000,0.000000,0.000000,0.000000,,,,,,,,,,,,
404372,,,,,,,,,,,0.000000,0.000000,0.000000,0.000000,0.000000,0.000000,,,,,,,,,,,,
404377,,,,,,,,,,,0.000000,0.000000,0.000000,0.000000,0.000000,0.000000,,,,,,,,,,,,
404382,,,,,,,,,,,0.000000,0.000000,0.000000,0.000000,0.000000,0.000000,,,,,,,,,,,,
404393,,,,,,,,,,,0.000000,0.000000,,,,,,,,,,,,,,,,
404394,,,,,,,,,,,0.000000,0.000000,0.000000,0.000000,0.000000,0.000000,,,,,,,,,,,,
404397,,,,,,,,,,,0.000000,0.000000,0.000000,0.000000,0.000000,0.000000,,,,,,,,,,,,
404402,,,,,,,,,,,0.000000,0.000000,0.000000,0.000000,0.000000,0.000000,,,,,,,,,,,,
404407,,,,,,,,,,,0.000000,0.000000,0.000000,0.000000,0.000000,0.000000,,,,,,,,,,,,
404412,,,,,,,,,,,0.000000,0.000000,0.000000,0.000000,0.000000,0.000000,,,,,,,,,,,,
404417,,,,,,,,,,,0.000000,0.000000,0.000000,0.000000,0.000000,0.000000,,,,,,,,,,,,
404422,,,,,,,,,,,0.000000,0.000000,0.000000,0.000000,0.000000,0.000000,,,,,,,,,,,,
404427,,,,,,,,,,,0.000000,0.000000,0.000000,0.000000,0.000000,0.000000,,,,,,,,,,,,
404432,,,,,,,,,,,0.000000,0.000000,0.000000,0.000000,0.000000,0.000000,,,,,,,,,,,,
404437,,,,,,,,,,,0.000000,0.000000,0.000000,0.000000,0.000000,0.000000,,,,,,,,,,,,
404442,,,,,,,,,,,0.000000,0.000000,0.000000,0.000000,0.000000,0.000000,,,,,,,,,,,,
404454,,,,,,,,,,,0.000000,0.000000,0.000000,0.000000,0.000000,0.000000,,,,,,,,,,,,
404457,,,,,,,,,,,0.000000,0.000000,0.000000,0.000000,0.000000,0.000000,,,,,,,,,,,,
404462,,,,,,,,,,,0.000000,0.000000,0.000000,0.000000,0.000000,0.000000,,,,,,,,,,,,
404467,,,,,,,,,,,0.000000,0.000000,0.000000,0.000000,0.000000,0.000000,,,,,,,,,,,,
404472,,,,,,,,,,,0.000000,0.000000,0.000000,0.000000,0.000000,0.000000,,,,,,,,,,,,
404477,,,,,,,,,,,0.000000,0.000000,0.000000,0.000000,0.000000,0.000000,,,,,,,,,,,,
404482,,,,,,,,,,,0.000000,0.000000,0.000000,0.000000,0.000000,0.000000,,,,,,,,,,,,
404487,,,,,,,,,,,0.000000,0.000000,0.000000,0.000000,0.000000,0.000000,,,,,,,,,,,,
404492,,,,,,,,,,,0.000000,0.000000,0.000000,0.000000,0.000000,0.000000,,,,,,,,,,,,
404497,,,,,,,,,,,0.000000,0.000000,0.000000,0.000000,0.000000,0.000000,,,,,,,,,,,,
404502,,,,,,,,,,,0.000000,0.000000,0.000000,0.000000,0.000000,0.000000,,,,,,,,,,,,
404514,,,,,,,,,,,0.000000,0.000000,0.000000,0.000000,0.000000,0.000000,,,,,,,,,,,,
404517,,,,,,,,,,,0.000000,0.000000,0.000000,0.000000,0.000000,0.000000,,,,,,,,,,,,
404522,,,,,,,,,,,0.000000,0.000000,0.000000,0.000000,0.000000,0.000000,,,,,,,,,,,,
404527,,,,,,,,,,,0.000000,0.000000,0.000000,0.000000,0.000000,0.000000,,,,,,,,,,,,
404532,,,,,,,,,,,0.000000,0.000000,0.000000,0.000000,0.000000,0.000000,,,,,,,,,,,,
404537,,,,,,,,,,,0.000000,0.000000,0.000000,0.000000,0.000000,0.000000,,,,,,,,,,,,
404542,,,,,,,,,,,0.000000,0.000000,0.000000,0.000000,0.000000,0.000000,,,,,,,,,,,,
404547,,,,,,,,,,,0.000000,0.000000,0.000000,0.000000,0.000000,0.000000,,,,,,,,,,,,
404552,,,,,,,,,,,0.000000,0.000000,0.000000,0.000000,0.000000,0.000000,,,,,,,,,,,,
404557,,,,,,,,,,,0.000000,0.000000,0.000000,0.000000,0.000000,0.000000,,,,,,,,,,,,
404562,,,,,,,,,,,0.000000,0.000000,0.000000,0.000000,0.000000,0.000000,,,,,,,,,,,,
404573,,,,,,,,,,,0.000000,0.000000,0.000000,0.000000,0.000000,0.000000,,,,,,,,,,,,
404574,,,,,,,,,,,0.000000,0.000000,0.000000,0.000000,0.000000,0.000000,,,,,,,,,,,,
404577,,,,,,,,,,,0.000000,0.000000,0.000000,0.000000,0.000000,0.000000,,,,,,,,,,,,
404582,,,,,,,,,,,0.000000,0.000000,0.000000,0.000000,0.000000,0.000000,,,,,,,,,,,,
404587,,,,,,,,,,,0.000000,0.000000,0.000000,0.000000,0.000000,0.000000,,,,,,,,,,,,
404592,,,,,,,,,,,0.000000,0.000000,0.000000,0.000000,0.000000,0.000000,,,,,,,,,,,,
404597,,,,,,,,,,,0.000000,0.000000,0.000000,0.000000,0.000000,0.000000,,,,,,,,,,,,
404602,,,,,,,,,,,0.000000,0.000000,0.000000,0.000000,0.000000,0.000000,,,,,,,,,,,,
404607,,,,,,,,,,,0.000000,0.000000,0.000000,0.000000,0.000000,0.000000,,,,,,,,,,,,
404612,,,,,,,,,,,0.000000,0.000000,0.000000,0.000000,0.000000,0.000000,,,,,,,,,,,,
404617,,,,,,,,,,,0.000000,0.000000,0.000000,0.000000,0.000000,0.000000,,,,,,,,,,,,
404622,,,,,,,,,,,0.000000,0.000000,0.000000,0.000000,0.000000,0.000000,,,,,,,,,,,,
404627,,,,,,,,,,,0.000000,0.000000,0.000000,0.000000,0.000000,0.000000,,,,,,,,,,,,
404632,,,,,,,,,,,0.000000,0.000000,0.000000,0.000000,0.000000,0.000000,,,,,,,,,,,,
404637,,,,,,,,,,,0.000000,0.000000,0.000000,0.000000,0.000000,0.000000,,,,,,,,,,,,
404642,,,,,,,,,,,0.000000,0.000000,0.000000,0.000000,0.000000,0.000000,,,,,,,,,,,,
404653,,,,,,,,,,,0.000000,0.000000,0.000000,0.000000,0.000000,0.000000,,,,,,,,,,,,
404657,,,,,,,,,,,0.000000,0.000000,0.000000,0.000000,0.000000,0.000000,,,,,,,,,,,,
404662,,,,,,,,,,,0.000000,0.000000,0.000000,0.000000,0.000000,0.000000,,,,,,,,,,,,
404667,,,,,,,,,,,0.000000,0.000000,0.000000,0.000000,0.000000,0.000000,,,,,,,,,,,,
404672,,,,,,,,,,,0.000000,0.000000,0.000000,0.000000,0.000000,0.000000,,,,,,,,,,,,
404677,,,,,,,,,,,0.000000,0.000000,0.000000,0.000000,0.000000,0.000000,,,,,,,,,,,,
404682,,,,,,,,,,,0.000000,0.000000,0.000000,0.000000,0.000000,0.000000,,,,,,,,,,,,
404687,,,,,,,,,,,0.000000,0.000000,0.000000,0.000000,0.000000,0.000000,,,,,,,,,,,,
404692,,,,,,,,,,,0.000000,0.000000,0.000000,0.000000,0.000000,0.000000,,,,,,,,,,,,
404697,,,,,,,,,,,0.000000,0.000000,0.000000,0.000000,0.000000,0.000000,,,,,,,,,,,,
404702,,,,,,,,,,,0.000000,0.000000,0.000000,0.000000,0.000000,0.000000,,,,,,,,,,,,
404714,,,,,,,,,,,0.000000,0.000000,0.000000,0.000000,0.000000,0.000000,,,,,,,,,,,,
404717,,,,,,,,,,,0.000000,0.000000,0.000000,0.000000,0.000000,0.000000,,,,,,,,,,,,
404722,,,,,,,,,,,0.000000,0.000000,0.000000,0.000000,0.000000,0.000000,,,,,,,,,,,,
404727,,,,,,,,,,,0.000000,0.000000,0.000000,0.000000,0.000000,0.000000,,,,,,,,,,,,
404732,,,,,,,,,,,0.000000,0.000000,0.000000,0.000000,0.000000,0.000000,,,,,,,,,,,,
404737,,,,,,,,,,,0.000000,0.000000,0.000000,0.000000,0.000000,0.000000,,,,,,,,,,,,
404742,,,,,,,,,,,0.000000,0.000000,0.000000,0.000000,0.000000,0.000000,,,,,,,,,,,,
404747,,,,,,,,,,,0.000000,0.000000,0.000000,0.000000,0.000000,0.000000,,,,,,,,,,,,
404752,,,,,,,,,,,0.000000,0.000000,0.000000,0.000000,0.000000,0.000000,,,,,,,,,,,,
404757,,,,,,,,,,,0.000000,0.000000,0.000000,0.000000,0.000000,0.000000,,,,,,,,,,,,
404762,,,,,,,,,,,0.000000,0.000000,0.000000,0.000000,0.000000,0.000000,,,,,,,,,,,,
404773,,,,,,,,,,,0.000000,0.000000,0.000000,0.000000,0.000000,0.000000,,,,,,,,,,,,
404777,,,,,,,,,,,0.000000,0.000000,0.000000,0.000000,0.000000,0.000000,,,,,,,,,,,,
404782,,,,,,,,,,,0.000000,0.000000,0.000000,0.000000,0.000000,0.000000,,,,,,,,,,,,
404787,,,,,,,,,,,0.000000,0.000000,0.000000,0.000000,0.000000,0.000000,,,,,,,,,,,,
404792,,,,,,,,,,,0.000000,0.000000,0.000000,0.000000,0.000000,0.000000,,,,,,,,,,,,
404797,,,,,,,,,,,0.000000,0.000000,0.000000,0.000000,0.000000,0.000000,,,,,,,,,,,,
404802,,,,,,,,,,,0.000000,0.000000,0.000000,0.000000,0.000000,0.000000,,,,,,,,,,,,
404807,,,,,,,,,,,0.000000,0.000000,0.000000,0.000000,0.000000,0.000000,,,,,,,,,,,,
404812,,,,,,,,,,,0.000000,0.000000,0.000000,0.000000,0.000000,0.000000,,,,,,,,,,,,
404817,,,,,,,,,,,0.000000,0.000000,0.000000,0.000000,0.000000,0.000000,,,,,,,,,,,,
404822,,,,,,,,,,,0.000000,0.000000,0.000000,0.000000,0.000000,0.000000,,,,,,,,,,,,
404827,,,,,,,,,,,0.000000,0.000000,0.000000,0.000000,0.000000,0.000000,,,,,,,,,,,,
404832,,,,,,,,,,,0.000000,0.000000,0.000000,0.000000,0.000000,0.000000,,,,,,,,,,,,
404837,,,,,,,,,,,0.000000,0.000000,0.000000,0.000000,0.000000,0.000000,,,,,,,,,,,,
404842,,,,,,,,,,,0.000000,0.000000,0.000000,0.000000,0.000000,0.000000,,,,,,,,,,,,
404853,,,,,,,,,,,0.000000,0.000000,0.000000,0.000000,0.000000,0.000000,,,,,,,,,,,,
404857,,,,,,,,,,,0.000000,0.000000,0.000000,0.000000,0.000000,0.000000,,,,,,,,,,,,
404862,,,,,,,,,,,0.000000,0.000000,0.000000,0.000000,0.000000,0.000000,,,,,,,,,,,,
404867,,,,,,,,,,,0.000000,0.000000,0.000000,0.000000,0.000000,0.000000,,,,,,,,,,,,
404872,,,,,,,,,,,0.000000,0.000000,0.000000,0.000000,0.000000,0.000000,,,,,,,,,,,,
404877,,,,,,,,,,,0.000000,0.000000,0.000000,0.000000,0.000000,0.000000,,,,,,,,,,,,
404882,,,,,,,,,,,0.000000,0.000000,0.000000,0.000000,0.000000,0.000000,,,,,,,,,,,,
404887,,,,,,,,,,,0.000000,0.000000,0.000000,0.000000,0.000000,0.000000,,,,,,,,,,,,
404892,,,,,,,,,,,0.000000,0.000000,0.000000,0.000000,0.000000,0.000000,,,,,,,,,,,,
404897,,,,,,,,,,,0.000000,0.000000,0.000000,0.000000,0.000000,0.000000,,,,,,,,,,,,
404902,,,,,,,,,,,0.000000,0.000000,0.000000,0.000000,0.000000,0.000000,,,,,,,,,,,,
404913,,,,,,,,,,,0.000000,0.000000,0.000000,0.000000,0.000000,0.000000,,,,,,,,,,,,
404914,,,,,,,,,,,0.000000,0.000000,0.000000,0.000000,0.000000,0.000000,,,,,,,,,,,,
404917,,,,,,,,,,,0.000000,0.000000,0.000000,0.000000,0.000000,0.000000,,,,,,,,,,,,
404922,,,,,,,,,,,0.000000,0.000000,0.000000,0.000000,0.000000,0.000000,,,,,,,,,,,,
404927,,,,,,,,,,,0.000000,0.000000,0.000000,0.000000,0.000000,0.000000,,,,,,,,,,,,
404932,,,,,,,,,,,0.000000,0.000000,0.000000,0.000000,0.000000,0.000000,,,,,,,,,,,,
404937,,,,,,,,,,,0.000000,0.000000,0.000000,0.000000,0.000000,0.000000,,,,,,,,,,,,
404942,,,,,,,,,,,0.000000,0.000000,0.000000,0.000000,0.000000,0.000000,,,,,,,,,,,,
404947,,,,,,,,,,,0.000000,0.000000,0.000000,0.000000,0.000000,0.000000,,,,,,,,,,,,
404952,,,,,,,,,,,0.000000,0.000000,0.000000,0.000000,0.000000,0.000000,,,,,,,,,,,,
404957,,,,,,,,,,,0.000000,0.000000,0.000000,0.000000,0.000000,0.000000,,,,,,,,,,,,
404962,,,,,,,,,,,0.000000,0.000000,0.000000,0.000000,0.000000,0.000000,,,,,,,,,,,,
404973,,,,,,,,,,,0.000000,0.000000,0.000000,0.000000,0.000000,0.000000,,,,,,,,,,,,
404974,,,,,,,,,,,0.000000,0.000000,0.000000,0.000000,0.000000,0.000000,,,,,,,,,,,,
404977,,,,,,,,,,,0.000000,0.000000,0.000000,0.000000,0.000000,0.000000,,,,,,,,,,,,
404982,,,,,,,,,,,0.000000,0.000000,0.000000,0.000000,0.000000,0.000000,,,,,,,,,,,,
404987,,,,,,,,,,,0.000000,0.000000,0.000000,0.000000,0.000000,0.000000,,,,,,,,,,,,
404992,,,,,,,,,,,0.000000,0.000000,0.000000,0.000000,0.000000,0.000000,,,,,,,,,,,,
404997,,,,,,,,,,,0.000000,0.000000,0.000000,0.000000,0.000000,0.000000,,,,,,,,,,,,
405002,,,,,,,,,,,0.000000,0.000000,0.000000,0.000000,0.000000,0.000000,,,,,,,,,,,,
405007,,,,,,,,,,,0.000000,0.000000,0.000000,0.000000,0.000000,0.000000,,,,,,,,,,,,
405012,,,,,,,,,,,0.000000,0.000000,0.000000,0.000000,0.000000,0.000000,,,,,,,,,,,,
405017,,,,,,,,,,,0.000000,0.000000,0.000000,0.000000,0.000000,0.000000,,,,,,,,,,,,
405022,,,,,,,,,,,0.000000,0.000000,0.000000,0.000000,0.000000,0.000000,,,,,,,,,,,,
405034,,,,,,,,,,,0.000000,0.000000,0.000000,0.000000,0.000000,0.000000,,,,,,,,,,,,
405037,,,,,,,,,,,0.000000,0.000000,0.000000,0.000000,0.000000,0.000000,,,,,,,,,,,,
405042,,,,,,,,,,,0.000000,0.000000,0.000000,0.000000,0.000000,0.000000,,,,,,,,,,,,
405047,,,,,,,,,,,0.000000,0.000000,0.000000,0.000000,0.000000,0.000000,,,,,,,,,,,,
405052,,,,,,,,,,,0.000000,0.000000,0.000000,0.000000,0.000000,0.000000,,,,,,,,,,,,
405057,,,,,,,,,,,0.000000,0.000000,0.000000,0.000000,0.000000,0.000000,,,,,,,,,,,,
405062,,,,,,,,,,,0.000000,0.000000,0.000000,0.000000,0.000000,0.000000,,,,,,,,,,,,
405067,,,,,,,,,,,0.000000,0.000000,0.000000,0.000000,0.000000,0.000000,,,,,,,,,,,,
405072,,,,,,,,,,,0.000000,0.000000,0.000000,0.000000,0.000000,0.000000,,,,,,,,,,,,
405077,,,,,,,,,,,0.000000,0.000000,0.000000,0.000000,0.000000,0.000000,,,,,,,,,,,,
405082,,,,,,,,,,,0.000000,0.000000,0.000000,0.000000,0.000000,0.000000,,,,,,,,,,,,
405087,,,,,,,,,,,0.000000,0.000000,0.000000,0.000000,0.000000,0.000000,,,,,,,,,,,,
405092,,,,,,,,,,,0.000000,0.000000,0.000000,0.000000,0.000000,0.000000,,,,,,,,,,,,
405097,,,,,,,,,,,0.000000,0.000000,0.000000,0.000000,0.000000,0.000000,,,,,,,,,,,,
405102,,,,,,,,,,,0.000000,0.000000,0.000000,0.000000,0.000000,0.000000,,,,,,,,,,,,
405114,,,,,,,,,,,0.000000,0.000000,0.000000,0.000000,0.000000,0.000000,,,,,,,,,,,,
405117,,,,,,,,,,,0.000000,0.000000,0.000000,0.000000,0.000000,0.000000,,,,,,,,,,,,
405122,,,,,,,,,,,0.000000,0.000000,0.000000,0.000000,0.000000,0.000000,,,,,,,,,,,,
405127,,,,,,,,,,,0.000000,0.000000,0.000000,0.000000,0.000000,0.000000,,,,,,,,,,,,
405132,,,,,,,,,,,0.000000,0.000000,0.000000,0.000000,0.000000,0.000000,,,,,,,,,,,,
405137,,,,,,,,,,,0.000000,0.000000,0.000000,0.000000,0.000000,0.000000,,,,,,,,,,,,
405142,,,,,,,,,,,0.000000,0.000000,0.000000,0.000000,0.000000,0.000000,,,,,,,,,,,,
405147,,,,,,,,,,,0.000000,0.000000,0.000000,0.000000,0.000000,0.000000,,,,,,,,,,,,
405152,,,,,,,,,,,0.000000,0.000000,0.000000,0.000000,0.000000,0.000000,,,,,,,,,,,,
405157,,,,,,,,,,,0.000000,0.000000,0.000000,0.000000,0.000000,0.000000,,,,,,,,,,,,
405162,,,,,,,,,,,0.000000,0.000000,0.000000,0.000000,0.000000,0.000000,,,,,,,,,,,,
405174,,,,,,,,,,,0.000000,0.000000,0.000000,0.000000,0.000000,0.000000,,,,,,,,,,,,
405177,,,,,,,,,,,0.000000,0.000000,0.000000,0.000000,0.000000,0.000000,,,,,,,,,,,,
405182,,,,,,,,,,,0.000000,0.000000,0.000000,0.000000,0.000000,0.000000,,,,,,,,,,,,
405187,,,,,,,,,,,0.000000,0.000000,0.000000,0.000000,0.000000,0.000000,,,,,,,,,,,,
405192,,,,,,,,,,,0.000000,0.000000,0.000000,0.000000,0.000000,0.000000,,,,,,,,,,,,
405197,,,,,,,,,,,0.000000,0.000000,0.000000,0.000000,0.000000,0.000000,,,,,,,,,,,,
405202,,,,,,,,,,,0.000000,0.000000,0.000000,0.000000,0.000000,0.000000,,,,,,,,,,,,
405207,,,,,,,,,,,0.000000,0.000000,0.000000,0.000000,0.000000,0.000000,,,,,,,,,,,,
405212,,,,,,,,,,,0.000000,0.000000,0.000000,0.000000,0.000000,0.000000,,,,,,,,,,,,
405217,,,,,,,,,,,0.000000,0.000000,0.000000,0.000000,0.000000,0.000000,,,,,,,,,,,,
405222,,,,,,,,,,,0.000000,0.000000,0.000000,0.000000,0.000000,0.000000,,,,,,,,,,,,
405234,,,,,,,,,,,0.000000,0.000000,0.000000,0.000000,0.000000,0.000000,,,,,,,,,,,,
405237,,,,,,,,,,,0.000000,0.000000,0.000000,0.000000,0.000000,0.000000,,,,,,,,,,,,
405242,,,,,,,,,,,0.000000,0.000000,0.000000,0.000000,0.000000,0.000000,,,,,,,,,,,,
405247,,,,,,,,,,,0.000000,0.000000,0.000000,0.000000,0.000000,0.000000,,,,,,,,,,,,
405252,,,,,,,,,,,0.000000,0.000000,0.000000,0.000000,0.000000,0.000000,,,,,,,,,,,,
405257,,,,,,,,,,,0.000000,0.000000,0.000000,0.000000,0.000000,0.000000,,,,,,,,,,,,
405262,,,,,,,,,,,0.000000,0.000000,0.000000,0.000000,0.000000,0.000000,,,,,,,,,,,,
405267,,,,,,,,,,,0.000000,0.000000,0.000000,0.000000,0.000000,0.000000,,,,,,,,,,,,
405272,,,,,,,,,,,0.000000,0.000000,0.000000,0.000000,0.000000,0.000000,,,,,,,,,,,,
405277,,,,,,,,,,,0.000000,0.000000,0.000000,0.000000,0.000000,0.000000,,,,,,,,,,,,
405282,,,,,,,,,,,0.000000,0.000000,0.000000,0.000000,0.000000,0.000000,,,,,,,,,,,,
405287,,,,,,,,,,,0.000000,0.000000,0.000000,0.000000,0.000000,0.000000,,,,,,,,,,,,
405292,,,,,,,,,,,0.000000,0.000000,0.000000,0.000000,0.000000,0.000000,,,,,,,,,,,,
405297,,,,,,,,,,,0.000000,0.000000,0.000000,0.000000,0.000000,0.000000,,,,,,,,,,,,
405302,,,,,,,,,,,0.000000,0.000000,0.000000,0.000000,0.000000,0.000000,,,,,,,,,,,,
405313,,,,,,,,,,,0.000000,0.000000,0.000000,0.000000,0.000000,0.000000,,,,,,,,,,,,
405317,,,,,,,,,,,0.000000,0.000000,0.000000,0.000000,0.000000,0.000000,,,,,,,,,,,,
405322,,,,,,,,,,,0.000000,0.000000,0.000000,0.000000,0.000000,0.000000,,,,,,,,,,,,
405327,,,,,,,,,,,0.000000,0.000000,0.000000,0.000000,0.000000,0.000000,,,,,,,,,,,,
405332,,,,,,,,,,,0.000000,0.000000,0.000000,0.000000,0.000000,0.000000,,,,,,,,,,,,
405337,,,,,,,,,,,0.000000,0.000000,0.000000,0.000000,0.000000,0.000000,,,,,,,,,,,,
405342,,,,,,,,,,,0.000000,0.000000,0.000000,0.000000,0.000000,0.000000,,,,,,,,,,,,
405347,,,,,,,,,,,0.000000,0.000000,0.000000,0.000000,0.000000,0.000000,,,,,,,,,,,,
405352,,,,,,,,,,,0.000000,0.000000,0.000000,0.000000,0.000000,0.000000,,,,,,,,,,,,
405357,,,,,,,,,,,0.000000,0.000000,0.000000,0.000000,0.000000,0.000000,,,,,,,,,,,,
405362,,,,,,,,,,,0.000000,0.000000,0.000000,0.000000,0.000000,0.000000,,,,,,,,,,,,
405385,,,,,,,,,,,0.000000,0.000000,0.000000,0.000000,0.000000,0.000000,,,,,,,,,,,,
405387,,,,,,,,,,,0.000000,0.000000,0.000000,0.000000,0.000000,0.000000,,,,,,,,,,,,
405392,,,,,,,,,,,0.000000,0.000000,0.000000,0.000000,0.000000,0.000000,,,,,,,,,,,,
405397,,,,,,,,,,,0.000000,0.000000,0.000000,0.000000,0.000000,0.000000,,,,,,,,,,,,
405402,,,,,,,,,,,0.000000,0.000000,0.000000,0.000000,0.000000,0.000000,,,,,,,,,,,,
405407,,,,,,,,,,,0.000000,0.000000,0.000000,0.000000,0.000000,0.000000,,,,,,,,,,,,
405412,,,,,,,,,,,0.000000,0.000000,0.000000,0.000000,0.000000,0.000000,,,,,,,,,,,,
405417,,,,,,,,,,,0.000000,0.000000,0.000000,0.000000,0.000000,0.000000,,,,,,,,,,,,
405422,,,,,,,,,,,0.000000,0.000000,0.000000,0.000000,0.000000,0.000000,,,,,,,,,,,,
405464,,,,,,,,,,,0.000000,0.000000,0.000000,0.000000,0.000000,0.000000,,,,,,,,,,,,
405467,,,,,,,,,,,0.000000,0.000000,0.000000,0.000000,0.000000,0.000000,,,,,,,,,,,,
405472,,,,,,,,,,,0.000000,0.000000,0.000000,0.000000,0.000000,0.000000,,,,,,,,,,,,
405477,,,,,,,,,,,0.000000,0.000000,0.000000,0.000000,0.000000,0.000000,,,,,,,,,,,,
405482,,,,,,,,,,,0.000000,0.000000,0.000000,0.000000,0.000000,0.000000,,,,,,,,,,,,
405493,,,,,,,,,,,0.000000,0.000000,,,,,,,,,,,,,,,,
405494,,,,,,,,,,,0.000000,0.000000,0.000000,0.000000,0.000000,0.000000,,,,,,,,,,,,
405497,,,,,,,,,,,0.000000,0.000000,0.000000,0.000000,0.000000,0.000000,,,,,,,,,,,,
405502,,,,,,,,,,,0.000000,0.000000,0.000000,0.000000,0.000000,0.000000,,,,,,,,,,,,
405507,,,,,,,,,,,0.000000,0.000000,0.000000,0.000000,0.000000,0.000000,,,,,,,,,,,,
405512,,,,,,,,,,,0.000000,0.000000,0.000000,0.000000,0.000000,0.000000,,,,,,,,,,,,
405517,,,,,,,,,,,0.000000,0.000000,0.000000,0.000000,0.000000,0.000000,,,,,,,,,,,,
405522,,,,,,,,,,,0.000000,0.000000,0.000000,0.000000,0.000000,0.000000,,,,,,,,,,,,
405527,,,,,,,,,,,0.000000,0.000000,0.000000,0.000000,0.000000,0.000000,,,,,,,,,,,,
405532,,,,,,,,,,,0.000000,0.000000,0.000000,0.000000,0.000000,0.000000,,,,,,,,,,,,
405537,,,,,,,,,,,0.000000,0.000000,0.000000,0.000000,0.000000,0.000000,,,,,,,,,,,,
405542,,,,,,,,,,,0.000000,0.000000,0.000000,0.000000,0.000000,0.000000,,,,,,,,,,,,
405547,,,,,,,,,,,0.000000,0.000000,0.000000,0.000000,0.000000,0.000000,,,,,,,,,,,,
405552,,,,,,,,,,,0.000000,0.000000,0.000000,0.000000,0.000000,0.000000,,,,,,,,,,,,
405557,,,,,,,,,,,0.000000,0.000000,0.000000,0.000000,0.000000,0.000000,,,,,,,,,,,,
405562,,,,,,,,,,,0.000000,0.000000,0.000000,0.000000,0.000000,0.000000,,,,,,,,,,,,
405578,,,,,,,,,,,0.000000,0.000000,0.000000,0.000000,0.000000,0.000000,,,,,,,,,,,,
405582,,,,,,,,,,,0.000000,0.000000,0.000000,0.000000,0.000000,0.000000,,,,,,,,,,,,
405587,,,,,,,,,,,0.000000,0.000000,0.000000,0.000000,0.000000,0.000000,,,,,,,,,,,,
405592,,,,,,,,,,,0.000000,0.000000,0.000000,0.000000,0.000000,0.000000,,,,,,,,,,,,
405597,,,,,,,,,,,0.000000,0.000000,0.000000,0.000000,0.000000,0.000000,,,,,,,,,,,,
405602,,,,,,,,,,,0.000000,0.000000,0.000000,0.000000,0.000000,0.000000,,,,,,,,,,,,
405607,,,,,,,,,,,0.000000,0.000000,0.000000,0.000000,0.000000,0.000000,,,,,,,,,,,,
405612,,,,,,,,,,,0.000000,0.000000,0.000000,0.000000,0.000000,0.000000,,,,,,,,,,,,
405617,,,,,,,,,,,0.000000,0.000000,0.000000,0.000000,0.000000,0.000000,,,,,,,,,,,,
405622,,,,,,,,,,,0.000000,0.000000,0.000000,0.000000,0.000000,0.000000,,,,,,,,,,,,
405633,,,,,,,,,,,0.000000,0.000000,0.000000,0.000000,0.000000,0.000000,,,,,,,,,,,,
405634,,,,,,,,,,,0.000000,0.000000,0.000000,0.000000,0.000000,0.000000,,,,,,,,,,,,
405637,,,,,,,,,,,0.000000,0.000000,0.000000,0.000000,0.000000,0.000000,,,,,,,,,,,,
405642,,,,,,,,,,,0.000000,0.000000,0.000000,0.000000,0.000000,0.000000,,,,,,,,,,,,
405647,,,,,,,,,,,0.000000,0.000000,0.000000,0.000000,0.000000,0.000000,,,,,,,,,,,,
405652,,,,,,,,,,,0.000000,0.000000,0.000000,0.000000,0.000000,0.000000,,,,,,,,,,,,
405657,,,,,,,,,,,0.000000,0.000000,0.000000,0.000000,0.000000,0.000000,,,,,,,,,,,,
405662,,,,,,,,,,,0.000000,0.000000,0.000000,0.000000,0.000000,0.000000,,,,,,,,,,,,
405667,,,,,,,,,,,0.000000,0.000000,0.000000,0.000000,0.000000,0.000000,,,,,,,,,,,,
405672,,,,,,,,,,,0.000000,0.000000,0.000000,0.000000,0.000000,0.000000,,,,,,,,,,,,
405677,,,,,,,,,,,0.000000,0.000000,0.000000,0.000000,0.000000,0.000000,,,,,,,,,,,,
405682,,,,,,,,,,,0.000000,0.000000,0.000000,0.000000,0.000000,0.000000,,,,,,,,,,,,
405693,,,,,,,,,,,0.000000,0.000000,,,0.000000,0.000000,,,,,,,,,,,,
405694,,,,,,,,,,,0.000000,0.000000,0.000000,0.000000,0.000000,0.000000,,,,,,,,,,,,
405697,,,,,,,,,,,0.000000,0.000000,0.000000,0.000000,0.000000,0.000000,,,,,,,,,,,,
405702,,,,,,,,,,,0.000000,0.000000,0.000000,0.000000,0.000000,0.000000,,,,,,,,,,,,
405707,,,,,,,,,,,0.000000,0.000000,0.000000,0.000000,0.000000,0.000000,,,,,,,,,,,,
405712,,,,,,,,,,,0.000000,0.000000,0.000000,0.000000,0.000000,0.000000,,,,,,,,,,,,
405717,,,,,,,,,,,0.000000,0.000000,0.000000,0.000000,0.000000,0.000000,,,,,,,,,,,,
405722,,,,,,,,,,,0.000000,0.000000,0.000000,0.000000,0.000000,0.000000,,,,,,,,,,,,
405727,,,,,,,,,,,0.000000,0.000000,0.000000,0.000000,0.000000,0.000000,,,,,,,,,,,,
405732,,,,,,,,,,,0.000000,0.000000,0.000000,0.000000,0.000000,0.000000,,,,,,,,,,,,
405737,,,,,,,,,,,0.000000,0.000000,0.000000,0.000000,0.000000,0.000000,,,,,,,,,,,,
405742,,,,,,,,,,,0.000000,0.000000,0.000000,0.000000,0.000000,0.000000,,,,,,,,,,,,
405747,,,,,,,,,,,0.000000,0.000000,0.000000,0.000000,0.000000,0.000000,,,,,,,,,,,,
405752,,,,,,,,,,,0.000000,0.000000,0.000000,0.000000,0.000000,0.000000,,,,,,,,,,,,
405757,,,,,,,,,,,0.000000,0.000000,0.000000,0.000000,0.000000,0.000000,,,,,,,,,,,,
405762,,,,,,,,,,,0.000000,0.000000,0.000000,0.000000,0.000000,0.000000,,,,,,,,,,,,
405773,,,,,,,,,,,0.000000,0.000000,0.000000,0.000000,0.000000,0.000000,,,,,,,,,,,,
405777,,,,,,,,,,,0.000000,0.000000,0.000000,0.000000,0.000000,0.000000,,,,,,,,,,,,
405782,,,,,,,,,,,0.000000,0.000000,0.000000,0.000000,0.000000,0.000000,,,,,,,,,,,,
405787,,,,,,,,,,,0.000000,0.000000,0.000000,0.000000,0.000000,0.000000,,,,,,,,,,,,
405792,,,,,,,,,,,0.000000,0.000000,0.000000,0.000000,0.000000,0.000000,,,,,,,,,,,,
405797,,,,,,,,,,,0.000000,0.000000,0.000000,0.000000,0.000000,0.000000,,,,,,,,,,,,
405802,,,,,,,,,,,0.000000,0.000000,0.000000,0.000000,0.000000,0.000000,,,,,,,,,,,,
405807,,,,,,,,,,,0.000000,0.000000,0.000000,0.000000,0.000000,0.000000,,,,,,,,,,,,
405812,,,,,,,,,,,0.000000,0.000000,0.000000,0.000000,0.000000,0.000000,,,,,,,,,,,,
405817,,,,,,,,,,,0.000000,0.000000,0.000000,0.000000,0.000000,0.000000,,,,,,,,,,,,
405822,,,,,,,,,,,0.000000,0.000000,0.000000,0.000000,0.000000,0.000000,,,,,,,,,,,,
405833,,,,,,,,,,,0.000000,0.000000,0.000000,0.000000,0.000000,0.000000,,,,,,,,,,,,
405837,,,,,,,,,,,0.000000,0.000000,0.000000,0.000000,0.000000,0.000000,,,,,,,,,,,,
405842,,,,,,,,,,,0.000000,0.000000,0.000000,0.000000,0.000000,0.000000,,,,,,,,,,,,
405847,,,,,,,,,,,0.000000,0.000000,0.000000,0.000000,0.000000,0.000000,,,,,,,,,,,,
405852,,,,,,,,,,,0.000000,0.000000,0.000000,0.000000,0.000000,0.000000,,,,,,,,,,,,
405857,,,,,,,,,,,0.000000,0.000000,0.000000,0.000000,0.000000,0.000000,,,,,,,,,,,,
405862,,,,,,,,,,,0.000000,0.000000,0.000000,0.000000,0.000000,0.000000,,,,,,,,,,,,
405867,,,,,,,,,,,0.000000,0.000000,0.000000,0.000000,0.000000,0.000000,,,,,,,,,,,,
405872,,,,,,,,,,,0.000000,0.000000,0.000000,0.000000,0.000000,0.000000,,,,,,,,,,,,
405877,,,,,,,,,,,0.000000,0.000000,0.000000,0.000000,0.000000,0.000000,,,,,,,,,,,,
405882,,,,,,,,,,,0.000000,0.000000,0.000000,0.000000,0.000000,0.000000,,,,,,,,,,,,
405892,,,,,,,,,,,0.000000,0.000000,0.000000,0.000000,0.000000,0.000000,,,,,,,,,,,,
405897,,,,,,,,,,,0.000000,0.000000,0.000000,0.000000,0.000000,0.000000,,,,,,,,,,,,
405902,,,,,,,,,,,0.000000,0.000000,0.000000,0.000000,0.000000,0.000000,,,,,,,,,,,,
405907,,,,,,,,,,,0.000000,0.000000,0.000000,0.000000,0.000000,0.000000,,,,,,,,,,,,
405912,,,,,,,,,,,0.000000,0.000000,0.000000,0.000000,0.000000,0.000000,,,,,,,,,,,,
405917,,,,,,,,,,,0.000000,0.000000,0.000000,0.000000,0.000000,0.000000,,,,,,,,,,,,
405922,,,,,,,,,,,0.000000,0.000000,0.000000,0.000000,0.000000,0.000000,,,,,,,,,,,,
405927,,,,,,,,,,,0.000000,0.000000,0.000000,0.000000,0.000000,0.000000,,,,,,,,,,,,
405932,,,,,,,,,,,0.000000,0.000000,0.000000,0.000000,0.000000,0.000000,,,,,,,,,,,,
405937,,,,,,,,,,,0.000000,0.000000,0.000000,0.000000,0.000000,0.000000,,,,,,,,,,,,
405942,,,,,,,,,,,0.000000,0.000000,0.000000,0.000000,0.000000,0.000000,,,,,,,,,,,,
405953,,,,,,,,,,,0.000000,0.000000,0.000000,0.000000,0.000000,0.000000,,,,,,,,,,,,
405957,,,,,,,,,,,0.000000,0.000000,0.000000,0.000000,0.000000,0.000000,,,,,,,,,,,,
405962,,,,,,,,,,,0.000000,0.000000,0.000000,0.000000,0.000000,0.000000,,,,,,,,,,,,
405967,,,,,,,,,,,0.000000,0.000000,0.000000,0.000000,0.000000,0.000000,,,,,,,,,,,,
405972,,,,,,,,,,,0.000000,0.000000,0.000000,0.000000,0.000000,0.000000,,,,,,,,,,,,
405977,,,,,,,,,,,0.000000,0.000000,0.000000,0.000000,0.000000,0.000000,,,,,,,,,,,,
405982,,,,,,,,,,,0.000000,0.000000,0.000000,0.000000,0.000000,0.000000,,,,,,,,,,,,
405987,,,,,,,,,,,0.000000,0.000000,0.000000,0.000000,0.000000,0.000000,,,,,,,,,,,,
405992,,,,,,,,,,,0.000000,0.000000,0.000000,0.000000,0.000000,0.000000,,,,,,,,,,,,
405997,,,,,,,,,,,0.000000,0.000000,0.000000,0.000000,0.000000,0.000000,,,,,,,,,,,,
406002,,,,,,,,,,,0.000000,0.000000,0.000000,0.000000,0.000000,0.000000,,,,,,,,,,,,
406007,,,,,,,,,,,0.000000,0.000000,0.000000,0.000000,0.000000,0.000000,,,,,,,,,,,,
406012,,,,,,,,,,,0.000000,0.000000,0.000000,0.000000,0.000000,0.000000,,,,,,,,,,,,
406017,,,,,,,,,,,0.000000,0.000000,0.000000,0.000000,0.000000,0.000000,,,,,,,,,,,,
406022,,,,,,,,,,,0.000000,0.000000,0.000000,0.000000,0.000000,0.000000,,,,,,,,,,,,
406035,,,,,,,,,,,0.000000,0.000000,0.000000,0.000000,0.000000,0.000000,,,,,,,,,,,,
406037,,,,,,,,,,,0.000000,0.000000,0.000000,0.000000,0.000000,0.000000,,,,,,,,,,,,
406042,,,,,,,,,,,0.000000,0.000000,0.000000,0.000000,0.000000,0.000000,,,,,,,,,,,,
406047,,,,,,,,,,,0.000000,0.000000,0.000000,0.000000,0.000000,0.000000,,,,,,,,,,,,
406052,,,,,,,,,,,0.000000,0.000000,0.000000,0.000000,0.000000,0.000000,,,,,,,,,,,,
406057,,,,,,,,,,,0.000000,0.000000,0.000000,0.000000,0.000000,0.000000,,,,,,,,,,,,
406062,,,,,,,,,,,0.000000,0.000000,0.000000,0.000000,0.000000,0.000000,,,,,,,,,,,,
406067,,,,,,,,,,,0.000000,0.000000,0.000000,0.000000,0.000000,0.000000,,,,,,,,,,,,
406072,,,,,,,,,,,0.000000,0.000000,0.000000,0.000000,0.000000,0.000000,,,,,,,,,,,,
406077,,,,,,,,,,,0.000000,0.000000,0.000000,0.000000,0.000000,0.000000,,,,,,,,,,,,
406082,,,,,,,,,,,0.000000,0.000000,0.000000,0.000000,0.000000,0.000000,,,,,,,,,,,,
406095,,,,,,,,,,,0.000000,0.000000,0.000000,0.000000,0.000000,0.000000,,,,,,,,,,,,
406097,,,,,,,,,,,0.000000,0.000000,0.000000,0.000000,0.000000,0.000000,,,,,,,,,,,,
406102,,,,,,,,,,,0.000000,0.000000,0.000000,0.000000,0.000000,0.000000,,,,,,,,,,,,
406107,,,,,,,,,,,0.000000,0.000000,0.000000,0.000000,0.000000,0.000000,,,,,,,,,,,,
406112,,,,,,,,,,,0.000000,0.000000,0.000000,0.000000,0.000000,0.000000,,,,,,,,,,,,
406117,,,,,,,,,,,0.000000,0.000000,0.000000,0.000000,0.000000,0.000000,,,,,,,,,,,,
406122,,,,,,,,,,,0.000000,0.000000,0.000000,0.000000,0.000000,0.000000,,,,,,,,,,,,
406127,,,,,,,,,,,0.000000,0.000000,0.000000,0.000000,0.000000,0.000000,,,,,,,,,,,,
406132,,,,,,,,,,,0.000000,0.000000,0.000000,0.000000,0.000000,0.000000,,,,,,,,,,,,
406137,,,,,,,,,,,0.000000,0.000000,0.000000,0.000000,0.000000,0.000000,,,,,,,,,,,,
406142,,,,,,,,,,,0.000000,0.000000,0.000000,0.000000,0.000000,0.000000,,,,,,,,,,,,
406153,,,,,,,,,,,0.000000,0.000000,0.000000,0.000000,0.000000,0.000000,,,,,,,,,,,,
406154,,,,,,,,,,,0.000000,0.000000,0.000000,0.000000,0.000000,0.000000,,,,,,,,,,,,
406157,,,,,,,,,,,0.000000,0.000000,0.000000,0.000000,0.000000,0.000000,,,,,,,,,,,,
406162,,,,,,,,,,,0.000000,0.000000,0.000000,0.000000,0.000000,0.000000,,,,,,,,,,,,
406167,,,,,,,,,,,0.000000,0.000000,0.000000,0.000000,0.000000,0.000000,,,,,,,,,,,,
406172,,,,,,,,,,,0.000000,0.000000,0.000000,0.000000,0.000000,0.000000,,,,,,,,,,,,
406177,,,,,,,,,,,0.000000,0.000000,0.000000,0.000000,0.000000,0.000000,,,,,,,,,,,,
406182,,,,,,,,,,,0.000000,0.000000,0.000000,0.000000,0.000000,0.000000,,,,,,,,,,,,
406187,,,,,,,,,,,0.000000,0.000000,0.000000,0.000000,0.000000,0.000000,,,,,,,,,,,,
406192,,,,,,,,,,,0.000000,0.000000,0.000000,0.000000,0.000000,0.000000,,,,,,,,,,,,
406197,,,,,,,,,,,0.000000,0.000000,0.000000,0.000000,0.000000,0.000000,,,,,,,,,,,,
406202,,,,,,,,,,,0.000000,0.000000,0.000000,0.000000,0.000000,0.000000,,,,,,,,,,,,
406207,,,,,,,,,,,0.000000,0.000000,0.000000,0.000000,0.000000,0.000000,,,,,,,,,,,,
406212,,,,,,,,,,,0.000000,0.000000,0.000000,0.000000,0.000000,0.000000,,,,,,,,,,,,
406217,,,,,,,,,,,0.000000,0.000000,0.000000,0.000000,0.000000,0.000000,,,,,,,,,,,,
406222,,,,,,,,,,,0.000000,0.000000,0.000000,0.000000,0.000000,0.000000,,,,,,,,,,,,
406233,,,,,,,,,,,0.000000,0.000000,0.000000,0.000000,0.000000,0.000000,,,,,,,,,,,,
406237,,,,,,,,,,,0.000000,0.000000,0.000000,0.000000,0.000000,0.000000,,,,,,,,,,,,
406242,,,,,,,,,,,0.000000,0.000000,0.000000,0.000000,0.000000,0.000000,,,,,,,,,,,,
406247,,,,,,,,,,,0.000000,0.000000,0.000000,0.000000,0.000000,0.000000,,,,,,,,,,,,
406252,,,,,,,,,,,0.000000,0.000000,0.000000,0.000000,0.000000,0.000000,,,,,,,,,,,,
406257,,,,,,,,,,,0.000000,0.000000,0.000000,0.000000,0.000000,0.000000,,,,,,,,,,,,
406262,,,,,,,,,,,0.000000,0.000000,0.000000,0.000000,0.000000,0.000000,,,,,,,,,,,,
406267,,,,,,,,,,,0.000000,0.000000,0.000000,0.000000,0.000000,0.000000,,,,,,,,,,,,
406272,,,,,,,,,,,0.000000,0.000000,0.000000,0.000000,0.000000,0.000000,,,,,,,,,,,,
406277,,,,,,,,,,,0.000000,0.000000,0.000000,0.000000,0.000000,0.000000,,,,,,,,,,,,
406282,,,,,,,,,,,0.000000,0.000000,0.000000,0.000000,0.000000,0.000000,,,,,,,,,,,,
406293,,,,,,,,,,,0.000000,0.000000,0.000000,0.000000,0.000000,0.000000,,,,,,,,,,,,
406294,,,,,,,,,,,0.000000,0.000000,0.000000,0.000000,0.000000,0.000000,,,,,,,,,,,,
406297,,,,,,,,,,,0.000000,0.000000,0.000000,0.000000,0.000000,0.000000,,,,,,,,,,,,
406302,,,,,,,,,,,0.000000,0.000000,0.000000,0.000000,0.000000,0.000000,,,,,,,,,,,,
406307,,,,,,,,,,,0.000000,0.000000,0.000000,0.000000,0.000000,0.000000,,,,,,,,,,,,
406312,,,,,,,,,,,0.000000,0.000000,0.000000,0.000000,0.000000,0.000000,,,,,,,,,,,,
406317,,,,,,,,,,,0.000000,0.000000,0.000000,0.000000,0.000000,0.000000,,,,,,,,,,,,
406322,,,,,,,,,,,0.000000,0.000000,0.000000,0.000000,0.000000,0.000000,,,,,,,,,,,,
406327,,,,,,,,,,,0.000000,0.000000,0.000000,0.000000,0.000000,0.000000,,,,,,,,,,,,
406332,,,,,,,,,,,0.000000,0.000000,0.000000,0.000000,0.000000,0.000000,,,,,,,,,,,,
406337,,,,,,,,,,,0.000000,0.000000,0.000000,0.000000,0.000000,0.000000,,,,,,,,,,,,
406342,,,,,,,,,,,0.000000,0.000000,0.000000,0.000000,0.000000,0.000000,,,,,,,,,,,,
406353,,,,,,,,,,,0.000000,0.000000,0.000000,0.000000,0.000000,0.000000,,,,,,,,,,,,
406357,,,,,,,,,,,0.000000,0.000000,0.000000,0.000000,0.000000,0.000000,,,,,,,,,,,,
406362,,,,,,,,,,,0.000000,0.000000,0.000000,0.000000,0.000000,0.000000,,,,,,,,,,,,
406367,,,,,,,,,,,0.000000,0.000000,0.000000,0.000000,0.000000,0.000000,,,,,,,,,,,,
406372,,,,,,,,,,,0.000000,0.000000,0.000000,0.000000,0.000000,0.000000,,,,,,,,,,,,
406377,,,,,,,,,,,0.000000,0.000000,0.000000,0.000000,0.000000,0.000000,,,,,,,,,,,,
406382,,,,,,,,,,,0.000000,0.000000,0.000000,0.000000,0.000000,0.000000,,,,,,,,,,,,
406387,,,,,,,,,,,0.000000,0.000000,0.000000,0.000000,0.000000,0.000000,,,,,,,,,,,,
406392,,,,,,,,,,,0.000000,0.000000,0.000000,0.000000,0.000000,0.000000,,,,,,,,,,,,
406397,,,,,,,,,,,0.000000,0.000000,0.000000,0.000000,0.000000,0.000000,,,,,,,,,,,,
406402,,,,,,,,,,,0.000000,0.000000,0.000000,0.000000,0.000000,0.000000,,,,,,,,,,,,
406413,,,,,,,,,,,0.000000,0.000000,0.000000,0.000000,0.000000,0.000000,,,,,,,,,,,,
406417,,,,,,,,,,,0.000000,0.000000,0.000000,0.000000,0.000000,0.000000,,,,,,,,,,,,
406422,,,,,,,,,,,0.000000,0.000000,0.000000,0.000000,0.000000,0.000000,,,,,,,,,,,,
406427,,,,,,,,,,,0.000000,0.000000,0.000000,0.000000,0.000000,0.000000,,,,,,,,,,,,
406432,,,,,,,,,,,0.000000,0.000000,0.000000,0.000000,0.000000,0.000000,,,,,,,,,,,,
406437,,,,,,,,,,,0.000000,0.000000,0.000000,0.000000,0.000000,0.000000,,,,,,,,,,,,
406442,,,,,,,,,,,0.000000,0.000000,0.000000,0.000000,0.000000,0.000000,,,,,,,,,,,,
406447,,,,,,,,,,,0.000000,0.000000,0.000000,0.000000,0.000000,0.000000,,,,,,,,,,,,
406452,,,,,,,,,,,0.000000,0.000000,0.000000,0.000000,0.000000,0.000000,,,,,,,,,,,,
406457,,,,,,,,,,,0.000000,0.000000,0.000000,0.000000,0.000000,0.000000,,,,,,,,,,,,
406462,,,,,,,,,,,0.000000,0.000000,0.000000,0.000000,0.000000,0.000000,,,,,,,,,,,,
406467,,,,,,,,,,,0.000000,0.000000,0.000000,0.000000,0.000000,0.000000,,,,,,,,,,,,
406472,,,,,,,,,,,0.000000,0.000000,0.000000,0.000000,0.000000,0.000000,,,,,,,,,,,,
406477,,,,,,,,,,,0.000000,0.000000,0.000000,0.000000,0.000000,0.000000,,,,,,,,,,,,
406482,,,,,,,,,,,0.000000,0.000000,0.000000,0.000000,0.000000,0.000000,,,,,,,,,,,,
406493,,,,,,,,,,,0.000000,0.000000,0.000000,0.000000,0.000000,0.000000,,,,,,,,,,,,
406497,,,,,,,,,,,0.000000,0.000000,0.000000,0.000000,0.000000,0.000000,,,,,,,,,,,,
406502,,,,,,,,,,,0.000000,0.000000,0.000000,0.000000,0.000000,0.000000,,,,,,,,,,,,
406507,,,,,,,,,,,0.000000,0.000000,0.000000,0.000000,0.000000,0.000000,,,,,,,,,,,,
406512,,,,,,,,,,,0.000000,0.000000,0.000000,0.000000,0.000000,0.000000,,,,,,,,,,,,
406517,,,,,,,,,,,0.000000,0.000000,0.000000,0.000000,0.000000,0.000000,,,,,,,,,,,,
406522,,,,,,,,,,,0.000000,0.000000,0.000000,0.000000,0.000000,0.000000,,,,,,,,,,,,
406527,,,,,,,,,,,0.000000,0.000000,0.000000,0.000000,0.000000,0.000000,,,,,,,,,,,,
406532,,,,,,,,,,,0.000000,0.000000,0.000000,0.000000,0.000000,0.000000,,,,,,,,,,,,
406537,,,,,,,,,,,0.000000,0.000000,0.000000,0.000000,0.000000,0.000000,,,,,,,,,,,,
406542,,,,,,,,,,,0.000000,0.000000,0.000000,0.000000,0.000000,0.000000,,,,,,,,,,,,
406554,,,,,,,,,,,0.000000,0.000000,0.000000,0.000000,0.000000,0.000000,,,,,,,,,,,,
406557,,,,,,,,,,,0.000000,0.000000,0.000000,0.000000,0.000000,0.000000,,,,,,,,,,,,
406562,,,,,,,,,,,0.000000,0.000000,0.000000,0.000000,0.000000,0.000000,,,,,,,,,,,,
406567,,,,,,,,,,,0.000000,0.000000,0.000000,0.000000,0.000000,0.000000,,,,,,,,,,,,
406572,,,,,,,,,,,0.000000,0.000000,0.000000,0.000000,0.000000,0.000000,,,,,,,,,,,,
406577,,,,,,,,,,,0.000000,0.000000,0.000000,0.000000,0.000000,0.000000,,,,,,,,,,,,
406582,,,,,,,,,,,0.000000,0.000000,0.000000,0.000000,0.000000,0.000000,,,,,,,,,,,,
406587,,,,,,,,,,,0.000000,0.000000,0.000000,0.000000,0.000000,0.000000,,,,,,,,,,,,
406592,,,,,,,,,,,0.000000,0.000000,0.000000,0.000000,0.000000,0.000000,,,,,,,,,,,,
406597,,,,,,,,,,,0.000000,0.000000,0.000000,0.000000,0.000000,0.000000,,,,,,,,,,,,
406602,,,,,,,,,,,0.000000,0.000000,0.000000,0.000000,0.000000,0.000000,,,,,,,,,,,,
406613,,,,,,,,,,,0.000000,0.000000,0.000000,0.000000,0.000000,0.000000,,,,,,,,,,,,
406614,,,,,,,,,,,0.000000,0.000000,0.000000,0.000000,0.000000,0.000000,,,,,,,,,,,,
406617,,,,,,,,,,,0.000000,0.000000,0.000000,0.000000,0.000000,0.000000,,,,,,,,,,,,
406622,,,,,,,,,,,0.000000,0.000000,0.000000,0.000000,0.000000,0.000000,,,,,,,,,,,,
406627,,,,,,,,,,,0.000000,0.000000,0.000000,0.000000,0.000000,0.000000,,,,,,,,,,,,
406632,,,,,,,,,,,0.000000,0.000000,0.000000,0.000000,0.000000,0.000000,,,,,,,,,,,,
406637,,,,,,,,,,,0.000000,0.000000,0.000000,0.000000,0.000000,0.000000,,,,,,,,,,,,
406642,,,,,,,,,,,0.000000,0.000000,0.000000,0.000000,0.000000,0.000000,,,,,,,,,,,,
406647,,,,,,,,,,,0.000000,0.000000,0.000000,0.000000,0.000000,0.000000,,,,,,,,,,,,
406652,,,,,,,,,,,0.000000,0.000000,0.000000,0.000000,0.000000,0.000000,,,,,,,,,,,,
406657,,,,,,,,,,,0.000000,0.000000,0.000000,0.000000,0.000000,0.000000,,,,,,,,,,,,
406662,,,,,,,,,,,0.000000,0.000000,0.000000,0.000000,0.000000,0.000000,,,,,,,,,,,,
406667,,,,,,,,,,,0.000000,0.000000,0.000000,0.000000,0.000000,0.000000,,,,,,,,,,,,
406672,,,,,,,,,,,0.000000,0.000000,0.000000,0.000000,0.000000,0.000000,,,,,,,,,,,,
406677,,,,,,,,,,,0.000000,0.000000,0.000000,0.000000,0.000000,0.000000,,,,,,,,,,,,
406682,,,,,,,,,,,0.000000,0.000000,0.000000,0.000000,0.000000,0.000000,,,,,,,,,,,,
406693,,,,,,,,,,,0.000000,0.000000,0.000000,0.000000,0.000000,0.000000,,,,,,,,,,,,
406697,,,,,,,,,,,0.000000,0.000000,0.000000,0.000000,0.000000,0.000000,,,,,,,,,,,,
406702,,,,,,,,,,,0.000000,0.000000,0.000000,0.000000,0.000000,0.000000,,,,,,,,,,,,
406707,,,,,,,,,,,0.000000,0.000000,0.000000,0.000000,0.000000,0.000000,,,,,,,,,,,,
406712,,,,,,,,,,,0.000000,0.000000,0.000000,0.000000,0.000000,0.000000,,,,,,,,,,,,
406717,,,,,,,,,,,0.000000,0.000000,0.000000,0.000000,0.000000,0.000000,,,,,,,,,,,,
406722,,,,,,,,,,,0.000000,0.000000,0.000000,0.000000,0.000000,0.000000,,,,,,,,,,,,
406727,,,,,,,,,,,0.000000,0.000000,0.000000,0.000000,0.000000,0.000000,,,,,,,,,,,,
406732,,,,,,,,,,,0.000000,0.000000,0.000000,0.000000,0.000000,0.000000,,,,,,,,,,,,
406737,,,,,,,,,,,0.000000,0.000000,0.000000,0.000000,0.000000,0.000000,,,,,,,,,,,,
406742,,,,,,,,,,,0.000000,0.000000,0.000000,0.000000,0.000000,0.000000,,,,,,,,,,,,
406753,,,,,,,,,,,0.000000,0.000000,0.000000,0.000000,0.000000,0.000000,,,,,,,,,,,,
406754,,,,,,,,,,,0.000000,0.000000,0.000000,0.000000,0.000000,0.000000,,,,,,,,,,,,
406757,,,,,,,,,,,0.000000,0.000000,0.000000,0.000000,0.000000,0.000000,,,,,,,,,,,,
406762,,,,,,,,,,,0.000000,0.000000,0.000000,0.000000,0.000000,0.000000,,,,,,,,,,,,
406767,,,,,,,,,,,0.000000,0.000000,0.000000,0.000000,0.000000,0.000000,,,,,,,,,,,,
406772,,,,,,,,,,,0.000000,0.000000,0.000000,0.000000,0.000000,0.000000,,,,,,,,,,,,
406777,,,,,,,,,,,0.000000,0.000000,0.000000,0.000000,0.000000,0.000000,,,,,,,,,,,,
406782,,,,,,,,,,,0.000000,0.000000,0.000000,0.000000,0.000000,0.000000,,,,,,,,,,,,
406787,,,,,,,,,,,0.000000,0.000000,0.000000,0.000000,0.000000,0.000000,,,,,,,,,,,,
406792,,,,,,,,,,,0.000000,0.000000,0.000000,0.000000,0.000000,0.000000,,,,,,,,,,,,
406797,,,,,,,,,,,0.000000,0.000000,0.000000,0.000000,0.000000,0.000000,,,,,,,,,,,,
406802,,,,,,,,,,,0.000000,0.000000,0.000000,0.000000,0.000000,0.000000,,,,,,,,,,,,
406813,,,,,,,,,,,0.000000,0.000000,0.000000,0.000000,0.000000,0.000000,,,,,,,,,,,,
406814,,,,,,,,,,,0.000000,0.000000,0.000000,0.000000,0.000000,0.000000,,,,,,,,,,,,
406817,,,,,,,,,,,0.000000,0.000000,0.000000,0.000000,0.000000,0.000000,,,,,,,,,,,,
406822,,,,,,,,,,,0.000000,0.000000,0.000000,0.000000,0.000000,0.000000,,,,,,,,,,,,
406827,,,,,,,,,,,0.000000,0.000000,0.000000,0.000000,0.000000,0.000000,,,,,,,,,,,,
406832,,,,,,,,,,,0.000000,0.000000,0.000000,0.000000,0.000000,0.000000,,,,,,,,,,,,
406837,,,,,,,,,,,0.000000,0.000000,0.000000,0.000000,0.000000,0.000000,,,,,,,,,,,,
406842,,,,,,,,,,,0.000000,0.000000,0.000000,0.000000,0.000000,0.000000,,,,,,,,,,,,
406847,,,,,,,,,,,0.000000,0.000000,0.000000,0.000000,0.000000,0.000000,,,,,,,,,,,,
406852,,,,,,,,,,,0.000000,0.000000,0.000000,0.000000,0.000000,0.000000,,,,,,,,,,,,
406857,,,,,,,,,,,0.000000,0.000000,0.000000,0.000000,0.000000,0.000000,,,,,,,,,,,,
406862,,,,,,,,,,,0.000000,0.000000,0.000000,0.000000,0.000000,0.000000,,,,,,,,,,,,
406873,,,,,,,,,,,0.000000,0.000000,0.000000,0.000000,0.000000,0.000000,,,,,,,,,,,,
406877,,,,,,,,,,,0.000000,0.000000,0.000000,0.000000,0.000000,0.000000,,,,,,,,,,,,
406882,,,,,,,,,,,0.000000,0.000000,0.000000,0.000000,0.000000,0.000000,,,,,,,,,,,,
406887,,,,,,,,,,,0.000000,0.000000,0.000000,0.000000,0.000000,0.000000,,,,,,,,,,,,
406892,,,,,,,,,,,0.000000,0.000000,0.000000,0.000000,0.000000,0.000000,,,,,,,,,,,,
406897,,,,,,,,,,,0.000000,0.000000,0.000000,0.000000,0.000000,0.000000,,,,,,,,,,,,
406902,,,,,,,,,,,0.000000,0.000000,0.000000,0.000000,0.000000,0.000000,,,,,,,,,,,,
406907,,,,,,,,,,,0.000000,0.000000,0.000000,0.000000,0.000000,0.000000,,,,,,,,,,,,
406912,,,,,,,,,,,0.000000,0.000000,0.000000,0.000000,0.000000,0.000000,,,,,,,,,,,,
406917,,,,,,,,,,,0.000000,0.000000,0.000000,0.000000,0.000000,0.000000,,,,,,,,,,,,
406922,,,,,,,,,,,0.000000,0.000000,0.000000,0.000000,0.000000,0.000000,,,,,,,,,,,,
406927,,,,,,,,,,,0.000000,0.000000,0.000000,0.000000,0.000000,0.000000,,,,,,,,,,,,
406932,,,,,,,,,,,0.000000,0.000000,0.000000,0.000000,0.000000,0.000000,,,,,,,,,,,,
406937,,,,,,,,,,,0.000000,0.000000,0.000000,0.000000,0.000000,0.000000,,,,,,,,,,,,
406942,,,,,,,,,,,0.000000,0.000000,0.000000,0.000000,0.000000,0.000000,,,,,,,,,,,,
406953,,,,,,,,,,,0.000000,0.000000,0.000000,0.000000,0.000000,0.000000,,,,,,,,,,,,
406957,,,,,,,,,,,0.000000,0.000000,0.000000,0.000000,0.000000,0.000000,,,,,,,,,,,,
406962,,,,,,,,,,,0.000000,0.000000,0.000000,0.000000,0.000000,0.000000,,,,,,,,,,,,
406967,,,,,,,,,,,0.000000,0.000000,0.000000,0.000000,0.000000,0.000000,,,,,,,,,,,,
406972,,,,,,,,,,,0.000000,0.000000,0.000000,0.000000,0.000000,0.000000,,,,,,,,,,,,
406977,,,,,,,,,,,0.000000,0.000000,0.000000,0.000000,0.000000,0.000000,,,,,,,,,,,,
406982,,,,,,,,,,,0.000000,0.000000,0.000000,0.000000,0.000000,0.000000,,,,,,,,,,,,
406987,,,,,,,,,,,0.000000,0.000000,0.000000,0.000000,0.000000,0.000000,,,,,,,,,,,,
406992,,,,,,,,,,,0.000000,0.000000,0.000000,0.000000,0.000000,0.000000,,,,,,,,,,,,
406997,,,,,,,,,,,0.000000,0.000000,0.000000,0.000000,0.000000,0.000000,,,,,,,,,,,,
407002,,,,,,,,,,,0.000000,0.000000,0.000000,0.000000,0.000000,0.000000,,,,,,,,,,,,
407013,,,,,,,,,,,0.000000,0.000000,0.000000,0.000000,0.000000,0.000000,,,,,,,,,,,,
407017,,,,,,,,,,,0.000000,0.000000,0.000000,0.000000,0.000000,0.000000,,,,,,,,,,,,
407022,,,,,,,,,,,0.000000,0.000000,0.000000,0.000000,0.000000,0.000000,,,,,,,,,,,,
407027,,,,,,,,,,,0.000000,0.000000,0.000000,0.000000,0.000000,0.000000,,,,,,,,,,,,
407032,,,,,,,,,,,0.000000,0.000000,0.000000,0.000000,0.000000,0.000000,,,,,,,,,,,,
407037,,,,,,,,,,,0.000000,0.000000,0.000000,0.000000,0.000000,0.000000,,,,,,,,,,,,
407042,,,,,,,,,,,0.000000,0.000000,0.000000,0.000000,0.000000,0.000000,,,,,,,,,,,,
407047,,,,,,,,,,,0.000000,0.000000,0.000000,0.000000,0.000000,0.000000,,,,,,,,,,,,
407052,,,,,,,,,,,0.000000,0.000000,0.000000,0.000000,0.000000,0.000000,,,,,,,,,,,,
407057,,,,,,,,,,,0.000000,0.000000,0.000000,0.000000,0.000000,0.000000,,,,,,,,,,,,
407062,,,,,,,,,,,0.000000,0.000000,0.000000,0.000000,0.000000,0.000000,,,,,,,,,,,,
407072,,,,,,,,,,,0.000000,0.000000,0.000000,0.000000,0.000000,0.000000,,,,,,,,,,,,
407077,,,,,,,,,,,0.000000,0.000000,0.000000,0.000000,0.000000,0.000000,,,,,,,,,,,,
407082,,,,,,,,,,,0.000000,0.000000,0.000000,0.000000,0.000000,0.000000,,,,,,,,,,,,
407087,,,,,,,,,,,0.000000,0.000000,0.000000,0.000000,0.000000,0.000000,,,,,,,,,,,,
407092,,,,,,,,,,,0.000000,0.000000,0.000000,0.000000,0.000000,0.000000,,,,,,,,,,,,
407097,,,,,,,,,,,0.000000,0.000000,0.000000,0.000000,0.000000,0.000000,,,,,,,,,,,,
407102,,,,,,,,,,,0.000000,0.000000,0.000000,0.000000,0.000000,0.000000,,,,,,,,,,,,
407107,,,,,,,,,,,0.000000,0.000000,0.000000,0.000000,0.000000,0.000000,,,,,,,,,,,,
407112,,,,,,,,,,,0.000000,0.000000,0.000000,0.000000,0.000000,0.000000,,,,,,,,,,,,
407117,,,,,,,,,,,0.000000,0.000000,0.000000,0.000000,0.000000,0.000000,,,,,,,,,,,,
407122,,,,,,,,,,,0.000000,0.000000,0.000000,0.000000,0.000000,0.000000,,,,,,,,,,,,
407132,,,,,,,,,,,0.000000,0.000000,0.000000,0.000000,0.000000,0.000000,,,,,,,,,,,,
407137,,,,,,,,,,,0.000000,0.000000,0.000000,0.000000,0.000000,0.000000,,,,,,,,,,,,
407142,,,,,,,,,,,0.000000,0.000000,0.000000,0.000000,0.000000,0.000000,,,,,,,,,,,,
407147,,,,,,,,,,,0.000000,0.000000,0.000000,0.000000,0.000000,0.000000,,,,,,,,,,,,
407152,,,,,,,,,,,0.000000,0.000000,0.000000,0.000000,0.000000,0.000000,,,,,,,,,,,,
407157,,,,,,,,,,,0.000000,0.000000,0.000000,0.000000,0.000000,0.000000,,,,,,,,,,,,
407162,,,,,,,,,,,0.000000,0.000000,0.000000,0.000000,0.000000,0.000000,,,,,,,,,,,,
407167,,,,,,,,,,,0.000000,0.000000,0.000000,0.000000,0.000000,0.000000,,,,,,,,,,,,
407172,,,,,,,,,,,0.000000,0.000000,0.000000,0.000000,0.000000,0.000000,,,,,,,,,,,,
407177,,,,,,,,,,,0.000000,0.000000,0.000000,0.000000,0.000000,0.000000,,,,,,,,,,,,
407182,,,,,,,,,,,0.000000,0.000000,0.000000,0.000000,0.000000,0.000000,,,,,,,,,,,,
407187,,,,,,,,,,,0.000000,0.000000,0.000000,0.000000,0.000000,0.000000,,,,,,,,,,,,
407192,,,,,,,,,,,0.000000,0.000000,0.000000,0.000000,0.000000,0.000000,,,,,,,,,,,,
407197,,,,,,,,,,,0.000000,0.000000,0.000000,0.000000,0.000000,0.000000,,,,,,,,,,,,
407202,,,,,,,,,,,0.000000,0.000000,0.000000,0.000000,0.000000,0.000000,,,,,,,,,,,,
407212,,,,,,,,,,,0.000000,0.000000,0.000000,0.000000,0.000000,0.000000,,,,,,,,,,,,
407217,,,,,,,,,,,0.000000,0.000000,0.000000,0.000000,0.000000,0.000000,,,,,,,,,,,,
407222,,,,,,,,,,,0.000000,0.000000,0.000000,0.000000,0.000000,0.000000,,,,,,,,,,,,
407227,,,,,,,,,,,0.000000,0.000000,0.000000,0.000000,0.000000,0.000000,,,,,,,,,,,,
407232,,,,,,,,,,,0.000000,0.000000,0.000000,0.000000,0.000000,0.000000,,,,,,,,,,,,
407237,,,,,,,,,,,0.000000,0.000000,0.000000,0.000000,0.000000,0.000000,,,,,,,,,,,,
407242,,,,,,,,,,,0.000000,0.000000,0.000000,0.000000,0.000000,0.000000,,,,,,,,,,,,
407247,,,,,,,,,,,0.000000,0.000000,0.000000,0.000000,0.000000,0.000000,,,,,,,,,,,,
407252,,,,,,,,,,,0.000000,0.000000,0.000000,0.000000,0.000000,0.000000,,,,,,,,,,,,
407257,,,,,,,,,,,0.000000,0.000000,0.000000,0.000000,0.000000,0.000000,,,,,,,,,,,,
407262,,,,,,,,,,,0.000000,0.000000,0.000000,0.000000,0.000000,0.000000,,,,,,,,,,,,
407272,,,,,,,,,,,0.000000,0.000000,0.000000,0.000000,0.000000,0.000000,,,,,,,,,,,,
407277,,,,,,,,,,,0.000000,0.000000,0.000000,0.000000,0.000000,0.000000,,,,,,,,,,,,
407282,,,,,,,,,,,0.000000,0.000000,0.000000,0.000000,0.000000,0.000000,,,,,,,,,,,,
407287,,,,,,,,,,,0.000000,0.000000,0.000000,0.000000,0.000000,0.000000,,,,,,,,,,,,
407292,,,,,,,,,,,0.000000,0.000000,0.000000,0.000000,0.000000,0.000000,,,,,,,,,,,,
407297,,,,,,,,,,,0.000000,0.000000,0.000000,0.000000,0.000000,0.000000,,,,,,,,,,,,
407302,,,,,,,,,,,0.000000,0.000000,0.000000,0.000000,0.000000,0.000000,,,,,,,,,,,,
407307,,,,,,,,,,,0.000000,0.000000,0.000000,0.000000,0.000000,0.000000,,,,,,,,,,,,
407312,,,,,,,,,,,0.000000,0.000000,0.000000,0.000000,0.000000,0.000000,,,,,,,,,,,,
407317,,,,,,,,,,,0.000000,0.000000,0.000000,0.000000,0.000000,0.000000,,,,,,,,,,,,
407322,,,,,,,,,,,0.000000,0.000000,0.000000,0.000000,0.000000,0.000000,,,,,,,,,,,,
407332,,,,,,,,,,,0.000000,0.000000,0.000000,0.000000,0.000000,0.000000,,,,,,,,,,,,
407337,,,,,,,,,,,0.000000,0.000000,0.000000,0.000000,0.000000,0.000000,,,,,,,,,,,,
407342,,,,,,,,,,,0.000000,0.000000,0.000000,0.000000,0.000000,0.000000,,,,,,,,,,,,
407347,,,,,,,,,,,0.000000,0.000000,0.000000,0.000000,0.000000,0.000000,,,,,,,,,,,,
407352,,,,,,,,,,,0.000000,0.000000,0.000000,0.000000,0.000000,0.000000,,,,,,,,,,,,
407357,,,,,,,,,,,0.000000,0.000000,0.000000,0.000000,0.000000,0.000000,,,,,,,,,,,,
407362,,,,,,,,,,,0.000000,0.000000,0.000000,0.000000,0.000000,0.000000,,,,,,,,,,,,
407367,,,,,,,,,,,0.000000,0.000000,0.000000,0.000000,0.000000,0.000000,,,,,,,,,,,,
407372,,,,,,,,,,,0.000000,0.000000,0.000000,0.000000,0.000000,0.000000,,,,,,,,,,,,
407377,,,,,,,,,,,0.000000,0.000000,0.000000,0.000000,0.000000,0.000000,,,,,,,,,,,,
407382,,,,,,,,,,,0.000000,0.000000,0.000000,0.000000,0.000000,0.000000,,,,,,,,,,,,
407387,,,,,,,,,,,0.000000,0.000000,0.000000,0.000000,0.000000,0.000000,,,,,,,,,,,,
407392,,,,,,,,,,,0.000000,0.000000,0.000000,0.000000,0.000000,0.000000,,,,,,,,,,,,
407397,,,,,,,,,,,0.000000,0.000000,0.000000,0.000000,0.000000,0.000000,,,,,,,,,,,,
407402,,,,,,,,,,,0.000000,0.000000,0.000000,0.000000,0.000000,0.000000,,,,,,,,,,,,
407411,,,,,,,,,,,0.000000,0.000000,0.000000,0.000000,0.000000,0.000000,,,,,,,,,,,,
407412,,,,,,,,,,,0.000000,0.000000,0.000000,0.000000,0.000000,0.000000,,,,,,,,,,,,
407417,,,,,,,,,,,0.000000,0.000000,0.000000,0.000000,0.000000,0.000000,,,,,,,,,,,,
407422,,,,,,,,,,,0.000000,0.000000,0.000000,0.000000,0.000000,0.000000,,,,,,,,,,,,
407427,,,,,,,,,,,0.000000,0.000000,0.000000,0.000000,0.000000,0.000000,,,,,,,,,,,,
407432,,,,,,,,,,,0.000000,0.000000,0.000000,0.000000,0.000000,0.000000,,,,,,,,,,,,
407437,,,,,,,,,,,0.000000,0.000000,0.000000,0.000000,0.000000,0.000000,,,,,,,,,,,,
407442,,,,,,,,,,,0.000000,0.000000,0.000000,0.000000,0.000000,0.000000,,,,,,,,,,,,
407447,,,,,,,,,,,0.000000,0.000000,0.000000,0.000000,0.000000,0.000000,,,,,,,,,,,,
407452,,,,,,,,,,,0.000000,0.000000,0.000000,0.000000,0.000000,0.000000,,,,,,,,,,,,
407457,,,,,,,,,,,0.000000,0.000000,0.000000,0.000000,0.000000,0.000000,,,,,,,,,,,,
407462,,,,,,,,,,,0.000000,0.000000,0.000000,0.000000,0.000000,0.000000,,,,,,,,,,,,
407471,,,,,,,,,,,0.000000,0.000000,,,0.000000,0.000000,,,,,,,,,,,,
407472,,,,,,,,,,,0.000000,0.000000,0.000000,0.000000,0.000000,0.000000,,,,,,,,,,,,
407477,,,,,,,,,,,0.000000,0.000000,0.000000,0.000000,0.000000,0.000000,,,,,,,,,,,,
407482,,,,,,,,,,,0.000000,0.000000,0.000000,0.000000,0.000000,0.000000,,,,,,,,,,,,
407487,,,,,,,,,,,0.000000,0.000000,0.000000,0.000000,0.000000,0.000000,,,,,,,,,,,,
407492,,,,,,,,,,,0.000000,0.000000,0.000000,0.000000,0.000000,0.000000,,,,,,,,,,,,
407497,,,,,,,,,,,0.000000,0.000000,0.000000,0.000000,0.000000,0.000000,,,,,,,,,,,,
407502,,,,,,,,,,,0.000000,0.000000,0.000000,0.000000,0.000000,0.000000,,,,,,,,,,,,
407507,,,,,,,,,,,0.000000,0.000000,0.000000,0.000000,0.000000,0.000000,,,,,,,,,,,,
407512,,,,,,,,,,,0.000000,0.000000,0.000000,0.000000,0.000000,0.000000,,,,,,,,,,,,
407517,,,,,,,,,,,0.000000,0.000000,0.000000,0.000000,0.000000,0.000000,,,,,,,,,,,,
407522,,,,,,,,,,,0.000000,0.000000,0.000000,0.000000,0.000000,0.000000,,,,,,,,,,,,
407532,,,,,,,,,,,0.000000,0.000000,0.000000,0.000000,0.000000,0.000000,,,,,,,,,,,,
407537,,,,,,,,,,,0.000000,0.000000,0.000000,0.000000,0.000000,0.000000,,,,,,,,,,,,
407542,,,,,,,,,,,0.000000,0.000000,0.000000,0.000000,0.000000,0.000000,,,,,,,,,,,,
407547,,,,,,,,,,,0.000000,0.000000,0.000000,0.000000,0.000000,0.000000,,,,,,,,,,,,
407552,,,,,,,,,,,0.000000,0.000000,0.000000,0.000000,0.000000,0.000000,,,,,,,,,,,,
407557,,,,,,,,,,,0.000000,0.000000,0.000000,0.000000,0.000000,0.000000,,,,,,,,,,,,
407562,,,,,,,,,,,0.000000,0.000000,0.000000,0.000000,0.000000,0.000000,,,,,,,,,,,,
407567,,,,,,,,,,,0.000000,0.000000,0.000000,0.000000,0.000000,0.000000,,,,,,,,,,,,
407572,,,,,,,,,,,0.000000,0.000000,0.000000,0.000000,0.000000,0.000000,,,,,,,,,,,,
407577,,,,,,,,,,,0.000000,0.000000,0.000000,0.000000,0.000000,0.000000,,,,,,,,,,,,
407582,,,,,,,,,,,0.000000,0.000000,0.000000,0.000000,0.000000,0.000000,,,,,,,,,,,,
407593,,,,,,,,,,,0.000000,0.000000,0.000000,0.000000,0.000000,0.000000,,,,,,,,,,,,
407597,,,,,,,,,,,0.000000,0.000000,0.000000,0.000000,0.000000,0.000000,,,,,,,,,,,,
407602,,,,,,,,,,,0.000000,0.000000,0.000000,0.000000,0.000000,0.000000,,,,,,,,,,,,
407607,,,,,,,,,,,0.000000,0.000000,0.000000,0.000000,0.000000,0.000000,,,,,,,,,,,,
407612,,,,,,,,,,,0.000000,0.000000,0.000000,0.000000,0.000000,0.000000,,,,,,,,,,,,
407617,,,,,,,,,,,0.000000,0.000000,0.000000,0.000000,0.000000,0.000000,,,,,,,,,,,,
407622,,,,,,,,,,,0.000000,0.000000,0.000000,0.000000,0.000000,0.000000,,,,,,,,,,,,
407627,,,,,,,,,,,0.000000,0.000000,0.000000,0.000000,0.000000,0.000000,,,,,,,,,,,,
407632,,,,,,,,,,,0.000000,0.000000,0.000000,0.000000,0.000000,0.000000,,,,,,,,,,,,
407637,,,,,,,,,,,0.000000,0.000000,0.000000,0.000000,0.000000,0.000000,,,,,,,,,,,,
407642,,,,,,,,,,,0.000000,0.000000,0.000000,0.000000,0.000000,0.000000,,,,,,,,,,,,
407647,,,,,,,,,,,0.000000,0.000000,0.000000,0.000000,0.000000,0.000000,,,,,,,,,,,,
407652,,,,,,,,,,,0.000000,0.000000,0.000000,0.000000,0.000000,0.000000,,,,,,,,,,,,
407657,,,,,,,,,,,0.000000,0.000000,0.000000,0.000000,0.000000,0.000000,,,,,,,,,,,,
407662,,,,,,,,,,,0.000000,0.000000,0.000000,0.000000,0.000000,0.000000,,,,,,,,,,,,
407670,,,,,,,,,,,0.000000,0.000000,0.000000,0.000000,0.000000,0.000000,,,,,,,,,,,,
407672,,,,,,,,,,,0.000000,0.000000,0.000000,0.000000,0.000000,0.000000,,,,,,,,,,,,
407677,,,,,,,,,,,0.000000,0.000000,0.000000,0.000000,0.000000,0.000000,,,,,,,,,,,,
407682,,,,,,,,,,,0.000000,0.000000,0.000000,0.000000,0.000000,0.000000,,,,,,,,,,,,
407687,,,,,,,,,,,0.000000,0.000000,0.000000,0.000000,0.000000,0.000000,,,,,,,,,,,,
407692,,,,,,,,,,,0.000000,0.000000,0.000000,0.000000,0.000000,0.000000,,,,,,,,,,,,
407697,,,,,,,,,,,0.000000,0.000000,0.000000,0.000000,0.000000,0.000000,,,,,,,,,,,,
407702,,,,,,,,,,,0.000000,0.000000,0.000000,0.000000,0.000000,0.000000,,,,,,,,,,,,
407707,,,,,,,,,,,0.000000,0.000000,0.000000,0.000000,0.000000,0.000000,,,,,,,,,,,,
407712,,,,,,,,,,,0.000000,0.000000,0.000000,0.000000,0.000000,0.000000,,,,,,,,,,,,
407717,,,,,,,,,,,0.000000,0.000000,0.000000,0.000000,0.000000,0.000000,,,,,,,,,,,,
407722,,,,,,,,,,,0.000000,0.000000,0.000000,0.000000,0.000000,0.000000,,,,,,,,,,,,
407739,,,,,,,,,,,0.000000,0.000000,0.000000,0.000000,0.000000,0.000000,,,,,,,,,,,,
407742,,,,,,,,,,,0.000000,0.000000,0.000000,0.000000,0.000000,0.000000,,,,,,,,,,,,
407747,,,,,,,,,,,0.000000,0.000000,0.000000,0.000000,0.000000,0.000000,,,,,,,,,,,,
407752,,,,,,,,,,,0.000000,0.000000,0.000000,0.000000,0.000000,0.000000,,,,,,,,,,,,
407757,,,,,,,,,,,0.000000,0.000000,0.000000,0.000000,0.000000,0.000000,,,,,,,,,,,,
407762,,,,,,,,,,,0.000000,0.000000,0.000000,0.000000,0.000000,0.000000,,,,,,,,,,,,
407767,,,,,,,,,,,0.000000,0.000000,0.000000,0.000000,0.000000,0.000000,,,,,,,,,,,,
407772,,,,,,,,,,,0.000000,0.000000,0.000000,0.000000,0.000000,0.000000,,,,,,,,,,,,
407777,,,,,,,,,,,0.000000,0.000000,0.000000,0.000000,0.000000,0.000000,,,,,,,,,,,,
407782,,,,,,,,,,,0.000000,0.000000,0.000000,0.000000,0.000000,0.000000,,,,,,,,,,,,
407793,,,,,,,,,,,0.000000,0.000000,0.000000,0.000000,0.000000,0.000000,,,,,,,,,,,,
407794,,,,,,,,,,,0.000000,0.000000,0.000000,0.000000,0.000000,0.000000,,,,,,,,,,,,
407797,,,,,,,,,,,0.000000,0.000000,0.000000,0.000000,0.000000,0.000000,,,,,,,,,,,,
407802,,,,,,,,,,,0.000000,0.000000,0.000000,0.000000,0.000000,0.000000,,,,,,,,,,,,
407807,,,,,,,,,,,0.000000,0.000000,0.000000,0.000000,0.000000,0.000000,,,,,,,,,,,,
407812,,,,,,,,,,,0.000000,0.000000,0.000000,0.000000,0.000000,0.000000,,,,,,,,,,,,
407817,,,,,,,,,,,0.000000,0.000000,0.000000,0.000000,0.000000,0.000000,,,,,,,,,,,,
407822,,,,,,,,,,,0.000000,0.000000,0.000000,0.000000,0.000000,0.000000,,,,,,,,,,,,
407827,,,,,,,,,,,0.000000,0.000000,0.000000,0.000000,0.000000,0.000000,,,,,,,,,,,,
407832,,,,,,,,,,,0.000000,0.000000,0.000000,0.000000,0.000000,0.000000,,,,,,,,,,,,
407837,,,,,,,,,,,0.000000,0.000000,0.000000,0.000000,0.000000,0.000000,,,,,,,,,,,,
407842,,,,,,,,,,,0.000000,0.000000,0.000000,0.000000,0.000000,0.000000,,,,,,,,,,,,
407847,,,,,,,,,,,0.000000,0.000000,0.000000,0.000000,0.000000,0.000000,,,,,,,,,,,,
407852,,,,,,,,,,,0.000000,0.000000,0.000000,0.000000,0.000000,0.000000,,,,,,,,,,,,
407857,,,,,,,,,,,0.000000,0.000000,0.000000,0.000000,0.000000,0.000000,,,,,,,,,,,,
407862,,,,,,,,,,,0.000000,0.000000,0.000000,0.000000,0.000000,0.000000,,,,,,,,,,,,
407873,,,,,,,,,,,0.000000,0.000000,0.000000,0.000000,0.000000,0.000000,,,,,,,,,,,,
407874,,,,,,,,,,,,,0.000000,0.000000,0.000000,0.000000,,,,,,,,,,,,
407877,,,,,,,,,,,0.000000,0.000000,0.000000,0.000000,0.000000,0.000000,,,,,,,,,,,,
407882,,,,,,,,,,,0.000000,0.000000,0.000000,0.000000,0.000000,0.000000,,,,,,,,,,,,
407887,,,,,,,,,,,0.000000,0.000000,0.000000,0.000000,0.000000,0.000000,,,,,,,,,,,,
407892,,,,,,,,,,,0.000000,0.000000,0.000000,0.000000,0.000000,0.000000,,,,,,,,,,,,
407897,,,,,,,,,,,0.000000,0.000000,0.000000,0.000000,0.000000,0.000000,,,,,,,,,,,,
407902,,,,,,,,,,,0.000000,0.000000,0.000000,0.000000,0.000000,0.000000,,,,,,,,,,,,
407907,,,,,,,,,,,0.000000,0.000000,0.000000,0.000000,0.000000,0.000000,,,,,,,,,,,,
407912,,,,,,,,,,,0.000000,0.000000,0.000000,0.000000,0.000000,0.000000,,,,,,,,,,,,
407917,,,,,,,,,,,0.000000,0.000000,0.000000,0.000000,0.000000,0.000000,,,,,,,,,,,,
407922,,,,,,,,,,,0.000000,0.000000,0.000000,0.000000,0.000000,0.000000,,,,,,,,,,,,
407933,,,,,,,,,,,0.000000,0.000000,0.000000,0.000000,0.000000,0.000000,,,,,,,,,,,,
407937,,,,,,,,,,,0.000000,0.000000,0.000000,0.000000,0.000000,0.000000,,,,,,,,,,,,
407942,,,,,,,,,,,0.000000,0.000000,0.000000,0.000000,0.000000,0.000000,,,,,,,,,,,,
407947,,,,,,,,,,,0.000000,0.000000,0.000000,0.000000,0.000000,0.000000,,,,,,,,,,,,
407952,,,,,,,,,,,0.000000,0.000000,0.000000,0.000000,0.000000,0.000000,,,,,,,,,,,,
407957,,,,,,,,,,,0.000000,0.000000,0.000000,0.000000,0.000000,0.000000,,,,,,,,,,,,
407962,,,,,,,,,,,0.000000,0.000000,0.000000,0.000000,0.000000,0.000000,,,,,,,,,,,,
407967,,,,,,,,,,,0.000000,0.000000,0.000000,0.000000,0.000000,0.000000,,,,,,,,,,,,
407972,,,,,,,,,,,0.000000,0.000000,0.000000,0.000000,0.000000,0.000000,,,,,,,,,,,,
407977,,,,,,,,,,,0.000000,0.000000,0.000000,0.000000,0.000000,0.000000,,,,,,,,,,,,
407982,,,,,,,,,,,0.000000,0.000000,0.000000,0.000000,0.000000,0.000000,,,,,,,,,,,,
407993,,,,,,,,,,,0.000000,0.000000,0.000000,0.000000,0.000000,0.000000,,,,,,,,,,,,
407997,,,,,,,,,,,0.000000,0.000000,0.000000,0.000000,0.000000,0.000000,,,,,,,,,,,,
408002,,,,,,,,,,,0.000000,0.000000,0.000000,0.000000,0.000000,0.000000,,,,,,,,,,,,
408007,,,,,,,,,,,0.000000,0.000000,0.000000,0.000000,0.000000,0.000000,,,,,,,,,,,,
408012,,,,,,,,,,,0.000000,0.000000,0.000000,0.000000,0.000000,0.000000,,,,,,,,,,,,
408017,,,,,,,,,,,0.000000,0.000000,0.000000,0.000000,0.000000,0.000000,,,,,,,,,,,,
408022,,,,,,,,,,,0.000000,0.000000,0.000000,0.000000,0.000000,0.000000,,,,,,,,,,,,
408027,,,,,,,,,,,0.000000,0.000000,0.000000,0.000000,0.000000,0.000000,,,,,,,,,,,,
408032,,,,,,,,,,,0.000000,0.000000,0.000000,0.000000,0.000000,0.000000,,,,,,,,,,,,
408037,,,,,,,,,,,0.000000,0.000000,0.000000,0.000000,0.000000,0.000000,,,,,,,,,,,,
408042,,,,,,,,,,,0.000000,0.000000,0.000000,0.000000,0.000000,0.000000,,,,,,,,,,,,
408053,,,,,,,,,,,0.000000,0.000000,0.000000,0.000000,0.000000,0.000000,,,,,,,,,,,,
408057,,,,,,,,,,,0.000000,0.000000,0.000000,0.000000,0.000000,0.000000,,,,,,,,,,,,
408062,,,,,,,,,,,0.000000,0.000000,0.000000,0.000000,0.000000,0.000000,,,,,,,,,,,,
408067,,,,,,,,,,,0.000000,0.000000,0.000000,0.000000,0.000000,0.000000,,,,,,,,,,,,
408072,,,,,,,,,,,0.000000,0.000000,0.000000,0.000000,0.000000,0.000000,,,,,,,,,,,,
408077,,,,,,,,,,,0.000000,0.000000,0.000000,0.000000,0.000000,0.000000,,,,,,,,,,,,
408082,,,,,,,,,,,0.000000,0.000000,0.000000,0.000000,0.000000,0.000000,,,,,,,,,,,,
408087,,,,,,,,,,,0.000000,0.000000,0.000000,0.000000,0.000000,0.000000,,,,,,,,,,,,
408092,,,,,,,,,,,0.000000,0.000000,0.000000,0.000000,0.000000,0.000000,,,,,,,,,,,,
408097,,,,,,,,,,,0.000000,0.000000,0.000000,0.000000,0.000000,0.000000,,,,,,,,,,,,
408102,,,,,,,,,,,0.000000,0.000000,0.000000,0.000000,0.000000,0.000000,,,,,,,,,,,,
408107,,,,,,,,,,,0.000000,0.000000,0.000000,0.000000,0.000000,0.000000,,,,,,,,,,,,
408112,,,,,,,,,,,0.000000,0.000000,0.000000,0.000000,0.000000,0.000000,,,,,,,,,,,,
408117,,,,,,,,,,,0.000000,0.000000,0.000000,0.000000,0.000000,0.000000,,,,,,,,,,,,
408122,,,,,,,,,,,0.000000,0.000000,0.000000,0.000000,0.000000,0.000000,,,,,,,,,,,,
408135,,,,,,,,,,,0.000000,0.000000,0.000000,0.000000,0.000000,0.000000,,,,,,,,,,,,
408137,,,,,,,,,,,0.000000,0.000000,0.000000,0.000000,0.000000,0.000000,,,,,,,,,,,,
408142,,,,,,,,,,,0.000000,0.000000,0.000000,0.000000,0.000000,0.000000,,,,,,,,,,,,
408147,,,,,,,,,,,0.000000,0.000000,0.000000,0.000000,0.000000,0.000000,,,,,,,,,,,,
408152,,,,,,,,,,,0.000000,0.000000,0.000000,0.000000,0.000000,0.000000,,,,,,,,,,,,
408157,,,,,,,,,,,0.000000,0.000000,0.000000,0.000000,0.000000,0.000000,,,,,,,,,,,,
408162,,,,,,,,,,,0.000000,0.000000,0.000000,0.000000,0.000000,0.000000,,,,,,,,,,,,
408167,,,,,,,,,,,0.000000,0.000000,0.000000,0.000000,0.000000,0.000000,,,,,,,,,,,,
408172,,,,,,,,,,,0.000000,0.000000,0.000000,0.000000,0.000000,0.000000,,,,,,,,,,,,
408177,,,,,,,,,,,0.000000,0.000000,0.000000,0.000000,0.000000,0.000000,,,,,,,,,,,,
408182,,,,,,,,,,,0.000000,0.000000,0.000000,0.000000,0.000000,0.000000,,,,,,,,,,,,
408193,,,,,,,,,,,0.000000,0.000000,0.000000,0.000000,0.000000,0.000000,,,,,,,,,,,,
408197,,,,,,,,,,,0.000000,0.000000,0.000000,0.000000,0.000000,0.000000,,,,,,,,,,,,
408202,,,,,,,,,,,0.000000,0.000000,0.000000,0.000000,0.000000,0.000000,,,,,,,,,,,,
408207,,,,,,,,,,,0.000000,0.000000,0.000000,0.000000,0.000000,0.000000,,,,,,,,,,,,
408212,,,,,,,,,,,0.000000,0.000000,0.000000,0.000000,0.000000,0.000000,,,,,,,,,,,,
408217,,,,,,,,,,,0.000000,0.000000,0.000000,0.000000,0.000000,0.000000,,,,,,,,,,,,
408222,,,,,,,,,,,0.000000,0.000000,0.000000,0.000000,0.000000,0.000000,,,,,,,,,,,,
408227,,,,,,,,,,,0.000000,0.000000,0.000000,0.000000,0.000000,0.000000,,,,,,,,,,,,
408232,,,,,,,,,,,0.000000,0.000000,0.000000,0.000000,0.000000,0.000000,,,,,,,,,,,,
408237,,,,,,,,,,,0.000000,0.000000,0.000000,0.000000,0.000000,0.000000,,,,,,,,,,,,
408242,,,,,,,,,,,0.000000,0.000000,0.000000,0.000000,0.000000,0.000000,,,,,,,,,,,,
408255,,,,,,,,,,,0.000000,0.000000,0.000000,0.000000,0.000000,0.000000,,,,,,,,,,,,
408257,,,,,,,,,,,0.000000,0.000000,0.000000,0.000000,0.000000,0.000000,,,,,,,,,,,,
408262,,,,,,,,,,,0.000000,0.000000,0.000000,0.000000,0.000000,0.000000,,,,,,,,,,,,
408267,,,,,,,,,,,0.000000,0.000000,0.000000,0.000000,0.000000,0.000000,,,,,,,,,,,,
408272,,,,,,,,,,,0.000000,0.000000,0.000000,0.000000,0.000000,0.000000,,,,,,,,,,,,
408277,,,,,,,,,,,0.000000,0.000000,0.000000,0.000000,0.000000,0.000000,,,,,,,,,,,,
408282,,,,,,,,,,,0.000000,0.000000,0.000000,0.000000,0.000000,0.000000,,,,,,,,,,,,
408287,,,,,,,,,,,0.000000,0.000000,0.000000,0.000000,0.000000,0.000000,,,,,,,,,,,,
408292,,,,,,,,,,,0.000000,0.000000,0.000000,0.000000,0.000000,0.000000,,,,,,,,,,,,
408297,,,,,,,,,,,0.000000,0.000000,0.000000,0.000000,0.000000,0.000000,,,,,,,,,,,,
408302,,,,,,,,,,,0.000000,0.000000,0.000000,0.000000,0.000000,0.000000,,,,,,,,,,,,
408307,,,,,,,,,,,0.000000,0.000000,0.000000,0.000000,0.000000,0.000000,,,,,,,,,,,,
408312,,,,,,,,,,,0.000000,0.000000,0.000000,0.000000,0.000000,0.000000,,,,,,,,,,,,
408317,,,,,,,,,,,0.000000,0.000000,0.000000,0.000000,0.000000,0.000000,,,,,,,,,,,,
408322,,,,,,,,,,,0.000000,0.000000,0.000000,0.000000,0.000000,0.000000,,,,,,,,,,,,
408333,,,,,,,,,,,0.000000,0.000000,0.000000,0.000000,0.000000,0.000000,,,,,,,,,,,,
408337,,,,,,,,,,,0.000000,0.000000,0.000000,0.000000,0.000000,0.000000,,,,,,,,,,,,
408342,,,,,,,,,,,0.000000,0.000000,0.000000,0.000000,0.000000,0.000000,,,,,,,,,,,,
408347,,,,,,,,,,,0.000000,0.000000,0.000000,0.000000,0.000000,0.000000,,,,,,,,,,,,
408352,,,,,,,,,,,0.000000,0.000000,0.000000,0.000000,0.000000,0.000000,,,,,,,,,,,,
408357,,,,,,,,,,,0.000000,0.000000,0.000000,0.000000,0.000000,0.000000,,,,,,,,,,,,
408362,,,,,,,,,,,0.000000,0.000000,0.000000,0.000000,0.000000,0.000000,,,,,,,,,,,,
408367,,,,,,,,,,,0.000000,0.000000,0.000000,0.000000,0.000000,0.000000,,,,,,,,,,,,
408372,,,,,,,,,,,0.000000,0.000000,0.000000,0.000000,0.000000,0.000000,,,,,,,,,,,,
408377,,,,,,,,,,,0.000000,0.000000,0.000000,0.000000,0.000000,0.000000,,,,,,,,,,,,
408382,,,,,,,,,,,0.000000,0.000000,0.000000,0.000000,0.000000,0.000000,,,,,,,,,,,,
408393,,,,,,,,,,,0.000000,0.000000,0.000000,0.000000,0.000000,0.000000,,,,,,,,,,,,
408394,,,,,,,,,,,0.000000,0.000000,0.000000,0.000000,0.000000,0.000000,,,,,,,,,,,,
408397,,,,,,,,,,,0.000000,0.000000,0.000000,0.000000,0.000000,0.000000,,,,,,,,,,,,
408402,,,,,,,,,,,0.000000,0.000000,0.000000,0.000000,0.000000,0.000000,,,,,,,,,,,,
408407,,,,,,,,,,,0.000000,0.000000,0.000000,0.000000,0.000000,0.000000,,,,,,,,,,,,
408412,,,,,,,,,,,0.000000,0.000000,0.000000,0.000000,0.000000,0.000000,,,,,,,,,,,,
408417,,,,,,,,,,,0.000000,0.000000,0.000000,0.000000,0.000000,0.000000,,,,,,,,,,,,
408422,,,,,,,,,,,0.000000,0.000000,0.000000,0.000000,0.000000,0.000000,,,,,,,,,,,,
408427,,,,,,,,,,,0.000000,0.000000,0.000000,0.000000,0.000000,0.000000,,,,,,,,,,,,
408432,,,,,,,,,,,0.000000,0.000000,0.000000,0.000000,0.000000,0.000000,,,,,,,,,,,,
408437,,,,,,,,,,,0.000000,0.000000,0.000000,0.000000,0.000000,0.000000,,,,,,,,,,,,
408442,,,,,,,,,,,0.000000,0.000000,0.000000,0.000000,0.000000,0.000000,,,,,,,,,,,,
408453,,,,,,,,,,,0.000000,0.000000,0.000000,0.000000,0.000000,0.000000,,,,,,,,,,,,
408457,,,,,,,,,,,0.000000,0.000000,0.000000,0.000000,0.000000,0.000000,,,,,,,,,,,,
408462,,,,,,,,,,,0.000000,0.000000,0.000000,0.000000,0.000000,0.000000,,,,,,,,,,,,
408467,,,,,,,,,,,0.000000,0.000000,0.000000,0.000000,0.000000,0.000000,,,,,,,,,,,,
408472,,,,,,,,,,,0.000000,0.000000,0.000000,0.000000,0.000000,0.000000,,,,,,,,,,,,
408477,,,,,,,,,,,0.000000,0.000000,0.000000,0.000000,0.000000,0.000000,,,,,,,,,,,,
408482,,,,,,,,,,,0.000000,0.000000,0.000000,0.000000,0.000000,0.000000,,,,,,,,,,,,
408487,,,,,,,,,,,0.000000,0.000000,0.000000,0.000000,0.000000,0.000000,,,,,,,,,,,,
408492,,,,,,,,,,,0.000000,0.000000,0.000000,0.000000,0.000000,0.000000,,,,,,,,,,,,
408497,,,,,,,,,,,0.000000,0.000000,0.000000,0.000000,0.000000,0.000000,,,,,,,,,,,,
408502,,,,,,,,,,,0.000000,0.000000,0.000000,0.000000,0.000000,0.000000,,,,,,,,,,,,
408513,,,,,,,,,,,0.000000,0.000000,0.000000,0.000000,0.000000,0.000000,,,,,,,,,,,,
408517,,,,,,,,,,,0.000000,0.000000,0.000000,0.000000,0.000000,0.000000,,,,,,,,,,,,
408522,,,,,,,,,,,0.000000,0.000000,0.000000,0.000000,0.000000,0.000000,,,,,,,,,,,,
408527,,,,,,,,,,,0.000000,0.000000,0.000000,0.000000,0.000000,0.000000,,,,,,,,,,,,
408532,,,,,,,,,,,0.000000,0.000000,0.000000,0.000000,0.000000,0.000000,,,,,,,,,,,,
408537,,,,,,,,,,,0.000000,0.000000,0.000000,0.000000,0.000000,0.000000,,,,,,,,,,,,
408542,,,,,,,,,,,0.000000,0.000000,0.000000,0.000000,0.000000,0.000000,,,,,,,,,,,,
408547,,,,,,,,,,,0.000000,0.000000,0.000000,0.000000,0.000000,0.000000,,,,,,,,,,,,
408552,,,,,,,,,,,0.000000,0.000000,0.000000,0.000000,0.000000,0.000000,,,,,,,,,,,,
408557,,,,,,,,,,,0.000000,0.000000,0.000000,0.000000,0.000000,0.000000,,,,,,,,,,,,
408562,,,,,,,,,,,0.000000,0.000000,0.000000,0.000000,0.000000,0.000000,,,,,,,,,,,,
408567,,,,,,,,,,,0.000000,0.000000,0.000000,0.000000,0.000000,0.000000,,,,,,,,,,,,
408572,,,,,,,,,,,0.000000,0.000000,0.000000,0.000000,0.000000,0.000000,,,,,,,,,,,,
408577,,,,,,,,,,,0.000000,0.000000,0.000000,0.000000,0.000000,0.000000,,,,,,,,,,,,
408582,,,,,,,,,,,0.000000,0.000000,0.000000,0.000000,0.000000,0.000000,,,,,,,,,,,,
408593,,,,,,,,,,,0.000000,0.000000,0.000000,0.000000,0.000000,0.000000,,,,,,,,,,,,
408597,,,,,,,,,,,0.000000,0.000000,0.000000,0.000000,0.000000,0.000000,,,,,,,,,,,,
408602,,,,,,,,,,,0.000000,0.000000,0.000000,0.000000,0.000000,0.000000,,,,,,,,,,,,
408607,,,,,,,,,,,0.000000,0.000000,0.000000,0.000000,0.000000,0.000000,,,,,,,,,,,,
408612,,,,,,,,,,,0.000000,0.000000,0.000000,0.000000,0.000000,0.000000,,,,,,,,,,,,
408617,,,,,,,,,,,0.000000,0.000000,0.000000,0.000000,0.000000,0.000000,,,,,,,,,,,,
408622,,,,,,,,,,,0.000000,0.000000,0.000000,0.000000,0.000000,0.000000,,,,,,,,,,,,
408627,,,,,,,,,,,0.000000,0.000000,0.000000,0.000000,0.000000,0.000000,,,,,,,,,,,,
408632,,,,,,,,,,,0.000000,0.000000,0.000000,0.000000,0.000000,0.000000,,,,,,,,,,,,
408637,,,,,,,,,,,0.000000,0.000000,0.000000,0.000000,0.000000,0.000000,,,,,,,,,,,,
408642,,,,,,,,,,,0.000000,0.000000,0.000000,0.000000,0.000000,0.000000,,,,,,,,,,,,
408653,,,,,,,,,,,0.000000,0.000000,0.000000,0.000000,0.000000,0.000000,,,,,,,,,,,,
408657,,,,,,,,,,,0.000000,0.000000,0.000000,0.000000,0.000000,0.000000,,,,,,,,,,,,
408662,,,,,,,,,,,0.000000,0.000000,0.000000,0.000000,0.000000,0.000000,,,,,,,,,,,,
408667,,,,,,,,,,,0.000000,0.000000,0.000000,0.000000,0.000000,0.000000,,,,,,,,,,,,
408672,,,,,,,,,,,0.000000,0.000000,0.000000,0.000000,0.000000,0.000000,,,,,,,,,,,,
408677,,,,,,,,,,,0.000000,0.000000,0.000000,0.000000,0.000000,0.000000,,,,,,,,,,,,
408682,,,,,,,,,,,0.000000,0.000000,0.000000,0.000000,0.000000,0.000000,,,,,,,,,,,,
408687,,,,,,,,,,,0.000000,0.000000,0.000000,0.000000,0.000000,0.000000,,,,,,,,,,,,
408692,,,,,,,,,,,0.000000,0.000000,0.000000,0.000000,0.000000,0.000000,,,,,,,,,,,,
408697,,,,,,,,,,,0.000000,0.000000,0.000000,0.000000,0.000000,0.000000,,,,,,,,,,,,
408702,,,,,,,,,,,0.000000,0.000000,0.000000,0.000000,0.000000,0.000000,,,,,,,,,,,,
408713,,,,,,,,,,,0.000000,0.000000,0.000000,0.000000,0.000000,0.000000,,,,,,,,,,,,
408714,,,,,,,,,,,0.000000,0.000000,0.000000,0.000000,0.000000,0.000000,,,,,,,,,,,,
408717,,,,,,,,,,,0.000000,0.000000,0.000000,0.000000,0.000000,0.000000,,,,,,,,,,,,
408722,,,,,,,,,,,0.000000,0.000000,0.000000,0.000000,0.000000,0.000000,,,,,,,,,,,,
408727,,,,,,,,,,,0.000000,0.000000,0.000000,0.000000,0.000000,0.000000,,,,,,,,,,,,
408732,,,,,,,,,,,0.000000,0.000000,0.000000,0.000000,0.000000,0.000000,,,,,,,,,,,,
408737,,,,,,,,,,,0.000000,0.000000,0.000000,0.000000,0.000000,0.000000,,,,,,,,,,,,
408742,,,,,,,,,,,0.000000,0.000000,0.000000,0.000000,0.000000,0.000000,,,,,,,,,,,,
408747,,,,,,,,,,,0.000000,0.000000,0.000000,0.000000,0.000000,0.000000,,,,,,,,,,,,
408752,,,,,,,,,,,0.000000,0.000000,0.000000,0.000000,0.000000,0.000000,,,,,,,,,,,,
408757,,,,,,,,,,,0.000000,0.000000,0.000000,0.000000,0.000000,0.000000,,,,,,,,,,,,
408762,,,,,,,,,,,0.000000,0.000000,0.000000,0.000000,0.000000,0.000000,,,,,,,,,,,,
408767,,,,,,,,,,,0.000000,0.000000,0.000000,0.000000,0.000000,0.000000,,,,,,,,,,,,
408772,,,,,,,,,,,0.000000,0.000000,0.000000,0.000000,0.000000,0.000000,,,,,,,,,,,,
408777,,,,,,,,,,,0.000000,0.000000,0.000000,0.000000,0.000000,0.000000,,,,,,,,,,,,
408782,,,,,,,,,,,0.000000,0.000000,0.000000,0.000000,0.000000,0.000000,,,,,,,,,,,,
408794,,,,,,,,,,,0.000000,0.000000,0.000000,0.000000,0.000000,0.000000,,,,,,,,,,,,
408797,,,,,,,,,,,0.000000,0.000000,0.000000,0.000000,0.000000,0.000000,,,,,,,,,,,,
408802,,,,,,,,,,,0.000000,0.000000,0.000000,0.000000,0.000000,0.000000,,,,,,,,,,,,
408807,,,,,,,,,,,0.000000,0.000000,0.000000,0.000000,0.000000,0.000000,,,,,,,,,,,,
408812,,,,,,,,,,,0.000000,0.000000,0.000000,0.000000,0.000000,0.000000,,,,,,,,,,,,
408817,,,,,,,,,,,0.000000,0.000000,0.000000,0.000000,0.000000,0.000000,,,,,,,,,,,,
408822,,,,,,,,,,,0.000000,0.000000,0.000000,0.000000,0.000000,0.000000,,,,,,,,,,,,
408827,,,,,,,,,,,0.000000,0.000000,0.000000,0.000000,0.000000,0.000000,,,,,,,,,,,,
408832,,,,,,,,,,,0.000000,0.000000,0.000000,0.000000,0.000000,0.000000,,,,,,,,,,,,
408837,,,,,,,,,,,0.000000,0.000000,0.000000,0.000000,0.000000,0.000000,,,,,,,,,,,,
408842,,,,,,,,,,,0.000000,0.000000,0.000000,0.000000,0.000000,0.000000,,,,,,,,,,,,
408853,,,,,,,,,,,0.000000,0.000000,0.000000,0.000000,0.000000,0.000000,,,,,,,,,,,,
408854,,,,,,,,,,,0.000000,0.000000,0.000000,0.000000,0.000000,0.000000,,,,,,,,,,,,
408857,,,,,,,,,,,0.000000,0.000000,0.000000,0.000000,0.000000,0.000000,,,,,,,,,,,,
408862,,,,,,,,,,,0.000000,0.000000,0.000000,0.000000,0.000000,0.000000,,,,,,,,,,,,
408867,,,,,,,,,,,0.000000,0.000000,0.000000,0.000000,0.000000,0.000000,,,,,,,,,,,,
408872,,,,,,,,,,,0.000000,0.000000,0.000000,0.000000,0.000000,0.000000,,,,,,,,,,,,
408877,,,,,,,,,,,0.000000,0.000000,0.000000,0.000000,0.000000,0.000000,,,,,,,,,,,,
408882,,,,,,,,,,,0.000000,0.000000,0.000000,0.000000,0.000000,0.000000,,,,,,,,,,,,
408887,,,,,,,,,,,0.000000,0.000000,0.000000,0.000000,0.000000,0.000000,,,,,,,,,,,,
408892,,,,,,,,,,,0.000000,0.000000,0.000000,0.000000,0.000000,0.000000,,,,,,,,,,,,
408897,,,,,,,,,,,0.000000,0.000000,0.000000,0.000000,0.000000,0.000000,,,,,,,,,,,,
408902,,,,,,,,,,,0.000000,0.000000,0.000000,0.000000,0.000000,0.000000,,,,,,,,,,,,
408913,,,,,,,,,,,0.000000,0.000000,0.000000,0.000000,0.000000,0.000000,,,,,,,,,,,,
408914,,,,,,,,,,,0.000000,0.000000,0.000000,0.000000,0.000000,0.000000,,,,,,,,,,,,
408917,,,,,,,,,,,0.000000,0.000000,0.000000,0.000000,0.000000,0.000000,,,,,,,,,,,,
408922,,,,,,,,,,,0.000000,0.000000,0.000000,0.000000,0.000000,0.000000,,,,,,,,,,,,
408927,,,,,,,,,,,0.000000,0.000000,0.000000,0.000000,0.000000,0.000000,,,,,,,,,,,,
408932,,,,,,,,,,,0.000000,0.000000,0.000000,0.000000,0.000000,0.000000,,,,,,,,,,,,
408937,,,,,,,,,,,0.000000,0.000000,0.000000,0.000000,0.000000,0.000000,,,,,,,,,,,,
408942,,,,,,,,,,,0.000000,0.000000,0.000000,0.000000,0.000000,0.000000,,,,,,,,,,,,
408947,,,,,,,,,,,0.000000,0.000000,0.000000,0.000000,0.000000,0.000000,,,,,,,,,,,,
408952,,,,,,,,,,,0.000000,0.000000,0.000000,0.000000,0.000000,0.000000,,,,,,,,,,,,
408957,,,,,,,,,,,0.000000,0.000000,0.000000,0.000000,0.000000,0.000000,,,,,,,,,,,,
408962,,,,,,,,,,,0.000000,0.000000,0.000000,0.000000,0.000000,0.000000,,,,,,,,,,,,
408973,,,,,,,,,,,0.000000,0.000000,0.000000,0.000000,0.000000,0.000000,,,,,,,,,,,,
408977,,,,,,,,,,,0.000000,0.000000,0.000000,0.000000,0.000000,0.000000,,,,,,,,,,,,
408982,,,,,,,,,,,0.000000,0.000000,0.000000,0.000000,0.000000,0.000000,,,,,,,,,,,,
408987,,,,,,,,,,,0.000000,0.000000,0.000000,0.000000,0.000000,0.000000,,,,,,,,,,,,
408992,,,,,,,,,,,0.000000,0.000000,0.000000,0.000000,0.000000,0.000000,,,,,,,,,,,,
408997,,,,,,,,,,,0.000000,0.000000,0.000000,0.000000,0.000000,0.000000,,,,,,,,,,,,
409002,,,,,,,,,,,0.000000,0.000000,0.000000,0.000000,0.000000,0.000000,,,,,,,,,,,,
409007,,,,,,,,,,,0.000000,0.000000,0.000000,0.000000,0.000000,0.000000,,,,,,,,,,,,
409012,,,,,,,,,,,0.000000,0.000000,0.000000,0.000000,0.000000,0.000000,,,,,,,,,,,,
409017,,,,,,,,,,,0.000000,0.000000,0.000000,0.000000,0.000000,0.000000,,,,,,,,,,,,
409022,,,,,,,,,,,0.000000,0.000000,0.000000,0.000000,0.000000,0.000000,,,,,,,,,,,,
409027,,,,,,,,,,,0.000000,0.000000,0.000000,0.000000,0.000000,0.000000,,,,,,,,,,,,
409032,,,,,,,,,,,0.000000,0.000000,0.000000,0.000000,0.000000,0.000000,,,,,,,,,,,,
409037,,,,,,,,,,,0.000000,0.000000,0.000000,0.000000,0.000000,0.000000,,,,,,,,,,,,
409042,,,,,,,,,,,0.000000,0.000000,0.000000,0.000000,0.000000,0.000000,,,,,,,,,,,,
409053,,,,,,,,,,,0.000000,0.000000,0.000000,0.000000,0.000000,0.000000,,,,,,,,,,,,
409057,,,,,,,,,,,0.000000,0.000000,0.000000,0.000000,0.000000,0.000000,,,,,,,,,,,,
409062,,,,,,,,,,,0.000000,0.000000,0.000000,0.000000,0.000000,0.000000,,,,,,,,,,,,
409067,,,,,,,,,,,0.000000,0.000000,0.000000,0.000000,0.000000,0.000000,,,,,,,,,,,,
409072,,,,,,,,,,,0.000000,0.000000,0.000000,0.000000,0.000000,0.000000,,,,,,,,,,,,
409077,,,,,,,,,,,0.000000,0.000000,0.000000,0.000000,0.000000,0.000000,,,,,,,,,,,,
409082,,,,,,,,,,,0.000000,0.000000,0.000000,0.000000,0.000000,0.000000,,,,,,,,,,,,
409087,,,,,,,,,,,0.000000,0.000000,0.000000,0.000000,0.000000,0.000000,,,,,,,,,,,,
409092,,,,,,,,,,,0.000000,0.000000,0.000000,0.000000,0.000000,0.000000,,,,,,,,,,,,
409097,,,,,,,,,,,0.000000,0.000000,0.000000,0.000000,0.000000,0.000000,,,,,,,,,,,,
409102,,,,,,,,,,,0.000000,0.000000,0.000000,0.000000,0.000000,0.000000,,,,,,,,,,,,
409113,,,,,,,,,,,0.000000,0.000000,0.000000,0.000000,0.000000,0.000000,,,,,,,,,,,,
409114,,,,,,,,,,,0.000000,0.000000,0.000000,0.000000,0.000000,0.000000,,,,,,,,,,,,
409117,,,,,,,,,,,0.000000,0.000000,0.000000,0.000000,0.000000,0.000000,,,,,,,,,,,,
409122,,,,,,,,,,,0.000000,0.000000,0.000000,0.000000,0.000000,0.000000,,,,,,,,,,,,
409127,,,,,,,,,,,0.000000,0.000000,0.000000,0.000000,0.000000,0.000000,,,,,,,,,,,,
409132,,,,,,,,,,,0.000000,0.000000,0.000000,0.000000,0.000000,0.000000,,,,,,,,,,,,
409137,,,,,,,,,,,0.000000,0.000000,0.000000,0.000000,0.000000,0.000000,,,,,,,,,,,,
409142,,,,,,,,,,,0.000000,0.000000,0.000000,0.000000,0.000000,0.000000,,,,,,,,,,,,
409147,,,,,,,,,,,0.000000,0.000000,0.000000,0.000000,0.000000,0.000000,,,,,,,,,,,,
409152,,,,,,,,,,,0.000000,0.000000,0.000000,0.000000,0.000000,0.000000,,,,,,,,,,,,
409157,,,,,,,,,,,0.000000,0.000000,0.000000,0.000000,0.000000,0.000000,,,,,,,,,,,,
409162,,,,,,,,,,,0.000000,0.000000,0.000000,0.000000,0.000000,0.000000,,,,,,,,,,,,
409173,,,,,,,,,,,0.000000,0.000000,0.000000,0.000000,0.000000,0.000000,,,,,,,,,,,,
409174,,,,,,,,,,,0.000000,0.000000,0.000000,0.000000,0.000000,0.000000,,,,,,,,,,,,
409177,,,,,,,,,,,0.000000,0.000000,0.000000,0.000000,0.000000,0.000000,,,,,,,,,,,,
409182,,,,,,,,,,,0.000000,0.000000,0.000000,0.000000,0.000000,0.000000,,,,,,,,,,,,
409187,,,,,,,,,,,0.000000,0.000000,0.000000,0.000000,0.000000,0.000000,,,,,,,,,,,,
409192,,,,,,,,,,,0.000000,0.000000,0.000000,0.000000,0.000000,0.000000,,,,,,,,,,,,
409197,,,,,,,,,,,0.000000,0.000000,0.000000,0.000000,0.000000,0.000000,,,,,,,,,,,,
409202,,,,,,,,,,,0.000000,0.000000,0.000000,0.000000,0.000000,0.000000,,,,,,,,,,,,
409207,,,,,,,,,,,0.000000,0.000000,0.000000,0.000000,0.000000,0.000000,,,,,,,,,,,,
409212,,,,,,,,,,,0.000000,0.000000,0.000000,0.000000,0.000000,0.000000,,,,,,,,,,,,
409217,,,,,,,,,,,0.000000,0.000000,0.000000,0.000000,0.000000,0.000000,,,,,,,,,,,,
409222,,,,,,,,,,,0.000000,0.000000,0.000000,0.000000,0.000000,0.000000,,,,,,,,,,,,
409227,,,,,,,,,,,0.000000,0.000000,0.000000,0.000000,0.000000,0.000000,,,,,,,,,,,,
409232,,,,,,,,,,,0.000000,0.000000,0.000000,0.000000,0.000000,0.000000,,,,,,,,,,,,
409237,,,,,,,,,,,0.000000,0.000000,0.000000,0.000000,0.000000,0.000000,,,,,,,,,,,,
409242,,,,,,,,,,,0.000000,0.000000,0.000000,0.000000,0.000000,0.000000,,,,,,,,,,,,
409253,,,,,,,,,,,0.000000,0.000000,0.000000,0.000000,0.000000,0.000000,,,,,,,,,,,,
409257,,,,,,,,,,,0.000000,0.000000,0.000000,0.000000,0.000000,0.000000,,,,,,,,,,,,
409262,,,,,,,,,,,0.000000,0.000000,0.000000,0.000000,0.000000,0.000000,,,,,,,,,,,,
409267,,,,,,,,,,,0.000000,0.000000,0.000000,0.000000,0.000000,0.000000,,,,,,,,,,,,
409272,,,,,,,,,,,0.000000,0.000000,0.000000,0.000000,0.000000,0.000000,,,,,,,,,,,,
409277,,,,,,,,,,,0.000000,0.000000,0.000000,0.000000,0.000000,0.000000,,,,,,,,,,,,
409282,,,,,,,,,,,0.000000,0.000000,0.000000,0.000000,0.000000,0.000000,,,,,,,,,,,,
409287,,,,,,,,,,,0.000000,0.000000,0.000000,0.000000,0.000000,0.000000,,,,,,,,,,,,
409292,,,,,,,,,,,0.000000,0.000000,0.000000,0.000000,0.000000,0.000000,,,,,,,,,,,,
409297,,,,,,,,,,,0.000000,0.000000,0.000000,0.000000,0.000000,0.000000,,,,,,,,,,,,
409302,,,,,,,,,,,0.000000,0.000000,0.000000,0.000000,0.000000,0.000000,,,,,,,,,,,,
409313,,,,,,,,,,,0.000000,0.000000,0.000000,0.000000,0.000000,0.000000,,,,,,,,,,,,
409314,,,,,,,,,,,0.000000,0.000000,0.000000,0.000000,0.000000,0.000000,,,,,,,,,,,,
409317,,,,,,,,,,,0.000000,0.000000,0.000000,0.000000,0.000000,0.000000,,,,,,,,,,,,
409322,,,,,,,,,,,0.000000,0.000000,0.000000,0.000000,0.000000,0.000000,,,,,,,,,,,,
409327,,,,,,,,,,,0.000000,0.000000,0.000000,0.000000,0.000000,0.000000,,,,,,,,,,,,
409332,,,,,,,,,,,0.000000,0.000000,0.000000,0.000000,0.000000,0.000000,,,,,,,,,,,,
409337,,,,,,,,,,,0.000000,0.000000,0.000000,0.000000,0.000000,0.000000,,,,,,,,,,,,
409342,,,,,,,,,,,0.000000,0.000000,0.000000,0.000000,0.000000,0.000000,,,,,,,,,,,,
409347,,,,,,,,,,,0.000000,0.000000,0.000000,0.000000,0.000000,0.000000,,,,,,,,,,,,
409352,,,,,,,,,,,0.000000,0.000000,0.000000,0.000000,0.000000,0.000000,,,,,,,,,,,,
409357,,,,,,,,,,,0.000000,0.000000,0.000000,0.000000,0.000000,0.000000,,,,,,,,,,,,
409362,,,,,,,,,,,0.000000,0.000000,0.000000,0.000000,0.000000,0.000000,,,,,,,,,,,,
409373,,,,,,,,,,,0.000000,0.000000,0.000000,0.000000,0.000000,0.000000,,,,,,,,,,,,
409374,,,,,,,,,,,0.000000,0.000000,0.000000,0.000000,0.000000,0.000000,,,,,,,,,,,,
409377,,,,,,,,,,,0.000000,0.000000,0.000000,0.000000,0.000000,0.000000,,,,,,,,,,,,
409382,,,,,,,,,,,0.000000,0.000000,0.000000,0.000000,0.000000,0.000000,,,,,,,,,,,,
409387,,,,,,,,,,,0.000000,0.000000,0.000000,0.000000,0.000000,0.000000,,,,,,,,,,,,
409392,,,,,,,,,,,0.000000,0.000000,0.000000,0.000000,0.000000,0.000000,,,,,,,,,,,,
409397,,,,,,,,,,,0.000000,0.000000,0.000000,0.000000,0.000000,0.000000,,,,,,,,,,,,
409402,,,,,,,,,,,0.000000,0.000000,0.000000,0.000000,0.000000,0.000000,,,,,,,,,,,,
409407,,,,,,,,,,,0.000000,0.000000,0.000000,0.000000,0.000000,0.000000,,,,,,,,,,,,
409412,,,,,,,,,,,0.000000,0.000000,0.000000,0.000000,0.000000,0.000000,,,,,,,,,,,,
409417,,,,,,,,,,,0.000000,0.000000,0.000000,0.000000,0.000000,0.000000,,,,,,,,,,,,
409422,,,,,,,,,,,0.000000,0.000000,0.000000,0.000000,0.000000,0.000000,,,,,,,,,,,,
409433,,,,,,,,,,,0.000000,0.000000,,,0.000000,0.000000,,,,,,,,,,,,
409434,,,,,,,,,,,0.000000,0.000000,0.000000,0.000000,0.000000,0.000000,,,,,,,,,,,,
409437,,,,,,,,,,,0.000000,0.000000,0.000000,0.000000,0.000000,0.000000,,,,,,,,,,,,
409442,,,,,,,,,,,0.000000,0.000000,0.000000,0.000000,0.000000,0.000000,,,,,,,,,,,,
409447,,,,,,,,,,,0.000000,0.000000,0.000000,0.000000,0.000000,0.000000,,,,,,,,,,,,
409452,,,,,,,,,,,0.000000,0.000000,0.000000,0.000000,0.000000,0.000000,,,,,,,,,,,,
409457,,,,,,,,,,,0.000000,0.000000,0.000000,0.000000,0.000000,0.000000,,,,,,,,,,,,
409462,,,,,,,,,,,0.000000,0.000000,0.000000,0.000000,0.000000,0.000000,,,,,,,,,,,,
409467,,,,,,,,,,,0.000000,0.000000,0.000000,0.000000,0.000000,0.000000,,,,,,,,,,,,
409472,,,,,,,,,,,0.000000,0.000000,0.000000,0.000000,0.000000,0.000000,,,,,,,,,,,,
409477,,,,,,,,,,,0.000000,0.000000,0.000000,0.000000,0.000000,0.000000,,,,,,,,,,,,
409482,,,,,,,,,,,0.000000,0.000000,0.000000,0.000000,0.000000,0.000000,,,,,,,,,,,,
409487,,,,,,,,,,,0.000000,0.000000,0.000000,0.000000,0.000000,0.000000,,,,,,,,,,,,
409492,,,,,,,,,,,0.000000,0.000000,0.000000,0.000000,0.000000,0.000000,,,,,,,,,,,,
409497,,,,,,,,,,,0.000000,0.000000,0.000000,0.000000,0.000000,0.000000,,,,,,,,,,,,
409502,,,,,,,,,,,0.000000,0.000000,0.000000,0.000000,0.000000,0.000000,,,,,,,,,,,,
409513,,,,,,,,,,,0.000000,0.000000,0.000000,0.000000,0.000000,0.000000,,,,,,,,,,,,
409517,,,,,,,,,,,0.000000,0.000000,0.000000,0.000000,0.000000,0.000000,,,,,,,,,,,,
409522,,,,,,,,,,,0.000000,0.000000,0.000000,0.000000,0.000000,0.000000,,,,,,,,,,,,
409527,,,,,,,,,,,0.000000,0.000000,0.000000,0.000000,0.000000,0.000000,,,,,,,,,,,,
409532,,,,,,,,,,,0.000000,0.000000,0.000000,0.000000,0.000000,0.000000,,,,,,,,,,,,
409537,,,,,,,,,,,0.000000,0.000000,0.000000,0.000000,0.000000,0.000000,,,,,,,,,,,,
409542,,,,,,,,,,,0.000000,0.000000,0.000000,0.000000,0.000000,0.000000,,,,,,,,,,,,
409547,,,,,,,,,,,0.000000,0.000000,0.000000,0.000000,0.000000,0.000000,,,,,,,,,,,,
409552,,,,,,,,,,,0.000000,0.000000,0.000000,0.000000,0.000000,0.000000,,,,,,,,,,,,
409557,,,,,,,,,,,0.000000,0.000000,0.000000,0.000000,0.000000,0.000000,,,,,,,,,,,,
409562,,,,,,,,,,,0.000000,0.000000,0.000000,0.000000,0.000000,0.000000,,,,,,,,,,,,
409585,,,,,,,,,,,0.000000,0.000000,0.000000,0.000000,0.000000,0.000000,,,,,,,,,,,,
409587,,,,,,,,,,,0.000000,0.000000,0.000000,0.000000,0.000000,0.000000,,,,,,,,,,,,
409592,,,,,,,,,,,0.000000,0.000000,0.000000,0.000000,0.000000,0.000000,,,,,,,,,,,,
409597,,,,,,,,,,,0.000000,0.000000,0.000000,0.000000,0.000000,0.000000,,,,,,,,,,,,
409602,,,,,,,,,,,0.000000,0.000000,0.000000,0.000000,0.000000,0.000000,,,,,,,,,,,,
409607,,,,,,,,,,,0.000000,0.000000,0.000000,0.000000,0.000000,0.000000,,,,,,,,,,,,
409612,,,,,,,,,,,0.000000,0.000000,0.000000,0.000000,0.000000,0.000000,,,,,,,,,,,,
409617,,,,,,,,,,,0.000000,0.000000,0.000000,0.000000,0.000000,0.000000,,,,,,,,,,,,
409622,,,,,,,,,,,0.000000,0.000000,0.000000,0.000000,0.000000,0.000000,,,,,,,,,,,,
409633,,,,,,,,,,,0.000000,0.000000,0.000000,0.000000,0.000000,0.000000,,,,,,,,,,,,
409637,,,,,,,,,,,0.000000,0.000000,0.000000,0.000000,0.000000,0.000000,,,,,,,,,,,,
409642,,,,,,,,,,,0.000000,0.000000,0.000000,0.000000,0.000000,0.000000,,,,,,,,,,,,
409647,,,,,,,,,,,0.000000,0.000000,0.000000,0.000000,0.000000,0.000000,,,,,,,,,,,,
409652,,,,,,,,,,,0.000000,0.000000,0.000000,0.000000,0.000000,0.000000,,,,,,,,,,,,
409657,,,,,,,,,,,0.000000,0.000000,0.000000,0.000000,0.000000,0.000000,,,,,,,,,,,,
409662,,,,,,,,,,,0.000000,0.000000,0.000000,0.000000,0.000000,0.000000,,,,,,,,,,,,
409667,,,,,,,,,,,0.000000,0.000000,0.000000,0.000000,0.000000,0.000000,,,,,,,,,,,,
409672,,,,,,,,,,,0.000000,0.000000,0.000000,0.000000,0.000000,0.000000,,,,,,,,,,,,
409677,,,,,,,,,,,0.000000,0.000000,0.000000,0.000000,0.000000,0.000000,,,,,,,,,,,,
409682,,,,,,,,,,,0.000000,0.000000,0.000000,0.000000,0.000000,0.000000,,,,,,,,,,,,
409697,,,,,,,,,,,0.000000,0.000000,0.000000,0.000000,0.000000,0.000000,,,,,,,,,,,,
409698,,,,,,,,,,,0.000000,0.000000,0.000000,0.000000,0.000000,0.000000,,,,,,,,,,,,
409702,,,,,,,,,,,0.000000,0.000000,0.000000,0.000000,0.000000,0.000000,,,,,,,,,,,,
409707,,,,,,,,,,,0.000000,0.000000,0.000000,0.000000,0.000000,0.000000,,,,,,,,,,,,
409712,,,,,,,,,,,0.000000,0.000000,0.000000,0.000000,0.000000,0.000000,,,,,,,,,,,,
409717,,,,,,,,,,,0.000000,0.000000,0.000000,0.000000,0.000000,0.000000,,,,,,,,,,,,
409722,,,,,,,,,,,0.000000,0.000000,0.000000,0.000000,0.000000,0.000000,,,,,,,,,,,,
409727,,,,,,,,,,,0.000000,0.000000,0.000000,0.000000,0.000000,0.000000,,,,,,,,,,,,
409732,,,,,,,,,,,0.000000,0.000000,0.000000,0.000000,0.000000,0.000000,,,,,,,,,,,,
409737,,,,,,,,,,,0.000000,0.000000,0.000000,0.000000,0.000000,0.000000,,,,,,,,,,,,
409742,,,,,,,,,,,0.000000,0.000000,0.000000,0.000000,0.000000,0.000000,,,,,,,,,,,,
409747,,,,,,,,,,,0.000000,0.000000,0.000000,0.000000,0.000000,0.000000,,,,,,,,,,,,
409752,,,,,,,,,,,0.000000,0.000000,0.000000,0.000000,0.000000,0.000000,,,,,,,,,,,,
409757,,,,,,,,,,,0.000000,0.000000,0.000000,0.000000,0.000000,0.000000,,,,,,,,,,,,
409762,,,,,,,,,,,0.000000,0.000000,0.000000,0.000000,0.000000,0.000000,,,,,,,,,,,,
409773,,,,,,,,,,,0.000000,0.000000,0.000000,0.000000,0.000000,0.000000,,,,,,,,,,,,
409774,,,,,,,,,,,0.000000,0.000000,0.000000,0.000000,0.000000,0.000000,,,,,,,,,,,,
409777,,,,,,,,,,,0.000000,0.000000,0.000000,0.000000,0.000000,0.000000,,,,,,,,,,,,
409782,,,,,,,,,,,0.000000,0.000000,0.000000,0.000000,0.000000,0.000000,,,,,,,,,,,,
409787,,,,,,,,,,,0.000000,0.000000,0.000000,0.000000,0.000000,0.000000,,,,,,,,,,,,
409792,,,,,,,,,,,0.000000,0.000000,0.000000,0.000000,0.000000,0.000000,,,,,,,,,,,,
409797,,,,,,,,,,,0.000000,0.000000,0.000000,0.000000,0.000000,0.000000,,,,,,,,,,,,
409802,,,,,,,,,,,0.000000,0.000000,0.000000,0.000000,0.000000,0.000000,,,,,,,,,,,,
409807,,,,,,,,,,,0.000000,0.000000,0.000000,0.000000,0.000000,0.000000,,,,,,,,,,,,
409812,,,,,,,,,,,0.000000,0.000000,0.000000,0.000000,0.000000,0.000000,,,,,,,,,,,,
409817,,,,,,,,,,,0.000000,0.000000,0.000000,0.000000,0.000000,0.000000,,,,,,,,,,,,
409822,,,,,,,,,,,0.000000,0.000000,0.000000,0.000000,0.000000,0.000000,,,,,,,,,,,,
409833,,,,,,,,,,,0.000000,0.000000,0.000000,0.000000,0.000000,0.000000,,,,,,,,,,,,
409834,,,,,,,,,,,0.000000,0.000000,0.000000,0.000000,0.000000,0.000000,,,,,,,,,,,,
409837,,,,,,,,,,,0.000000,0.000000,0.000000,0.000000,0.000000,0.000000,,,,,,,,,,,,
409842,,,,,,,,,,,0.000000,0.000000,0.000000,0.000000,0.000000,0.000000,,,,,,,,,,,,
409847,,,,,,,,,,,0.000000,0.000000,0.000000,0.000000,0.000000,0.000000,,,,,,,,,,,,
409852,,,,,,,,,,,0.000000,0.000000,0.000000,0.000000,0.000000,0.000000,,,,,,,,,,,,
409857,,,,,,,,,,,0.000000,0.000000,0.000000,0.000000,0.000000,0.000000,,,,,,,,,,,,
409862,,,,,,,,,,,0.000000,0.000000,0.000000,0.000000,0.000000,0.000000,,,,,,,,,,,,
409867,,,,,,,,,,,0.000000,0.000000,0.000000,0.000000,0.000000,0.000000,,,,,,,,,,,,
409872,,,,,,,,,,,0.000000,0.000000,0.000000,0.000000,0.000000,0.000000,,,,,,,,,,,,
409877,,,,,,,,,,,0.000000,0.000000,0.000000,0.000000,0.000000,0.000000,,,,,,,,,,,,
409882,,,,,,,,,,,0.000000,0.000000,0.000000,0.000000,0.000000,0.000000,,,,,,,,,,,,
409893,,,,,,,,,,,0.000000,0.000000,,,0.000000,0.000000,,,,,,,,,,,,
409894,,,,,,,,,,,0.000000,0.000000,0.000000,0.000000,0.000000,0.000000,,,,,,,,,,,,
409897,,,,,,,,,,,0.000000,0.000000,0.000000,0.000000,0.000000,0.000000,,,,,,,,,,,,
409902,,,,,,,,,,,0.000000,0.000000,0.000000,0.000000,0.000000,0.000000,,,,,,,,,,,,
409907,,,,,,,,,,,0.000000,0.000000,0.000000,0.000000,0.000000,0.000000,,,,,,,,,,,,
409912,,,,,,,,,,,0.000000,0.000000,0.000000,0.000000,0.000000,0.000000,,,,,,,,,,,,
409917,,,,,,,,,,,0.000000,0.000000,0.000000,0.000000,0.000000,0.000000,,,,,,,,,,,,
409922,,,,,,,,,,,0.000000,0.000000,0.000000,0.000000,0.000000,0.000000,,,,,,,,,,,,
409927,,,,,,,,,,,0.000000,0.000000,0.000000,0.000000,0.000000,0.000000,,,,,,,,,,,,
409932,,,,,,,,,,,0.000000,0.000000,0.000000,0.000000,0.000000,0.000000,,,,,,,,,,,,
409937,,,,,,,,,,,0.000000,0.000000,0.000000,0.000000,0.000000,0.000000,,,,,,,,,,,,
409942,,,,,,,,,,,0.000000,0.000000,0.000000,0.000000,0.000000,0.000000,,,,,,,,,,,,
409947,,,,,,,,,,,0.000000,0.000000,0.000000,0.000000,0.000000,0.000000,,,,,,,,,,,,
409952,,,,,,,,,,,0.000000,0.000000,0.000000,0.000000,0.000000,0.000000,,,,,,,,,,,,
409957,,,,,,,,,,,0.000000,0.000000,0.000000,0.000000,0.000000,0.000000,,,,,,,,,,,,
409962,,,,,,,,,,,0.000000,0.000000,0.000000,0.000000,0.000000,0.000000,,,,,,,,,,,,
409973,,,,,,,,,,,0.000000,0.000000,0.000000,0.000000,0.000000,0.000000,,,,,,,,,,,,
409977,,,,,,,,,,,0.000000,0.000000,0.000000,0.000000,0.000000,0.000000,,,,,,,,,,,,
409982,,,,,,,,,,,0.000000,0.000000,0.000000,0.000000,0.000000,0.000000,,,,,,,,,,,,
409987,,,,,,,,,,,0.000000,0.000000,0.000000,0.000000,0.000000,0.000000,,,,,,,,,,,,
409992,,,,,,,,,,,0.000000,0.000000,0.000000,0.000000,0.000000,0.000000,,,,,,,,,,,,
409997,,,,,,,,,,,0.000000,0.000000,0.000000,0.000000,0.000000,0.000000,,,,,,,,,,,,
410002,,,,,,,,,,,0.000000,0.000000,0.000000,0.000000,0.000000,0.000000,,,,,,,,,,,,
410007,,,,,,,,,,,0.000000,0.000000,0.000000,0.000000,0.000000,0.000000,,,,,,,,,,,,
410012,,,,,,,,,,,0.000000,0.000000,0.000000,0.000000,0.000000,0.000000,,,,,,,,,,,,
410017,,,,,,,,,,,0.000000,0.000000,0.000000,0.000000,0.000000,0.000000,,,,,,,,,,,,
410022,,,,,,,,,,,0.000000,0.000000,0.000000,0.000000,0.000000,0.000000,,,,,,,,,,,,
410033,,,,,,,,,,,0.000000,0.000000,0.000000,0.000000,0.000000,0.000000,,,,,,,,,,,,
410037,,,,,,,,,,,0.000000,0.000000,0.000000,0.000000,0.000000,0.000000,,,,,,,,,,,,
410042,,,,,,,,,,,0.000000,0.000000,0.000000,0.000000,0.000000,0.000000,,,,,,,,,,,,
410047,,,,,,,,,,,0.000000,0.000000,0.000000,0.000000,0.000000,0.000000,,,,,,,,,,,,
410052,,,,,,,,,,,0.000000,0.000000,0.000000,0.000000,0.000000,0.000000,,,,,,,,,,,,
410057,,,,,,,,,,,0.000000,0.000000,0.000000,0.000000,0.000000,0.000000,,,,,,,,,,,,
410062,,,,,,,,,,,0.000000,0.000000,0.000000,0.000000,0.000000,0.000000,,,,,,,,,,,,
410067,,,,,,,,,,,0.000000,0.000000,0.000000,0.000000,0.000000,0.000000,,,,,,,,,,,,
410072,,,,,,,,,,,0.000000,0.000000,0.000000,0.000000,0.000000,0.000000,,,,,,,,,,,,
410077,,,,,,,,,,,0.000000,0.000000,0.000000,0.000000,0.000000,0.000000,,,,,,,,,,,,
410082,,,,,,,,,,,0.000000,0.000000,0.000000,0.000000,0.000000,0.000000,,,,,,,,,,,,
410093,,,,,,,,,,,0.000000,0.000000,0.000000,0.000000,0.000000,0.000000,,,,,,,,,,,,
410097,,,,,,,,,,,0.000000,0.000000,0.000000,0.000000,0.000000,0.000000,,,,,,,,,,,,
410102,,,,,,,,,,,0.000000,0.000000,0.000000,0.000000,0.000000,0.000000,,,,,,,,,,,,
410107,,,,,,,,,,,0.000000,0.000000,0.000000,0.000000,0.000000,0.000000,,,,,,,,,,,,
410112,,,,,,,,,,,0.000000,0.000000,0.000000,0.000000,0.000000,0.000000,,,,,,,,,,,,
410117,,,,,,,,,,,0.000000,0.000000,0.000000,0.000000,0.000000,0.000000,,,,,,,,,,,,
410122,,,,,,,,,,,0.000000,0.000000,0.000000,0.000000,0.000000,0.000000,,,,,,,,,,,,
410127,,,,,,,,,,,0.000000,0.000000,0.000000,0.000000,0.000000,0.000000,,,,,,,,,,,,
410132,,,,,,,,,,,0.000000,0.000000,0.000000,0.000000,0.000000,0.000000,,,,,,,,,,,,
410137,,,,,,,,,,,0.000000,0.000000,0.000000,0.000000,0.000000,0.000000,,,,,,,,,,,,
410142,,,,,,,,,,,0.000000,0.000000,0.000000,0.000000,0.000000,0.000000,,,,,,,,,,,,
410153,,,,,,,,,,,0.000000,0.000000,,,,,,,,,,,,,,,,
410154,,,,,,,,,,,0.000000,0.000000,0.000000,0.000000,0.000000,0.000000,,,,,,,,,,,,
410157,,,,,,,,,,,0.000000,0.000000,0.000000,0.000000,0.000000,0.000000,,,,,,,,,,,,
410162,,,,,,,,,,,0.000000,0.000000,0.000000,0.000000,0.000000,0.000000,,,,,,,,,,,,
410167,,,,,,,,,,,0.000000,0.000000,0.000000,0.000000,0.000000,0.000000,,,,,,,,,,,,
410172,,,,,,,,,,,0.000000,0.000000,0.000000,0.000000,0.000000,0.000000,,,,,,,,,,,,
410177,,,,,,,,,,,0.000000,0.000000,0.000000,0.000000,0.000000,0.000000,,,,,,,,,,,,
410182,,,,,,,,,,,0.000000,0.000000,0.000000,0.000000,0.000000,0.000000,,,,,,,,,,,,
410187,,,,,,,,,,,0.000000,0.000000,0.000000,0.000000,0.000000,0.000000,,,,,,,,,,,,
410192,,,,,,,,,,,0.000000,0.000000,0.000000,0.000000,0.000000,0.000000,,,,,,,,,,,,
410197,,,,,,,,,,,0.000000,0.000000,0.000000,0.000000,0.000000,0.000000,,,,,,,,,,,,
410202,,,,,,,,,,,0.000000,0.000000,0.000000,0.000000,0.000000,0.000000,,,,,,,,,,,,
410207,,,,,,,,,,,0.000000,0.000000,0.000000,0.000000,0.000000,0.000000,,,,,,,,,,,,
410212,,,,,,,,,,,0.000000,0.000000,0.000000,0.000000,0.000000,0.000000,,,,,,,,,,,,
410217,,,,,,,,,,,0.000000,0.000000,0.000000,0.000000,0.000000,0.000000,,,,,,,,,,,,
410222,,,,,,,,,,,0.000000,0.000000,0.000000,0.000000,0.000000,0.000000,,,,,,,,,,,,
410233,,,,,,,,,,,0.000000,0.000000,0.000000,0.000000,0.000000,0.000000,,,,,,,,,,,,
410234,,,,,,,,,,,,,0.000000,0.000000,0.000000,0.000000,,,,,,,,,,,,
410237,,,,,,,,,,,0.000000,0.000000,0.000000,0.000000,0.000000,0.000000,,,,,,,,,,,,
410242,,,,,,,,,,,0.000000,0.000000,0.000000,0.000000,0.000000,0.000000,,,,,,,,,,,,
410247,,,,,,,,,,,0.000000,0.000000,0.000000,0.000000,0.000000,0.000000,,,,,,,,,,,,
410252,,,,,,,,,,,0.000000,0.000000,0.000000,0.000000,0.000000,0.000000,,,,,,,,,,,,
410257,,,,,,,,,,,0.000000,0.000000,0.000000,0.000000,0.000000,0.000000,,,,,,,,,,,,
410262,,,,,,,,,,,0.000000,0.000000,0.000000,0.000000,0.000000,0.000000,,,,,,,,,,,,
410267,,,,,,,,,,,0.000000,0.000000,0.000000,0.000000,0.000000,0.000000,,,,,,,,,,,,
410272,,,,,,,,,,,0.000000,0.000000,0.000000,0.000000,0.000000,0.000000,,,,,,,,,,,,
410277,,,,,,,,,,,0.000000,0.000000,0.000000,0.000000,0.000000,0.000000,,,,,,,,,,,,
410282,,,,,,,,,,,0.000000,0.000000,0.000000,0.000000,0.000000,0.000000,,,,,,,,,,,,
410293,,,,,,,,,,,0.000000,0.000000,0.000000,0.000000,0.000000,0.000000,,,,,,,,,,,,
410294,,,,,,,,,,,0.000000,0.000000,0.000000,0.000000,0.000000,0.000000,,,,,,,,,,,,
410297,,,,,,,,,,,0.000000,0.000000,0.000000,0.000000,0.000000,0.000000,,,,,,,,,,,,
410302,,,,,,,,,,,0.000000,0.000000,0.000000,0.000000,0.000000,0.000000,,,,,,,,,,,,
410307,,,,,,,,,,,0.000000,0.000000,0.000000,0.000000,0.000000,0.000000,,,,,,,,,,,,
410312,,,,,,,,,,,0.000000,0.000000,0.000000,0.000000,0.000000,0.000000,,,,,,,,,,,,
410317,,,,,,,,,,,0.000000,0.000000,0.000000,0.000000,0.000000,0.000000,,,,,,,,,,,,
410322,,,,,,,,,,,0.000000,0.000000,0.000000,0.000000,0.000000,0.000000,,,,,,,,,,,,
410327,,,,,,,,,,,0.000000,0.000000,0.000000,0.000000,0.000000,0.000000,,,,,,,,,,,,
410332,,,,,,,,,,,0.000000,0.000000,0.000000,0.000000,0.000000,0.000000,,,,,,,,,,,,
410337,,,,,,,,,,,0.000000,0.000000,0.000000,0.000000,0.000000,0.000000,,,,,,,,,,,,
410342,,,,,,,,,,,0.000000,0.000000,0.000000,0.000000,0.000000,0.000000,,,,,,,,,,,,
410353,,,,,,,,,,,0.000000,0.000000,0.000000,0.000000,0.000000,0.000000,,,,,,,,,,,,
410354,,,,,,,,,,,0.000000,0.000000,0.000000,0.000000,0.000000,0.000000,,,,,,,,,,,,
410357,,,,,,,,,,,0.000000,0.000000,0.000000,0.000000,0.000000,0.000000,,,,,,,,,,,,
410362,,,,,,,,,,,0.000000,0.000000,0.000000,0.000000,0.000000,0.000000,,,,,,,,,,,,
410367,,,,,,,,,,,0.000000,0.000000,0.000000,0.000000,0.000000,0.000000,,,,,,,,,,,,
410372,,,,,,,,,,,0.000000,0.000000,0.000000,0.000000,0.000000,0.000000,,,,,,,,,,,,
410377,,,,,,,,,,,0.000000,0.000000,0.000000,0.000000,0.000000,0.000000,,,,,,,,,,,,
410382,,,,,,,,,,,0.000000,0.000000,0.000000,0.000000,0.000000,0.000000,,,,,,,,,,,,
410387,,,,,,,,,,,0.000000,0.000000,0.000000,0.000000,0.000000,0.000000,,,,,,,,,,,,
410392,,,,,,,,,,,0.000000,0.000000,0.000000,0.000000,0.000000,0.000000,,,,,,,,,,,,
410397,,,,,,,,,,,0.000000,0.000000,0.000000,0.000000,0.000000,0.000000,,,,,,,,,,,,
410402,,,,,,,,,,,0.000000,0.000000,0.000000,0.000000,0.000000,0.000000,,,,,,,,,,,,
410407,,,,,,,,,,,0.000000,0.000000,0.000000,0.000000,0.000000,0.000000,,,,,,,,,,,,
410412,,,,,,,,,,,0.000000,0.000000,0.000000,0.000000,0.000000,0.000000,,,,,,,,,,,,
410417,,,,,,,,,,,0.000000,0.000000,0.000000,0.000000,0.000000,0.000000,,,,,,,,,,,,
410422,,,,,,,,,,,0.000000,0.000000,0.000000,0.000000,0.000000,0.000000,,,,,,,,,,,,
410433,,,,,,,,,,,0.000000,0.000000,0.000000,0.000000,0.000000,0.000000,,,,,,,,,,,,
410437,,,,,,,,,,,0.000000,0.000000,0.000000,0.000000,0.000000,0.000000,,,,,,,,,,,,
410442,,,,,,,,,,,0.000000,0.000000,0.000000,0.000000,0.000000,0.000000,,,,,,,,,,,,
410447,,,,,,,,,,,0.000000,0.000000,0.000000,0.000000,0.000000,0.000000,,,,,,,,,,,,
410452,,,,,,,,,,,0.000000,0.000000,0.000000,0.000000,0.000000,0.000000,,,,,,,,,,,,
410457,,,,,,,,,,,0.000000,0.000000,0.000000,0.000000,0.000000,0.000000,,,,,,,,,,,,
410462,,,,,,,,,,,0.000000,0.000000,0.000000,0.000000,0.000000,0.000000,,,,,,,,,,,,
410467,,,,,,,,,,,0.000000,0.000000,0.000000,0.000000,0.000000,0.000000,,,,,,,,,,,,
410472,,,,,,,,,,,0.000000,0.000000,0.000000,0.000000,0.000000,0.000000,,,,,,,,,,,,
410477,,,,,,,,,,,0.000000,0.000000,0.000000,0.000000,0.000000,0.000000,,,,,,,,,,,,
410482,,,,,,,,,,,0.000000,0.000000,0.000000,0.000000,0.000000,0.000000,,,,,,,,,,,,
410493,,,,,,,,,,,0.000000,0.000000,0.000000,0.000000,0.000000,0.000000,,,,,,,,,,,,
410497,,,,,,,,,,,0.000000,0.000000,0.000000,0.000000,0.000000,0.000000,,,,,,,,,,,,
410502,,,,,,,,,,,0.000000,0.000000,0.000000,0.000000,0.000000,0.000000,,,,,,,,,,,,
410507,,,,,,,,,,,0.000000,0.000000,0.000000,0.000000,0.000000,0.000000,,,,,,,,,,,,
410512,,,,,,,,,,,0.000000,0.000000,0.000000,0.000000,0.000000,0.000000,,,,,,,,,,,,
410517,,,,,,,,,,,0.000000,0.000000,0.000000,0.000000,0.000000,0.000000,,,,,,,,,,,,
410522,,,,,,,,,,,0.000000,0.000000,0.000000,0.000000,0.000000,0.000000,,,,,,,,,,,,
410527,,,,,,,,,,,0.000000,0.000000,0.000000,0.000000,0.000000,0.000000,,,,,,,,,,,,
410532,,,,,,,,,,,0.000000,0.000000,0.000000,0.000000,0.000000,0.000000,,,,,,,,,,,,
410537,,,,,,,,,,,0.000000,0.000000,0.000000,0.000000,0.000000,0.000000,,,,,,,,,,,,
410542,,,,,,,,,,,0.000000,0.000000,0.000000,0.000000,0.000000,0.000000,,,,,,,,,,,,
410553,,,,,,,,,,,0.000000,0.000000,0.000000,0.000000,0.000000,0.000000,,,,,,,,,,,,
410557,,,,,,,,,,,0.000000,0.000000,0.000000,0.000000,0.000000,0.000000,,,,,,,,,,,,
410562,,,,,,,,,,,0.000000,0.000000,0.000000,0.000000,0.000000,0.000000,,,,,,,,,,,,
410567,,,,,,,,,,,0.000000,0.000000,0.000000,0.000000,0.000000,0.000000,,,,,,,,,,,,
410572,,,,,,,,,,,0.000000,0.000000,0.000000,0.000000,0.000000,0.000000,,,,,,,,,,,,
410577,,,,,,,,,,,0.000000,0.000000,0.000000,0.000000,0.000000,0.000000,,,,,,,,,,,,
410582,,,,,,,,,,,0.000000,0.000000,0.000000,0.000000,0.000000,0.000000,,,,,,,,,,,,
410587,,,,,,,,,,,0.000000,0.000000,0.000000,0.000000,0.000000,0.000000,,,,,,,,,,,,
410592,,,,,,,,,,,0.000000,0.000000,0.000000,0.000000,0.000000,0.000000,,,,,,,,,,,,
410597,,,,,,,,,,,0.000000,0.000000,0.000000,0.000000,0.000000,0.000000,,,,,,,,,,,,
410602,,,,,,,,,,,0.000000,0.000000,0.000000,0.000000,0.000000,0.000000,,,,,,,,,,,,
410613,,,,,,,,,,,0.000000,0.000000,0.000000,0.000000,0.000000,0.000000,,,,,,,,,,,,
410614,,,,,,,,,,,0.000000,0.000000,0.000000,0.000000,0.000000,0.000000,,,,,,,,,,,,
410617,,,,,,,,,,,0.000000,0.000000,0.000000,0.000000,0.000000,0.000000,,,,,,,,,,,,
410622,,,,,,,,,,,0.000000,0.000000,0.000000,0.000000,0.000000,0.000000,,,,,,,,,,,,
410627,,,,,,,,,,,0.000000,0.000000,0.000000,0.000000,0.000000,0.000000,,,,,,,,,,,,
410632,,,,,,,,,,,0.000000,0.000000,0.000000,0.000000,0.000000,0.000000,,,,,,,,,,,,
410637,,,,,,,,,,,0.000000,0.000000,0.000000,0.000000,0.000000,0.000000,,,,,,,,,,,,
410642,,,,,,,,,,,0.000000,0.000000,0.000000,0.000000,0.000000,0.000000,,,,,,,,,,,,
410647,,,,,,,,,,,0.000000,0.000000,0.000000,0.000000,0.000000,0.000000,,,,,,,,,,,,
410652,,,,,,,,,,,0.000000,0.000000,0.000000,0.000000,0.000000,0.000000,,,,,,,,,,,,
410657,,,,,,,,,,,0.000000,0.000000,0.000000,0.000000,0.000000,0.000000,,,,,,,,,,,,
410662,,,,,,,,,,,0.000000,0.000000,0.000000,0.000000,0.000000,0.000000,,,,,,,,,,,,
410667,,,,,,,,,,,0.000000,0.000000,0.000000,0.000000,0.000000,0.000000,,,,,,,,,,,,
410672,,,,,,,,,,,0.000000,0.000000,0.000000,0.000000,0.000000,0.000000,,,,,,,,,,,,
410677,,,,,,,,,,,0.000000,0.000000,0.000000,0.000000,0.000000,0.000000,,,,,,,,,,,,
410682,,,,,,,,,,,0.000000,0.000000,0.000000,0.000000,0.000000,0.000000,,,,,,,,,,,,
410693,,,,,,,,,,,0.000000,0.000000,0.000000,0.000000,0.000000,0.000000,,,,,,,,,,,,
410697,,,,,,,,,,,0.000000,0.000000,0.000000,0.000000,0.000000,0.000000,,,,,,,,,,,,
410702,,,,,,,,,,,0.000000,0.000000,0.000000,0.000000,0.000000,0.000000,,,,,,,,,,,,
410707,,,,,,,,,,,0.000000,0.000000,0.000000,0.000000,0.000000,0.000000,,,,,,,,,,,,
410712,,,,,,,,,,,0.000000,0.000000,0.000000,0.000000,0.000000,0.000000,,,,,,,,,,,,
410717,,,,,,,,,,,0.000000,0.000000,0.000000,0.000000,0.000000,0.000000,,,,,,,,,,,,
410722,,,,,,,,,,,0.000000,0.000000,0.000000,0.000000,0.000000,0.000000,,,,,,,,,,,,
410727,,,,,,,,,,,0.000000,0.000000,0.000000,0.000000,0.000000,0.000000,,,,,,,,,,,,
410732,,,,,,,,,,,0.000000,0.000000,0.000000,0.000000,0.000000,0.000000,,,,,,,,,,,,
410737,,,,,,,,,,,0.000000,0.000000,0.000000,0.000000,0.000000,0.000000,,,,,,,,,,,,
410742,,,,,,,,,,,0.000000,0.000000,0.000000,0.000000,0.000000,0.000000,,,,,,,,,,,,
410753,,,,,,,,,,,0.000000,0.000000,0.000000,0.000000,0.000000,0.000000,,,,,,,,,,,,
410754,,,,,,,,,,,0.000000,0.000000,0.000000,0.000000,0.000000,0.000000,,,,,,,,,,,,
410757,,,,,,,,,,,0.000000,0.000000,0.000000,0.000000,0.000000,0.000000,,,,,,,,,,,,
410762,,,,,,,,,,,0.000000,0.000000,0.000000,0.000000,0.000000,0.000000,,,,,,,,,,,,
410767,,,,,,,,,,,0.000000,0.000000,0.000000,0.000000,0.000000,0.000000,,,,,,,,,,,,
410772,,,,,,,,,,,0.000000,0.000000,0.000000,0.000000,0.000000,0.000000,,,,,,,,,,,,
410777,,,,,,,,,,,0.000000,0.000000,0.000000,0.000000,0.000000,0.000000,,,,,,,,,,,,
410782,,,,,,,,,,,0.000000,0.000000,0.000000,0.000000,0.000000,0.000000,,,,,,,,,,,,
410787,,,,,,,,,,,0.000000,0.000000,0.000000,0.000000,0.000000,0.000000,,,,,,,,,,,,
410792,,,,,,,,,,,0.000000,0.000000,0.000000,0.000000,0.000000,0.000000,,,,,,,,,,,,
410797,,,,,,,,,,,0.000000,0.000000,0.000000,0.000000,0.000000,0.000000,,,,,,,,,,,,
410802,,,,,,,,,,,0.000000,0.000000,0.000000,0.000000,0.000000,0.000000,,,,,,,,,,,,
410813,,,,,,,,,,,0.000000,0.000000,,,,,,,,,,,,,,,,
410814,,,,,,,,,,,0.000000,0.000000,0.000000,0.000000,0.000000,0.000000,,,,,,,,,,,,
410817,,,,,,,,,,,0.000000,0.000000,0.000000,0.000000,0.000000,0.000000,,,,,,,,,,,,
410822,,,,,,,,,,,0.000000,0.000000,0.000000,0.000000,0.000000,0.000000,,,,,,,,,,,,
410827,,,,,,,,,,,0.000000,0.000000,0.000000,0.000000,0.000000,0.000000,,,,,,,,,,,,
410832,,,,,,,,,,,0.000000,0.000000,0.000000,0.000000,0.000000,0.000000,,,,,,,,,,,,
410837,,,,,,,,,,,0.000000,0.000000,0.000000,0.000000,0.000000,0.000000,,,,,,,,,,,,
410842,,,,,,,,,,,0.000000,0.000000,0.000000,0.000000,0.000000,0.000000,,,,,,,,,,,,
410847,,,,,,,,,,,0.000000,0.000000,0.000000,0.000000,0.000000,0.000000,,,,,,,,,,,,
410852,,,,,,,,,,,0.000000,0.000000,0.000000,0.000000,0.000000,0.000000,,,,,,,,,,,,
410857,,,,,,,,,,,0.000000,0.000000,0.000000,0.000000,0.000000,0.000000,,,,,,,,,,,,
410862,,,,,,,,,,,0.000000,0.000000,0.000000,0.000000,0.000000,0.000000,,,,,,,,,,,,
410867,,,,,,,,,,,0.000000,0.000000,0.000000,0.000000,0.000000,0.000000,,,,,,,,,,,,
410872,,,,,,,,,,,0.000000,0.000000,0.000000,0.000000,0.000000,0.000000,,,,,,,,,,,,
410877,,,,,,,,,,,0.000000,0.000000,0.000000,0.000000,0.000000,0.000000,,,,,,,,,,,,
410882,,,,,,,,,,,0.000000,0.000000,0.000000,0.000000,0.000000,0.000000,,,,,,,,,,,,
410893,,,,,,,,,,,0.000000,0.000000,0.000000,0.000000,0.000000,0.000000,,,,,,,,,,,,
410897,,,,,,,,,,,0.000000,0.000000,0.000000,0.000000,0.000000,0.000000,,,,,,,,,,,,
410902,,,,,,,,,,,0.000000,0.000000,0.000000,0.000000,0.000000,0.000000,,,,,,,,,,,,
410907,,,,,,,,,,,0.000000,0.000000,0.000000,0.000000,0.000000,0.000000,,,,,,,,,,,,
410912,,,,,,,,,,,0.000000,0.000000,0.000000,0.000000,0.000000,0.000000,,,,,,,,,,,,
410917,,,,,,,,,,,0.000000,0.000000,0.000000,0.000000,0.000000,0.000000,,,,,,,,,,,,
410922,,,,,,,,,,,0.000000,0.000000,0.000000,0.000000,0.000000,0.000000,,,,,,,,,,,,
410927,,,,,,,,,,,0.000000,0.000000,0.000000,0.000000,0.000000,0.000000,,,,,,,,,,,,
410932,,,,,,,,,,,0.000000,0.000000,0.000000,0.000000,0.000000,0.000000,,,,,,,,,,,,
410937,,,,,,,,,,,0.000000,0.000000,0.000000,0.000000,0.000000,0.000000,,,,,,,,,,,,
410942,,,,,,,,,,,0.000000,0.000000,0.000000,0.000000,0.000000,0.000000,,,,,,,,,,,,
410953,,,,,,,,,,,0.000000,0.000000,,,0.000000,0.000000,,,,,,,,,,,,
410954,,,,,,,,,,,0.000000,0.000000,0.000000,0.000000,0.000000,0.000000,,,,,,,,,,,,
410957,,,,,,,,,,,0.000000,0.000000,0.000000,0.000000,0.000000,0.000000,,,,,,,,,,,,
410962,,,,,,,,,,,-3.156312,-77.870377,0.000000,0.000000,-0.031879,-0.786491,,,,,,,,,,,,
410967,,,,,,,,,,,-3.156312,-77.870377,0.000000,-1.182890,-0.032194,-0.782331,,,,,,,,,,,,
410972,,,,,,,,,,,-3.156312,-77.870377,0.000000,-4.038232,-0.032510,-0.761160,,,,,,,,,,,,
410977,,,,,,,,,,,-3.156312,-77.870377,0.000000,-9.013422,-0.032826,-0.718294,,,,,,,,,,,,
410982,,,,,,,,,,,-3.156312,-77.870377,0.000000,-14.742988,-0.033141,-0.667311,,,,,,,,,,,,
410987,,,,,,,,,,,-3.156312,-77.870377,0.000000,-21.753399,-0.033457,-0.602819,,,,,,,,,,,,
410992,,,,,,,,,,,-3.156312,-77.870377,0.000000,-28.751446,-0.033773,-0.537750,,,,,,,,,,,,
410997,,,,,,,,,,,-3.164913,-77.870621,0.000000,-34.555305,-0.034175,-0.484046,,,,,,,,,,,,
411002,,,,,,,,,,,-3.164913,-77.870621,0.000000,-39.859276,-0.034492,-0.434807,,,,,,,,,,,,
411014,,,,,,,,,,,-3.164913,-77.870621,0.000000,-50.044403,-0.035125,-0.338049,,,,,,,,,,,,
411017,,,,,,,,,,,-3.164913,-77.870621,0.000000,-49.874184,-0.035441,-0.342551,,,,,,,,,,,,
411022,,,,,,,,,,,-3.164913,-77.870621,0.000000,-53.267296,-0.035758,-0.311080,,,,,,,,,,,,
411027,,,,,,,,,,,-3.164913,-77.870621,0.000000,-56.368156,-0.036074,-0.282222,,,,,,,,,,,,
411032,,,,,,,,,,,-8.171596,-78.009369,0.000000,-59.201939,-0.086958,-0.257153,,,,,,,,,,,,
411037,,,,,,,,,,,-8.171596,-78.009369,0.000000,-60.017311,-0.087775,-0.250798,,,,,,,,,,,,
411042,,,,,,,,,,,-8.171596,-78.009369,0.591445,-58.396679,-0.094566,-0.268966,,,,,,,,,,,,
411047,,,,,,,,,,,-8.171596,-78.009369,0.540504,-56.915630,-0.094928,-0.285885,,,,,,,,,,,,
411052,,,,,,,,,,,-15.991568,-78.226089,0.493950,-55.562145,-0.174310,-0.303854,,,,,,,,,,,,
411057,,,,,,,,,,,-15.991568,-78.226089,0.451406,-54.325237,-0.175529,-0.318613,,,,,,,,,,,,
411062,,,,,,,,,,,-15.991568,-78.226089,-0.178919,-54.377754,-0.170807,-0.320473,,,,,,,,,,,,
411073,,,,,,,,,,,-15.991568,-78.226089,-1.230433,-54.062073,-0.163233,-0.327953,,,,,,,,,,,,
411077,,,,,,,,,,,-24.557243,-78.463478,-1.124455,-52.362919,-0.252293,-0.349928,,,,,,,,,,,,
411082,,,,,,,,,,,-24.557243,-78.463478,-1.027606,-51.993004,-0.255614,-0.356275,,,,,,,,,,,,
411087,,,,,,,,,,,-35.463318,-78.765724,-2.121987,-51.654949,-0.357065,-0.365389,,,,,,,,,,,,
411092,,,,,,,,,,,-35.463318,-78.765724,-2.530665,-51.937458,-0.356272,-0.365246,,,,,,,,,,,,
411097,,,,,,,,,,,-35.463318,-78.765724,-4.087033,-52.195633,-0.343846,-0.365322,,,,,,,,,,,,
411102,,,,,,,,,,,-35.463318,-78.765724,-6.100795,-51.840126,-0.326644,-0.371569,,,,,,,,,,,,
411107,,,,,,,,,,,-35.463318,-78.765724,-8.532557,-52.698128,-0.305020,-0.365596,,,,,,,,,,,,
411112,,,,,,,,,,,-46.330093,-79.066887,-10.754869,-53.482231,-0.395022,-0.363325,,,,,,,,,,,,
411117,,,,,,,,,,,-46.330093,-79.066887,-13.377220,-53.607353,-0.372094,-0.364620,,,,,,,,,,,,
411122,,,,,,,,,,,-46.330093,-79.066887,-15.773706,-54.313145,-0.351184,-0.360037,,,,,,,,,,,,
411127,,,,,,,,,,,-46.330093,-79.066887,-18.555227,-54.958145,-0.326147,-0.355998,,,,,,,,,,,,
411132,,,,,,,,,,,-57.997257,-79.390213,-20.505732,-55.547592,-0.427062,-0.355721,,,,,,,,,,,,
411137,,,,,,,,,,,-57.997257,-79.390213,-23.471127,-56.086269,-0.400861,-0.352665,,,,,,,,,,,,
411142,,,,,,,,,,,-57.997257,-79.390213,-25.589668,-56.578552,-0.382916,-0.350023,,,,,,,,,,,,
411152,,,,,,,,,,,-57.997257,-79.390213,-30.559978,-57.521599,-0.338413,-0.344424,,,,,,,,,,,,
411157,,,,,,,,,,,-69.996887,-79.722771,-32.067955,-57.298809,-0.447122,-0.352220,,,,,,,,,,,,
411162,,,,,,,,,,,-69.996887,-79.722771,-34.628941,-57.686653,-0.425049,-0.350545,,,,,,,,,,,,
411167,,,,,,,,,,,-69.996887,-79.722771,-37.560791,-58.632538,-0.398974,-0.343195,,,,,,,,,,,,
411172,,,,,,,,,,,-79.999992,-79.999992,-39.648678,-58.905510,-0.482161,-0.345347,,,,,,,,,,,,
411177,,,,,,,,,,,-79.999992,-79.999992,-41.556732,-59.746414,-0.466925,-0.338964,,,,,,,,,,,,
411182,,,,,,,,,,,-79.999992,-79.999992,-44.483337,-60.514893,-0.441211,-0.333227,,,,,,,,,,,,
411187,,,,,,,,,,,-79.999992,-79.999992,-47.157871,-61.217182,-0.417750,-0.328083,,,,,,,,,,,,
411192,,,,,,,,,,,-79.999992,-79.999992,-49.602047,-61.858982,-0.396348,-0.323479,,,,,,,,,,,,
411197,,,,,,,,,,,-79.999992,-79.999992,-51.835705,-62.445503,-0.376828,-0.319369,,,,,,,,,,,,
411202,,,,,,,,,,,-79.999992,-79.999992,-53.876980,-62.390064,-0.359027,-0.321685,,,,,,,,,,,,
411212,,,,,,,,,,,-79.999992,-79.999992,-56.886868,-62.915634,-0.333015,-0.319253,,,,,,,,,,,,
411217,,,,,,,,,,,-79.931610,-77.532661,-57.310192,-62.228256,-0.330360,-0.302984,,,,,,,,,,,,
411222,,,,,,,,,,,-79.931610,-77.532661,-57.697056,-62.782974,-0.328715,-0.298911,,,,,,,,,,,,
411227,,,,,,,,,,,-79.931610,-77.532661,-58.050602,-62.698467,-0.327367,-0.301240,,,,,,,,,,,,
411232,,,,,,,,,,,-79.645493,-67.208481,-58.373695,-62.621239,-0.323402,-0.199229,,,,,,,,,,,,
411237,,,,,,,,,,,-79.645493,-67.208481,-58.668961,-63.142109,-0.322547,-0.194427,,,,,,,,,,,,
411242,,,,,,,,,,,-79.645493,-67.208481,-57.755905,-62.435226,-0.333867,-0.201973,,,,,,,,,,,,
411247,,,,,,,,,,,-79.645493,-67.208481,-57.512936,-61.789227,-0.338510,-0.208975,,,,,,,,,,,,
411252,,,,,,,,,,,-79.412598,-58.804771,-57.290894,-61.790310,-0.340613,-0.124629,,,,,,,,,,,,
411257,,,,,,,,,,,-79.412598,-58.804771,-57.087975,-61.199856,-0.344875,-0.130294,,,,,,,,,,,,
411262,,,,,,,,,,,-79.412598,-58.804771,-57.493980,-60.068813,-0.343007,-0.141478,,,,,,,,,,,,
411275,,,,,,,,,,,-79.412598,-58.804771,-59.907639,-59.896019,-0.322207,-0.142423,,,,,,,,,,,,
411277,,,,,,,,,,,-79.218307,-51.794155,-56.522118,-55.920052,-0.356389,-0.111664,,,,,,,,,,,,
411282,,,,,,,,,,,-79.218307,-51.794155,-56.385414,-55.243759,-0.360039,-0.118082,,,,,,,,,,,,
411287,,,,,,,,,,,-79.218307,-51.794155,-56.851933,-54.625717,-0.357610,-0.123979,,,,,,,,,,,,
411292,,,,,,,,,,,-79.096191,-47.387775,-56.686825,-53.469463,-0.360281,-0.090870,,,,,,,,,,,,
411297,,,,,,,,,,,-79.096191,-47.387775,-57.127380,-52.412796,-0.358073,-0.100934,,,,,,,,,,,,
411302,,,,,,,,,,,-79.096191,-47.387775,-57.529991,-51.447140,-0.356203,-0.110184,,,,,,,,,,,,
411307,,,,,,,,,,,-79.096191,-47.387775,-57.897926,-50.564655,-0.354644,-0.118692,,,,,,,,,,,,
411312,,,,,,,,,,,-79.057610,-45.995403,-58.234169,-49.166737,-0.352978,-0.118430,,,,,,,,,,,,
411317,,,,,,,,,,,-79.057610,-45.995403,-59.132896,-48.480663,-0.345983,-0.125042,,,,,,,,,,,,
411322,,,,,,,,,,,-79.057610,-45.995403,-59.362770,-47.262238,-0.345654,-0.137100,,,,,,,,,,,,
411327,,,,,,,,,,,-79.057610,-45.995403,-60.164291,-46.148754,-0.339528,-0.148219,,,,,,,,,,,,
411332,,,,,,,,,,,-79.132248,-48.688744,-60.896778,-45.131176,-0.334773,-0.185684,,,,,,,,,,,,
411337,,,,,,,,,,,-79.132248,-48.688744,-61.566174,-44.792686,-0.329836,-0.189459,,,,,,,,,,,,
411342,,,,,,,,,,,-79.132248,-48.688744,-62.177914,-43.891907,-0.325414,-0.198946,,,,,,,,,,,,
411353,,,,,,,,,,,-79.132248,-48.688744,-71.017197,-47.800270,-0.237832,-0.159951,,,,,,,,,,,,
411354,,,,,,,,,,,-79.132248,-48.688744,-64.900475,-43.683224,-0.300423,-0.201622,,,,,,,,,,,,
411357,,,,,,,,,,,-79.301834,-54.807709,-62.859253,-42.286560,-0.324175,-0.278031,,,,,,,,,,,,
411362,,,,,,,,,,,-79.301834,-54.807709,-63.359623,-41.601635,-0.320765,-0.286201,,,,,,,,,,,,
411367,,,,,,,,,,,-79.301834,-54.807709,-64.408340,-42.158592,-0.311768,-0.281896,,,,,,,,,,,,
411372,,,,,,,,,,,-79.522369,-62.765549,-64.775284,-42.667580,-0.311778,-0.358394,,,,,,,,,,,,
411377,,,,,,,,,,,-79.522369,-62.765549,-65.110626,-43.132725,-0.309866,-0.355706,,,,,,,,,,,,
411382,,,,,,,,,,,-79.522369,-62.765549,-65.417084,-44.149254,-0.308212,-0.347402,,,,,,,,,,,,
411387,,,,,,,,,,,-79.774788,-71.873581,-65.697144,-45.078228,-0.309343,-0.431872,,,,,,,,,,,,
411392,,,,,,,,,,,-79.774788,-71.873581,-65.953087,-46.518635,-0.308166,-0.420004,,,,,,,,,,,,
411397,,,,,,,,,,,-79.774788,-71.873581,-66.186981,-47.834980,-0.307186,-0.409244,,,,,,,,,,,,
411402,,,,,,,,,,,-79.774788,-71.873581,-66.400734,-49.629391,-0.306386,-0.393525,,,,,,,,,,,,
411414,,,,,,,,,,,-79.774788,-71.873581,-67.886688,-55.011913,-0.293264,-0.342618,,,,,,,,,,,,
411417,,,,,,,,,,,-79.999992,-79.999992,-65.588264,-53.822395,-0.319941,-0.438395,,,,,,,,,,,,
411422,,,,,,,,,,,-79.999992,-79.999992,-65.853584,-55.692554,-0.318703,-0.422124,,,,,,,,,,,,
411427,,,,,,,,,,,-79.999992,-79.999992,-66.096046,-57.401638,-0.317669,-0.407293,,,,,,,,,,,,
411432,,,,,,,,,,,-79.999992,-79.999992,-65.726181,-58.963516,-0.322795,-0.393778,,,,,,,,,,,,
411437,,,,,,,,,,,-79.999992,-79.999992,-65.979622,-60.390869,-0.321662,-0.381465,,,,,,,,,,,,
411442,,,,,,,,,,,-79.999992,-79.999992,-66.211235,-61.695286,-0.320725,-0.370252,,,,,,,,,,,,
411447,,,,,,,,,,,-79.999992,-79.999992,-65.831451,-62.887352,-0.325940,-0.360042,,,,,,,,,,,,
411452,,,,,,,,,,,-79.999992,-79.999992,-66.075821,-63.976746,-0.324889,-0.350751,,,,,,,,,,,,
411457,,,,,,,,,,,-79.999992,-79.999992,-66.299149,-64.380867,-0.324025,-0.348271,,,,,,,,,,,,
411462,,,,,,,,,,,-79.999992,-79.999992,-66.503235,-65.341621,-0.323334,-0.340130,,,,,,,,,,,,
411474,,,,,,,,,,,-79.999992,-79.999992,-67.972290,-68.134109,-0.310409,-0.314001,,,,,,,,,,,,
411477,,,,,,,,,,,-79.999992,-79.999992,-65.666489,-65.814377,-0.334900,-0.338616,,,,,,,,,,,,
411482,,,,,,,,,,,-79.999992,-79.999992,-65.925072,-66.060219,-0.333722,-0.337552,,,,,,,,,,,,
411487,,,,,,,,,,,-79.999992,-79.999992,-66.161377,-66.876335,-0.332742,-0.330703,,,,,,,,,,,,
411492,,,,,,,,,,,-79.999992,-79.999992,-65.785889,-67.030708,-0.337919,-0.330456,,,,,,,,,,,,
411497,,,,,,,,,,,-79.999992,-79.999992,-66.625633,-67.763229,-0.330859,-0.324355,,,,,,,,,,,,
411502,,,,,,,,,,,-79.999992,-79.999992,-66.801605,-68.432663,-0.330419,-0.318817,,,,,,,,,,,,
411507,,,,,,,,,,,-79.999992,-79.999992,-66.962418,-68.452995,-0.330114,-0.319769,,,,,,,,,,,,
411512,,,,,,,,,,,-79.999992,-79.999992,-67.109383,-69.063019,-0.329934,-0.314762,,,,,,,,,,,,
411517,,,,,,,,,,,-79.999992,-79.999992,-67.835129,-69.620499,-0.323893,-0.310225,,,,,,,,,,,,
411522,,,,,,,,,,,-79.999992,-79.999992,-67.906921,-70.129967,-0.324384,-0.306118,,,,,,,,,,,,
411534,,,,,,,,,,,-79.999992,-79.999992,-70.225601,-73.214142,-0.302490,-0.276008,,,,,,,,,,,,
411537,,,,,,,,,,,-79.999992,-79.999992,-67.725723,-70.456863,-0.328717,-0.304535,,,,,,,,,,,,
411542,,,,,,,,,,,-79.999992,-79.999992,-68.398384,-70.894295,-0.323150,-0.301071,,,,,,,,,,,,
411547,,,,,,,,,,,-79.999992,-79.999992,-68.421669,-71.294044,-0.324075,-0.297944,,,,,,,,,,,,
411552,,,,,,,,,,,-79.999992,-79.999992,-69.034393,-71.659370,-0.319044,-0.295125,,,,,,,,,,,,
411557,,,,,,,,,,,-79.999992,-79.999992,-69.594337,-71.993225,-0.314486,-0.292587,,,,,,,,,,,,
411562,,,,,,,,,,,-79.999992,-79.999992,-70.106056,-72.298325,-0.310358,-0.290306,,,,,,,,,,,,
411567,,,,,,,,,,,-79.999992,-79.999992,-69.982254,-72.577148,-0.312598,-0.288260,,,,,,,,,,,,
411572,,,,,,,,,,,-79.999992,-79.999992,-70.460564,-72.831955,-0.308768,-0.286429,,,,,,,,,,,,
411577,,,,,,,,,,,-79.999992,-79.999992,-70.897675,-73.064819,-0.305308,-0.284794,,,,,,,,,,,,
411582,,,,,,,,,,,-79.999992,-79.999992,-71.297134,-73.277626,-0.302183,-0.283338,,,,,,,,,,,,
411587,,,,,,,,,,,-79.999992,-79.999992,-71.070747,-73.472099,-0.305340,-0.282046,,,,,,,,,,,,
411592,,,,,,,,,,,-79.999992,-79.999992,-71.455299,-73.649826,-0.302349,-0.280904,,,,,,,,,,,,
411597,,,,,,,,,,,-79.999992,-79.999992,-71.806732,-74.403687,-0.299654,-0.273925,,,,,,,,,,,,
411602,,,,,,,,,,,-79.999992,-79.999992,-72.127899,-74.501175,-0.297230,-0.273500,,,,,,,,,,,,
411613,,,,,,,,,,,-79.999992,-79.999992,-81.293076,-83.461945,-0.205448,-0.183546,,,,,,,,,,,,
411614,,,,,,,,,,,-79.999992,-79.999992,-74.291290,-76.273354,-0.276037,-0.255805,,,,,,,,,,,,
411617,,,,,,,,,,,-79.999992,-79.999992,-72.032677,-73.844025,-0.299420,-0.280714,,,,,,,,,,,,
411622,,,,,,,,,,,-79.999992,-79.999992,-71.742935,-73.398270,-0.303143,-0.285831,,,,,,,,,,,,
411627,,,,,,,,,,,-79.999992,-79.999992,-72.069595,-73.582352,-0.300670,-0.284632,,,,,,,,,,,,
411632,,,,,,,,,,,-79.999992,-79.999992,-72.368118,-74.342026,-0.298448,-0.277601,,,,,,,,,,,,
411637,,,,,,,,,,,-79.999992,-79.999992,-72.640930,-74.444824,-0.296455,-0.277129,,,,,,,,,,,,
411642,,,,,,,,,,,-79.999992,-79.999992,-72.890244,-74.538773,-0.294673,-0.276735,,,,,,,,,,,,
411647,,,,,,,,,,,-79.999992,-79.999992,-73.118088,-74.624626,-0.293083,-0.276414,,,,,,,,,,,,
411652,,,,,,,,,,,-79.999992,-79.999992,-73.326302,-74.703087,-0.291668,-0.276160,,,,,,,,,,,,
411657,,,,,,,,,,,-79.999992,-79.999992,-72.925140,-74.774788,-0.296387,-0.275965,,,,,,,,,,,,
411662,,,,,,,,,,,-79.999992,-79.999992,-73.149979,-74.840317,-0.294824,-0.275826,,,,,,,,,,,,
411673,,,,,,,,,,,-79.999992,-79.999992,-74.655327,-76.067017,-0.280200,-0.263693,,,,,,,,,,,,
411677,,,,,,,,,,,-79.999992,-79.999992,-72.956810,-73.655464,-0.297890,-0.288443,,,,,,,,,,,,
411682,,,,,,,,,,,-79.999992,-79.999992,-72.587471,-73.817398,-0.302325,-0.287442,,,,,,,,,,,,
411687,,,,,,,,,,,-79.999992,-79.999992,-72.841393,-73.965385,-0.300501,-0.286566,,,,,,,,,,,,
411692,,,,,,,,,,,-79.999992,-79.999992,-73.073441,-74.692070,-0.298873,-0.279830,,,,,,,,,,,,
411697,,,,,,,,,,,-79.999992,-79.999992,-73.285507,-74.173279,-0.297424,-0.285600,,,,,,,,,,,,
411702,,,,,,,,,,,-79.999992,-79.999992,-73.479301,-74.290611,-0.296138,-0.284998,,,,,,,,,,,,
411707,,,,,,,,,,,-79.999992,-79.999992,-73.656410,-74.989281,-0.295002,-0.278512,,,,,,,,,,,,
411712,,,,,,,,,,,-79.999992,-79.999992,-73.818260,-75.036331,-0.294001,-0.278538,,,,,,,,,,,,
411717,,,,,,,,,,,-79.999992,-79.999992,-73.966171,-75.079330,-0.293126,-0.278600,,,,,,,,,,,,
411722,,,,,,,,,,,-79.999992,-79.999992,-73.509895,-75.118622,-0.298337,-0.278695,,,,,,,,,,,,
411734,,,,,,,,,,,-79.999992,-79.999992,-75.985977,-77.329514,-0.273663,-0.256392,,,,,,,,,,,,
411737,,,,,,,,,,,-79.999992,-79.999992,-72.989960,-74.217773,-0.304324,-0.288087,,,,,,,,,,,,
411742,,,,,,,,,,,-79.999992,-79.999992,-73.209213,-74.331276,-0.302811,-0.287519,,,,,,,,,,,,
411747,,,,,,,,,,,-79.999992,-79.999992,-73.409584,-74.434998,-0.301466,-0.287038,,,,,,,,,,,,
411752,,,,,,,,,,,-79.999992,-79.999992,-73.001251,-74.529793,-0.306249,-0.286637,,,,,,,,,,,,
411757,,,,,,,,,,,-79.999992,-79.999992,-73.219528,-74.616417,-0.304745,-0.286310,,,,,,,,,,,,
411762,,,,,,,,,,,-79.999992,-79.999992,-73.419006,-74.695580,-0.303408,-0.286048,,,,,,,,,,,,
411767,,,,,,,,,,,-79.999992,-79.999992,-73.601303,-74.767929,-0.302225,-0.285848,,,,,,,,,,,,
411772,,,,,,,,,,,-79.999992,-79.999992,-73.767899,-74.834045,-0.301182,-0.285704,,,,,,,,,,,,
411777,,,,,,,,,,,-79.999992,-79.999992,-73.920151,-75.485916,-0.300268,-0.279636,,,,,,,,,,,,
411782,,,,,,,,,,,-79.999992,-79.999992,-74.650734,-75.490189,-0.293497,-0.280044,,,,,,,,,,,,
411787,,,,,,,,,,,-79.999992,-79.999992,-74.726944,-75.494095,-0.293262,-0.280456,,,,,,,,,,,,
411792,,,,,,,,,,,-79.999992,-79.999992,-74.796593,-75.497665,-0.293086,-0.280871,,,,,,,,,,,,
411797,,,,,,,,,,,-79.999992,-79.999992,-74.860237,-75.500931,-0.292963,-0.281288,,,,,,,,,,,,
411802,,,,,,,,,,,-79.999992,-79.999992,-74.918404,-76.095360,-0.292890,-0.275734,,,,,,,,,,,,
411813,,,,,,,,,,,-79.999992,-79.999992,-83.843231,-84.918816,-0.203257,-0.187008,,,,,,,,,,,,
411814,,,,,,,,,,,-79.999992,-79.999992,-76.621796,-78.196182,-0.275809,-0.254414,,,,,,,,,,,,
411817,,,,,,,,,,,-79.999992,-79.999992,-74.162460,-75.009796,-0.300986,-0.286777,,,,,,,,,,,,
411822,,,,,,,,,,,-79.999992,-79.999992,-74.280724,-75.055077,-0.300376,-0.286819,,,,,,,,,,,,
411827,,,,,,,,,,,-79.999992,-79.999992,-74.388802,-75.687904,-0.299856,-0.280922,,,,,,,,,,,,
411832,,,,,,,,,,,-79.999992,-79.999992,-74.487572,-75.674782,-0.299420,-0.281485,,,,,,,,,,,,
411837,,,,,,,,,,,-79.999992,-79.999992,-74.577835,-75.662788,-0.299059,-0.282039,,,,,,,,,,,,
411842,,,,,,,,,,,-79.999992,-79.999992,-74.660324,-75.651833,-0.298768,-0.282584,,,,,,,,,,,,
411847,,,,,,,,,,,-79.999992,-79.999992,-74.735710,-75.641815,-0.298541,-0.283120,,,,,,,,,,,,
411852,,,,,,,,,,,-79.999992,-79.999992,-74.804604,-75.632660,-0.298371,-0.283648,,,,,,,,,,,,
411857,,,,,,,,,,,-79.999992,-79.999992,-74.867561,-75.624298,-0.298255,-0.284169,,,,,,,,,,,,
411862,,,,,,,,,,,-79.999992,-79.999992,-74.925095,-76.208099,-0.298187,-0.278710,,,,,,,,,,,,
411877,,,,,,,,,,,-79.999992,-79.999992,-74.519562,-75.549721,-0.301778,-0.284561,,,,,,,,,,,,
411882,,,,,,,,,,,-79.999992,-79.999992,-74.015625,-74.957054,-0.307416,-0.290992,,,,,,,,,,,,
411887,,,,,,,,,,,-79.999992,-79.999992,-74.146538,-75.006882,-0.306692,-0.290993,,,,,,,,,,,,
411892,,,,,,,,,,,-61.851578,-61.851578,-74.266174,-75.052414,-0.122770,-0.107734,,,,,,,,,,,,
411897,,,,,,,,,,,-61.851578,-61.851578,-73.784065,-75.094025,-0.126398,-0.105993,,,,,,,,,,,,
411902,,,,,,,,,,,13.811900,13.811900,-72.752029,-73.949165,0.628573,0.647969,,,,,,,,,,,,
411907,,,,,,,,,,,13.811900,13.811900,-70.625999,-71.720024,0.615756,0.634231,,,,,,,,,,,,
411912,,,,,,,,,,,13.811900,13.811900,-66.317299,-67.317101,0.580682,0.598314,,,,,,,,,,,,
411917,,,,,,,,,,,13.811900,13.811900,-60.013931,-60.927620,0.525031,0.541893,,,,,,,,,,,,
411922,,,,,,,,,,,13.811900,13.811900,-52.479141,-52.722687,0.456312,0.466498,,,,,,,,,,,,
411934,,,,,,,,,,,13.811900,13.811900,-34.048370,-33.170761,0.281962,0.280752,,,,,,,,,,,,
411937,,,,,,,,,,,79.999992,79.999992,-28.158552,-26.765087,0.895761,0.889253,,,,,,,,,,,,
411942,,,,,,,,,,,79.999992,79.999992,-18.635912,-17.362465,0.810398,0.804963,,,,,,,,,,,,
411947,,,,,,,,,,,79.999992,79.999992,-9.933459,-7.586804,0.732367,0.715965,,,,,,,,,,,,
411952,,,,,,,,,,,79.999992,79.999992,-1.389105,0.755432,0.655062,0.640467,,,,,,,,,,,,
411957,,,,,,,,,,,79.999992,79.999992,5.827878,7.787705,0.590309,0.577366,,,,,,,,,,,,
411962,,,,,,,,,,,79.999992,79.999992,12.423260,14.805733,0.531113,0.513705,,,,,,,,,,,,
411967,,,,,,,,,,,79.999992,79.999992,19.042027,21.810740,0.471021,0.449474,,,,,,,,,,,,
411972,,,,,,,,,,,79.999992,79.999992,25.682161,28.803848,0.410052,0.384662,,,,,,,,,,,,
411977,,,,,,,,,,,79.999992,79.999992,31.750380,35.194641,0.354195,0.325235,,,,,,,,,,,,
411982,,,,,,,,,,,79.999992,79.999992,37.887386,40.443546,0.297036,0.276701,,,,,,,,,,,,
411993,,,,,,,,,,,79.999992,79.999992,,,,,,,,,,,,,,,,
411994,,,,,,,,,,,79.999992,79.999992,46.235550,48.910851,0.219871,0.197785,,,,,,,,,,,,
411997,,,,,,,,,,,79.999992,79.999992,45.210495,47.655373,0.233601,0.213574,,,,,,,,,,,,
412002,,,,,,,,,,,79.999992,79.999992,44.865173,47.690918,0.240568,0.216450,,,,,,,,,,,,
412007,,,,,,,,,,,79.999992,79.999992,44.549595,47.131958,0.247268,0.225326,,,,,,,,,,,,
412012,,,,,,,,,,,79.999992,79.999992,43.669754,46.029697,0.259700,0.239746,,,,,,,,,,,,
412017,,,,,,,,,,,79.999992,79.999992,42.865692,45.613819,0.271454,0.247343,,,,,,,,,,,,
412022,,,,,,,,,,,79.999992,79.999992,42.130886,45.233761,0.282589,0.254620,,,,,,,,,,,,
412027,,,,,,,,,,,79.999992,79.999992,41.459370,44.294991,0.293158,0.267579,,,,,,,,,,,,
412032,,,,,,,,,,,79.999992,79.999992,40.254246,42.845634,0.309184,0.285788,,,,,,,,,,,,
412037,,,,,,,,,,,79.999992,79.999992,39.152920,42.112556,0.324282,0.296907,,,,,,,,,,,,
412042,,,,,,,,,,,79.999992,79.999992,37.555004,40.851173,0.344505,0.313436,,,,,,,,,,,,
412047,,,,,,,,,,,79.999992,79.999992,36.686165,40.289879,0.357525,0.323020,,,,,,,,,,,,
412052,,,,,,,,,,,79.999992,79.999992,36.483601,40.368374,0.363903,0.326198,,,,,,,,,,,,
412057,,,,,,,,,,,79.999992,79.999992,36.298485,39.848663,0.370124,0.335410,,,,,,,,,,,,
412062,,,,,,,,,,,79.999992,79.999992,36.720757,40.556602,0.370229,0.332275,,,,,,,,,,,,
412073,,,,,,,,,,,79.999992,79.999992,38.826130,42.570171,0.357109,0.319289,,,,,,,,,,,,
412077,,,,,,,,,,,79.999992,79.999992,37.847809,41.269375,0.371107,0.336170,,,,,,,,,,,,
412082,,,,,,,,,,,79.999992,79.999992,38.136639,41.854950,0.372405,0.334129,,,,,,,,,,,,
412087,,,,,,,,,,,79.999992,79.999992,38.992035,42.390087,0.367952,0.332538,,,,,,,,,,,,
412092,,,,,,,,,,,79.999992,79.999992,39.773758,42.879135,0.364158,0.331360,,,,,,,,,,,,
412097,,,,,,,,,,,79.999992,79.999992,40.488152,43.326061,0.360965,0.330558,,,,,,,,,,,,
412102,,,,,,,,,,,79.999992,79.999992,41.732456,44.325939,0.352349,0.324127,,,,,,,,,,,,
412107,,,,,,,,,,,79.999992,79.999992,42.869591,45.239697,0.344690,0.318465,,,,,,,,,,,,
412112,,,,,,,,,,,79.999992,79.999992,43.317337,45.483307,0.343881,0.319481,,,,,,,,,,,,
412117,,,,,,,,,,,79.999992,79.999992,43.135075,45.705933,0.349390,0.320684,,,,,,,,,,,,
412122,,,,,,,,,,,79.999992,79.999992,43.559956,45.317940,0.348785,0.328032,,,,,,,,,,,,
412133,,,,,,,,,,,79.999992,79.999992,45.618946,47.576706,0.334706,0.311481,,,,,,,,,,,,
412137,,,,,,,,,,,79.999992,79.999992,44.055557,46.436138,0.353935,0.326243,,,,,,,,,,,,
412142,,,,,,,,,,,79.999992,79.999992,44.401157,46.576698,0.354039,0.328179,,,,,,,,,,,,
412147,,,,,,,,,,,79.999992,79.999992,44.125546,47.296597,0.360382,0.324251,,,,,,,,,,,,
412152,,,,,,,,,,,79.999992,79.999992,44.465118,47.363045,0.360540,0.326850,,,,,,,,,,,,
412157,,,,,,,,,,,79.999992,79.999992,44.775444,48.015213,0.360959,0.323527,,,,,,,,,,,,
412162,,,,,,,,,,,79.999992,79.999992,45.059040,48.019768,0.361617,0.326679,,,,,,,,,,,,
412167,,,,,,,,,,,79.999992,79.999992,45.318211,48.023930,0.362494,0.329835,,,,,,,,,,,,
412172,,,,,,,,,,,79.999992,79.999992,45.555058,48.619179,0.363570,0.327021,,,,,,,,,,,,
412177,,,,,,,,,,,79.999992,79.999992,45.771503,48.571712,0.364828,0.330638,,,,,,,,,,,,
412182,,,,,,,,,,,79.999992,79.999992,45.969307,48.528336,0.366253,0.334219,,,,,,,,,,,,
412193,,,,,,,,,,,79.999992,79.999992,47.090633,49.717392,0.361243,0.327917,,,,,,,,,,,,
412197,,,,,,,,,,,79.999992,79.999992,45.400486,48.392448,0.381604,0.344327,,,,,,,,,,,,
412202,,,,,,,,,,,79.999992,79.999992,46.221691,48.364510,0.376770,0.347770,,,,,,,,,,,,
412207,,,,,,,,,,,79.999992,79.999992,46.380722,48.930424,0.378542,0.345218,,,,,,,,,,,,
412212,,,,,,,,,,,79.999992,79.999992,46.526054,49.447594,0.380436,0.343101,,,,,,,,,,,,
412217,,,,,,,,,,,79.999992,79.999992,46.067425,49.328777,0.388415,0.347356,,,,,,,,,,,,
412222,,,,,,,,,,,79.999992,79.999992,46.239742,49.220192,0.390068,0.351520,,,,,,,,,,,,
412227,,,,,,,,,,,79.999992,79.999992,46.988663,49.712406,0.385880,0.349627,,,,,,,,,,,,
412232,,,,,,,,,,,79.999992,79.999992,47.673080,50.162224,0.382268,0.348112,,,,,,,,,,,,
412237,,,,,,,,,,,79.999992,79.999992,48.889992,51.164745,0.373210,0.340971,,,,,,,,,,,,
412242,,,,,,,,,,,79.999992,79.999992,48.819202,51.489475,0.377036,0.340575,,,,,,,,,,,,
412253,,,,,,,,,,,79.999992,79.999992,,,,,,,,,,,,,,,,
412254,,,,,,,,,,,79.999992,79.999992,49.960308,52.781853,0.371162,0.332662,,,,,,,,,,,,
412257,,,,,,,,,,,79.999992,79.999992,48.614441,50.601521,0.387760,0.357405,,,,,,,,,,,,
412262,,,,,,,,,,,79.999992,79.999992,48.567383,50.974762,0.391373,0.356575,,,,,,,,,,,,
412267,,,,,,,,,,,79.999992,79.999992,48.524380,51.907299,0.394951,0.350059,,,,,,,,,,,,
412272,,,,,,,,,,,79.999992,79.999992,49.076523,52.168072,0.392522,0.350234,,,,,,,,,,,,
412277,,,,,,,,,,,79.999992,79.999992,49.581112,52.406384,0.390518,0.350611,,,,,,,,,,,,
412282,,,,,,,,,,,79.999992,79.999992,49.450794,52.624168,0.394876,0.351170,,,,,,,,,,,,
412287,,,,,,,,,,,79.999992,79.999992,49.923145,52.823196,0.393160,0.351898,,,,,,,,,,,,
412292,,,,,,,,,,,79.999992,79.999992,50.354813,53.005081,0.391808,0.352778,,,,,,,,,,,,
412297,,,,,,,,,,,79.999992,79.999992,50.157856,53.171303,0.396762,0.353799,,,,,,,,,,,,
412302,,,,,,,,,,,79.999992,79.999992,50.569309,53.914650,0.395590,0.348974,,,,,,,,,,,,
412307,,,,,,,,,,,79.999992,79.999992,50.945324,54.002529,0.394736,0.350695,,,,,,,,,,,,
412312,,,,,,,,,,,79.999992,79.999992,51.288952,54.082840,0.394170,0.352484,,,,,,,,,,,,
412317,,,,,,,,,,,79.999992,79.999992,51.602982,54.156235,0.393870,0.354334,,,,,,,,,,,,
412322,,,,,,,,,,,79.999992,79.999992,51.889965,54.223305,0.393811,0.356241,,,,,,,,,,,,
412333,,,,,,,,,,,79.999992,79.999992,,,,,,,,,,,,,,,,
412334,,,,,,,,,,,79.999992,79.999992,54.146393,56.635605,0.375907,0.336257,,,,,,,,,,,,
412337,,,,,,,,,,,79.999992,79.999992,52.439976,54.714794,0.395727,0.357994,,,,,,,,,,,,
412342,,,,,,,,,,,79.999992,79.999992,53.246315,55.325203,0.390339,0.354357,,,,,,,,,,,,
412347,,,,,,,,,,,79.999992,79.999992,53.983204,55.883038,0.385572,0.351190,,,,,,,,,,,,
412352,,,,,,,,,,,79.999992,79.999992,54.656624,56.392822,0.381372,0.348453,,,,,,,,,,,,
412357,,,,,,,,,,,79.999992,79.999992,55.272041,56.858700,0.377691,0.346109,,,,,,,,,,,,
412362,,,,,,,,,,,79.999992,79.999992,55.243008,57.284451,0.380457,0.344123,,,,,,,,,,,,
412367,,,,,,,,,,,79.999992,79.999992,55.807919,57.673534,0.377227,0.342465,,,,,,,,,,,,
412372,,,,,,,,,,,79.999992,79.999992,56.324177,58.029106,0.374432,0.341106,,,,,,,,,,,,
412377,,,,,,,,,,,79.999992,79.999992,56.795967,58.945496,0.372034,0.334047,,,,,,,,,,,,
412382,,,,,,,,,,,79.999992,79.999992,57.227123,59.191513,0.370000,0.333668,,,,,,,,,,,,
412394,,,,,,,,,,,79.999992,79.999992,59.684765,61.865845,0.348924,0.309969,,,,,,,,,,,,
412397,,,,,,,,,,,79.999992,79.999992,58.092773,60.085995,0.367035,0.329758,,,,,,,,,,,,
412402,,,,,,,,,,,79.999992,79.999992,58.412235,60.233780,0.365999,0.330257,,,,,,,,,,,,
412407,,,,,,,,,,,79.999992,79.999992,58.704182,60.960281,0.365209,0.324896,,,,,,,,,,,,
412412,,,,,,,,,,,79.999992,79.999992,59.562428,61.624207,0.358671,0.320095,,,,,,,,,,,,
412417,,,,,,,,,,,79.999992,79.999992,60.346752,62.230949,0.352793,0.315804,,,,,,,,,,,,
412422,,,,,,,,,,,79.999992,79.999992,61.063522,62.785435,0.347519,0.311981,,,,,,,,,,,,
412427,,,,,,,,,,,79.999992,79.999992,61.127113,63.292160,0.348770,0.308584,,,,,,,,,,,,
412432,,,,,,,,,,,0.000000,0.000000,61.776672,63.755241,-0.463903,-0.502422,,,,,,,,,,,,
412437,,,,,,,,,,,0.000000,0.000000,60.595947,62.404102,-0.458156,-0.495151,,,,,,,,,,,,
412442,,,,,,,,,,,0.000000,0.000000,57.151142,58.212112,-0.429423,-0.459052,,,,,,,,,,,,
412453,,,,,,,,,,,0.000000,0.000000,,,,,,,,,,,,,,,,
412454,,,,,,,,,,,0.000000,0.000000,46.649227,44.832787,-0.334173,-0.334648,,,,,,,,,,,,
412457,,,,,,,,,,,-79.999992,-79.999992,42.039875,39.788441,-1.000000,-1.000000,,,,,,,,,,,,
412462,,,,,,,,,,,-79.999992,-79.999992,37.236084,33.404228,-1.000000,-1.000000,,,,,,,,,,,,
412467,,,,,,,,,,,-79.999992,-79.999992,32.254597,26.978447,-1.000000,-0.990122,,,,,,,,,,,,
412472,,,,,,,,,,,-79.999992,-79.999992,25.927834,19.923229,-0.972705,-0.929562,,,,,,,,,,,,
412477,,,,,,,,,,,-79.999992,-79.999992,18.963104,11.701344,-0.912954,-0.856513,,,,,,,,,,,,
412482,,,,,,,,,,,-79.999992,-79.999992,10.232470,3.004722,-0.834671,-0.777848,,,,,,,,,,,,
412487,,,,,,,,,,,-79.999992,-79.999992,1.070917,-6.125748,-0.751162,-0.693930,,,,,,,,,,,,
412492,,,,,,,,,,,-79.999992,-79.999992,-8.484439,-16.244144,-0.662760,-0.599122,,,,,,,,,,,,
412497,,,,,,,,,,,-79.999992,-79.999992,-18.399681,-25.491041,-0.569768,-0.512104,,,,,,,,,,,,
412502,,,,,,,,,,,-79.999992,-79.999992,-28.643810,-35.715836,-0.472462,-0.414284,,,,,,,,,,,,
412507,,,,,,,,,,,-79.999992,-79.999992,-38.005608,-43.877075,-0.383044,-0.336284,,,,,,,,,,,,
412512,,,,,,,,,,,-79.999992,-79.999992,-45.378185,-48.969604,-0.312780,-0.288462,,,,,,,,,,,,
412517,,,,,,,,,,,-79.999992,-79.999992,-47.384201,-50.666290,-0.295981,-0.274428,,,,,,,,,,,,
412522,,,,,,,,,,,-79.999992,-79.999992,-46.260216,-49.851063,-0.310595,-0.285596,,,,,,,,,,,,
412534,,,,,,,,,,,-79.999992,-79.999992,-46.201641,-48.119560,-0.317505,-0.308833,,,,,,,,,,,,
412537,,,,,,,,,,,-79.999992,-79.999992,-44.588062,-46.340794,-0.337182,-0.329987,,,,,,,,,,,,
412542,,,,,,,,,,,-79.999992,-79.999992,-45.479240,-47.081009,-0.331723,-0.325877,,,,,,,,,,,,
412547,,,,,,,,,,,-79.999992,-79.999992,-47.476551,-48.348915,-0.315002,-0.316363,,,,,,,,,,,,
412552,,,,,,,,,,,-79.999992,-79.999992,-48.710388,-50.099060,-0.305792,-0.301851,,,,,,,,,,,,
412557,,,,,,,,,,,-79.999992,-79.999992,-51.020847,-51.698467,-0.285586,-0.288687,,,,,,,,,,,,
412562,,,,,,,,,,,-79.999992,-79.999992,-52.540859,-53.751560,-0.273132,-0.270781,,,,,,,,,,,,
412567,,,,,,,,,,,-79.999992,-79.999992,-53.929955,-55.036377,-0.261848,-0.260429,,,,,,,,,,,,
412572,,,,,,,,,,,-79.999992,-79.999992,-55.199406,-56.801975,-0.251633,-0.245093,,,,,,,,,,,,
412577,,,,,,,,,,,-79.999992,-79.999992,-55.176628,-56.049725,-0.254343,-0.255011,,,,,,,,,,,,
412582,,,,,,,,,,,-79.999992,-79.999992,-52.198589,-53.587929,-0.286904,-0.282270,,,,,,,,,,,,
412593,,,,,,,,,,,-79.999992,-79.999992,,,,,,,,,,,,,,,,
412594,,,,,,,,,,,-79.999992,-79.999992,-44.675079,-46.916401,-0.368783,-0.355160,,,,,,,,,,,,
412597,,,,,,,,,,,-79.999992,-79.999992,-41.418652,-44.058372,-0.405205,-0.387334,,,,,,,,,,,,
412602,,,,,,,,,,,-79.999992,-79.999992,-40.217033,-43.220840,-0.421200,-0.399387,,,,,,,,,,,,
412607,,,,,,,,,,,-79.999992,-79.999992,-40.301800,-43.638336,-0.424322,-0.398849,,,,,,,,,,,,
412612,,,,,,,,,,,-79.999992,-79.999992,-41.562157,-44.611317,-0.415562,-0.392658,,,,,,,,,,,,
412617,,,,,,,,,,,-79.999992,-79.999992,-43.305405,-46.683384,-0.401799,-0.375269,,,,,,,,,,,,
412622,,,,,,,,,,,-79.999992,-79.999992,-44.307060,-47.394093,-0.395352,-0.371422,,,,,,,,,,,,
412627,,,,,,,,,,,-79.999992,-79.999992,-45.222443,-48.043587,-0.389676,-0.368123,,,,,,,,,,,,
412632,,,,,,,,,,,-79.999992,-79.999992,-45.467537,-48.045696,-0.390678,-0.371297,,,,,,,,,,,,
412637,,,,,,,,,,,-79.999992,-79.999992,-45.691525,-48.047623,-0.391869,-0.374473,,,,,,,,,,,,
412642,,,,,,,,,,,-79.999992,-79.999992,-46.487663,-48.640831,-0.387259,-0.371677,,,,,,,,,,,,
412653,,,,,,,,,,,-79.999992,-79.999992,-54.904015,-57.463173,-0.305605,-0.285707,,,,,,,,,,,,
412654,,,,,,,,,,,,,-50.766567,-53.105305,-0.349903,-0.331975,,,,,,,,,,,,
412657,,,,,,,,,,,-79.999992,-79.999992,-49.351257,-51.488560,-0.367121,-0.350994,,,,,,,,,,,,
412662,,,,,,,,,,,-79.999992,-79.999992,-49.832184,-51.785400,-0.365328,-0.350847,,,,,,,,,,,,
412667,,,,,,,,,,,-79.999992,-79.999992,-50.271687,-52.056671,-0.363906,-0.350929,,,,,,,,,,,,
412672,,,,,,,,,,,-79.999992,-79.999992,-50.081890,-51.713135,-0.368796,-0.357193,,,,,,,,,,,,
412677,,,,,,,,,,,-79.999992,-79.999992,-49.908440,-51.990631,-0.373539,-0.357219,,,,,,,,,,,,
412682,,,,,,,,,,,-79.999992,-79.999992,-50.341373,-52.244225,-0.372176,-0.357458,,,,,,,,,,,,
412687,,,,,,,,,,,-79.999992,-79.999992,-50.737019,-53.067421,-0.371146,-0.351920,,,,,,,,,,,,
412692,,,,,,,,,,,-79.999992,-79.999992,-51.690033,-53.228271,-0.364447,-0.352988,,,,,,,,,,,,
412697,,,,,,,,,,,-79.999992,-79.999992,-51.969521,-53.375267,-0.364455,-0.354181,,,,,,,,,,,,
412702,,,,,,,,,,,-79.999992,-79.999992,-51.633488,-54.101048,-0.370652,-0.349513,,,,,,,,,,,,
412713,,,,,,,,,,,-79.999992,-79.999992,-52.310684,-54.371483,-0.368925,-0.351422,,,,,,,,,,,,
412717,,,,,,,,,,,-79.999992,-79.999992,-50.762379,-53.237125,-0.387332,-0.365442,,,,,,,,,,,,
412722,,,,,,,,,,,-79.999992,-79.999992,-51.121765,-53.383358,-0.386626,-0.366641,,,,,,,,,,,,
412727,,,,,,,,,,,-79.999992,-79.999992,-51.450195,-53.516998,-0.386196,-0.367953,,,,,,,,,,,,
412732,,,,,,,,,,,-79.999992,-79.999992,-51.750340,-53.047684,-0.386020,-0.375341,,,,,,,,,,,,
412737,,,,,,,,,,,-79.999992,-79.999992,-52.024632,-53.210236,-0.386074,-0.376395,,,,,,,,,,,,
412742,,,,,,,,,,,-79.999992,-79.999992,-52.275299,-53.358788,-0.386340,-0.377573,,,,,,,,,,,,
412747,,,,,,,,,,,-79.999992,-79.999992,-52.504375,-54.085987,-0.386799,-0.372893,,,,,,,,,,,,
412752,,,,,,,,,,,-79.999992,-79.999992,-53.305168,-54.750553,-0.381460,-0.368772,,,,,,,,,,,,
412757,,,,,,,,,,,-79.999992,-79.999992,-53.445541,-55.357880,-0.382712,-0.365163,,,,,,,,,,,,
412762,,,,,,,,,,,-79.999992,-79.999992,-54.165272,-55.912899,-0.378098,-0.362022,,,,,,,,,,,,
412767,,,,,,,,,,,-79.999992,-79.999992,-54.231564,-56.420113,-0.380012,-0.359307,,,,,,,,,,,,
412772,,,,,,,,,,,-79.999992,-79.999992,-54.883591,-56.883640,-0.376004,-0.356984,,,,,,,,,,,,
412777,,,,,,,,,,,-79.999992,-79.999992,-55.479462,-56.715801,-0.372497,-0.360991,,,,,,,,,,,,
412782,,,,,,,,,,,-79.999992,-79.999992,-55.432564,-56.562416,-0.375423,-0.364868,,,,,,,,,,,,
412793,,,,,,,,,,,-79.999992,-79.999992,-61.304153,-63.519581,-0.318576,-0.296945,,,,,,,,,,,,
412794,,,,,,,,,,,-79.999992,-79.999992,-56.615459,-58.640072,-0.367802,-0.347876,,,,,,,,,,,,
412797,,,,,,,,,,,-79.999992,-79.999992,-54.696384,-56.546616,-0.389523,-0.371156,,,,,,,,,,,,
412802,,,,,,,,,,,-79.999992,-79.999992,-55.308376,-56.407803,-0.385872,-0.374903,,,,,,,,,,,,
412807,,,,,,,,,,,-79.999992,-79.999992,-55.867657,-56.872391,-0.382693,-0.372570,,,,,,,,,,,,
412812,,,,,,,,,,,-79.999992,-79.999992,-55.787323,-57.296963,-0.385917,-0.370594,,,,,,,,,,,,
412817,,,,,,,,,,,-79.999992,-79.999992,-55.713909,-57.684967,-0.389080,-0.368946,,,,,,,,,,,,
412822,,,,,,,,,,,-79.999992,-79.999992,-56.238262,-58.039555,-0.386213,-0.367596,,,,,,,,,,,,
412827,,,,,,,,,,,-79.999992,-79.999992,-56.717453,-57.772156,-0.383749,-0.372493,,,,,,,,,,,,
412832,,,,,,,,,,,-79.999992,-79.999992,-56.563927,-58.119232,-0.387628,-0.371210,,,,,,,,,,,,
412837,,,,,,,,,,,-79.999992,-79.999992,-57.015068,-58.436417,-0.385415,-0.370195,,,,,,,,,,,,
412842,,,,,,,,,,,-79.999619,-79.986595,-57.427353,-58.726280,-0.383546,-0.369288,,,,,,,,,,,,
412854,,,,,,,,,,,-79.999619,-79.986595,-59.902935,-61.477310,-0.362309,-0.344900,,,,,,,,,,,,
412857,,,,,,,,,,,-79.999619,-79.986595,-57.700706,-59.730927,-0.386561,-0.364390,,,,,,,,,,,,
412862,,,,,,,,,,,-79.999619,-79.986595,-58.053936,-59.909294,-0.385224,-0.364614,,,,,,,,,,,,
412867,,,,,,,,,,,-79.999619,-79.986595,-58.968185,-60.663742,-0.378184,-0.359001,,,,,,,,,,,,
412872,,,,,,,,,,,-79.999619,-79.986595,-59.212246,-61.353210,-0.377822,-0.353970,,,,,,,,,,,,
412877,,,,,,,,,,,-79.999619,-79.986595,-60.026733,-61.983295,-0.371675,-0.349470,,,,,,,,,,,,
412882,,,,,,,,,,,-79.919273,-77.087250,-60.771069,-62.559109,-0.365343,-0.316171,,,,,,,,,,,,
412887,,,,,,,,,,,-79.919273,-77.087250,-60.859848,-63.085327,-0.366361,-0.312309,,,,,,,,,,,,
412892,,,,,,,,,,,-79.919273,-77.087250,-61.532425,-63.566223,-0.361474,-0.308852,,,,,,,,,,,,
412897,,,,,,,,,,,-79.919273,-77.087250,-62.147072,-64.005699,-0.357105,-0.305765,,,,,,,,,,,,
412902,,,,,,,,,,,-79.919273,-77.087250,-63.300224,-64.407326,-0.347235,-0.303017,,,,,,,,,,,,
412914,,,,,,,,,,,-79.919273,-77.087250,-65.837776,-66.762383,-0.324055,-0.280902,,,,,,,,,,,,
412917,,,,,,,,,,,-79.878113,-75.602074,-63.715824,-64.560791,-0.346479,-0.289171,,,,,,,,,,,,
412922,,,,,,,,,,,-79.878113,-75.602074,-64.142418,-64.914604,-0.343787,-0.286701,,,,,,,,,,,,
412927,,,,,,,,,,,-79.878113,-75.602074,-64.532265,-65.237946,-0.341423,-0.284504,,,,,,,,,,,,
412932,,,,,,,,,,,-79.878113,-75.602074,-65.479980,-65.533440,-0.333386,-0.282556,,,,,,,,,,,,
412937,,,,,,,,,,,-79.878113,-75.602074,-65.754623,-65.803482,-0.332052,-0.280836,,,,,,,,,,,,
412942,,,,,,,,,,,-79.878113,-75.602074,-66.597061,-66.050262,-0.324955,-0.279323,,,,,,,,,,,,
412947,,,,,,,,,,,-79.878113,-75.602074,-66.775490,-66.867233,-0.324481,-0.272027,,,,,,,,,,,,
412952,,,,,,,,,,,-79.878113,-75.602074,-67.529999,-67.022392,-0.318171,-0.271333,,,,,,,,,,,,
412957,,,,,,,,,,,-79.855400,-74.782494,-68.219521,-67.164192,-0.312212,-0.262481,,,,,,,,,,,,
412962,,,,,,,,,,,-79.855400,-74.782494,-68.258209,-67.293777,-0.312985,-0.261934,,,,,,,,,,,,
412967,,,,,,,,,,,-79.855400,-74.782494,-68.885010,-67.412201,-0.307814,-0.261487,,,,,,,,,,,,
412972,,,,,,,,,,,-79.855400,-74.782494,-68.866379,-67.520424,-0.309099,-0.261131,,,,,,,,,,,,
412977,,,,,,,,,,,-79.863098,-75.060127,-69.440796,-67.619324,-0.304475,-0.263662,,,,,,,,,,,,
412982,,,,,,,,,,,-79.863098,-75.060127,-69.965736,-67.709709,-0.300215,-0.263494,,,,,,,,,,,,
412993,,,,,,,,,,,-79.863098,-75.060127,-78.725693,-76.072533,-0.212729,-0.179764,,,,,,,,,,,,
412994,,,,,,,,,,,-79.863098,-75.060127,-71.945030,-69.520393,-0.281327,-0.245839,,,,,,,,,,,,
412997,,,,,,,,,,,-79.863098,-75.060127,-69.888504,-67.081261,-0.302890,-0.271029,,,,,,,,,,,,
413002,,,,,,,,,,,-79.863098,-75.060127,-69.783440,-67.217987,-0.304949,-0.270446,,,,,,,,,,,,
413007,,,,,,,,,,,-79.863098,-75.060127,-70.278870,-67.342934,-0.300953,-0.269968,,,,,,,,,,,,
413012,,,,,,,,,,,-79.863098,-75.060127,-70.731628,-67.457123,-0.297338,-0.269586,,,,,,,,,,,,
413017,,,,,,,,,,,-79.900101,-76.395561,-70.553947,-68.152924,-0.300420,-0.276807,,,,,,,,,,,,
413022,,,,,,,,,,,-79.900101,-76.395561,-70.983017,-68.197350,-0.297021,-0.277182,,,,,,,,,,,,
413027,,,,,,,,,,,-79.900101,-76.395561,-71.375130,-68.237946,-0.293952,-0.277592,,,,,,,,,,,,
413032,,,,,,,,,,,-79.900101,-76.395561,-71.142021,-68.275047,-0.297159,-0.278033,,,,,,,,,,,,
413037,,,,,,,,,,,-79.900101,-76.395561,-71.520439,-68.308952,-0.294213,-0.278503,,,,,,,,,,,,
413042,,,,,,,,,,,-79.900101,-76.395561,-71.866264,-68.931381,-0.291558,-0.273025,,,,,,,,,,,,
413054,,,,,,,,,,,-79.900101,-76.395561,-74.072784,-71.132126,-0.269960,-0.251464,,,,,,,,,,,,
413057,,,,,,,,,,,-79.960297,-78.567398,-71.241547,-67.962723,-0.299746,-0.305937,,,,,,,,,,,,
413062,,,,,,,,,,,-79.960297,-78.567398,-71.611389,-68.023529,-0.296883,-0.306384,,,,,,,,,,,,
413067,,,,,,,,,,,-79.960297,-78.567398,-71.357933,-68.670540,-0.300278,-0.300903,,,,,,,,,,,,
413072,,,,,,,,,,,-79.996101,-79.859352,-71.717751,-69.261826,-0.297865,-0.308970,,,,,,,,,,,,
413077,,,,,,,,,,,-79.996101,-79.859352,-72.046577,-69.210739,-0.295372,-0.310545,,,,,,,,,,,,
413082,,,,,,,,,,,-79.996101,-79.859352,-72.347084,-69.755501,-0.293132,-0.306108,,,,,,,,,,,,
413087,,,,,,,,,,,-79.996101,-79.859352,-72.030266,-70.253342,-0.297097,-0.302090,,,,,,,,,,,,
413092,,,,,,,,,,,-79.996101,-79.859352,-72.332176,-70.708298,-0.294844,-0.298456,,,,,,,,,,,,
413097,,,,,,,,,,,-80.000000,-79.999985,-72.608086,-71.124069,-0.292863,-0.296592,,,,,,,,,,,,
413102,,,,,,,,,,,-80.000000,-79.999985,-72.860229,-71.504028,-0.291056,-0.293642,,,,,,,,,,,,
413114,,,,,,,,,,,-80.000000,-79.999985,-74.902901,-74.902206,-0.270942,-0.260039,,,,,,,,,,,,
413117,,,,,,,,,,,-80.000000,-79.999985,-72.000168,-71.999535,-0.300770,-0.289865,,,,,,,,,,,,
413122,,,,,,,,,,,-80.000000,-79.999985,-72.304672,-72.304092,-0.298494,-0.287589,,,,,,,,,,,,
413127,,,,,,,,,,,-80.000000,-79.999985,-72.582947,-72.582420,-0.296453,-0.285548,,,,,,,,,,,,
413132,,,,,,,,,,,-79.999992,-79.999977,-72.245811,-72.836777,-0.300600,-0.283721,,,,,,,,,,,,
413137,,,,,,,,,,,-79.999992,-79.999977,-72.529160,-73.069221,-0.298513,-0.282089,,,,,,,,,,,,
413142,,,,,,,,,,,-79.999992,-79.999977,-72.788101,-73.281647,-0.296645,-0.280637,,,,,,,,,,,,
413147,,,,,,,,,,,-79.999992,-79.999977,-73.024742,-73.475777,-0.294976,-0.279348,,,,,,,,,,,,
413152,,,,,,,,,,,-79.999992,-79.999977,-73.240997,-73.653183,-0.293490,-0.278209,,,,,,,,,,,,
413157,,,,,,,,,,,-79.990906,-79.672050,-73.438629,-73.815315,-0.292078,-0.273894,,,,,,,,,,,,
413162,,,,,,,,,,,-79.990906,-79.672050,-73.619240,-73.963478,-0.290909,-0.272983,,,,,,,,,,,,
413173,,,,,,,,,,,-79.990906,-79.672050,-82.064522,-82.970558,-0.206249,-0.182582,,,,,,,,,,,,
413174,,,,,,,,,,,,,-74.996284,-75.824287,-0.277430,-0.254430,,,,,,,,,,,,
413177,,,,,,,,,,,-79.990906,-79.672050,-72.676956,-73.433640,-0.301355,-0.278960,,,,,,,,,,,,
413182,,,,,,,,,,,-79.990906,-79.672050,-72.331726,-73.614677,-0.305573,-0.277755,,,,,,,,,,,,
413187,,,,,,,,,,,-79.990906,-79.672050,-72.607674,-73.780121,-0.303552,-0.276690,,,,,,,,,,,,
413192,,,,,,,,,,,-79.990906,-79.672050,-72.859856,-73.931320,-0.301743,-0.275752,,,,,,,,,,,,
413197,,,,,,,,,,,-79.945885,-78.047394,-73.090317,-74.069496,-0.299674,-0.258522,,,,,,,,,,,,
413202,,,,,,,,,,,-79.945885,-78.047394,-72.709480,-74.195770,-0.304206,-0.257644,,,,,,,,,,,,
413207,,,,,,,,,,,-79.945885,-78.047394,-72.952888,-73.719719,-0.302471,-0.262837,,,,,,,,,,,,
413212,,,,,,,,,,,-79.945885,-78.047394,-73.175331,-73.876122,-0.300924,-0.261691,,,,,,,,,,,,
413217,,,,,,,,,,,-79.945885,-78.047394,-73.378616,-74.019051,-0.299548,-0.260664,,,,,,,,,,,,
413222,,,,,,,,,,,-79.945885,-78.047394,-73.564392,-73.558220,-0.298328,-0.265721,,,,,,,,,,,,
413227,,,,,,,,,,,-79.945885,-78.047394,-73.142723,-73.728531,-0.303225,-0.264450,,,,,,,,,,,,
413232,,,,,,,,,,,-79.945885,-78.047394,-73.348816,-73.884171,-0.301824,-0.263310,,,,,,,,,,,,
413237,,,,,,,,,,,-79.917175,-77.011238,-73.537163,-73.434959,-0.300292,-0.257798,,,,,,,,,,,,
413242,,,,,,,,,,,-79.917175,-77.011238,-73.709282,-73.615883,-0.299191,-0.256328,,,,,,,,,,,,
413253,,,,,,,,,,,-79.917175,-77.011238,-75.071487,-74.452980,-0.285831,-0.247767,,,,,,,,,,,,
413257,,,,,,,,,,,-79.917175,-77.011238,-73.337128,-72.180443,-0.303832,-0.270976,,,,,,,,,,,,
413262,,,,,,,,,,,-79.917175,-77.011238,-73.526482,-72.469421,-0.302578,-0.268540,,,,,,,,,,,,
413267,,,,,,,,,,,-79.917175,-77.011238,-73.108078,-72.142067,-0.307443,-0.272301,,,,,,,,,,,,
413272,,,,,,,,,,,-79.917175,-77.011238,-73.317154,-72.434349,-0.306012,-0.269836,,,,,,,,,,,,
413277,,,,,,,,,,,-79.915649,-76.956169,-73.508224,-72.110016,-0.304727,-0.273013,,,,,,,,,,,,
413282,,,,,,,,,,,-79.915649,-76.956169,-73.682838,-72.405060,-0.303604,-0.270518,,,,,,,,,,,,
413287,,,,,,,,,,,-79.915649,-76.956169,-73.842415,-72.674690,-0.302615,-0.268249,,,,,,,,,,,,
413292,,,,,,,,,,,-79.915649,-76.956169,-73.988243,-72.329651,-0.301750,-0.272162,,,,,,,,,,,,
413297,,,,,,,,,,,-79.915649,-76.956169,-74.121513,-72.605774,-0.300997,-0.269836,,,,,,,,,,,,
413302,,,,,,,,,,,-79.915649,-76.956169,-74.243309,-72.266670,-0.300346,-0.273696,,,,,,,,,,,,
413314,,,,,,,,,,,-79.915649,-76.956169,-76.057991,-73.866676,-0.282254,-0.257618,,,,,,,,,,,,
413317,,,,,,,,,,,-79.915649,-76.956169,-73.647217,-71.053192,-0.306988,-0.286343,,,,,,,,,,,,
413322,,,,,,,,,,,-79.937660,-77.750801,-73.809860,-71.439262,-0.306195,-0.291060,,,,,,,,,,,,
413327,,,,,,,,,,,-79.937660,-77.750801,-73.958496,-71.792076,-0.305306,-0.288128,,,,,,,,,,,,
413332,,,,,,,,,,,-79.937660,-77.750801,-74.094330,-71.523056,-0.304532,-0.291441,,,,,,,,,,,,
413337,,,,,,,,,,,-79.937660,-77.750801,-74.218460,-71.868652,-0.303863,-0.288573,,,,,,,,,,,,
413342,,,,,,,,,,,-79.937660,-77.750801,-74.331902,-72.184486,-0.303289,-0.285971,,,,,,,,,,,,
413347,,,,,,,,,,,-79.937660,-77.750801,-75.027016,-72.473114,-0.296829,-0.283613,,,,,,,,,,,,
413352,,,,,,,,,,,-79.969643,-78.904762,-75.070816,-72.736885,-0.297201,-0.293131,,,,,,,,,,,,
413357,,,,,,,,,,,-79.969643,-78.904762,-75.110847,-72.977936,-0.297286,-0.291313,,,,,,,,,,,,
413362,,,,,,,,,,,-79.969643,-78.904762,-75.147430,-73.198227,-0.297403,-0.289681,,,,,,,,,,,,
413374,,,,,,,,,,,-79.969643,-78.904762,-77.404518,-75.776627,-0.274680,-0.263873,,,,,,,,,,,,
413377,,,,,,,,,,,-79.983841,-79.417137,-74.286324,-72.798637,-0.306574,-0.299439,,,,,,,,,,,,
413382,,,,,,,,,,,-79.983841,-79.417137,-74.393921,-73.034370,-0.306057,-0.297720,,,,,,,,,,,,
413387,,,,,,,,,,,-79.983841,-79.417137,-75.083694,-73.249802,-0.299649,-0.296182,,,,,,,,,,,,
413392,,,,,,,,,,,-79.983841,-79.417137,-74.531166,-73.446678,-0.305720,-0.294810,,,,,,,,,,,,
413397,,,,,,,,,,,-79.983627,-79.409264,-75.209122,-73.626595,-0.299415,-0.293511,,,,,,,,,,,,
413402,,,,,,,,,,,-79.983627,-79.409264,-75.237236,-73.791016,-0.299609,-0.292428,,,,,,,,,,,,
413407,,,,,,,,,,,-79.983627,-79.409264,-75.262932,-74.532722,-0.299824,-0.285499,,,,,,,,,,,,
413412,,,,,,,,,,,-79.983627,-79.409264,-75.286415,-74.619095,-0.300059,-0.285114,,,,,,,,,,,,
413417,,,,,,,,,,,-79.983627,-79.409264,-75.307877,-74.698029,-0.300312,-0.284796,,,,,,,,,,,,
413422,,,,,,,,,,,-79.983627,-79.409264,-75.327484,-75.361610,-0.300581,-0.278565,,,,,,,,,,,,
413427,,,,,,,,,,,-79.983627,-79.409264,-75.345406,-75.376595,-0.300866,-0.278818,,,,,,,,,,,,
413432,,,,,,,,,,,-79.983627,-79.409264,-75.361786,-75.390289,-0.301164,-0.279083,,,,,,,,,,,,
413437,,,,,,,,,,,-79.970131,-78.922226,-75.376755,-75.994247,-0.301339,-0.268466,,,,,,,,,,,,
413442,,,,,,,,,,,-79.970131,-78.922226,-75.390434,-75.954742,-0.301660,-0.269158,,,,,,,,,,,,
413453,,,,,,,,,,,-79.970131,-78.922226,-84.274612,-84.790314,-0.212388,-0.180216,,,,,,,,,,,,
413454,,,,,,,,,,,-79.970131,-78.922226,-77.607468,-77.487305,-0.279296,-0.253389,,,,,,,,,,,,
413457,,,,,,,,,,,-79.970131,-78.922226,-75.063232,-74.953423,-0.305229,-0.279125,,,,,,,,,,,,
413462,,,,,,,,,,,-79.970131,-78.922226,-75.103912,-75.003563,-0.305309,-0.279015,,,,,,,,,,,,
413467,,,,,,,,,,,-79.970131,-78.922226,-75.141090,-75.049385,-0.305420,-0.278944,,,,,,,,,,,,
413472,,,,,,,,,,,-79.970131,-78.922226,-75.766510,-75.091263,-0.299586,-0.278909,,,,,,,,,,,,
413477,,,,,,,,,,,-79.970131,-78.922226,-75.746620,-75.720978,-0.300207,-0.272932,,,,,,,,,,,,
413482,,,,,,,,,,,-79.947296,-78.098404,-75.728439,-75.705009,-0.300582,-0.265092,,,,,,,,,,,,
413487,,,,,,,,,,,-79.947296,-78.098404,-75.711830,-75.690414,-0.301172,-0.265479,,,,,,,,,,,,
413492,,,,,,,,,,,-79.947296,-78.098404,-76.288094,-75.677078,-0.295775,-0.265855,,,,,,,,,,,,
413497,,,,,,,,,,,-79.947296,-78.098404,-76.223274,-75.664886,-0.296796,-0.266220,,,,,,,,,,,,
413502,,,,,,,,,,,-79.947296,-78.098404,-76.164040,-75.653748,-0.297767,-0.266576,,,,,,,,,,,,
413513,,,,,,,,,,,-79.947296,-78.098404,,,,,,,,,,,,,,,,
413514,,,,,,,,,,,-79.947296,-78.098404,-78.202606,-77.235931,-0.276993,-0.250199,,,,,,,,,,,,
413517,,,,,,,,,,,-79.941284,-77.881470,-75.607117,-74.723701,-0.303321,-0.273467,,,,,,,,,,,,
413522,,,,,,,,,,,-79.941284,-77.881470,-75.600952,-74.793625,-0.303817,-0.273077,,,,,,,,,,,,
413527,,,,,,,,,,,-79.941284,-77.881470,-75.595322,-74.857529,-0.304308,-0.272740,,,,,,,,,,,,
413532,,,,,,,,,,,-79.941284,-77.881470,-75.590172,-74.915924,-0.304794,-0.272453,,,,,,,,,,,,
413537,,,,,,,,,,,-79.941284,-77.881470,-75.585464,-74.969292,-0.305277,-0.272210,,,,,,,,,,,,
413542,,,,,,,,,,,-79.941284,-77.881470,-75.581169,-75.018066,-0.305756,-0.272009,,,,,,,,,,,,
413547,,,,,,,,,,,-79.941284,-77.881470,-76.168686,-74.471191,-0.300258,-0.277819,,,,,,,,,,,,
413552,,,,,,,,,,,-79.941330,-77.883087,-76.114151,-74.562866,-0.301187,-0.277250,,,,,,,,,,,,
413557,,,,,,,,,,,-79.941330,-77.883087,-76.064316,-74.646645,-0.302073,-0.276736,,,,,,,,,,,,
413562,,,,,,,,,,,-79.941330,-77.883087,-76.018776,-74.723206,-0.302920,-0.276286,,,,,,,,,,,,
413574,,,,,,,,,,,-79.941330,-77.883087,-78.621796,-77.050224,-0.276413,-0.252521,,,,,,,,,,,,
413577,,,,,,,,,,,-79.951752,-78.259338,-75.398750,-73.371094,-0.309203,-0.293564,,,,,,,,,,,,
413582,,,,,,,,,,,-79.951752,-78.259338,-75.410530,-73.557518,-0.309539,-0.292170,,,,,,,,,,,,
413587,,,,,,,,,,,-79.951752,-78.259338,-75.421303,-73.727890,-0.309885,-0.290919,,,,,,,,,,,,
413592,,,,,,,,,,,-79.951752,-78.259338,-76.022591,-74.475029,-0.304265,-0.283826,,,,,,,,,,,,
413597,,,,,,,,,,,-79.951752,-78.259338,-75.980644,-74.566376,-0.305081,-0.283282,,,,,,,,,,,,
413602,,,,,,,,,,,-79.956619,-78.434624,-75.942307,-74.649849,-0.305915,-0.284579,,,,,,,,,,,,
413607,,,,,,,,,,,-79.956619,-78.434624,-76.498718,-74.726135,-0.300696,-0.284187,,,,,,,,,,,,
413612,,,,,,,,,,,-79.960243,-78.565842,-76.415764,-74.795853,-0.301917,-0.285179,,,,,,,,,,,,
413617,,,,,,,,,,,-79.960243,-78.565842,-76.339951,-74.859566,-0.303037,-0.284912,,,,,,,,,,,,
413622,,,,,,,,,,,-79.960243,-78.565842,-76.270668,-74.917786,-0.304099,-0.284695,,,,,,,,,,,,
413634,,,,,,,,,,,-79.960243,-78.565842,-78.832161,-77.161789,-0.277966,-0.261808,,,,,,,,,,,,
413637,,,,,,,,,,,-79.963577,-78.685905,-76.182442,-74.655945,-0.304875,-0.288470,,,,,,,,,,,,
413642,,,,,,,,,,,-79.963577,-78.685905,-76.126724,-74.731705,-0.305816,-0.288108,,,,,,,,,,,,
413647,,,,,,,,,,,-79.963577,-78.685905,-76.075806,-74.800941,-0.306714,-0.287804,,,,,,,,,,,,
413652,,,,,,,,,,,-79.963577,-78.685905,-76.029274,-74.864212,-0.307572,-0.287554,,,,,,,,,,,,
413657,,,,,,,,,,,-79.963577,-78.685905,-76.578194,-74.922035,-0.302422,-0.287352,,,,,,,,,,,,
413662,,,,,,,,,,,-79.963577,-78.685905,-76.488388,-74.974876,-0.303667,-0.287195,,,,,,,,,,,,
413667,,,,,,,,,,,-79.965446,-78.753357,-76.406319,-75.614616,-0.304863,-0.281786,,,,,,,,,,,,
413672,,,,,,,,,,,-79.965446,-78.753357,-76.922768,-75.607811,-0.300002,-0.282168,,,,,,,,,,,,
413677,,,,,,,,,,,-79.964432,-78.716805,-76.803284,-75.601585,-0.301503,-0.282177,,,,,,,,,,,,
413682,,,,,,,,,,,-79.964432,-78.716805,-76.694092,-75.595901,-0.302922,-0.282546,,,,,,,,,,,,
413687,,,,,,,,,,,-79.964432,-78.716805,-76.594307,-75.590706,-0.304257,-0.282910,,,,,,,,,,,,
413692,,,,,,,,,,,-79.964432,-78.716805,-76.503120,-76.177399,-0.305515,-0.277297,,,,,,,,,,,,
413697,,,,,,,,,,,-79.962601,-78.650475,-77.011230,-76.122116,-0.300711,-0.277439,,,,,,,,,,,,
413702,,,,,,,,,,,-79.962601,-78.650475,-76.884132,-76.071594,-0.302290,-0.278203,,,,,,,,,,,,
413713,,,,,,,,,,,-79.962601,-78.650475,-78.854942,-77.635841,-0.282125,-0.262096,,,,,,,,,,,,
413717,,,,,,,,,,,-79.962601,-78.650475,-76.203262,-75.089165,-0.309017,-0.287919,,,,,,,,,,,,
413722,,,,,,,,,,,-79.962601,-78.650475,-76.145752,-75.127609,-0.309974,-0.287887,,,,,,,,,,,,
413727,,,,,,,,,,,-79.962601,-78.650475,-76.093193,-75.162743,-0.310887,-0.287884,,,,,,,,,,,,
413732,,,,,,,,,,,-79.962601,-78.650475,-76.636612,-75.194855,-0.305785,-0.287909,,,,,,,,,,,,
413737,,,,,,,,,,,-79.959183,-78.527000,-76.541779,-75.224197,-0.307041,-0.286711,,,,,,,,,,,,
413742,,,,,,,,,,,-79.959183,-78.527000,-76.455116,-75.842461,-0.308258,-0.280797,,,,,,,,,,,,
413747,,,,,,,,,,,-79.959183,-78.527000,-76.967361,-75.816025,-0.303435,-0.281332,,,,,,,,,,,,
413752,,,,,,,,,,,-79.959183,-78.527000,-76.844040,-75.791870,-0.304979,-0.281847,,,,,,,,,,,,
413757,,,,,,,,,,,-79.959183,-78.527000,-76.731339,-75.769791,-0.306429,-0.282344,,,,,,,,,,,,
413762,,,,,,,,,,,-79.959183,-78.527000,-76.628349,-75.749619,-0.307792,-0.282823,,,,,,,,,,,,
413784,,,,,,,,,,,-79.959183,-78.527000,-100.192017,-99.388977,-0.070132,-0.044343,,,,,,,,,,,,
413785,,,,,,,,,,,-79.959183,-78.527000,-76.963066,-76.396729,-0.301076,-0.272742,,,,,,,,,,,,
413787,,,,,,,,,,,-79.955193,-78.383286,-73.291443,-72.182442,-0.338419,-0.314068,,,,,,,,,,,,
413792,,,,,,,,,,,-79.955193,-78.383286,-73.484726,-72.471245,-0.337133,-0.311771,,,,,,,,,,,,
413797,,,,,,,,,,,-79.955193,-78.383286,-74.252808,-72.735176,-0.330022,-0.309696,,,,,,,,,,,,
413802,,,,,,,,,,,-79.955193,-78.383286,-74.363289,-73.567818,-0.329477,-0.301851,,,,,,,,,,,,
413807,,,,,,,,,,,-79.955193,-78.383286,-75.055702,-73.737297,-0.323043,-0.300621,,,,,,,,,,,,
413812,,,,,,,,,,,-79.955193,-78.383286,-75.097031,-74.483627,-0.323115,-0.293548,,,,,,,,,,,,
413817,,,,,,,,,,,-79.953270,-78.314041,-75.726250,-74.574234,-0.317226,-0.292323,,,,,,,,,,,,
413822,,,,,,,,,,,-79.953270,-78.314041,-76.301270,-74.657036,-0.311841,-0.291861,,,,,,,,,,,,
413833,,,,,,,,,,,-79.953270,-78.314041,,,,,,,,,,,,,,,,
413834,,,,,,,,,,,-79.953270,-78.314041,-78.317215,-77.484520,-0.291271,-0.263022,,,,,,,,,,,,
413837,,,,,,,,,,,-79.952209,-78.275620,-75.711853,-74.950874,-0.317738,-0.288306,,,,,,,,,,,,
413842,,,,,,,,,,,-79.952209,-78.275620,-76.288116,-75.001236,-0.312342,-0.288130,,,,,,,,,,,,
413847,,,,,,,,,,,-79.952209,-78.275620,-76.223297,-75.638702,-0.313363,-0.282019,,,,,,,,,,,,
413852,,,,,,,,,,,-79.952209,-78.275620,-76.755508,-76.221268,-0.308361,-0.276399,,,,,,,,,,,,
413857,,,,,,,,,,,-79.952209,-78.275620,-76.650436,-76.162209,-0.309741,-0.277201,,,,,,,,,,,,
413862,,,,,,,,,,,-79.952209,-78.275620,-77.145859,-76.108238,-0.305068,-0.277957,,,,,,,,,,,,
413867,,,,,,,,,,,-79.952209,-78.275620,-77.007164,-76.058914,-0.306749,-0.278672,,,,,,,,,,,,
413872,,,,,,,,,,,-79.952209,-78.275620,-77.471863,-76.605286,-0.302350,-0.273376,,,,,,,,,,,,
413877,,,,,,,,,,,-79.943863,-77.974464,-77.896538,-76.513153,-0.298225,-0.271432,,,,,,,,,,,,
413882,,,,,,,,,,,-79.943863,-77.974464,-77.693184,-76.428955,-0.300483,-0.272428,,,,,,,,,,,,
413887,,,,,,,,,,,-79.943863,-77.974464,-78.098793,-76.943451,-0.296612,-0.267386,,,,,,,,,,,,
413892,,,,,,,,,,,-79.943863,-77.974464,-77.878021,-76.822189,-0.299026,-0.268714,,,,,,,,,,,,
413897,,,,,,,,,,,-79.943863,-77.974464,-78.267708,-76.711372,-0.295297,-0.269949,,,,,,,,,,,,
413902,,,,,,,,,,,-79.943863,-77.974464,-78.032387,-76.610100,-0.297841,-0.271098,,,,,,,,,,,,
413919,,,,,,,,,,,-79.943863,-77.974464,-79.905769,-78.326279,-0.276924,-0.251682,,,,,,,,,,,,
413922,,,,,,,,,,,-79.941963,-77.905762,-75.980690,-74.537247,-0.316552,-0.289222,,,,,,,,,,,,
413927,,,,,,,,,,,-79.941963,-77.905762,-76.533798,-74.623230,-0.311362,-0.288690,,,,,,,,,,,,
413932,,,,,,,,,,,-79.941963,-77.905762,-76.447823,-74.701813,-0.312571,-0.288225,,,,,,,,,,,,
413937,,,,,,,,,,,-79.941963,-77.905762,-76.960693,-75.365067,-0.307740,-0.281846,,,,,,,,,,,,
413942,,,,,,,,,,,-79.941963,-77.905762,-76.837944,-75.379753,-0.309278,-0.281952,,,,,,,,,,,,
413947,,,,,,,,,,,-79.941963,-77.905762,-76.725769,-75.984619,-0.310722,-0.276096,,,,,,,,,,,,
413952,,,,,,,,,,,-79.941963,-77.905762,-77.214699,-75.945938,-0.306105,-0.276678,,,,,,,,,,,,
413957,,,,,,,,,,,-79.937469,-77.743843,-77.661522,-75.910591,-0.301820,-0.275596,,,,,,,,,,,,
413962,,,,,,,,,,,-79.937469,-77.743843,-77.478409,-75.878288,-0.303897,-0.276106,,,,,,,,,,,,
413974,,,,,,,,,,,-79.937469,-77.743843,-79.840813,-77.963959,-0.279539,-0.254470,,,,,,,,,,,,
413977,,,,,,,,,,,-79.937469,-77.743843,-77.104218,-75.389023,-0.307189,-0.280455,,,,,,,,,,,,
413982,,,,,,,,,,,-79.937469,-77.743843,-76.969109,-75.401642,-0.308837,-0.280563,,,,,,,,,,,,
413987,,,,,,,,,,,-79.937469,-77.743843,-76.845634,-75.413177,-0.310380,-0.280681,,,,,,,,,,,,
413992,,,,,,,,,,,-79.937469,-77.743843,-77.324242,-75.423721,-0.305856,-0.280807,,,,,,,,,,,,
413997,,,,,,,,,,,-79.937218,-77.734871,-77.170181,-75.433357,-0.307671,-0.280851,,,,,,,,,,,,
414002,,,,,,,,,,,-79.937218,-77.734871,-77.620834,-75.442162,-0.303396,-0.280992,,,,,,,,,,,,
414007,,,,,,,,,,,-79.937218,-77.734871,-77.441231,-76.041649,-0.305441,-0.275167,,,,,,,,,,,,
414012,,,,,,,,,,,-79.937218,-77.734871,-77.868538,-75.998062,-0.301375,-0.275776,,,,,,,,,,,,
414017,,,,,,,,,,,-79.937218,-77.734871,-77.667595,-75.958229,-0.303611,-0.276352,,,,,,,,,,,,
414022,,,,,,,,,,,-79.937218,-77.734871,-77.483963,-75.921822,-0.305693,-0.276898,,,,,,,,,,,,
414034,,,,,,,,,,,-79.937218,-77.734871,-79.845459,-78.000313,-0.281344,-0.255325,,,,,,,,,,,,
414037,,,,,,,,,,,-79.939072,-77.801529,-77.108467,-74.830803,-0.309015,-0.287983,,,,,,,,,,,,
414042,,,,,,,,,,,-79.939072,-77.801529,-76.972992,-74.891502,-0.310667,-0.287667,,,,,,,,,,,,
414047,,,,,,,,,,,-79.939072,-77.801529,-77.440628,-74.946976,-0.306240,-0.287398,,,,,,,,,,,,
414052,,,,,,,,,,,-79.942215,-77.915222,-77.276543,-75.589119,-0.308179,-0.282346,,,,,,,,,,,,
414057,,,,,,,,,,,-79.942215,-77.915222,-77.718040,-75.584503,-0.303987,-0.282625,,,,,,,,,,,,
414062,,,,,,,,,,,-79.942215,-77.915222,-77.530060,-75.580284,-0.306108,-0.282901,,,,,,,,,,,,
414067,,,,,,,,,,,-79.942215,-77.915222,-77.358276,-75.576431,-0.308084,-0.283174,,,,,,,,,,,,
414072,,,,,,,,,,,-79.943314,-77.954781,-77.792732,-75.572914,-0.303965,-0.283843,,,,,,,,,,,,
414077,,,,,,,,,,,-79.943314,-77.954781,-77.598320,-75.569695,-0.306144,-0.284113,,,,,,,,,,,,
414082,,,,,,,,,,,-79.943314,-77.954781,-78.012100,-75.566757,-0.302199,-0.284381,,,,,,,,,,,,
414094,,,,,,,,,,,-79.943314,-77.954781,-80.337479,-78.244278,-0.278174,-0.256811,,,,,,,,,,,,
414097,,,,,,,,,,,-79.946617,-78.074097,-76.966667,-75.053749,-0.312213,-0.290211,,,,,,,,,,,,
414102,,,,,,,,,,,-79.946617,-78.074097,-76.843407,-75.686691,-0.313756,-0.284121,,,,,,,,,,,,
414107,,,,,,,,,,,-79.946617,-78.074097,-77.322205,-75.673676,-0.309231,-0.284491,,,,,,,,,,,,
414112,,,,,,,,,,,-79.946617,-78.074097,-77.168320,-75.661781,-0.311047,-0.284851,,,,,,,,,,,,
414117,,,,,,,,,,,-79.946617,-78.074097,-77.619133,-75.650909,-0.306772,-0.285202,,,,,,,,,,,,
414122,,,,,,,,,,,-79.946617,-78.074097,-78.031120,-75.640976,-0.302844,-0.285545,,,,,,,,,,,,
414127,,,,,,,,,,,-79.946617,-78.074097,-77.816177,-76.223343,-0.305206,-0.279906,,,,,,,,,,,,
414132,,,,,,,,,,,-79.956482,-78.430069,-78.211189,-76.164101,-0.301529,-0.284285,,,,,,,,,,,,
414137,,,,,,,,,,,-79.956482,-78.430069,-77.980736,-76.109962,-0.304031,-0.285058,,,,,,,,,,,,
414142,,,,,,,,,,,-79.956482,-78.430069,-78.361580,-76.651932,-0.300382,-0.279816,,,,,,,,,,,,
414147,,,,,,,,,,,-79.956482,-78.430069,-78.118172,-76.555779,-0.303000,-0.280965,,,,,,,,,,,,
414152,,,,,,,,,,,-79.961212,-78.600876,-78.487175,-76.467903,-0.299505,-0.283765,,,,,,,,,,,,
414157,,,,,,,,,,,-79.961212,-78.600876,-78.232948,-76.387604,-0.302220,-0.284790,,,,,,,,,,,,
414162,,,,,,,,,,,-79.961212,-78.600876,-78.000618,-76.905663,-0.304739,-0.279779,,,,,,,,,,,,
414174,,,,,,,,,,,-79.961212,-78.600876,-80.327881,-78.821976,-0.280701,-0.259828,,,,,,,,,,,,
414177,,,,,,,,,,,-79.967125,-78.814178,-76.957893,-76.173134,-0.314761,-0.288714,,,,,,,,,,,,
414182,,,,,,,,,,,-79.967125,-78.814178,-76.835388,-76.118217,-0.316299,-0.289533,,,,,,,,,,,,
414187,,,,,,,,,,,-79.967125,-78.814178,-77.314880,-76.068031,-0.311770,-0.290309,,,,,,,,,,,,
414192,,,,,,,,,,,-79.967125,-78.814178,-77.161629,-76.022171,-0.313583,-0.291047,,,,,,,,,,,,
414197,,,,,,,,,,,-79.974030,-79.064049,-77.021576,-76.571701,-0.315347,-0.288300,,,,,,,,,,,,
414202,,,,,,,,,,,-79.974030,-79.064049,-77.485031,-76.482460,-0.310962,-0.289450,,,,,,,,,,,,
414207,,,,,,,,,,,-79.974030,-79.064049,-77.317123,-76.400902,-0.312907,-0.290532,,,,,,,,,,,,
414212,,,,,,,,,,,-79.974030,-79.064049,-77.755119,-76.326370,-0.308749,-0.291551,,,,,,,,,,,,
414217,,,,,,,,,,,0.000000,0.000000,-77.563950,-76.849701,0.496836,0.512007,,,,,,,,,,,,
414222,,,,,,,,,,,0.000000,0.000000,-76.206352,-74.962181,0.490881,0.500629,,,,,,,,,,,,
414233,,,,,,,,,,,0.000000,0.000000,-64.674408,-64.767281,0.389171,0.412243,,,,,,,,,,,,
414237,,,,,,,,,,,0.000000,0.000000,-58.512543,-58.005974,0.333403,0.350431,,,,,,,,,,,,
414242,,,,,,,,,,,0.000000,0.000000,-50.515621,-50.644127,0.258486,0.281877,,,,,,,,,,,,
414247,,,,,,,,,,,0.000000,0.000000,-43.207478,-42.733467,0.189725,0.207044,,,,,,,,,,,,
414252,,,,,,,,,,,0.000000,0.000000,-36.528786,-34.912712,0.126591,0.132327,,,,,,,,,,,,
414257,,,,,,,,,,,0.000000,0.000000,-30.425331,-28.357004,0.068599,0.069606,,,,,,,,,,,,
414262,,,,,,,,,,,0.000000,0.000000,-26.030457,-22.957386,0.027253,0.017906,,,,,,,,,,,,
414267,,,,,,,,,,,0.000000,0.000000,-23.197002,-20.388617,0.001238,-0.005743,,,,,,,,,,,,
414272,,,,,,,,,,,0.000000,0.000000,-21.790485,-19.815430,-0.010648,-0.009494,,,,,,,,,,,,
414277,,,,,,,,,,,0.000000,0.000000,-21.096556,-19.291613,-0.015477,-0.012803,,,,,,,,,,,,
414282,,,,,,,,,,,0.000000,0.000000,-19.870951,-18.221466,-0.025746,-0.021682,,,,,,,,,,,,
414293,,,,,,,,,,,0.000000,0.000000,-17.676392,-16.839314,-0.043990,-0.031977,,,,,,,,,,,,
414297,,,,,,,,,,,0.000000,0.000000,-16.153921,-16.571829,-0.057599,-0.032995,,,,,,,,,,,,
414302,,,,,,,,,,,0.000000,0.000000,-15.945471,-16.327383,-0.058089,-0.033806,,,,,,,,,,,,
414307,,,,,,,,,,,0.000000,0.000000,-16.346418,-16.103992,-0.052445,-0.034430,,,,,,,,,,,,
414312,,,,,,,,,,,0.000000,0.000000,-16.712833,-17.082731,-0.047110,-0.022934,,,,,,,,,,,,
414317,,,,,,,,,,,0.000000,0.000000,-17.639133,-17.385727,-0.036083,-0.018166,,,,,,,,,,,,
414322,,,,,,,,,,,0.000000,0.000000,-17.894205,-17.662626,-0.031743,-0.013630,,,,,,,,,,,,
414327,,,,,,,,,,,0.000000,0.000000,-18.127308,-17.915676,-0.027599,-0.009308,,,,,,,,,,,,
414332,,,,,,,,,,,0.000000,0.000000,-18.931778,-18.146931,-0.017661,-0.005181,,,,,,,,,,,,
414337,,,,,,,,,,,0.000000,0.000000,-19.075514,-18.358267,-0.014316,-0.001232,,,,,,,,,,,,
414342,,,,,,,,,,,0.000000,0.000000,-19.206871,-18.551401,-0.011082,0.002555,,,,,,,,,,,,
414347,,,,,,,,,,,0.000000,0.000000,-19.326914,-18.727900,-0.007949,0.006192,,,,,,,,,,,,
414352,,,,,,,,,,,0.000000,0.000000,-19.436617,-18.297752,-0.004908,0.003721,,,,,,,,,,,,
414357,,,,,,,,,,,0.000000,0.000000,-18.945427,-18.496098,-0.007925,0.007554,,,,,,,,,,,,
414362,,,,,,,,,,,0.000000,0.000000,-19.087988,-18.085915,-0.004591,0.005261,,,,,,,,,,,,
414374,,,,,,,,,,,0.000000,0.000000,-19.184507,-17.807114,0.000392,0.006202,,,,,,,,,,,,
414377,,,,,,,,,,,0.000000,0.000000,-18.715031,-16.864828,-0.002431,-0.001535,,,,,,,,,,,,
414382,,,,,,,,,,,0.000000,0.000000,-18.285992,-16.595146,-0.004893,-0.002572,,,,,,,,,,,,
414387,,,,,,,,,,,0.000000,0.000000,-17.893906,-16.348692,-0.007025,-0.003402,,,,,,,,,,,,
414392,,,,,,,,,,,0.000000,0.000000,-17.535589,-16.123465,-0.008854,-0.004042,,,,,,,,,,,,
414397,,,,,,,,,,,0.000000,0.000000,-17.208136,-15.917637,-0.010408,-0.004508,,,,,,,,,,,,
414402,,,,,,,,,,,0.000000,0.000000,-16.908886,-15.729537,-0.011710,-0.004816,,,,,,,,,,,,
414407,,,,,,,,,,,0.000000,0.000000,-16.635410,-15.557638,-0.012781,-0.004979,,,,,,,,,,,,
414412,,,,,,,,,,,0.000000,0.000000,-16.385489,-15.400545,-0.013641,-0.005010,,,,,,,,,,,,
414417,,,,,,,,,,,0.000000,0.000000,-16.157093,-14.665538,-0.014310,-0.010894,,,,,,,,,,,,
414422,,,,,,,,,,,0.000000,0.000000,-15.948369,-14.585281,-0.014802,-0.010238,,,,,,,,,,,,
414434,,,,,,,,,,,0.000000,0.000000,-14.940919,-13.802526,-0.021748,-0.015175,,,,,,,,,,,,
414437,,,,,,,,,,,0.000000,0.000000,-14.245500,-13.205156,-0.027277,-0.019828,,,,,,,,,,,,
414442,,,,,,,,,,,0.000000,0.000000,-13.609977,-12.659239,-0.032271,-0.024021,,,,,,,,,,,,
414447,,,,,,,,,,,0.000000,0.000000,-13.029192,-12.160341,-0.036776,-0.027794,,,,,,,,,,,,
414452,,,,,,,,,,,0.000000,0.000000,-12.498430,-11.704413,-0.040834,-0.031183,,,,,,,,,,,,
414457,,,,,,,,,,,0.000000,0.000000,-12.013383,-11.287755,-0.044483,-0.034221,,,,,,,,,,,,
414462,,,,,,,,,,,0.000000,0.000000,-11.570112,-10.906983,-0.047759,-0.036938,,,,,,,,,,,,
414467,,,,,,,,,,,0.000000,0.000000,-11.165021,-10.559008,-0.050693,-0.039362,,,,,,,,,,,,
414472,,,,,,,,,,,0.000000,0.000000,-10.794820,-9.649558,-0.053316,-0.047491,,,,,,,,,,,,
414477,,,,,,,,,,,0.000000,0.000000,-10.456505,-9.409884,-0.055653,-0.048947,,,,,,,,,,,,
414482,,,,,,,,,,,0.000000,0.000000,-9.555884,-9.190854,-0.063704,-0.050218,,,,,,,,,,,,
414494,,,,,,,,,,,0.000000,0.000000,-9.602184,-8.216318,-0.061230,-0.058243,,,,,,,,,,,,
414497,,,,,,,,,,,0.000000,0.000000,-8.775146,-8.100090,-0.068623,-0.058595,,,,,,,,,,,,
414502,,,,,,,,,,,0.000000,0.000000,-8.610786,-7.993873,-0.069405,-0.058858,,,,,,,,,,,,
414507,,,,,,,,,,,0.000000,0.000000,-8.460583,-7.896804,-0.070061,-0.059039,,,,,,,,,,,,
414512,,,,,,,,,,,0.000000,0.000000,-7.731871,-7.808095,-0.076575,-0.059145,,,,,,,,,,,,
414517,,,,,,,,,,,0.000000,0.000000,-7.657368,-7.135582,-0.076555,-0.065157,,,,,,,,,,,,
414522,,,,,,,,,,,0.000000,0.000000,-6.997838,-6.520993,-0.082450,-0.070650,,,,,,,,,,,,
414527,,,,,,,,,,,0.000000,0.000000,-6.986557,-6.550784,-0.081864,-0.069697,,,,,,,,,,,,
414532,,,,,,,,,,,0.000000,0.000000,-6.976248,-6.578008,-0.081270,-0.068767,,,,,,,,,,,,
414537,,,,,,,,,,,0.000000,0.000000,-6.375382,-6.011443,-0.086641,-0.073832,,,,,,,,,,,,
414542,,,,,,,,,,,0.000000,0.000000,-6.417714,-6.085121,-0.085576,-0.072487,,,,,,,,,,,,
414554,,,,,,,,,,,0.000000,0.000000,-5.900309,-6.213986,-0.089514,-0.069961,,,,,,,,,,,,
414557,,,,,,,,,,,0.000000,0.000000,-5.392114,-5.678774,-0.094057,-0.074746,,,,,,,,,,,,
414562,,,,,,,,,,,0.000000,0.000000,-5.519135,-5.781105,-0.092235,-0.073144,,,,,,,,,,,,
414567,,,,,,,,,,,0.000000,0.000000,-5.635216,-5.283177,-0.090511,-0.077595,,,,,,,,,,,,
414572,,,,,,,,,,,0.000000,0.000000,-5.741298,-5.419581,-0.088876,-0.075689,,,,,,,,,,,,
414577,,,,,,,,,,,0.000000,0.000000,-5.246799,-5.544236,-0.093296,-0.073888,,,,,,,,,,,,
414582,,,,,,,,,,,0.000000,0.000000,-5.386336,-5.658155,-0.091362,-0.072183,,,,,,,,,,,,
414587,,,,,,,,,,,0.000000,0.000000,-5.513855,-5.170817,-0.089535,-0.076539,,,,,,,,,,,,
414592,,,,,,,,,,,0.000000,0.000000,-5.038945,-5.316898,-0.093781,-0.074547,,,,,,,,,,,,
414597,,,,,,,,,,,0.000000,0.000000,-5.196385,-5.450397,-0.091686,-0.072667,,,,,,,,,,,,
414602,,,,,,,,,,,0.000000,0.000000,-5.340264,-5.572399,-0.089714,-0.070890,,,,,,,,,,,,
414607,,,,,,,,,,,0.000000,0.000000,-4.880306,-5.683892,-0.093825,-0.069206,,,,,,,,,,,,
414612,,,,,,,,,,,0.000000,0.000000,-5.051409,-5.785782,-0.091609,-0.067609,,,,,,,,,,,,
414617,,,,,,,,,,,0.000000,0.000000,-5.207775,-5.287451,-0.089525,-0.072063,,,,,,,,,,,,
414622,,,,,,,,,,,0.000000,0.000000,-5.350673,-5.423487,-0.087561,-0.070161,,,,,,,,,,,,
414633,,,,,,,,,,,0.000000,0.000000,-6.072708,-6.139250,-0.079733,-0.062389,,,,,,,,,,,,
414634,,,,,,,,,,,0.000000,0.000000,-5.549664,-5.610476,-0.084408,-0.067116,,,,,,,,,,,,
414637,,,,,,,,,,,0.000000,0.000000,-5.071671,-5.718689,-0.088681,-0.065462,,,,,,,,,,,,
414642,,,,,,,,,,,0.000000,0.000000,-5.226291,-5.226137,-0.086612,-0.069865,,,,,,,,,,,,
414647,,,,,,,,,,,0.000000,0.000000,-5.367595,-5.367454,-0.084663,-0.067915,,,,,,,,,,,,
414652,,,,,,,,,,,0.000000,0.000000,-5.496727,-5.496599,-0.082822,-0.066074,,,,,,,,,,,,
414657,,,,,,,,,,,0.000000,0.000000,-5.614738,-5.614620,-0.081080,-0.064332,,,,,,,,,,,,
414662,,,,,,,,,,,0.000000,0.000000,-5.131139,-5.722476,-0.085403,-0.062681,,,,,,,,,,,,
414667,,,,,,,,,,,0.000000,0.000000,-5.280638,-5.821043,-0.083380,-0.061113,,,,,,,,,,,,
414672,,,,,,,,,,,0.000000,0.000000,-5.417261,-5.319676,-0.081472,-0.065595,,,,,,,,,,,,
414677,,,,,,,,,,,0.000000,0.000000,-5.542116,-5.452936,-0.079669,-0.063717,,,,,,,,,,,,
414682,,,,,,,,,,,0.000000,0.000000,-5.656217,-5.574718,-0.077962,-0.061942,,,,,,,,,,,,
414693,,,,,,,,,,,0.000000,0.000000,,,,,,,,,,,,,,,,
414694,,,,,,,,,,,0.000000,0.000000,-5.804842,-5.736778,-0.075261,-0.059120,,,,,,,,,,,,
414697,,,,,,,,,,,0.000000,0.000000,-5.896315,-5.242668,-0.073756,-0.063537,,,,,,,,,,,,
414702,,,,,,,,,,,0.000000,0.000000,-5.979909,-5.382561,-0.072322,-0.061600,,,,,,,,,,,,
414707,,,,,,,,,,,0.000000,0.000000,-6.056303,-5.510405,-0.070953,-0.059770,,,,,,,,,,,,
414712,,,,,,,,,,,0.000000,0.000000,-5.534672,-5.627237,-0.075616,-0.058039,,,,,,,,,,,,
414717,,,,,,,,,,,0.000000,0.000000,-5.649415,-5.142562,-0.073903,-0.062372,,,,,,,,,,,,
414722,,,,,,,,,,,0.000000,0.000000,-5.754274,-5.291077,-0.072279,-0.060357,,,,,,,,,,,,
414727,,,,,,,,,,,0.000000,0.000000,-5.850102,-5.426800,-0.070736,-0.058457,,,,,,,,,,,,
414732,,,,,,,,,,,0.000000,0.000000,-5.937677,-5.550834,-0.069266,-0.056662,,,,,,,,,,,,
414737,,,,,,,,,,,0.000000,0.000000,-5.426264,-5.072739,-0.073838,-0.060936,,,,,,,,,,,,
414742,,,,,,,,,,,0.000000,0.000000,-5.550344,-5.227268,-0.072042,-0.058868,,,,,,,,,,,,
414753,,,,,,,,,,,0.000000,0.000000,-6.255181,-5.959932,-0.064368,-0.050945,,,,,,,,,,,,
414754,,,,,,,,,,,,,-5.716421,-5.446602,-0.069184,-0.055534,,,,,,,,,,,,
414757,,,,,,,,,,,0.000000,0.000000,-5.224064,-4.977485,-0.073585,-0.059727,,,,,,,,,,,,
414762,,,,,,,,,,,0.000000,0.000000,-5.365560,-5.140218,-0.071634,-0.057586,,,,,,,,,,,,
414767,,,,,,,,,,,0.000000,0.000000,-4.903423,-5.288935,-0.075765,-0.055570,,,,,,,,,,,,
414772,,,,,,,,,,,0.000000,0.000000,-5.072535,-4.833398,-0.073566,-0.059642,,,,,,,,,,,,
414777,,,,,,,,,,,0.000000,0.000000,-5.227081,-5.008541,-0.071498,-0.057389,,,,,,,,,,,,
414782,,,,,,,,,,,0.000000,0.000000,-5.368317,-5.168599,-0.069549,-0.055272,,,,,,,,,,,,
414787,,,,,,,,,,,0.000000,0.000000,-4.905942,-4.723427,-0.073682,-0.059251,,,,,,,,,,,,
414792,,,,,,,,,,,0.000000,0.000000,-4.483393,-4.908042,-0.077459,-0.056914,,,,,,,,,,,,
414797,,,,,,,,,,,0.000000,0.000000,-4.688682,-5.076756,-0.074938,-0.054720,,,,,,,,,,,,
414802,,,,,,,,,,,0.000000,0.000000,-4.284845,-4.639494,-0.078547,-0.058628,,,,,,,,,,,,
414813,,,,,,,,,,,0.000000,0.000000,-4.659530,-4.955718,-0.073825,-0.054428,,,,,,,,,,,,
414817,,,,,,,,,,,0.000000,0.000000,-4.849648,-4.528881,-0.071439,-0.058244,,,,,,,,,,,,
414822,,,,,,,,,,,0.000000,0.000000,-5.023392,-4.730252,-0.069199,-0.055757,,,,,,,,,,,,
414827,,,,,,,,,,,0.000000,0.000000,-4.590726,-4.322834,-0.073066,-0.059399,,,,,,,,,,,,
414832,,,,,,,,,,,0.000000,0.000000,-4.786771,-4.541953,-0.070627,-0.056753,,,,,,,,,,,,
414837,,,,,,,,,,,0.000000,0.000000,-4.965930,-4.742198,-0.068339,-0.054277,,,,,,,,,,,,
414842,,,,,,,,,,,0.000000,0.000000,-4.538213,-4.333752,-0.072162,-0.057928,,,,,,,,,,,,
414847,,,,,,,,,,,0.000000,0.000000,-4.738781,-4.551929,-0.069683,-0.055291,,,,,,,,,,,,
414852,,,,,,,,,,,0.000000,0.000000,-4.330629,-4.159871,-0.073331,-0.058795,,,,,,,,,,,,
414857,,,,,,,,,,,0.000000,0.000000,-4.549076,-4.393025,-0.070692,-0.056025,,,,,,,,,,,,
414862,,,,,,,,,,,0.000000,0.000000,-4.157263,-4.014653,-0.074194,-0.059407,,,,,,,,,,,,
414867,,,,,,,,,,,0.000000,0.000000,-4.390642,-4.260315,-0.071422,-0.056524,,,,,,,,,,,,
414872,,,,,,,,,,,0.000000,0.000000,-4.603920,-3.893373,-0.068828,-0.059804,,,,,,,,,,,,
414877,,,,,,,,,,,0.000000,0.000000,-4.207383,-4.149481,-0.072373,-0.056828,,,,,,,,,,,,
414882,,,,,,,,,,,0.000000,0.000000,-3.845000,-3.792086,-0.075612,-0.060023,,,,,,,,,,,,
414893,,,,,,,,,,,0.000000,0.000000,-4.696719,-4.056917,-0.070242,-0.054119,,,,,,,,,,,,
414894,,,,,,,,,,,,,-4.292190,-4.298939,,,,,,,,,,,,,,
414897,,,,,,,,,,,0.000000,0.000000,-3.922503,-3.928670,-0.073546,-0.057429,,,,,,,,,,,,
414902,,,,,,,,,,,0.000000,0.000000,-4.176102,-3.590293,-0.070593,-0.060453,,,,,,,,,,,,
414907,,,,,,,,,,,0.000000,0.000000,-4.407858,-3.872505,-0.067834,-0.057244,,,,,,,,,,,,
414912,,,,,,,,,,,0.000000,0.000000,-4.028208,-3.538966,-0.071228,-0.060226,,,,,,,,,,,,
414917,,,,,,,,,,,0.000000,0.000000,-4.272703,-3.825599,-0.068356,-0.056977,,,,,,,,,,,,
414922,,,,,,,,,,,0.000000,0.000000,-3.904694,-4.087544,-0.071645,-0.053948,,,,,,,,,,,,
414927,,,,,,,,,,,0.000000,0.000000,-3.568382,-3.735483,-0.074652,-0.057096,,,,,,,,,,,,
414932,,,,,,,,,,,0.000000,0.000000,-3.852481,-3.413745,-0.071425,-0.059972,,,,,,,,,,,,
414937,,,,,,,,,,,0.000000,0.000000,-4.112111,-3.711163,-0.068418,-0.056626,,,,,,,,,,,,
414942,,,,,,,,,,,0.000000,0.000000,-3.757934,-3.391520,-0.071584,-0.059484,,,,,,,,,,,,
414954,,,,,,,,,,,0.000000,0.000000,-3.678972,-3.913462,-0.071603,-0.053445,,,,,,,,,,,,
414957,,,,,,,,,,,0.000000,0.000000,-3.953547,-3.576395,-0.068462,-0.056458,,,,,,,,,,,,
414962,,,,,,,,,,,0.000000,0.000000,-3.613027,-3.859804,-0.071506,-0.053237,,,,,,,,,,,,
414967,,,,,,,,,,,0.000000,0.000000,-3.301836,-3.527358,-0.074287,-0.056209,,,,,,,,,,,,
414972,,,,,,,,,,,0.000000,0.000000,-3.608893,-3.814991,-0.070856,-0.052951,,,,,,,,,,,,
414977,,,,,,,,,,,0.000000,0.000000,-3.298059,-3.486405,-0.073635,-0.055889,,,,,,,,,,,,
414982,,,,,,,,,,,0.000000,0.000000,-3.605441,-3.777565,-0.070200,-0.052599,,,,,,,,,,,,
414987,,,,,,,,,,,0.000000,0.000000,-3.294904,-3.452203,-0.072976,-0.055508,,,,,,,,,,,,
414992,,,,,,,,,,,0.000000,0.000000,-3.011113,-3.746309,-0.075513,-0.052192,,,,,,,,,,,,
414997,,,,,,,,,,,0.000000,0.000000,-3.343210,-3.423638,-0.071858,-0.055076,,,,,,,,,,,,
415002,,,,,,,,,,,0.000000,0.000000,-3.055259,-3.720205,-0.074432,-0.051739,,,,,,,,,,,,
415013,,,,,,,,,,,0.000000,0.000000,-3.383553,-3.991227,-0.070810,-0.048629,,,,,,,,,,,,
415014,,,,,,,,,,,0.000000,0.000000,-3.092127,-3.647462,-0.073415,-0.051702,,,,,,,,,,,,
415017,,,,,,,,,,,0.000000,0.000000,-2.825802,-3.333305,-0.075796,-0.054510,,,,,,,,,,,,
415022,,,,,,,,,,,0.000000,0.000000,-3.173860,-3.637652,-0.071998,-0.051103,,,,,,,,,,,,
415027,,,,,,,,,,,0.000000,0.000000,-2.900494,-3.324340,-0.074442,-0.053904,,,,,,,,,,,,
415032,,,,,,,,,,,0.000000,0.000000,-3.242119,-3.038014,-0.070701,-0.056463,,,,,,,,,,,,
415037,,,,,,,,,,,0.000000,0.000000,-2.962875,-3.367794,-0.073197,-0.052829,,,,,,,,,,,,
415042,,,,,,,,,,,0.000000,0.000000,-2.707682,-3.077725,-0.075478,-0.055422,,,,,,,,,,,,
415047,,,,,,,,,,,0.000000,0.000000,-3.065913,-3.404085,-0.071590,-0.051818,,,,,,,,,,,,
415052,,,,,,,,,,,0.000000,0.000000,-2.801846,-3.110891,-0.073950,-0.054438,,,,,,,,,,,,
415057,,,,,,,,,,,0.000000,0.000000,-3.151967,-2.842949,-0.070134,-0.056834,,,,,,,,,,,,
415062,,,,,,,,,,,0.000000,0.000000,-2.880487,-3.189530,-0.072560,-0.053049,,,,,,,,,,,,
415067,,,,,,,,,,,0.000000,0.000000,-2.632390,-2.914815,-0.074778,-0.055505,,,,,,,,,,,,
415072,,,,,,,,,,,0.000000,0.000000,-2.997107,-3.255206,-0.070831,-0.051775,,,,,,,,,,,,
415077,,,,,,,,,,,0.000000,0.000000,-2.738966,-2.974834,-0.073139,-0.054281,,,,,,,,,,,,
415082,,,,,,,,,,,0.000000,0.000000,-2.503058,-3.310056,-0.075248,-0.050598,,,,,,,,,,,,
415094,,,,,,,,,,,0.000000,0.000000,-2.630952,-3.304924,-0.073418,-0.049957,,,,,,,,,,,,
415097,,,,,,,,,,,0.000000,0.000000,-2.995793,-3.020270,-0.069470,-0.052502,,,,,,,,,,,,
415102,,,,,,,,,,,0.000000,0.000000,-2.737765,-2.760134,-0.071776,-0.054827,,,,,,,,,,,,
415107,,,,,,,,,,,0.000000,0.000000,-2.501960,-3.113847,-0.073884,-0.050979,,,,,,,,,,,,
415112,,,,,,,,,,,0.000000,0.000000,-2.877911,-2.845651,-0.069837,-0.053376,,,,,,,,,,,,
415117,,,,,,,,,,,0.000000,0.000000,-2.630036,-2.600555,-0.072052,-0.055567,,,,,,,,,,,,
415122,,,,,,,,,,,0.000000,0.000000,-2.403510,-2.968013,-0.074077,-0.051596,,,,,,,,,,,,
415127,,,,,,,,,,,0.000000,0.000000,-2.196496,-2.712378,-0.075928,-0.053881,,,,,,,,,,,,
415132,,,,,,,,,,,0.000000,0.000000,-2.598756,-2.478760,-0.071645,-0.055969,,,,,,,,,,,,
415137,,,,,,,,,,,0.000000,0.000000,-2.374924,-2.856709,-0.073646,-0.051904,,,,,,,,,,,,
415142,,,,,,,,,,,0.000000,0.000000,-2.170372,-2.610660,-0.075475,-0.054103,,,,,,,,,,,,
415154,,,,,,,,,,,0.000000,0.000000,-2.353107,-2.720817,-0.073154,-0.052432,,,,,,,,,,,,
415157,,,,,,,,,,,0.000000,0.000000,-2.150433,-2.486473,-0.074966,-0.054527,,,,,,,,,,,,
415162,,,,,,,,,,,0.000000,0.000000,-1.965216,-2.272312,-0.076622,-0.056441,,,,,,,,,,,,
415167,,,,,,,,,,,0.000000,0.000000,-2.387396,-2.076597,-0.072161,-0.058190,,,,,,,,,,,,
415172,,,,,,,,,,,0.000000,0.000000,-2.181769,-2.489185,-0.073999,-0.053816,,,,,,,,,,,,
415177,,,,,,,,,,,0.000000,0.000000,-2.585298,-2.274791,-0.069706,-0.055732,,,,,,,,,,,,
415182,,,,,,,,,,,0.000000,0.000000,-2.362626,-2.078863,-0.071696,-0.057484,,,,,,,,,,,,
415187,,,,,,,,,,,0.000000,0.000000,-2.159132,-1.899810,-0.073515,-0.059084,,,,,,,,,,,,
415192,,,,,,,,,,,0.000000,0.000000,-1.973166,-2.327624,-0.075177,-0.054573,,,,,,,,,,,,
415197,,,,,,,,,,,0.000000,0.000000,-1.803217,-2.127145,-0.076697,-0.056365,,,,,,,,,,,,
415202,,,,,,,,,,,0.000000,0.000000,-1.647905,-1.943933,-0.078085,-0.058003,,,,,,,,,,,,
415213,,,,,,,,,,,0.000000,0.000000,,,,,,,,,,,,,,,,
415214,,,,,,,,,,,0.000000,0.000000,-1.376261,-2.163995,-0.080513,-0.055349,,,,,,,,,,,,
415217,,,,,,,,,,,0.000000,0.000000,-1.257724,-1.977610,-0.081573,-0.057015,,,,,,,,,,,,
415222,,,,,,,,,,,0.000000,0.000000,-1.149396,-2.398723,-0.082541,-0.052564,,,,,,,,,,,,
415227,,,,,,,,,,,0.000000,0.000000,-1.050398,-2.192120,-0.083426,-0.054411,,,,,,,,,,,,
415232,,,,,,,,,,,0.000000,0.000000,-0.959927,-2.594757,-0.084235,-0.050125,,,,,,,,,,,,
415237,,,,,,,,,,,0.000000,0.000000,-0.877248,-2.371270,-0.084974,-0.052123,,,,,,,,,,,,
415242,,,,,,,,,,,0.000000,0.000000,-1.393136,-2.167032,-0.079676,-0.053949,,,,,,,,,,,,
415247,,,,,,,,,,,0.000000,0.000000,-1.273144,-2.571830,-0.080748,-0.049644,,,,,,,,,,,,
415252,,,,,,,,,,,0.000000,0.000000,-1.163488,-2.350318,-0.081728,-0.051624,,,,,,,,,,,,
415257,,,,,,,,,,,0.000000,0.000000,-1.063277,-2.739329,-0.082624,-0.047460,,,,,,,,,,,,
415262,,,,,,,,,,,0.000000,0.000000,-0.971696,-2.503390,-0.083443,-0.049569,,,,,,,,,,,,
415273,,,,,,,,,,,0.000000,0.000000,-1.352024,-2.631230,-0.079356,-0.047739,,,,,,,,,,,,
415277,,,,,,,,,,,0.000000,0.000000,-1.235574,-2.404602,-0.080397,-0.049765,,,,,,,,,,,,
415282,,,,,,,,,,,0.000000,0.000000,-1.129153,-2.197493,-0.081349,-0.051616,,,,,,,,,,,,
415287,,,,,,,,,,,0.000000,0.000000,-1.623344,-2.008223,-0.076244,-0.053308,,,,,,,,,,,,
415292,,,,,,,,,,,0.000000,0.000000,-1.483525,-2.426699,-0.077494,-0.048881,,,,,,,,,,,,
415297,,,,,,,,,,,0.000000,0.000000,-1.355749,-2.217687,-0.078636,-0.050749,,,,,,,,,,,,
415302,,,,,,,,,,,0.000000,0.000000,-1.830423,-2.026677,-0.073707,-0.052457,,,,,,,,,,,,
415307,,,,,,,,,,,0.000000,0.000000,-1.672768,-1.852119,-0.075116,-0.054017,,,,,,,,,,,,
415312,,,,,,,,,,,0.000000,0.000000,-1.528692,-2.284040,-0.076404,-0.049469,,,,,,,,,,,,
415317,,,,,,,,,,,0.000000,0.000000,-1.397026,-2.087316,-0.077581,-0.051228,,,,,,,,,,,,
415322,,,,,,,,,,,0.000000,0.000000,-1.276700,-1.907535,-0.078656,-0.052835,,,,,,,,,,,,
415327,,,,,,,,,,,0.000000,0.000000,-1.166737,-1.743238,-0.079639,-0.054304,,,,,,,,,,,,
415332,,,,,,,,,,,0.000000,0.000000,-1.066246,-1.593093,-0.080538,-0.055646,,,,,,,,,,,,
415337,,,,,,,,,,,0.000000,0.000000,-1.565855,-2.047324,-0.075385,-0.050899,,,,,,,,,,,,
415342,,,,,,,,,,,0.000000,0.000000,-1.430987,-1.870988,-0.076590,-0.052475,,,,,,,,,,,,
415352,,,,,,,,,,,0.000000,0.000000,-1.735604,-2.103074,-0.073181,-0.049714,,,,,,,,,,,,
415357,,,,,,,,,,,0.000000,0.000000,-1.586116,-1.921936,-0.074517,-0.051333,,,,,,,,,,,,
415362,,,,,,,,,,,0.000000,0.000000,-1.449504,-1.756399,-0.075738,-0.052812,,,,,,,,,,,,
415367,,,,,,,,,,,0.000000,0.000000,-1.916103,-1.605120,-0.070881,-0.054165,,,,,,,,,,,,
415372,,,,,,,,,,,0.000000,0.000000,-1.751068,-2.058316,-0.072356,-0.049427,,,,,,,,,,,,
415377,,,,,,,,,,,0.000000,0.000000,-1.600248,-1.881033,-0.073704,-0.051012,,,,,,,,,,,,
415382,,,,,,,,,,,0.000000,0.000000,-2.053864,-1.719019,-0.068963,-0.052460,,,,,,,,,,,,
415387,,,,,,,,,,,0.000000,0.000000,-1.876964,-1.570959,-0.070544,-0.053783,,,,,,,,,,,,
415392,,,,,,,,,,,0.000000,0.000000,-1.715301,-2.027097,-0.071989,-0.049019,,,,,,,,,,,,
415397,,,,,,,,,,,0.000000,0.000000,-1.567561,-1.852503,-0.073310,-0.050580,,,,,,,,,,,,
415402,,,,,,,,,,,0.000000,0.000000,-1.432547,-1.692946,-0.074516,-0.052006,,,,,,,,,,,,
415412,,,,,,,,,,,0.000000,0.000000,-1.196403,-1.954381,-0.076627,-0.048983,,,,,,,,,,,,
415417,,,,,,,,,,,0.000000,0.000000,-1.684801,-1.786050,-0.071575,-0.050487,,,,,,,,,,,,
415422,,,,,,,,,,,0.000000,0.000000,-1.539689,-1.632217,-0.072872,-0.051863,,,,,,,,,,,,
415427,,,,,,,,,,,0.000000,0.000000,-1.407075,-1.491634,-0.074057,-0.053119,,,,,,,,,,,,
415432,,,,,,,,,,,0.000000,0.000000,-1.285884,-1.363159,-0.075141,-0.054268,,,,,,,,,,,,
415437,,,,,,,,,,,0.000000,0.000000,-1.766575,-1.837195,-0.070157,-0.049344,,,,,,,,,,,,
415442,,,,,,,,,,,0.000000,0.000000,-1.614420,-1.678957,-0.071517,-0.050758,,,,,,,,,,,,
415447,,,,,,,,,,,0.000000,0.000000,-2.066814,-1.534348,-0.066787,-0.052051,,,,,,,,,,,,
415452,,,,,,,,,,,0.000000,0.000000,-1.888799,-1.402194,-0.068378,-0.053232,,,,,,,,,,,,
415457,,,,,,,,,,,0.000000,0.000000,-1.726116,-1.281423,-0.069832,-0.054312,,,,,,,,,,,,
415462,,,,,,,,,,,0.000000,0.000000,-2.168890,-1.171054,-0.065188,-0.055298,,,,,,,,,,,,
415475,,,,,,,,,,,0.000000,0.000000,-1.811366,-1.518519,-0.068383,-0.051505,,,,,,,,,,,,
415477,,,,,,,,,,,0.000000,0.000000,-1.655353,-1.387728,-0.069778,-0.052675,,,,,,,,,,,,
415482,,,,,,,,,,,0.000000,0.000000,-1.512777,-1.268203,-0.071053,-0.053743,,,,,,,,,,,,
415487,,,,,,,,,,,0.000000,0.000000,-1.382481,-1.158972,-0.072217,-0.054719,,,,,,,,,,,,
415492,,,,,,,,,,,0.000000,0.000000,-1.263408,-1.650595,-0.073282,-0.049638,,,,,,,,,,,,
415497,,,,,,,,,,,0.000000,0.000000,-1.154590,-1.508429,-0.074254,-0.050909,,,,,,,,,,,,
415502,,,,,,,,,,,0.000000,0.000000,-1.055145,-1.378507,-0.075143,-0.052070,,,,,,,,,,,,
415507,,,,,,,,,,,0.000000,0.000000,-0.964265,-1.259776,-0.075956,-0.053132,,,,,,,,,,,,
415512,,,,,,,,,,,0.000000,0.000000,-0.881213,-1.742716,-0.076698,-0.048128,,,,,,,,,,,,
415517,,,,,,,,,,,0.000000,0.000000,-0.805314,-1.592616,-0.077377,-0.049470,,,,,,,,,,,,
415522,,,,,,,,,,,0.000000,0.000000,-0.735952,-1.455444,-0.077997,-0.050696,,,,,,,,,,,,
415527,,,,,,,,,,,0.000000,0.000000,-0.672564,-1.921531,-0.078563,-0.045843,,,,,,,,,,,,
415532,,,,,,,,,,,0.000000,0.000000,-0.614636,-1.756029,-0.079081,-0.047322,,,,,,,,,,,,
415537,,,,,,,,,,,0.000000,0.000000,-0.561698,-1.604782,-0.079554,-0.048674,,,,,,,,,,,,
415542,,,,,,,,,,,0.000000,0.000000,-0.513318,-1.466562,-0.079987,-0.049910,,,,,,,,,,,,
415553,,,,,,,,,,,0.000000,0.000000,-0.469106,-1.931691,-0.080382,-0.045065,,,,,,,,,,,,
415554,,,,,,,,,,,0.000000,0.000000,-0.428702,-1.765314,-0.080743,-0.046553,,,,,,,,,,,,
415557,,,,,,,,,,,0.000000,0.000000,-0.391778,-1.613267,-0.081073,-0.047912,,,,,,,,,,,,
415562,,,,,,,,,,,0.000000,0.000000,-0.358034,-1.474316,-0.081375,-0.049154,,,,,,,,,,,,
415567,,,,,,,,,,,0.000000,0.000000,-0.327196,-1.347333,-0.081650,-0.050289,,,,,,,,,,,,
415572,,,,,,,,,,,0.000000,0.000000,-0.890460,-1.231287,-0.075929,-0.051326,,,,,,,,,,,,
415577,,,,,,,,,,,0.000000,0.000000,-0.813764,-1.125236,-0.076614,-0.052274,,,,,,,,,,,,
415582,,,,,,,,,,,0.000000,0.000000,-1.335119,-1.619764,-0.071267,-0.047167,,,,,,,,,,,,
415587,,,,,,,,,,,0.000000,0.000000,-1.220125,-1.480253,-0.072295,-0.048414,,,,,,,,,,,,
415592,,,,,,,,,,,0.000000,0.000000,-1.115036,-1.352759,-0.073235,-0.049554,,,,,,,,,,,,
415597,,,,,,,,,,,0.000000,0.000000,-1.018998,-1.236246,-0.074093,-0.050595,,,,,,,,,,,,
415602,,,,,,,,,,,0.000000,0.000000,-1.522676,-1.129767,-0.068904,-0.051547,,,,,,,,,,,,
415613,,,,,,,,,,,0.000000,0.000000,-1.391528,-1.032460,-0.070076,-0.052417,,,,,,,,,,,,
415614,,,,,,,,,,,0.000000,0.000000,-1.271675,-0.943534,-0.071148,-0.053212,,,,,,,,,,,,
415617,,,,,,,,,,,0.000000,0.000000,-1.162145,-0.862267,-0.072127,-0.053938,,,,,,,,,,,,
415622,,,,,,,,,,,0.000000,0.000000,-1.653494,-0.788000,-0.067048,-0.054602,,,,,,,,,,,,
415627,,,,,,,,,,,0.000000,0.000000,-1.511079,-0.720130,-0.068321,-0.055209,,,,,,,,,,,,
415632,,,,,,,,,,,0.000000,0.000000,-1.380929,-0.658105,-0.069484,-0.055763,,,,,,,,,,,,
415637,,,,,,,,,,,0.000000,0.000000,-1.261989,-0.601422,-0.070548,-0.056270,,,,,,,,,,,,
415642,,,,,,,,,,,0.000000,0.000000,-1.153294,-0.549621,-0.071519,-0.056733,,,,,,,,,,,,
415647,,,,,,,,,,,0.000000,0.000000,-1.053961,-0.502282,-0.072407,-0.057156,,,,,,,,,,,,
415652,,,,,,,,,,,0.000000,0.000000,-0.963183,-0.459021,-0.073219,-0.057543,,,,,,,,,,,,
415657,,,,,,,,,,,0.000000,0.000000,-0.880224,-0.419485,-0.073960,-0.057896,,,,,,,,,,,,
415662,,,,,,,,,,,0.000000,0.000000,-0.804410,-0.383355,-0.074638,-0.058219,,,,,,,,,,,,
415673,,,,,,,,,,,0.000000,0.000000,,,-0.075257,-0.058514,,,,,,,,,,,,
415674,,,,,,,,,,,0.000000,0.000000,-0.671809,-0.320162,-0.075823,-0.058784,,,,,,,,,,,,
415677,,,,,,,,,,,0.000000,0.000000,-0.613946,-0.292586,-0.076340,-0.059031,,,,,,,,,,,,
415682,,,,,,,,,,,0.000000,0.000000,-0.561067,-0.858831,-0.076813,-0.053282,,,,,,,,,,,,
415687,,,,,,,,,,,0.000000,0.000000,-0.512742,-0.784859,-0.077245,-0.053944,,,,,,,,,,,,
415692,,,,,,,,,,,0.000000,0.000000,-0.468580,-0.717259,-0.077640,-0.054548,,,,,,,,,,,,
415697,,,,,,,,,,,0.000000,0.000000,-0.428221,-0.655482,-0.078001,-0.055100,,,,,,,,,,,,
415702,,,,,,,,,,,0.000000,0.000000,-0.391338,-0.599025,-0.078330,-0.055605,,,,,,,,,,,,
415707,,,,,,,,,,,0.000000,0.000000,-0.357632,-0.547431,-0.078632,-0.056066,,,,,,,,,,,,
415712,,,,,,,,,,,0.000000,0.000000,-0.326829,-0.500280,-0.078907,-0.056487,,,,,,,,,,,,
415717,,,,,,,,,,,0.000000,0.000000,-0.298679,-1.048636,-0.079159,-0.050899,,,,,,,,,,,,
415722,,,,,,,,,,,0.000000,0.000000,-0.272954,-0.958317,-0.079389,-0.051706,,,,,,,,,,,,
415734,,,,,,,,,,,0.000000,0.000000,-0.227960,-0.800346,-0.079791,-0.053118,,,,,,,,,,,,
415737,,,,,,,,,,,0.000000,0.000000,-0.208325,-0.731412,-0.079966,-0.053735,,,,,,,,,,,,
415742,,,,,,,,,,,0.000000,0.000000,-0.190382,-0.668415,-0.080127,-0.054298,,,,,,,,,,,,
415747,,,,,,,,,,,0.000000,0.000000,-0.173985,-0.610845,-0.080273,-0.054812,,,,,,,,,,,,
415752,,,,,,,,,,,0.000000,0.000000,-0.158999,-0.558232,-0.080407,-0.055283,,,,,,,,,,,,
415757,,,,,,,,,,,0.000000,0.000000,-0.145305,-1.101597,-0.080530,-0.049739,,,,,,,,,,,,
415762,,,,,,,,,,,0.000000,0.000000,-0.724234,-1.006716,-0.074668,-0.050587,,,,,,,,,,,,
415767,,,,,,,,,,,0.000000,0.000000,-0.661856,-0.920007,-0.075225,-0.051362,,,,,,,,,,,,
415772,,,,,,,,,,,0.000000,0.000000,-0.604850,-0.840767,-0.075735,-0.052070,,,,,,,,,,,,
415777,,,,,,,,,,,0.000000,0.000000,-0.552754,-0.768351,-0.076201,-0.052718,,,,,,,,,,,,
415782,,,,,,,,,,,0.000000,0.000000,-0.505145,-1.293618,-0.076626,-0.047336,,,,,,,,,,,,
415787,,,,,,,,,,,0.000000,0.000000,-1.053082,-1.182198,-0.071042,-0.048332,,,,,,,,,,,,
415792,,,,,,,,,,,0.000000,0.000000,-0.962380,-1.080375,-0.071852,-0.049242,,,,,,,,,,,,
415797,,,,,,,,,,,0.000000,0.000000,-0.879490,-0.987322,-0.072593,-0.050074,,,,,,,,,,,,
415802,,,,,,,,,,,0.000000,0.000000,-1.395184,-0.902284,-0.067297,-0.050834,,,,,,,,,,,,
415813,,,,,,,,,,,0.000000,0.000000,-1.165199,-0.753550,-0.069353,-0.052163,,,,,,,,,,,,
415817,,,,,,,,,,,0.000000,0.000000,-1.656285,-0.688646,-0.064276,-0.052743,,,,,,,,,,,,
415822,,,,,,,,,,,0.000000,0.000000,-1.513629,-0.629333,-0.065551,-0.053274,,,,,,,,,,,,
415827,,,,,,,,,,,0.000000,0.000000,-1.383260,-0.575129,-0.066717,-0.053758,,,,,,,,,,,,
415832,,,,,,,,,,,0.000000,0.000000,-1.264119,-0.525593,-0.067782,-0.054201,,,,,,,,,,,,
415837,,,,,,,,,,,0.000000,0.000000,-1.155241,-1.071768,-0.068755,-0.048632,,,,,,,,,,,,
415842,,,,,,,,,,,0.000000,0.000000,-1.055739,-0.979456,-0.069645,-0.049457,,,,,,,,,,,,
415847,,,,,,,,,,,0.000000,0.000000,-0.964808,-0.895096,-0.070457,-0.050211,,,,,,,,,,,,
415852,,,,,,,,,,,0.000000,0.000000,-0.881709,-0.818001,-0.071200,-0.050901,,,,,,,,,,,,
415857,,,,,,,,,,,0.000000,0.000000,-0.805767,-0.747546,-0.071879,-0.051530,,,,,,,,,,,,
415862,,,,,,,,,,,0.000000,0.000000,-0.736367,-0.683160,-0.072499,-0.052106,,,,,,,,,,,,
415873,,,,,,,,,,,0.000000,0.000000,-0.614982,-0.570547,-0.073584,-0.053112,,,,,,,,,,,,
415877,,,,,,,,,,,0.000000,0.000000,-0.562014,-1.112850,-0.074058,-0.047578,,,,,,,,,,,,
415882,,,,,,,,,,,0.000000,0.000000,-0.513607,-1.017000,-0.074491,-0.048435,,,,,,,,,,,,
415887,,,,,,,,,,,0.000000,0.000000,-0.469370,-0.929406,-0.074886,-0.049218,,,,,,,,,,,,
415892,,,,,,,,,,,0.000000,0.000000,-0.428943,-0.849356,-0.075247,-0.049934,,,,,,,,,,,,
415897,,,,,,,,,,,0.000000,0.000000,-0.391998,-0.776201,-0.075578,-0.050587,,,,,,,,,,,,
415902,,,,,,,,,,,0.000000,0.000000,-0.358235,-0.709346,-0.075879,-0.051185,,,,,,,,,,,,
415907,,,,,,,,,,,0.000000,0.000000,-0.327381,-0.648250,-0.076155,-0.051731,,,,,,,,,,,,
415912,,,,,,,,,,,0.000000,0.000000,-0.299183,-0.592416,-0.076407,-0.052230,,,,,,,,,,,,
415917,,,,,,,,,,,0.000000,0.000000,-0.273415,-0.541391,-0.076638,-0.052686,,,,,,,,,,,,
415922,,,,,,,,,,,0.000000,0.000000,-0.249865,-0.494761,-0.076848,-0.053103,,,,,,,,,,,,
415934,,,,,,,,,,,0.000000,0.000000,-0.208677,-0.413204,-0.077216,-0.053832,,,,,,,,,,,,
415937,,,,,,,,,,,0.000000,0.000000,-0.190704,-0.377614,-0.077377,-0.054150,,,,,,,,,,,,
415942,,,,,,,,,,,0.000000,0.000000,-0.174278,-0.345090,-0.077524,-0.054441,,,,,,,,,,,,
415947,,,,,,,,,,,0.000000,0.000000,-0.159268,-0.315368,-0.077658,-0.054707,,,,,,,,,,,,
415952,,,,,,,,,,,0.000000,0.000000,-0.145550,-0.288205,-0.077781,-0.054950,,,,,,,,,,,,
415957,,,,,,,,,,,0.000000,0.000000,-0.133014,-0.263382,-0.077893,-0.055172,,,,,,,,,,,,
415962,,,,,,,,,,,0.000000,0.000000,-0.121557,-0.240697,-0.077995,-0.055374,,,,,,,,,,,,
415967,,,,,,,,,,,0.000000,0.000000,-0.111087,-0.219965,-0.078089,-0.055560,,,,,,,,,,,,
415972,,,,,,,,,,,0.000000,0.000000,-0.101519,-0.201020,-0.078174,-0.055729,,,,,,,,,,,,
415977,,,,,,,,,,,0.000000,0.000000,-0.684220,-0.183706,-0.072279,-0.055884,,,,,,,,,,,,
415982,,,,,,,,,,,0.000000,0.000000,-0.625288,-0.167883,-0.072806,-0.056025,,,,,,,,,,,,
415987,,,,,,,,,,,0.000000,0.000000,-0.571432,-0.153423,-0.073287,-0.056154,,,,,,,,,,,,
415992,,,,,,,,,,,0.000000,0.000000,-0.522215,-0.140209,-0.073727,-0.056273,,,,,,,,,,,,
415997,,,,,,,,,,,0.000000,0.000000,-1.068681,-0.128133,-0.068155,-0.056381,,,,,,,,,,,,
416002,,,,,,,,,,,0.000000,0.000000,-0.976635,-0.117097,-0.068978,-0.056479,,,,,,,,,,,,
416014,,,,,,,,,,,0.000000,0.000000,-0.815645,-0.097794,-0.070417,-0.056652,,,,,,,,,,,,
416017,,,,,,,,,,,0.000000,0.000000,-1.336838,-0.089371,-0.065072,-0.056727,,,,,,,,,,,,
416022,,,,,,,,,,,0.000000,0.000000,-1.221696,-0.081674,-0.066101,-0.056796,,,,,,,,,,,,
416027,,,,,,,,,,,0.000000,0.000000,-1.116471,-0.074639,-0.067042,-0.056859,,,,,,,,,,,,
416032,,,,,,,,,,,0.000000,0.000000,-1.020309,-0.068210,-0.067901,-0.056916,,,,,,,,,,,,
416037,,,,,,,,,,,0.000000,0.000000,-1.523875,-0.062335,-0.062713,-0.056969,,,,,,,,,,,,
416042,,,,,,,,,,,0.000000,0.000000,-1.392623,-0.056966,-0.063886,-0.057017,,,,,,,,,,,,
416047,,,,,,,,,,,0.000000,0.000000,-1.272676,-0.052060,-0.064959,-0.057061,,,,,,,,,,,,
416052,,,,,,,,,,,0.000000,0.000000,-1.163060,-0.047576,-0.065938,-0.057101,,,,,,,,,,,,
416057,,,,,,,,,,,0.000000,0.000000,-1.062886,-0.043478,-0.066834,-0.057137,,,,,,,,,,,,
416062,,,,,,,,,,,0.000000,0.000000,-0.971339,-0.039733,-0.067652,-0.057171,,,,,,,,,,,,
416077,,,,,,,,,,,0.000000,0.000000,-0.741351,-0.030326,-0.069708,-0.057255,,,,,,,,,,,,
416082,,,,,,,,,,,0.000000,0.000000,-0.677498,-0.027714,-0.070279,-0.057278,,,,,,,,,,,,
416087,,,,,,,,,,,0.000000,0.000000,-0.619145,-0.025327,-0.070800,-0.057300,,,,,,,,,,,,
416092,,,,,,,,,,,0.000000,0.000000,-0.565818,-0.023145,-0.071277,-0.057319,,,,,,,,,,,,
416097,,,,,,,,,,,0.000000,0.000000,-0.517084,-0.021152,-0.071713,-0.057337,,,,,,,,,,,,
416102,,,,,,,,,,,0.000000,0.000000,-0.472547,-0.019330,-0.072111,-0.057353,,,,,,,,,,,,
416107,,,,,,,,,,,0.000000,0.000000,-0.431847,-0.017665,-0.072475,-0.057368,,,,,,,,,,,,
416112,,,,,,,,,,,0.000000,0.000000,-0.394652,-0.016144,-0.072807,-0.057382,,,,,,,,,,,,
416117,,,,,,,,,,,0.000000,0.000000,-0.360660,-0.014753,-0.073111,-0.057394,,,,,,,,,,,,
416122,,,,,,,,,,,0.000000,0.000000,-0.329597,-0.013482,-0.073389,-0.057405,,,,,,,,,,,,
416133,,,,,,,,,,,0.000000,0.000000,-0.301208,-0.012321,-0.073642,-0.057416,,,,,,,,,,,,
416134,,,,,,,,,,,0.000000,0.000000,-0.275265,-0.011260,-0.073874,-0.057425,,,,,,,,,,,,
416137,,,,,,,,,,,0.000000,0.000000,-0.251557,-0.010290,-0.074086,-0.057434,,,,,,,,,,,,
416142,,,,,,,,,,,0.000000,0.000000,-0.229890,-0.009404,-0.074280,-0.057442,,,,,,,,,,,,
416147,,,,,,,,,,,0.000000,0.000000,-0.210090,-0.008594,-0.074457,-0.057449,,,,,,,,,,,,
416152,,,,,,,,,,,0.000000,0.000000,-0.191994,-0.599299,-0.074619,-0.051482,,,,,,,,,,,,
416157,,,,,,,,,,,0.000000,0.000000,-0.175458,-0.547681,-0.074767,-0.051944,,,,,,,,,,,,
416162,,,,,,,,,,,0.000000,0.000000,-0.160346,-0.500509,-0.074902,-0.052365,,,,,,,,,,,,
416167,,,,,,,,,,,0.000000,0.000000,-0.146535,-0.457400,-0.075025,-0.052751,,,,,,,,,,,,
416172,,,,,,,,,,,0.000000,0.000000,-0.133914,-0.418004,-0.075138,-0.053103,,,,,,,,,,,,
416177,,,,,,,,,,,0.000000,0.000000,-0.122380,-0.382001,-0.075241,-0.053425,,,,,,,,,,,,
416182,,,,,,,,,,,0.000000,0.000000,-0.111839,-0.940544,-0.075335,-0.047745,,,,,,,,,,,,
416193,,,,,,,,,,,0.000000,0.000000,-0.102207,-0.859535,-0.075421,-0.048469,,,,,,,,,,,,
416194,,,,,,,,,,,0.000000,0.000000,-0.093404,-0.785503,-0.075500,-0.049131,,,,,,,,,,,,
416197,,,,,,,,,,,0.000000,0.000000,-0.085359,-0.717848,-0.075572,-0.049736,,,,,,,,,,,,
416202,,,,,,,,,,,0.000000,0.000000,-0.078007,-0.656019,-0.075638,-0.050288,,,,,,,,,,,,
416207,,,,,,,,,,,0.000000,0.000000,-0.071288,-0.599516,-0.075698,-0.050793,,,,,,,,,,,,
416212,,,,,,,,,,,0.000000,0.000000,-0.065148,-1.139325,-0.075753,-0.045281,,,,,,,,,,,,
416217,,,,,,,,,,,0.000000,0.000000,-0.059537,-1.041194,-0.075803,-0.046159,,,,,,,,,,,,
416222,,,,,,,,,,,0.000000,0.000000,-0.054409,-0.951516,-0.075849,-0.046960,,,,,,,,,,,,
416227,,,,,,,,,,,0.000000,0.000000,-0.049723,-0.869562,-0.075890,-0.047693,,,,,,,,,,,,
416232,,,,,,,,,,,0.000000,0.000000,-0.045440,-0.794666,-0.075929,-0.048362,,,,,,,,,,,,
416237,,,,,,,,,,,0.000000,0.000000,-0.041526,-0.726222,-0.075964,-0.048974,,,,,,,,,,,,
416242,,,,,,,,,,,0.000000,0.000000,-0.037950,-0.663672,-0.075996,-0.049533,,,,,,,,,,,,
416247,,,,,,,,,,,0.000000,0.000000,-0.034681,-0.606510,-0.076025,-0.050044,,,,,,,,,,,,
416252,,,,,,,,,,,0.000000,0.000000,-0.031694,-0.554271,-0.076052,-0.050511,,,,,,,,,,,,
416257,,,,,,,,,,,0.000000,0.000000,-0.028964,-0.506531,-0.076076,-0.050938,,,,,,,,,,,,
416262,,,,,,,,,,,0.000000,0.000000,-0.026469,-0.462904,-0.076098,-0.051328,,,,,,,,,,,,
416275,,,,,,,,,,,0.000000,0.000000,-0.022106,-0.927101,-0.076137,-0.046492,,,,,,,,,,,,
416277,,,,,,,,,,,0.000000,0.000000,-0.020202,-0.847250,-0.076154,-0.047206,,,,,,,,,,,,
416282,,,,,,,,,,,0.000000,0.000000,-0.018462,-0.774276,-0.076170,-0.047858,,,,,,,,,,,,
416287,,,,,,,,,,,0.000000,0.000000,-0.016872,-0.707588,-0.076184,-0.048454,,,,,,,,,,,,
416292,,,,,,,,,,,0.000000,0.000000,-0.015419,-0.646643,-0.076197,-0.048999,,,,,,,,,,,,
416297,,,,,,,,,,,0.000000,0.000000,-0.014091,-0.590947,-0.076209,-0.049497,,,,,,,,,,,,
416302,,,,,,,,,,,0.000000,0.000000,-0.012877,-0.540049,-0.076220,-0.049952,,,,,,,,,,,,
416307,,,,,,,,,,,0.000000,0.000000,-0.011768,-0.493534,-0.076230,-0.050367,,,,,,,,,,,,
416312,,,,,,,,,,,0.000000,0.000000,-0.010754,-0.451026,-0.076239,-0.050747,,,,,,,,,,,,
416317,,,,,,,,,,,0.000000,0.000000,-0.009828,-0.412179,-0.076247,-0.051095,,,,,,,,,,,,
416322,,,,,,,,,,,0.000000,0.000000,-0.008982,-0.376678,-0.076255,-0.051412,,,,,,,,,,,,
416333,,,,,,,,,,,0.000000,0.000000,-0.008208,-0.344235,-0.076262,-0.051702,,,,,,,,,,,,
416334,,,,,,,,,,,0.000000,0.000000,-0.007501,-0.314586,-0.076268,-0.051967,,,,,,,,,,,,
416337,,,,,,,,,,,0.000000,0.000000,-0.006855,-0.287490,-0.076274,-0.052209,,,,,,,,,,,,
416342,,,,,,,,,,,0.000000,0.000000,-0.006265,-0.262729,-0.076279,-0.052431,,,,,,,,,,,,
416347,,,,,,,,,,,0.000000,0.000000,-0.005725,-0.240100,-0.076284,-0.052633,,,,,,,,,,,,
416352,,,,,,,,,,,0.000000,0.000000,-0.005232,-0.219420,-0.076288,-0.052818,,,,,,,,,,,,
416357,,,,,,,,,,,0.000000,0.000000,-0.004781,-0.200521,-0.076292,-0.052987,,,,,,,,,,,,
416362,,,,,,,,,,,0.000000,0.000000,-0.004369,-0.183250,-0.076296,-0.053141,,,,,,,,,,,,
416367,,,,,,,,,,,0.000000,0.000000,-0.003993,-0.167467,-0.076299,-0.053282,,,,,,,,,,,,
416372,,,,,,,,,,,0.000000,0.000000,-0.003649,-0.153043,-0.076302,-0.053411,,,,,,,,,,,,
416377,,,,,,,,,,,0.000000,0.000000,-0.003335,-0.139861,-0.076305,-0.053529,,,,,,,,,,,,
416382,,,,,,,,,,,0.000000,0.000000,-0.003048,-0.127815,-0.076308,-0.053637,,,,,,,,,,,,
416393,,,,,,,,,,,0.000000,0.000000,-0.002785,-0.116806,-0.076310,-0.053735,,,,,,,,,,,,
416394,,,,,,,,,,,0.000000,0.000000,-0.002545,-0.106746,-0.076312,-0.053825,,,,,,,,,,,,
416397,,,,,,,,,,,0.000000,0.000000,-0.002326,-0.097552,-0.076314,-0.053907,,,,,,,,,,,,
416402,,,,,,,,,,,0.000000,0.000000,-0.002126,-0.089150,-0.076316,-0.053982,,,,,,,,,,,,
416407,,,,,,,,,,,0.000000,0.000000,-0.001943,-0.081471,-0.076318,-0.054051,,,,,,,,,,,,
416412,,,,,,,,,,,0.000000,0.000000,-0.001775,-0.074454,-0.076319,-0.054114,,,,,,,,,,,,
416417,,,,,,,,,,,0.000000,0.000000,-0.001622,-0.068041,-0.076320,-0.054171,,,,,,,,,,,,
416422,,,,,,,,,,,0.000000,0.000000,-0.001483,-0.062181,-0.076322,-0.054223,,,,,,,,,,,,
416427,,,,,,,,,,,0.000000,0.000000,-0.001355,-0.056825,-0.076323,-0.054271,,,,,,,,,,,,
416432,,,,,,,,,,,0.000000,0.000000,-0.001238,-0.051931,-0.076324,-0.054315,,,,,,,,,,,,
416437,,,,,,,,,,,0.000000,0.000000,-0.001132,-0.047458,-0.076325,-0.054355,,,,,,,,,,,,
416442,,,,,,,,,,,0.000000,0.000000,-0.001034,-0.043370,-0.076326,-0.054391,,,,,,,,,,,,
416447,,,,,,,,,,,0.000000,0.000000,-0.000945,-0.039635,-0.076327,-0.054425,,,,,,,,,,,,
416452,,,,,,,,,,,0.000000,0.000000,-0.000864,-0.036221,-0.076327,-0.054455,,,,,,,,,,,,
416457,,,,,,,,,,,0.000000,0.000000,-0.000789,-0.033101,-0.076328,-0.054483,,,,,,,,,,,,
416462,,,,,,,,,,,0.000000,0.000000,-0.000721,-0.030250,-0.076329,-0.054509,,,,,,,,,,,,
416473,,,,,,,,,,,0.000000,0.000000,-0.000659,-0.027645,-0.076329,-0.054532,,,,,,,,,,,,
416474,,,,,,,,,,,0.000000,0.000000,-0.000602,-0.025264,-0.076330,-0.054553,,,,,,,,,,,,
416477,,,,,,,,,,,0.000000,0.000000,-0.000551,-0.023088,-0.076330,-0.054573,,,,,,,,,,,,
416482,,,,,,,,,,,0.000000,0.000000,-0.000503,-0.021099,-0.076330,-0.054591,,,,,,,,,,,,
416487,,,,,,,,,,,0.000000,0.000000,-0.000460,-0.019282,-0.076331,-0.054607,,,,,,,,,,,,
416492,,,,,,,,,,,0.000000,0.000000,-0.000420,-0.017621,-0.076331,-0.054622,,,,,,,,,,,,
416497,,,,,,,,,,,0.000000,0.000000,-0.000384,-0.016104,-0.076332,-0.054635,,,,,,,,,,,,
416502,,,,,,,,,,,0.000000,0.000000,-0.000351,-0.014717,-0.076332,-0.054648,,,,,,,,,,,,
416507,,,,,,,,,,,0.000000,0.000000,-0.000321,-0.013449,-0.076332,-0.054659,,,,,,,,,,,,
416512,,,,,,,,,,,0.000000,0.000000,-0.000293,-0.012291,-0.076332,-0.054669,,,,,,,,,,,,
416517,,,,,,,,,,,0.000000,0.000000,-0.000268,-0.011232,-0.076333,-0.054679,,,,,,,,,,,,
416522,,,,,,,,,,,0.000000,0.000000,-0.000245,-0.010265,-0.076333,-0.054687,,,,,,,,,,,,
416533,,,,,,,,,,,0.000000,0.000000,,,,,,,,,,,,,,,,
416534,,,,,,,,,,,0.000000,0.000000,-0.000204,-0.008573,-0.076333,-0.054703,,,,,,,,,,,,
416537,,,,,,,,,,,0.000000,0.000000,-0.000187,-0.007834,-0.076333,-0.054709,,,,,,,,,,,,
416542,,,,,,,,,,,0.000000,0.000000,-0.000171,-0.007159,-0.076333,-0.054715,,,,,,,,,,,,
416547,,,,,,,,,,,0.000000,0.000000,-0.000156,-0.006543,-0.076334,-0.054721,,,,,,,,,,,,
416552,,,,,,,,,,,0.000000,0.000000,-0.000143,-0.005979,-0.076334,-0.054726,,,,,,,,,,,,
416557,,,,,,,,,,,0.000000,0.000000,-0.000130,-0.005464,-0.076334,-0.054730,,,,,,,,,,,,
416562,,,,,,,,,,,0.000000,0.000000,-0.000119,-0.004994,-0.076334,-0.054735,,,,,,,,,,,,
416567,,,,,,,,,,,0.000000,0.000000,-0.000109,-0.004564,-0.076334,-0.054738,,,,,,,,,,,,
416572,,,,,,,,,,,0.000000,0.000000,-0.000099,-0.004170,-0.076334,-0.054742,,,,,,,,,,,,
416577,,,,,,,,,,,0.000000,0.000000,-0.000091,-0.003811,-0.076334,-0.054745,,,,,,,,,,,,
416582,,,,,,,,,,,0.000000,0.000000,-0.000083,-0.003483,-0.076334,-0.054748,,,,,,,,,,,,
416594,,,,,,,,,,,0.000000,0.000000,-0.000069,-0.002909,-0.076334,-0.054753,,,,,,,,,,,,
416597,,,,,,,,,,,0.000000,0.000000,-0.000063,-0.002658,-0.076334,-0.054755,,,,,,,,,,,,
416602,,,,,,,,,,,0.000000,0.000000,-0.000058,-0.002429,-0.076334,-0.054757,,,,,,,,,,,,
416607,,,,,,,,,,,0.000000,0.000000,-0.000053,-0.002220,-0.076334,-0.054759,,,,,,,,,,,,
416612,,,,,,,,,,,0.000000,0.000000,-0.000048,-0.002029,-0.076335,-0.054761,,,,,,,,,,,,
416617,,,,,,,,,,,0.000000,0.000000,-0.000044,-0.001854,-0.076335,-0.054763,,,,,,,,,,,,
416622,,,,,,,,,,,0.000000,0.000000,-0.000040,-0.001694,-0.076335,-0.054764,,,,,,,,,,,,
416627,,,,,,,,,,,0.000000,0.000000,-0.000037,-0.001549,-0.076335,-0.054765,,,,,,,,,,,,
416632,,,,,,,,,,,0.000000,0.000000,-0.000034,-0.001415,-0.076335,-0.054767,,,,,,,,,,,,
416637,,,,,,,,,,,0.000000,0.000000,-0.000031,-0.001293,-0.076335,-0.054768,,,,,,,,,,,,
416642,,,,,,,,,,,0.000000,0.000000,-0.000028,-0.001182,-0.076335,-0.054769,,,,,,,,,,,,
416653,,,,,,,,,,,0.000000,0.000000,-0.000026,-0.001080,-0.076335,-0.054770,,,,,,,,,,,,
416654,,,,,,,,,,,0.000000,0.000000,-0.000024,-0.000987,-0.076335,-0.054770,,,,,,,,,,,,
416657,,,,,,,,,,,0.000000,0.000000,-0.000022,-0.000902,-0.076335,-0.054771,,,,,,,,,,,,
416662,,,,,,,,,,,0.000000,0.000000,-0.000020,-0.000824,-0.076335,-0.054772,,,,,,,,,,,,
416667,,,,,,,,,,,0.000000,0.000000,-0.000018,-0.000753,-0.076335,-0.054772,,,,,,,,,,,,
416672,,,,,,,,,,,0.000000,0.000000,-0.000016,-0.000688,-0.076335,-0.054773,,,,,,,,,,,,
416677,,,,,,,,,,,0.000000,0.000000,-0.000015,-0.000629,-0.076335,-0.054774,,,,,,,,,,,,
416682,,,,,,,,,,,0.000000,0.000000,-0.000014,-0.000575,-0.076335,-0.054774,,,,,,,,,,,,
416687,,,,,,,,,,,0.000000,0.000000,-0.000013,-0.000525,-0.076335,-0.054774,,,,,,,,,,,,
416692,,,,,,,,,,,0.000000,0.000000,-0.000011,-0.000480,-0.076335,-0.054775,,,,,,,,,,,,
416697,,,,,,,,,,,0.000000,0.000000,-0.000010,-0.000439,-0.076335,-0.054775,,,,,,,,,,,,
416702,,,,,,,,,,,0.000000,0.000000,-0.000010,-0.000401,-0.076335,-0.054776,,,,,,,,,,,,
416707,,,,,,,,,,,0.000000,0.000000,-0.000009,-0.000366,-0.076335,-0.054776,,,,,,,,,,,,
416712,,,,,,,,,,,0.000000,0.000000,-0.000008,-0.000335,-0.076335,-0.054776,,,,,,,,,,,,
416717,,,,,,,,,,,0.000000,0.000000,-0.000007,-0.000306,-0.076335,-0.054776,,,,,,,,,,,,
416722,,,,,,,,,,,0.000000,0.000000,-0.000007,-0.000280,-0.076335,-0.054777,,,,,,,,,,,,
416734,,,,,,,,,,,0.000000,0.000000,-0.000006,-0.000234,-0.076335,-0.054777,,,,,,,,,,,,
416737,,,,,,,,,,,0.000000,0.000000,-0.000005,-0.000213,-0.076335,-0.054777,,,,,,,,,,,,
416742,,,,,,,,,,,0.000000,0.000000,-0.000005,-0.000195,-0.076335,-0.054777,,,,,,,,,,,,
416747,,,,,,,,,,,0.000000,0.000000,-0.000004,-0.000178,-0.076335,-0.054778,,,,,,,,,,,,
416752,,,,,,,,,,,0.000000,0.000000,-0.000004,-0.000163,-0.076335,-0.054778,,,,,,,,,,,,
416757,,,,,,,,,,,0.000000,0.000000,-0.000004,-0.000149,-0.076335,-0.054778,,,,,,,,,,,,
416762,,,,,,,,,,,0.000000,0.000000,-0.000003,-0.000136,-0.076335,-0.054778,,,,,,,,,,,,
416767,,,,,,,,,,,0.000000,0.000000,-0.000003,-0.000124,-0.076335,-0.054778,,,,,,,,,,,,
416772,,,,,,,,,,,0.000000,0.000000,-0.000003,-0.000114,-0.076335,-0.054778,,,,,,,,,,,,
416777,,,,,,,,,,,0.000000,0.000000,-0.000002,-0.000104,-0.076335,-0.054778,,,,,,,,,,,,
416782,,,,,,,,,,,0.000000,0.000000,-0.000002,-0.000095,-0.076335,-0.054778,,,,,,,,,,,,
416794,,,,,,,,,,,0.000000,0.000000,-0.000002,-0.000079,-0.076335,-0.054778,,,,,,,,,,,,
416797,,,,,,,,,,,0.000000,0.000000,-0.000002,-0.000072,-0.076335,-0.054779,,,,,,,,,,,,
416802,,,,,,,,,,,0.000000,0.000000,-0.000002,-0.000066,-0.076335,-0.054779,,,,,,,,,,,,
416807,,,,,,,,,,,0.000000,0.000000,-0.000001,-0.000060,-0.076335,-0.054779,,,,,,,,,,,,
416812,,,,,,,,,,,0.000000,0.000000,-0.000001,-0.000055,-0.076335,-0.054779,,,,,,,,,,,,
416817,,,,,,,,,,,0.000000,0.000000,-0.000001,-0.000051,-0.076335,-0.054779,,,,,,,,,,,,
416822,,,,,,,,,,,0.000000,0.000000,-0.000001,-0.000046,-0.076335,-0.054779,,,,,,,,,,,,
416827,,,,,,,,,,,0.000000,0.000000,-0.000001,-0.000042,-0.076335,-0.054779,,,,,,,,,,,,
416832,,,,,,,,,,,0.000000,0.000000,-0.000001,-0.000039,-0.076335,-0.054779,,,,,,,,,,,,
416837,,,,,,,,,,,0.000000,0.000000,-0.000001,-0.000035,-0.076335,-0.054779,,,,,,,,,,,,
416842,,,,,,,,,,,0.000000,0.000000,-0.000001,-0.000032,-0.076335,-0.054779,,,,,,,,,,,,
416853,,,,,,,,,,,0.000000,0.000000,,,,,,,,,,,,,,,,
416854,,,,,,,,,,,0.000000,0.000000,-0.000001,-0.000027,-0.076335,-0.054779,,,,,,,,,,,,
416857,,,,,,,,,,,0.000000,0.000000,-0.000001,-0.000025,-0.076335,-0.054779,,,,,,,,,,,,
416862,,,,,,,,,,,0.000000,0.000000,-0.000001,-0.000022,-0.076335,-0.054779,,,,,,,,,,,,
416867,,,,,,,,,,,0.000000,0.000000,-0.000000,-0.000021,-0.076335,-0.054779,,,,,,,,,,,,
416872,,,,,,,,,,,0.000000,0.000000,-0.000000,-0.000019,-0.076335,-0.054779,,,,,,,,,,,,
416877,,,,,,,,,,,0.000000,0.000000,-0.000000,-0.000017,-0.076335,-0.054779,,,,,,,,,,,,
416882,,,,,,,,,,,0.000000,0.000000,-0.000000,-0.000016,-0.076335,-0.054779,,,,,,,,,,,,
416887,,,,,,,,,,,0.000000,0.000000,-0.000000,-0.000014,-0.076335,-0.054779,,,,,,,,,,,,
416892,,,,,,,,,,,0.000000,0.000000,-0.000000,-0.000013,-0.076335,-0.054779,,,,,,,,,,,,
416897,,,,,,,,,,,0.000000,0.000000,-0.000000,-0.000012,-0.076335,-0.054779,,,,,,,,,,,,
416902,,,,,,,,,,,0.000000,0.000000,-0.000000,-0.000011,-0.076335,-0.054779,,,,,,,,,,,,
416907,,,,,,,,,,,0.000000,0.000000,-0.000000,-0.000010,-0.076335,-0.054779,,,,,,,,,,,,
416912,,,,,,,,,,,0.000000,0.000000,-0.000000,-0.000009,-0.076335,-0.054779,,,,,,,,,,,,
416917,,,,,,,,,,,0.000000,0.000000,-0.000000,-0.000008,-0.076335,-0.054779,,,,,,,,,,,,
416922,,,,,,,,,,,0.000000,0.000000,-0.000000,-0.000008,-0.076335,-0.054779,,,,,,,,,,,,
416933,,,,,,,,,,,0.000000,0.000000,-0.000000,-0.000006,-0.076335,-0.054779,,,,,,,,,,,,
416937,,,,,,,,,,,0.000000,0.000000,-0.000000,-0.000006,-0.076335,-0.054779,,,,,,,,,,,,
416942,,,,,,,,,,,0.000000,0.000000,-0.000000,-0.000005,-0.076335,-0.054779,,,,,,,,,,,,
416947,,,,,,,,,,,0.000000,0.000000,-0.000000,-0.000005,-0.076335,-0.054779,,,,,,,,,,,,
416952,,,,,,,,,,,0.000000,0.000000,-0.000000,-0.000004,-0.076335,-0.054779,,,,,,,,,,,,
416957,,,,,,,,,,,0.000000,0.000000,-0.000000,-0.000004,-0.076335,-0.054779,,,,,,,,,,,,
416962,,,,,,,,,,,0.000000,0.000000,-0.000000,-0.000004,-0.076335,-0.054779,,,,,,,,,,,,
416967,,,,,,,,,,,0.000000,0.000000,-0.000000,-0.000003,-0.076335,-0.054779,,,,,,,,,,,,
416972,,,,,,,,,,,0.000000,0.000000,-0.000000,-0.000003,-0.076335,-0.054779,,,,,,,,,,,,
416977,,,,,,,,,,,0.000000,0.000000,-0.000000,-0.000003,-0.076335,-0.054779,,,,,,,,,,,,
416982,,,,,,,,,,,0.000000,0.000000,-0.000000,-0.000003,-0.076335,-0.054779,,,,,,,,,,,,
416993,,,,,,,,,,,0.000000,0.000000,-0.000000,-0.000002,-0.076335,-0.054779,,,,,,,,,,,,
416994,,,,,,,,,,,0.000000,0.000000,-0.000000,-0.000002,-0.076335,-0.054779,,,,,,,,,,,,
416997,,,,,,,,,,,0.000000,0.000000,-0.000000,-0.000002,-0.076335,-0.054779,,,,,,,,,,,,
417002,,,,,,,,,,,0.000000,0.000000,-0.000000,-0.000002,-0.076335,-0.054779,,,,,,,,,,,,
417007,,,,,,,,,,,0.000000,0.000000,-0.000000,-0.000002,-0.076335,-0.054779,,,,,,,,,,,,
417012,,,,,,,,,,,0.000000,0.000000,-0.000000,-0.000002,-0.076335,-0.054779,,,,,,,,,,,,
417017,,,,,,,,,,,0.000000,0.000000,-0.000000,-0.000001,-0.076335,-0.054779,,,,,,,,,,,,
417022,,,,,,,,,,,0.000000,0.000000,-0.000000,-0.000001,-0.076335,-0.054779,,,,,,,,,,,,
417027,,,,,,,,,,,0.000000,0.000000,-0.000000,-0.000001,-0.076335,-0.054779,,,,,,,,,,,,
417032,,,,,,,,,,,0.000000,0.000000,-0.000000,-0.000001,-0.076335,-0.054779,,,,,,,,,,,,
417037,,,,,,,,,,,0.000000,0.000000,-0.000000,-0.000001,-0.076335,-0.054779,,,,,,,,,,,,
417042,,,,,,,,,,,0.000000,0.000000,-0.000000,-0.000001,-0.076335,-0.054779,,,,,,,,,,,,
417054,,,,,,,,,,,0.000000,0.000000,-0.000000,-0.000001,-0.076335,-0.054779,,,,,,,,,,,,
417057,,,,,,,,,,,0.000000,0.000000,-0.000000,-0.000001,-0.076335,-0.054779,,,,,,,,,,,,
417062,,,,,,,,,,,0.000000,0.000000,-0.000000,-0.000001,-0.076335,-0.054779,,,,,,,,,,,,
417067,,,,,,,,,,,0.000000,0.000000,-0.000000,-0.000001,-0.076335,-0.054779,,,,,,,,,,,,
417072,,,,,,,,,,,0.000000,0.000000,-0.000000,-0.000001,-0.076335,-0.054779,,,,,,,,,,,,
417077,,,,,,,,,,,0.000000,0.000000,-0.000000,-0.000000,-0.076335,-0.054779,,,,,,,,,,,,
417082,,,,,,,,,,,0.000000,0.000000,-0.000000,-0.000000,-0.076335,-0.054779,,,,,,,,,,,,
417087,,,,,,,,,,,0.000000,0.000000,-0.000000,-0.000000,-0.076335,-0.054779,,,,,,,,,,,,
417092,,,,,,,,,,,0.000000,0.000000,-0.000000,-0.000000,-0.076335,-0.054779,,,,,,,,,,,,
417097,,,,,,,,,,,0.000000,0.000000,-0.000000,-0.000000,-0.076335,-0.054779,,,,,,,,,,,,
417102,,,,,,,,,,,0.000000,0.000000,-0.000000,-0.000000,-0.076335,-0.054779,,,,,,,,,,,,
417114,,,,,,,,,,,0.000000,0.000000,-0.000000,-0.000000,-0.076335,-0.054779,,,,,,,,,,,,
417117,,,,,,,,,,,0.000000,0.000000,-0.000000,-0.000000,-0.076335,-0.054779,,,,,,,,,,,,
417122,,,,,,,,,,,0.000000,0.000000,-0.000000,-0.000000,-0.076335,-0.054779,,,,,,,,,,,,
417127,,,,,,,,,,,0.000000,0.000000,-0.000000,-0.000000,-0.076335,-0.054779,,,,,,,,,,,,
417132,,,,,,,,,,,0.000000,0.000000,-0.000000,-0.000000,-0.076335,-0.054779,,,,,,,,,,,,
417137,,,,,,,,,,,0.000000,0.000000,-0.000000,-0.000000,-0.076335,-0.054779,,,,,,,,,,,,
417142,,,,,,,,,,,0.000000,0.000000,-0.000000,-0.000000,-0.076335,-0.054779,,,,,,,,,,,,
417147,,,,,,,,,,,0.000000,0.000000,-0.000000,-0.000000,-0.076335,-0.054779,,,,,,,,,,,,
417152,,,,,,,,,,,0.000000,0.000000,-0.000000,-0.000000,-0.076335,-0.054779,,,,,,,,,,,,
417157,,,,,,,,,,,0.000000,0.000000,-0.000000,-0.000000,-0.076335,-0.054779,,,,,,,,,,,,
417162,,,,,,,,,,,0.000000,0.000000,-0.000000,-0.000000,-0.076335,-0.054779,,,,,,,,,,,,
417167,,,,,,,,,,,0.000000,0.000000,-0.000000,-0.000000,-0.076335,-0.054779,,,,,,,,,,,,
417172,,,,,,,,,,,0.000000,0.000000,-0.000000,-0.000000,-0.076335,-0.054779,,,,,,,,,,,,
417177,,,,,,,,,,,0.000000,0.000000,-0.000000,-0.000000,-0.076335,-0.054779,,,,,,,,,,,,
417182,,,,,,,,,,,0.000000,0.000000,-0.000000,-0.000000,-0.076335,-0.054779,,,,,,,,,,,,
417193,,,,,,,,,,,0.000000,0.000000,-0.000000,-0.000000,-0.076335,-0.054779,,,,,,,,,,,,
417197,,,,,,,,,,,0.000000,0.000000,-0.000000,-0.000000,-0.076335,-0.054779,,,,,,,,,,,,
417202,,,,,,,,,,,0.000000,0.000000,-0.000000,-0.000000,-0.076335,-0.054779,,,,,,,,,,,,
417207,,,,,,,,,,,0.000000,0.000000,-0.000000,-0.000000,-0.076335,-0.054779,,,,,,,,,,,,
417212,,,,,,,,,,,0.000000,0.000000,-0.000000,-0.000000,-0.076335,-0.054779,,,,,,,,,,,,
417217,,,,,,,,,,,0.000000,0.000000,-0.000000,-0.000000,-0.076335,-0.054779,,,,,,,,,,,,
417222,,,,,,,,,,,0.000000,0.000000,-0.000000,-0.000000,-0.076335,-0.054779,,,,,,,,,,,,
417227,,,,,,,,,,,0.000000,0.000000,-0.000000,-0.000000,-0.076335,-0.054779,,,,,,,,,,,,
417232,,,,,,,,,,,0.000000,0.000000,-0.000000,-0.000000,-0.076335,-0.054779,,,,,,,,,,,,
417237,,,,,,,,,,,0.000000,0.000000,-0.000000,-0.000000,-0.076335,-0.054779,,,,,,,,,,,,
417242,,,,,,,,,,,0.000000,0.000000,-0.000000,-0.000000,-0.076335,-0.054779,,,,,,,,,,,,
417253,,,,,,,,,,,0.000000,0.000000,-0.000000,-0.000000,-0.076335,-0.054779,,,,,,,,,,,,
417257,,,,,,,,,,,0.000000,0.000000,-0.000000,-0.000000,-0.076335,-0.054779,,,,,,,,,,,,
417262,,,,,,,,,,,0.000000,0.000000,-0.000000,-0.000000,-0.076335,-0.054779,,,,,,,,,,,,
417267,,,,,,,,,,,0.000000,0.000000,-0.000000,-0.000000,-0.076335,-0.054779,,,,,,,,,,,,
417272,,,,,,,,,,,0.000000,0.000000,-0.000000,-0.000000,-0.076335,-0.054779,,,,,,,,,,,,
417277,,,,,,,,,,,0.000000,0.000000,-0.000000,-0.000000,-0.076335,-0.054779,,,,,,,,,,,,
417282,,,,,,,,,,,0.000000,0.000000,-0.000000,-0.000000,-0.076335,-0.054779,,,,,,,,,,,,
417287,,,,,,,,,,,0.000000,0.000000,-0.000000,-0.000000,-0.076335,-0.054779,,,,,,,,,,,,
417292,,,,,,,,,,,0.000000,0.000000,-0.000000,-0.000000,-0.076335,-0.054779,,,,,,,,,,,,
417297,,,,,,,,,,,0.000000,0.000000,-0.000000,-0.000000,-0.076335,-0.054779,,,,,,,,,,,,
417302,,,,,,,,,,,0.000000,0.000000,-0.000000,-0.000000,-0.076335,-0.054779,,,,,,,,,,,,
417313,,,,,,,,,,,0.000000,0.000000,,,,,,,,,,,,,,,,
417314,,,,,,,,,,,0.000000,0.000000,-0.000000,-0.000000,-0.076335,-0.054779,,,,,,,,,,,,
417317,,,,,,,,,,,0.000000,0.000000,-0.000000,-0.000000,-0.076335,-0.054779,,,,,,,,,,,,
417322,,,,,,,,,,,0.000000,0.000000,-0.000000,-0.000000,-0.076335,-0.054779,,,,,,,,,,,,
417327,,,,,,,,,,,0.000000,0.000000,-0.000000,-0.000000,-0.076335,-0.054779,,,,,,,,,,,,
417332,,,,,,,,,,,0.000000,0.000000,-0.000000,-0.000000,-0.076335,-0.054779,,,,,,,,,,,,
417337,,,,,,,,,,,0.000000,0.000000,-0.000000,-0.000000,-0.076335,-0.054779,,,,,,,,,,,,
417342,,,,,,,,,,,0.000000,0.000000,-0.000000,-0.000000,-0.076335,-0.054779,,,,,,,,,,,,
417347,,,,,,,,,,,0.000000,0.000000,-0.000000,-0.000000,-0.076335,-0.054779,,,,,,,,,,,,
417352,,,,,,,,,,,0.000000,0.000000,-0.000000,-0.000000,-0.076335,-0.054779,,,,,,,,,,,,
417357,,,,,,,,,,,0.000000,0.000000,-0.000000,-0.000000,-0.076335,-0.054779,,,,,,,,,,,,
417362,,,,,,,,,,,0.000000,0.000000,-0.000000,-0.000000,-0.076335,-0.054779,,,,,,,,,,,,
417373,,,,,,,,,,,0.000000,0.000000,-0.000000,-0.000000,-0.076335,-0.054779,,,,,,,,,,,,
417374,,,,,,,,,,,0.000000,0.000000,-0.000000,-0.000000,-0.076335,-0.054779,,,,,,,,,,,,
417377,,,,,,,,,,,0.000000,0.000000,-0.000000,-0.000000,-0.076335,-0.054779,,,,,,,,,,,,
417382,,,,,,,,,,,0.000000,0.000000,-0.000000,-0.000000,-0.076335,-0.054779,,,,,,,,,,,,
417387,,,,,,,,,,,0.000000,0.000000,-0.000000,-0.000000,-0.076335,-0.054779,,,,,,,,,,,,
417392,,,,,,,,,,,0.000000,0.000000,-0.000000,-0.000000,-0.076335,-0.054779,,,,,,,,,,,,
417397,,,,,,,,,,,0.000000,0.000000,-0.000000,-0.000000,-0.076335,-0.054779,,,,,,,,,,,,
417402,,,,,,,,,,,0.000000,0.000000,-0.000000,-0.000000,-0.076335,-0.054779,,,,,,,,,,,,
417407,,,,,,,,,,,0.000000,0.000000,-0.000000,-0.000000,-0.076335,-0.054779,,,,,,,,,,,,
417412,,,,,,,,,,,0.000000,0.000000,-0.000000,-0.000000,-0.076335,-0.054779,,,,,,,,,,,,
417417,,,,,,,,,,,0.000000,0.000000,-0.000000,-0.000000,-0.076335,-0.054779,,,,,,,,,,,,
417422,,,,,,,,,,,0.000000,0.000000,-0.000000,-0.000000,-0.076335,-0.054779,,,,,,,,,,,,
417427,,,,,,,,,,,0.000000,0.000000,-0.000000,-0.000000,-0.076335,-0.054779,,,,,,,,,,,,
417432,,,,,,,,,,,0.000000,0.000000,-0.000000,-0.000000,-0.076335,-0.054779,,,,,,,,,,,,
417437,,,,,,,,,,,0.000000,0.000000,-0.000000,-0.000000,-0.076335,-0.054779,,,,,,,,,,,,
417442,,,,,,,,,,,0.000000,0.000000,-0.000000,-0.000000,-0.076335,-0.054779,,,,,,,,,,,,
417452,,,,,,,,,,,0.000000,0.000000,-0.000000,-0.000000,-0.076335,-0.054779,,,,,,,,,,,,
417457,,,,,,,,,,,0.000000,0.000000,-0.000000,-0.000000,-0.076335,-0.054779,,,,,,,,,,,,
417462,,,,,,,,,,,0.000000,0.000000,-0.000000,-0.000000,-0.076335,-0.054779,,,,,,,,,,,,
417467,,,,,,,,,,,0.000000,0.000000,-0.000000,-0.000000,-0.076335,-0.054779,,,,,,,,,,,,
417472,,,,,,,,,,,0.000000,0.000000,-0.000000,-0.000000,-0.076335,-0.054779,,,,,,,,,,,,
417477,,,,,,,,,,,0.000000,0.000000,-0.000000,-0.000000,-0.076335,-0.054779,,,,,,,,,,,,
417482,,,,,,,,,,,0.000000,0.000000,-0.000000,-0.000000,-0.076335,-0.054779,,,,,,,,,,,,
417487,,,,,,,,,,,0.000000,0.000000,-0.000000,-0.000000,-0.076335,-0.054779,,,,,,,,,,,,
417492,,,,,,,,,,,0.000000,0.000000,-0.000000,-0.000000,-0.076335,-0.054779,,,,,,,,,,,,
417497,,,,,,,,,,,0.000000,0.000000,-0.000000,-0.000000,-0.076335,-0.054779,,,,,,,,,,,,
417502,,,,,,,,,,,0.000000,0.000000,-0.000000,-0.000000,-0.076335,-0.054779,,,,,,,,,,,,
417513,,,,,,,,,,,0.000000,0.000000,-0.000000,-0.000000,-0.076335,-0.054779,,,,,,,,,,,,
417517,,,,,,,,,,,0.000000,0.000000,-0.000000,-0.000000,-0.076335,-0.054779,,,,,,,,,,,,
417522,,,,,,,,,,,0.000000,0.000000,-0.000000,-0.000000,-0.076335,-0.054779,,,,,,,,,,,,
417527,,,,,,,,,,,0.000000,0.000000,-0.000000,-0.000000,-0.076335,-0.054779,,,,,,,,,,,,
417532,,,,,,,,,,,0.000000,0.000000,-0.000000,-0.000000,-0.076335,-0.054779,,,,,,,,,,,,
417537,,,,,,,,,,,0.000000,0.000000,-0.000000,-0.000000,-0.076335,-0.054779,,,,,,,,,,,,
417542,,,,,,,,,,,0.000000,0.000000,-0.000000,-0.000000,-0.076335,-0.054779,,,,,,,,,,,,
417547,,,,,,,,,,,0.000000,0.000000,-0.000000,-0.000000,-0.076335,-0.054779,,,,,,,,,,,,
417552,,,,,,,,,,,0.000000,0.000000,-0.000000,-0.000000,-0.076335,-0.054779,,,,,,,,,,,,
417557,,,,,,,,,,,0.000000,0.000000,-0.000000,-0.000000,-0.076335,-0.054779,,,,,,,,,,,,
417562,,,,,,,,,,,0.000000,0.000000,-0.000000,-0.000000,-0.076335,-0.054779,,,,,,,,,,,,
417572,,,,,,,,,,,0.000000,0.000000,-0.000000,-0.000000,-0.076335,-0.054779,,,,,,,,,,,,
417577,,,,,,,,,,,0.000000,0.000000,-0.000000,-0.000000,-0.076335,-0.054779,,,,,,,,,,,,
417582,,,,,,,,,,,0.000000,0.000000,-0.000000,-0.000000,-0.076335,-0.054779,,,,,,,,,,,,
417587,,,,,,,,,,,0.000000,0.000000,-0.000000,-0.000000,-0.076335,-0.054779,,,,,,,,,,,,
417592,,,,,,,,,,,0.000000,0.000000,-0.000000,-0.000000,-0.076335,-0.054779,,,,,,,,,,,,
417597,,,,,,,,,,,0.000000,0.000000,-0.000000,-0.000000,-0.076335,-0.054779,,,,,,,,,,,,
417602,,,,,,,,,,,0.000000,0.000000,-0.000000,-0.000000,-0.076335,-0.054779,,,,,,,,,,,,
417607,,,,,,,,,,,0.000000,0.000000,-0.000000,-0.000000,-0.076335,-0.054779,,,,,,,,,,,,
417612,,,,,,,,,,,0.000000,0.000000,-0.000000,-0.000000,-0.076335,-0.054779,,,,,,,,,,,,
417617,,,,,,,,,,,0.000000,0.000000,-0.000000,-0.000000,-0.076335,-0.054779,,,,,,,,,,,,
417622,,,,,,,,,,,0.000000,0.000000,-0.000000,-0.000000,-0.076335,-0.054779,,,,,,,,,,,,
417627,,,,,,,,,,,0.000000,0.000000,-0.000000,-0.000000,-0.076335,-0.054779,,,,,,,,,,,,
417632,,,,,,,,,,,0.000000,0.000000,-0.000000,-0.000000,-0.076335,-0.054779,,,,,,,,,,,,
417637,,,,,,,,,,,0.000000,0.000000,-0.000000,-0.000000,-0.076335,-0.054779,,,,,,,,,,,,
417642,,,,,,,,,,,0.000000,0.000000,-0.000000,-0.000000,-0.076335,-0.054779,,,,,,,,,,,,
417651,,,,,,,,,,,0.000000,0.000000,,,,,,,,,,,,,,,,
417652,,,,,,,,,,,0.000000,0.000000,-0.000000,-0.000000,-0.076335,-0.054779,,,,,,,,,,,,
417657,,,,,,,,,,,0.000000,0.000000,-0.000000,-0.000000,-0.076335,-0.054779,,,,,,,,,,,,
417662,,,,,,,,,,,0.000000,0.000000,-0.000000,-0.000000,-0.076335,-0.054779,,,,,,,,,,,,
417667,,,,,,,,,,,0.000000,0.000000,-0.000000,-0.000000,-0.076335,-0.054779,,,,,,,,,,,,
417672,,,,,,,,,,,0.000000,0.000000,-0.000000,-0.000000,-0.076335,-0.054779,,,,,,,,,,,,
417677,,,,,,,,,,,0.000000,0.000000,-0.000000,-0.000000,-0.076335,-0.054779,,,,,,,,,,,,
417682,,,,,,,,,,,0.000000,0.000000,-0.000000,-0.000000,-0.076335,-0.054779,,,,,,,,,,,,
417687,,,,,,,,,,,0.000000,0.000000,-0.000000,-0.000000,-0.076335,-0.054779,,,,,,,,,,,,
417692,,,,,,,,,,,0.000000,0.000000,-0.000000,-0.000000,-0.076335,-0.054779,,,,,,,,,,,,
417697,,,,,,,,,,,0.000000,0.000000,-0.000000,-0.000000,-0.076335,-0.054779,,,,,,,,,,,,
417702,,,,,,,,,,,0.000000,0.000000,-0.000000,-0.000000,-0.076335,-0.054779,,,,,,,,,,,,
417712,,,,,,,,,,,0.000000,0.000000,-0.000000,-0.000000,-0.076335,-0.054779,,,,,,,,,,,,
417717,,,,,,,,,,,0.000000,0.000000,-0.000000,-0.000000,-0.076335,-0.054779,,,,,,,,,,,,
417722,,,,,,,,,,,0.000000,0.000000,-0.000000,-0.000000,-0.076335,-0.054779,,,,,,,,,,,,
417727,,,,,,,,,,,0.000000,0.000000,-0.000000,-0.000000,-0.076335,-0.054779,,,,,,,,,,,,
417732,,,,,,,,,,,0.000000,0.000000,-0.000000,-0.000000,-0.076335,-0.054779,,,,,,,,,,,,
417737,,,,,,,,,,,0.000000,0.000000,-0.000000,-0.000000,-0.076335,-0.054779,,,,,,,,,,,,
417742,,,,,,,,,,,0.000000,0.000000,-0.000000,-0.000000,-0.076335,-0.054779,,,,,,,,,,,,
417747,,,,,,,,,,,0.000000,0.000000,-0.000000,-0.000000,-0.076335,-0.054779,,,,,,,,,,,,
417752,,,,,,,,,,,0.000000,0.000000,-0.000000,-0.000000,-0.076335,-0.054779,,,,,,,,,,,,
417757,,,,,,,,,,,0.000000,0.000000,-0.000000,-0.000000,-0.076335,-0.054779,,,,,,,,,,,,
417762,,,,,,,,,,,0.000000,0.000000,-0.000000,-0.000000,-0.076335,-0.054779,,,,,,,,,,,,
417772,,,,,,,,,,,0.000000,0.000000,-0.000000,-0.000000,-0.076335,-0.054779,,,,,,,,,,,,
417777,,,,,,,,,,,0.000000,0.000000,-0.000000,-0.000000,-0.076335,-0.054779,,,,,,,,,,,,
417782,,,,,,,,,,,0.000000,0.000000,-0.000000,-0.000000,-0.076335,-0.054779,,,,,,,,,,,,
417787,,,,,,,,,,,0.000000,0.000000,-0.000000,-0.000000,-0.076335,-0.054779,,,,,,,,,,,,
417792,,,,,,,,,,,0.000000,0.000000,-0.000000,-0.000000,-0.076335,-0.054779,,,,,,,,,,,,
417797,,,,,,,,,,,0.000000,0.000000,-0.000000,-0.000000,-0.076335,-0.054779,,,,,,,,,,,,
417802,,,,,,,,,,,0.000000,0.000000,-0.000000,-0.000000,-0.076335,-0.054779,,,,,,,,,,,,
417807,,,,,,,,,,,0.000000,0.000000,-0.000000,-0.000000,-0.076335,-0.054779,,,,,,,,,,,,
417812,,,,,,,,,,,0.000000,0.000000,-0.000000,-0.000000,-0.076335,-0.054779,,,,,,,,,,,,
417817,,,,,,,,,,,0.000000,0.000000,-0.000000,-0.000000,-0.076335,-0.054779,,,,,,,,,,,,
417822,,,,,,,,,,,0.000000,0.000000,-0.000000,-0.000000,-0.076335,-0.054779,,,,,,,,,,,,
417832,,,,,,,,,,,0.000000,0.000000,-0.000000,-0.000000,-0.076335,-0.054779,,,,,,,,,,,,
417837,,,,,,,,,,,0.000000,0.000000,-0.000000,-0.000000,-0.076335,-0.054779,,,,,,,,,,,,
417842,,,,,,,,,,,0.000000,0.000000,-0.000000,-0.000000,-0.076335,-0.054779,,,,,,,,,,,,
417847,,,,,,,,,,,0.000000,0.000000,-0.000000,-0.000000,-0.076335,-0.054779,,,,,,,,,,,,
417852,,,,,,,,,,,0.000000,0.000000,-0.000000,-0.000000,-0.076335,-0.054779,,,,,,,,,,,,
417857,,,,,,,,,,,0.000000,0.000000,-0.000000,-0.000000,-0.076335,-0.054779,,,,,,,,,,,,
417862,,,,,,,,,,,0.000000,0.000000,-0.000000,-0.000000,-0.076335,-0.054779,,,,,,,,,,,,
417867,,,,,,,,,,,0.000000,0.000000,-0.000000,-0.000000,-0.076335,-0.054779,,,,,,,,,,,,
417872,,,,,,,,,,,0.000000,0.000000,-0.000000,-0.000000,-0.076335,-0.054779,,,,,,,,,,,,
417877,,,,,,,,,,,0.000000,0.000000,-0.000000,-0.000000,-0.076335,-0.054779,,,,,,,,,,,,
417882,,,,,,,,,,,0.000000,0.000000,-0.000000,-0.000000,-0.076335,-0.054779,,,,,,,,,,,,
417887,,,,,,,,,,,0.000000,0.000000,-0.000000,-0.000000,-0.076335,-0.054779,,,,,,,,,,,,
417892,,,,,,,,,,,0.000000,0.000000,-0.000000,-0.000000,-0.076335,-0.054779,,,,,,,,,,,,
417897,,,,,,,,,,,0.000000,0.000000,-0.000000,-0.000000,-0.076335,-0.054779,,,,,,,,,,,,
417902,,,,,,,,,,,0.000000,0.000000,-0.000000,-0.000000,-0.076335,-0.054779,,,,,,,,,,,,
417911,,,,,,,,,,,0.000000,0.000000,-0.000000,-0.000000,-0.076335,-0.054779,,,,,,,,,,,,
417912,,,,,,,,,,,0.000000,0.000000,-0.000000,-0.000000,-0.076335,-0.054779,,,,,,,,,,,,
417917,,,,,,,,,,,0.000000,0.000000,-0.000000,-0.000000,-0.076335,-0.054779,,,,,,,,,,,,
417922,,,,,,,,,,,0.000000,0.000000,-0.000000,-0.000000,-0.076335,-0.054779,,,,,,,,,,,,
417927,,,,,,,,,,,0.000000,0.000000,-0.000000,-0.000000,-0.076335,-0.054779,,,,,,,,,,,,
417932,,,,,,,,,,,0.000000,0.000000,-0.000000,-0.000000,-0.076335,-0.054779,,,,,,,,,,,,
417937,,,,,,,,,,,0.000000,0.000000,-0.000000,-0.000000,-0.076335,-0.054779,,,,,,,,,,,,
417942,,,,,,,,,,,0.000000,0.000000,-0.000000,-0.000000,-0.076335,-0.054779,,,,,,,,,,,,
417947,,,,,,,,,,,0.000000,0.000000,-0.000000,-0.000000,-0.076335,-0.054779,,,,,,,,,,,,
417952,,,,,,,,,,,0.000000,0.000000,-0.000000,-0.000000,-0.076335,-0.054779,,,,,,,,,,,,
417957,,,,,,,,,,,0.000000,0.000000,-0.000000,-0.000000,-0.076335,-0.054779,,,,,,,,,,,,
417962,,,,,,,,,,,0.000000,0.000000,-0.000000,-0.000000,-0.076335,-0.054779,,,,,,,,,,,,
417986,,,,,,,,,,,0.000000,0.000000,-0.000000,-0.000000,-0.076335,-0.054779,,,,,,,,,,,,
417987,,,,,,,,,,,0.000000,0.000000,-0.000000,-0.000000,-0.076335,-0.054779,,,,,,,,,,,,
417992,,,,,,,,,,,0.000000,0.000000,-0.000000,-0.000000,-0.076335,-0.054779,,,,,,,,,,,,
417997,,,,,,,,,,,0.000000,0.000000,-0.000000,-0.000000,-0.076335,-0.054779,,,,,,,,,,,,
418002,,,,,,,,,,,0.000000,0.000000,-0.000000,-0.000000,-0.076335,-0.054779,,,,,,,,,,,,
418007,,,,,,,,,,,0.000000,0.000000,-0.000000,-0.000000,-0.076335,-0.054779,,,,,,,,,,,,
418012,,,,,,,,,,,0.000000,0.000000,-0.000000,-0.000000,-0.076335,-0.054779,,,,,,,,,,,,
418017,,,,,,,,,,,0.000000,0.000000,-0.000000,-0.000000,-0.076335,-0.054779,,,,,,,,,,,,
418022,,,,,,,,,,,0.000000,0.000000,-0.000000,-0.000000,-0.076335,-0.054779,,,,,,,,,,,,
418037,,,,,,,,,,,0.000000,0.000000,-0.000000,-0.000000,-0.076335,-0.054779,,,,,,,,,,,,
418042,,,,,,,,,,,0.000000,0.000000,-0.000000,-0.000000,-0.076335,-0.054779,,,,,,,,,,,,
418047,,,,,,,,,,,0.000000,0.000000,-0.000000,-0.000000,-0.076335,-0.054779,,,,,,,,,,,,
418052,,,,,,,,,,,0.000000,0.000000,-0.000000,-0.000000,-0.076335,-0.054779,,,,,,,,,,,,
418057,,,,,,,,,,,0.000000,0.000000,-0.000000,-0.000000,-0.076335,-0.054779,,,,,,,,,,,,
418062,,,,,,,,,,,0.000000,0.000000,-0.000000,-0.000000,-0.076335,-0.054779,,,,,,,,,,,,
418067,,,,,,,,,,,0.000000,0.000000,-0.000000,-0.000000,-0.076335,-0.054779,,,,,,,,,,,,
418072,,,,,,,,,,,0.000000,0.000000,-0.000000,-0.000000,-0.076335,-0.054779,,,,,,,,,,,,
418077,,,,,,,,,,,0.000000,0.000000,-0.000000,-0.000000,-0.076335,-0.054779,,,,,,,,,,,,
418082,,,,,,,,,,,0.000000,0.000000,-0.000000,-0.000000,-0.076335,-0.054779,,,,,,,,,,,,
418087,,,,,,,,,,,0.000000,0.000000,-0.000000,-0.000000,-0.076335,-0.054779,,,,,,,,,,,,
418092,,,,,,,,,,,0.000000,0.000000,-0.000000,-0.000000,-0.076335,-0.054779,,,,,,,,,,,,
418097,,,,,,,,,,,0.000000,0.000000,-0.000000,-0.000000,-0.076335,-0.054779,,,,,,,,,,,,
418102,,,,,,,,,,,0.000000,0.000000,-0.000000,-0.000000,-0.076335,-0.054779,,,,,,,,,,,,
418114,,,,,,,,,,,0.000000,0.000000,-0.000000,-0.000000,-0.076335,-0.054779,,,,,,,,,,,,
418117,,,,,,,,,,,0.000000,0.000000,-0.000000,-0.000000,-0.076335,-0.054779,,,,,,,,,,,,
418122,,,,,,,,,,,0.000000,0.000000,-0.000000,-0.000000,-0.076335,-0.054779,,,,,,,,,,,,
418127,,,,,,,,,,,0.000000,0.000000,-0.000000,-0.000000,-0.076335,-0.054779,,,,,,,,,,,,
418132,,,,,,,,,,,0.000000,0.000000,-0.000000,-0.000000,-0.076335,-0.054779,,,,,,,,,,,,
418137,,,,,,,,,,,0.000000,0.000000,-0.000000,-0.000000,-0.076335,-0.054779,,,,,,,,,,,,
418142,,,,,,,,,,,0.000000,0.000000,-0.000000,-0.000000,-0.076335,-0.054779,,,,,,,,,,,,
418147,,,,,,,,,,,0.000000,0.000000,-0.000000,-0.000000,-0.076335,-0.054779,,,,,,,,,,,,
418152,,,,,,,,,,,0.000000,0.000000,-0.000000,-0.000000,-0.076335,-0.054779,,,,,,,,,,,,
418157,,,,,,,,,,,0.000000,0.000000,-0.000000,-0.000000,-0.076335,-0.054779,,,,,,,,,,,,
418162,,,,,,,,,,,0.000000,0.000000,-0.000000,-0.000000,-0.076335,-0.054779,,,,,,,,,,,,
418173,,,,,,,,,,,0.000000,0.000000,-0.000000,-0.000000,-0.076335,-0.054779,,,,,,,,,,,,
418177,,,,,,,,,,,0.000000,0.000000,-0.000000,-0.000000,-0.076335,-0.054779,,,,,,,,,,,,
418182,,,,,,,,,,,0.000000,0.000000,-0.000000,-0.000000,-0.076335,-0.054779,,,,,,,,,,,,
418187,,,,,,,,,,,0.000000,0.000000,-0.000000,-0.000000,-0.076335,-0.054779,,,,,,,,,,,,
418192,,,,,,,,,,,0.000000,0.000000,-0.000000,-0.000000,-0.076335,-0.054779,,,,,,,,,,,,
418197,,,,,,,,,,,0.000000,0.000000,-0.000000,-0.000000,-0.076335,-0.054779,,,,,,,,,,,,
418202,,,,,,,,,,,0.000000,0.000000,-0.000000,-0.000000,-0.076335,-0.054779,,,,,,,,,,,,
418207,,,,,,,,,,,0.000000,0.000000,-0.000000,-0.000000,-0.076335,-0.054779,,,,,,,,,,,,
418212,,,,,,,,,,,0.000000,0.000000,-0.000000,-0.000000,-0.076335,-0.054779,,,,,,,,,,,,
418217,,,,,,,,,,,0.000000,0.000000,-0.000000,-0.000000,-0.076335,-0.054779,,,,,,,,,,,,
418222,,,,,,,,,,,0.000000,0.000000,-0.000000,-0.000000,-0.076335,-0.054779,,,,,,,,,,,,
418233,,,,,,,,,,,0.000000,0.000000,-0.000000,-0.000000,-0.076335,-0.054779,,,,,,,,,,,,
418234,,,,,,,,,,,0.000000,0.000000,-0.000000,-0.000000,-0.076335,-0.054779,,,,,,,,,,,,
418237,,,,,,,,,,,0.000000,0.000000,-0.000000,-0.000000,-0.076335,-0.054779,,,,,,,,,,,,
418242,,,,,,,,,,,0.000000,0.000000,-0.000000,-0.000000,-0.076335,-0.054779,,,,,,,,,,,,
418247,,,,,,,,,,,0.000000,0.000000,-0.000000,-0.000000,-0.076335,-0.054779,,,,,,,,,,,,
418252,,,,,,,,,,,0.000000,0.000000,-0.000000,-0.000000,-0.076335,-0.054779,,,,,,,,,,,,
418257,,,,,,,,,,,0.000000,0.000000,-0.000000,-0.000000,-0.076335,-0.054779,,,,,,,,,,,,
418262,,,,,,,,,,,0.000000,0.000000,-0.000000,-0.000000,-0.076335,-0.054779,,,,,,,,,,,,
418267,,,,,,,,,,,0.000000,0.000000,-0.000000,-0.000000,-0.076335,-0.054779,,,,,,,,,,,,
418272,,,,,,,,,,,0.000000,0.000000,-0.000000,-0.000000,-0.076335,-0.054779,,,,,,,,,,,,
418277,,,,,,,,,,,0.000000,0.000000,-0.000000,-0.000000,-0.076335,-0.054779,,,,,,,,,,,,
418282,,,,,,,,,,,0.000000,0.000000,-0.000000,-0.000000,-0.076335,-0.054779,,,,,,,,,,,,
418294,,,,,,,,,,,0.000000,0.000000,-0.000000,-0.000000,-0.076335,-0.054779,,,,,,,,,,,,
418297,,,,,,,,,,,0.000000,0.000000,-0.000000,-0.000000,-0.076335,-0.054779,,,,,,,,,,,,
418302,,,,,,,,,,,0.000000,0.000000,-0.000000,-0.000000,-0.076335,-0.054779,,,,,,,,,,,,
418307,,,,,,,,,,,0.000000,0.000000,-0.000000,-0.000000,-0.076335,-0.054779,,,,,,,,,,,,
418312,,,,,,,,,,,0.000000,0.000000,-0.000000,-0.000000,-0.076335,-0.054779,,,,,,,,,,,,
418317,,,,,,,,,,,0.000000,0.000000,-0.000000,-0.000000,-0.076335,-0.054779,,,,,,,,,,,,
418322,,,,,,,,,,,0.000000,0.000000,-0.000000,-0.000000,-0.076335,-0.054779,,,,,,,,,,,,
418327,,,,,,,,,,,0.000000,0.000000,-0.000000,-0.000000,-0.076335,-0.054779,,,,,,,,,,,,
418332,,,,,,,,,,,0.000000,0.000000,-0.000000,-0.000000,-0.076335,-0.054779,,,,,,,,,,,,
418337,,,,,,,,,,,0.000000,0.000000,-0.000000,-0.000000,-0.076335,-0.054779,,,,,,,,,,,,
418342,,,,,,,,,,,0.000000,0.000000,-0.000000,-0.000000,-0.076335,-0.054779,,,,,,,,,,,,
418347,,,,,,,,,,,0.000000,0.000000,-0.000000,-0.000000,-0.076335,-0.054779,,,,,,,,,,,,
418352,,,,,,,,,,,0.000000,0.000000,-0.000000,-0.000000,-0.076335,-0.054779,,,,,,,,,,,,
418357,,,,,,,,,,,0.000000,0.000000,-0.000000,-0.000000,-0.076335,-0.054779,,,,,,,,,,,,
418362,,,,,,,,,,,0.000000,0.000000,-0.000000,-0.000000,-0.076335,-0.054779,,,,,,,,,,,,
418373,,,,,,,,,,,0.000000,0.000000,-0.000000,-0.000000,-0.076335,-0.054779,,,,,,,,,,,,
418374,,,,,,,,,,,0.000000,0.000000,-0.000000,-0.000000,-0.076335,-0.054779,,,,,,,,,,,,
418377,,,,,,,,,,,0.000000,0.000000,-0.000000,-0.000000,-0.076335,-0.054779,,,,,,,,,,,,
418382,,,,,,,,,,,0.000000,0.000000,-0.000000,-0.000000,-0.076335,-0.054779,,,,,,,,,,,,
418387,,,,,,,,,,,0.000000,0.000000,-0.000000,-0.000000,-0.076335,-0.054779,,,,,,,,,,,,
418392,,,,,,,,,,,0.000000,0.000000,-0.000000,-0.000000,-0.076335,-0.054779,,,,,,,,,,,,
418397,,,,,,,,,,,0.000000,0.000000,-0.000000,-0.000000,-0.076335,-0.054779,,,,,,,,,,,,
418402,,,,,,,,,,,0.000000,0.000000,-0.000000,-0.000000,-0.076335,-0.054779,,,,,,,,,,,,
418407,,,,,,,,,,,0.000000,0.000000,-0.000000,-0.000000,-0.076335,-0.054779,,,,,,,,,,,,
418412,,,,,,,,,,,0.000000,0.000000,-0.000000,-0.000000,-0.076335,-0.054779,,,,,,,,,,,,
418417,,,,,,,,,,,0.000000,0.000000,-0.000000,-0.000000,-0.076335,-0.054779,,,,,,,,,,,,
418422,,,,,,,,,,,0.000000,0.000000,-0.000000,-0.000000,-0.076335,-0.054779,,,,,,,,,,,,
418433,,,,,,,,,,,0.000000,0.000000,-0.000000,-0.000000,-0.076335,-0.054779,,,,,,,,,,,,
418437,,,,,,,,,,,0.000000,0.000000,-0.000000,-0.000000,-0.076335,-0.054779,,,,,,,,,,,,
418442,,,,,,,,,,,0.000000,0.000000,-0.000000,-0.000000,-0.076335,-0.054779,,,,,,,,,,,,
418447,,,,,,,,,,,0.000000,0.000000,-0.000000,-0.000000,-0.076335,-0.054779,,,,,,,,,,,,
418452,,,,,,,,,,,0.000000,0.000000,-0.000000,-0.000000,-0.076335,-0.054779,,,,,,,,,,,,
418457,,,,,,,,,,,0.000000,0.000000,-0.000000,-0.000000,-0.076335,-0.054779,,,,,,,,,,,,
418462,,,,,,,,,,,0.000000,0.000000,-0.000000,-0.000000,-0.076335,-0.054779,,,,,,,,,,,,
418467,,,,,,,,,,,0.000000,0.000000,-0.000000,-0.000000,-0.076335,-0.054779,,,,,,,,,,,,
418472,,,,,,,,,,,0.000000,0.000000,-0.000000,-0.000000,-0.076335,-0.054779,,,,,,,,,,,,
418477,,,,,,,,,,,0.000000,0.000000,-0.000000,-0.000000,-0.076335,-0.054779,,,,,,,,,,,,
418482,,,,,,,,,,,0.000000,0.000000,-0.000000,-0.000000,-0.076335,-0.054779,,,,,,,,,,,,
418493,,,,,,,,,,,0.000000,0.000000,-0.000000,-0.000000,-0.076335,-0.054779,,,,,,,,,,,,
418497,,,,,,,,,,,0.000000,0.000000,-0.000000,-0.000000,-0.076335,-0.054779,,,,,,,,,,,,
418502,,,,,,,,,,,0.000000,0.000000,-0.000000,-0.000000,-0.076335,-0.054779,,,,,,,,,,,,
418507,,,,,,,,,,,0.000000,0.000000,-0.000000,-0.000000,-0.076335,-0.054779,,,,,,,,,,,,
418512,,,,,,,,,,,0.000000,0.000000,-0.000000,-0.000000,-0.076335,-0.054779,,,,,,,,,,,,
418517,,,,,,,,,,,0.000000,0.000000,-0.000000,-0.000000,-0.076335,-0.054779,,,,,,,,,,,,
418522,,,,,,,,,,,0.000000,0.000000,-0.000000,-0.000000,-0.076335,-0.054779,,,,,,,,,,,,
418527,,,,,,,,,,,0.000000,0.000000,-0.000000,-0.000000,-0.076335,-0.054779,,,,,,,,,,,,
418532,,,,,,,,,,,0.000000,0.000000,-0.000000,-0.000000,-0.076335,-0.054779,,,,,,,,,,,,
418537,,,,,,,,,,,0.000000,0.000000,-0.000000,-0.000000,-0.076335,-0.054779,,,,,,,,,,,,
418542,,,,,,,,,,,0.000000,0.000000,-0.000000,-0.000000,-0.076335,-0.054779,,,,,,,,,,,,
418547,,,,,,,,,,,0.000000,0.000000,-0.000000,-0.000000,-0.076335,-0.054779,,,,,,,,,,,,
418552,,,,,,,,,,,0.000000,0.000000,-0.000000,-0.000000,-0.076335,-0.054779,,,,,,,,,,,,
418557,,,,,,,,,,,0.000000,0.000000,-0.000000,-0.000000,-0.076335,-0.054779,,,,,,,,,,,,
418562,,,,,,,,,,,0.000000,0.000000,-0.000000,-0.000000,-0.076335,-0.054779,,,,,,,,,,,,
418573,,,,,,,,,,,0.000000,0.000000,-0.000000,-0.000000,-0.076335,-0.054779,,,,,,,,,,,,
418577,,,,,,,,,,,0.000000,0.000000,-0.000000,-0.000000,-0.076335,-0.054779,,,,,,,,,,,,
418582,,,,,,,,,,,0.000000,0.000000,-0.000000,-0.000000,-0.076335,-0.054779,,,,,,,,,,,,
418587,,,,,,,,,,,0.000000,0.000000,-0.000000,-0.000000,-0.076335,-0.054779,,,,,,,,,,,,
418592,,,,,,,,,,,0.000000,0.000000,-0.000000,-0.000000,-0.076335,-0.054779,,,,,,,,,,,,
418597,,,,,,,,,,,0.000000,0.000000,-0.000000,-0.000000,-0.076335,-0.054779,,,,,,,,,,,,
418602,,,,,,,,,,,0.000000,0.000000,-0.000000,-0.000000,-0.076335,-0.054779,,,,,,,,,,,,
418607,,,,,,,,,,,0.000000,0.000000,-0.000000,-0.000000,-0.076335,-0.054779,,,,,,,,,,,,
418612,,,,,,,,,,,0.000000,0.000000,-0.000000,-0.000000,-0.076335,-0.054779,,,,,,,,,,,,
418617,,,,,,,,,,,0.000000,0.000000,-0.000000,-0.000000,-0.076335,-0.054779,,,,,,,,,,,,
418622,,,,,,,,,,,0.000000,0.000000,-0.000000,-0.000000,-0.076335,-0.054779,,,,,,,,,,,,
418633,,,,,,,,,,,0.000000,0.000000,-0.000000,-0.000000,-0.076335,-0.054779,,,,,,,,,,,,
418634,,,,,,,,,,,0.000000,0.000000,-0.000000,-0.000000,-0.076335,-0.054779,,,,,,,,,,,,
418637,,,,,,,,,,,0.000000,0.000000,-0.000000,-0.000000,-0.076335,-0.054779,,,,,,,,,,,,
418642,,,,,,,,,,,0.000000,0.000000,-0.000000,-0.000000,-0.076335,-0.054779,,,,,,,,,,,,
418647,,,,,,,,,,,0.000000,0.000000,-0.000000,-0.000000,-0.076335,-0.054779,,,,,,,,,,,,
418652,,,,,,,,,,,0.000000,0.000000,-0.000000,-0.000000,-0.076335,-0.054779,,,,,,,,,,,,
418657,,,,,,,,,,,0.000000,0.000000,-0.000000,-0.000000,-0.076335,-0.054779,,,,,,,,,,,,
418662,,,,,,,,,,,0.000000,0.000000,-0.000000,-0.000000,-0.076335,-0.054779,,,,,,,,,,,,
418667,,,,,,,,,,,0.000000,0.000000,-0.000000,-0.000000,-0.076335,-0.054779,,,,,,,,,,,,
418672,,,,,,,,,,,0.000000,0.000000,-0.000000,-0.000000,-0.076335,-0.054779,,,,,,,,,,,,
418677,,,,,,,,,,,0.000000,0.000000,-0.000000,-0.000000,-0.076335,-0.054779,,,,,,,,,,,,
418682,,,,,,,,,,,0.000000,0.000000,-0.000000,-0.000000,-0.076335,-0.054779,,,,,,,,,,,,
418694,,,,,,,,,,,0.000000,0.000000,-0.000000,-0.000000,-0.076335,-0.054779,,,,,,,,,,,,
418697,,,,,,,,,,,0.000000,0.000000,-0.000000,-0.000000,-0.076335,-0.054779,,,,,,,,,,,,
418702,,,,,,,,,,,0.000000,0.000000,-0.000000,-0.000000,-0.076335,-0.054779,,,,,,,,,,,,
418707,,,,,,,,,,,0.000000,0.000000,-0.000000,-0.000000,-0.076335,-0.054779,,,,,,,,,,,,
418712,,,,,,,,,,,0.000000,0.000000,-0.000000,-0.000000,-0.076335,-0.054779,,,,,,,,,,,,
418717,,,,,,,,,,,0.000000,0.000000,-0.000000,-0.000000,-0.076335,-0.054779,,,,,,,,,,,,
418722,,,,,,,,,,,0.000000,0.000000,-0.000000,-0.000000,-0.076335,-0.054779,,,,,,,,,,,,
418727,,,,,,,,,,,0.000000,0.000000,-0.000000,-0.000000,-0.076335,-0.054779,,,,,,,,,,,,
418732,,,,,,,,,,,0.000000,0.000000,-0.000000,-0.000000,-0.076335,-0.054779,,,,,,,,,,,,
418737,,,,,,,,,,,0.000000,0.000000,-0.000000,-0.000000,-0.076335,-0.054779,,,,,,,,,,,,
418742,,,,,,,,,,,0.000000,0.000000,-0.000000,-0.000000,-0.076335,-0.054779,,,,,,,,,,,,
418753,,,,,,,,,,,0.000000,0.000000,,,-0.076335,-0.054779,,,,,,,,,,,,
418754,,,,,,,,,,,0.000000,0.000000,-0.000000,-0.000000,-0.076335,-0.054779,,,,,,,,,,,,
418757,,,,,,,,,,,0.000000,0.000000,-0.000000,-0.000000,-0.076335,-0.054779,,,,,,,,,,,,
418762,,,,,,,,,,,0.000000,0.000000,-0.000000,-0.000000,-0.076335,-0.054779,,,,,,,,,,,,
418767,,,,,,,,,,,0.000000,0.000000,-0.000000,-0.000000,-0.076335,-0.054779,,,,,,,,,,,,
418772,,,,,,,,,,,0.000000,0.000000,-0.000000,-0.000000,-0.076335,-0.054779,,,,,,,,,,,,
418777,,,,,,,,,,,0.000000,0.000000,-0.000000,-0.000000,-0.076335,-0.054779,,,,,,,,,,,,
418782,,,,,,,,,,,0.000000,0.000000,-0.000000,-0.000000,-0.076335,-0.054779,,,,,,,,,,,,
418787,,,,,,,,,,,0.000000,0.000000,-0.000000,-0.000000,-0.076335,-0.054779,,,,,,,,,,,,
418792,,,,,,,,,,,0.000000,0.000000,-0.000000,-0.000000,-0.076335,-0.054779,,,,,,,,,,,,
418797,,,,,,,,,,,0.000000,0.000000,-0.000000,-0.000000,-0.076335,-0.054779,,,,,,,,,,,,
418802,,,,,,,,,,,0.000000,0.000000,-0.000000,-0.000000,-0.076335,-0.054779,,,,,,,,,,,,
418807,,,,,,,,,,,0.000000,0.000000,-0.000000,-0.000000,-0.076335,-0.054779,,,,,,,,,,,,
418812,,,,,,,,,,,0.000000,0.000000,-0.000000,-0.000000,-0.076335,-0.054779,,,,,,,,,,,,
418817,,,,,,,,,,,0.000000,0.000000,-0.000000,-0.000000,-0.076335,-0.054779,,,,,,,,,,,,
418822,,,,,,,,,,,0.000000,0.000000,-0.000000,-0.000000,-0.076335,-0.054779,,,,,,,,,,,,
418833,,,,,,,,,,,0.000000,0.000000,-0.000000,-0.000000,-0.076335,-0.054779,,,,,,,,,,,,
418834,,,,,,,,,,,0.000000,0.000000,-0.000000,-0.000000,-0.076335,-0.054779,,,,,,,,,,,,
418837,,,,,,,,,,,0.000000,0.000000,-0.000000,-0.000000,-0.076335,-0.054779,,,,,,,,,,,,
418842,,,,,,,,,,,0.000000,0.000000,-0.000000,-0.000000,-0.076335,-0.054779,,,,,,,,,,,,
418847,,,,,,,,,,,0.000000,0.000000,-0.000000,-0.000000,-0.076335,-0.054779,,,,,,,,,,,,
418852,,,,,,,,,,,0.000000,0.000000,-0.000000,-0.000000,-0.076335,-0.054779,,,,,,,,,,,,
418857,,,,,,,,,,,0.000000,0.000000,-0.000000,-0.000000,-0.076335,-0.054779,,,,,,,,,,,,
418862,,,,,,,,,,,0.000000,0.000000,-0.000000,-0.000000,-0.076335,-0.054779,,,,,,,,,,,,
418867,,,,,,,,,,,0.000000,0.000000,-0.000000,-0.000000,-0.076335,-0.054779,,,,,,,,,,,,
418872,,,,,,,,,,,0.000000,0.000000,-0.000000,-0.000000,-0.076335,-0.054779,,,,,,,,,,,,
418877,,,,,,,,,,,0.000000,0.000000,-0.000000,-0.000000,-0.076335,-0.054779,,,,,,,,,,,,
418882,,,,,,,,,,,0.000000,0.000000,-0.000000,-0.000000,-0.076335,-0.054779,,,,,,,,,,,,
418893,,,,,,,,,,,0.000000,0.000000,-0.000000,-0.000000,-0.076335,-0.054779,,,,,,,,,,,,
418894,,,,,,,,,,,0.000000,0.000000,-0.000000,-0.000000,-0.076335,-0.054779,,,,,,,,,,,,
418897,,,,,,,,,,,0.000000,0.000000,-0.000000,-0.000000,-0.076335,-0.054779,,,,,,,,,,,,
418902,,,,,,,,,,,0.000000,0.000000,-0.000000,-0.000000,-0.076335,-0.054779,,,,,,,,,,,,
418907,,,,,,,,,,,0.000000,0.000000,-0.000000,-0.000000,-0.076335,-0.054779,,,,,,,,,,,,
418912,,,,,,,,,,,0.000000,0.000000,-0.000000,-0.000000,-0.076335,-0.054779,,,,,,,,,,,,
418917,,,,,,,,,,,0.000000,0.000000,-0.000000,-0.000000,-0.076335,-0.054779,,,,,,,,,,,,
418922,,,,,,,,,,,0.000000,0.000000,-0.000000,-0.000000,-0.076335,-0.054779,,,,,,,,,,,,
418927,,,,,,,,,,,0.000000,0.000000,-0.000000,-0.000000,-0.076335,-0.054779,,,,,,,,,,,,
418932,,,,,,,,,,,0.000000,0.000000,-0.000000,-0.000000,-0.076335,-0.054779,,,,,,,,,,,,
418937,,,,,,,,,,,0.000000,0.000000,-0.000000,-0.000000,-0.076335,-0.054779,,,,,,,,,,,,
418942,,,,,,,,,,,0.000000,0.000000,-0.000000,-0.000000,-0.076335,-0.054779,,,,,,,,,,,,
418953,,,,,,,,,,,0.000000,0.000000,-0.000000,-0.000000,-0.076335,-0.054779,,,,,,,,,,,,
418957,,,,,,,,,,,0.000000,0.000000,-0.000000,-0.000000,-0.076335,-0.054779,,,,,,,,,,,,
418962,,,,,,,,,,,0.000000,0.000000,-0.000000,-0.000000,-0.076335,-0.054779,,,,,,,,,,,,
418967,,,,,,,,,,,0.000000,0.000000,-0.000000,-0.000000,-0.076335,-0.054779,,,,,,,,,,,,
418972,,,,,,,,,,,0.000000,0.000000,-0.000000,-0.000000,-0.076335,-0.054779,,,,,,,,,,,,
418977,,,,,,,,,,,0.000000,0.000000,-0.000000,-0.000000,-0.076335,-0.054779,,,,,,,,,,,,
418982,,,,,,,,,,,0.000000,0.000000,-0.000000,-0.000000,-0.076335,-0.054779,,,,,,,,,,,,
418987,,,,,,,,,,,0.000000,0.000000,-0.000000,-0.000000,-0.076335,-0.054779,,,,,,,,,,,,
418992,,,,,,,,,,,0.000000,0.000000,-0.000000,-0.000000,-0.076335,-0.054779,,,,,,,,,,,,
418997,,,,,,,,,,,0.000000,0.000000,-0.000000,-0.000000,-0.076335,-0.054779,,,,,,,,,,,,
419002,,,,,,,,,,,0.000000,0.000000,-0.000000,-0.000000,-0.076335,-0.054779,,,,,,,,,,,,
419007,,,,,,,,,,,0.000000,0.000000,-0.000000,-0.000000,-0.076335,-0.054779,,,,,,,,,,,,
419012,,,,,,,,,,,0.000000,0.000000,-0.000000,-0.000000,-0.076335,-0.054779,,,,,,,,,,,,
419017,,,,,,,,,,,0.000000,0.000000,-0.000000,-0.000000,-0.076335,-0.054779,,,,,,,,,,,,
419022,,,,,,,,,,,0.000000,0.000000,-0.000000,-0.000000,-0.076335,-0.054779,,,,,,,,,,,,
419033,,,,,,,,,,,0.000000,0.000000,-0.000000,-0.000000,-0.076335,-0.054779,,,,,,,,,,,,
419037,,,,,,,,,,,0.000000,0.000000,-0.000000,-0.000000,-0.076335,-0.054779,,,,,,,,,,,,
419042,,,,,,,,,,,0.000000,0.000000,-0.000000,-0.000000,-0.076335,-0.054779,,,,,,,,,,,,
419047,,,,,,,,,,,0.000000,0.000000,-0.000000,-0.000000,-0.076335,-0.054779,,,,,,,,,,,,
419052,,,,,,,,,,,0.000000,0.000000,-0.000000,-0.000000,-0.076335,-0.054779,,,,,,,,,,,,
419057,,,,,,,,,,,0.000000,0.000000,-0.000000,-0.000000,-0.076335,-0.054779,,,,,,,,,,,,
419062,,,,,,,,,,,0.000000,0.000000,-0.000000,-0.000000,-0.076335,-0.054779,,,,,,,,,,,,
419067,,,,,,,,,,,0.000000,0.000000,-0.000000,-0.000000,-0.076335,-0.054779,,,,,,,,,,,,
419072,,,,,,,,,,,0.000000,0.000000,-0.000000,-0.000000,-0.076335,-0.054779,,,,,,,,,,,,
419077,,,,,,,,,,,0.000000,0.000000,-0.000000,-0.000000,-0.076335,-0.054779,,,,,,,,,,,,
419082,,,,,,,,,,,0.000000,0.000000,-0.000000,-0.000000,-0.076335,-0.054779,,,,,,,,,,,,
419093,,,,,,,,,,,0.000000,0.000000,-0.000000,-0.000000,-0.076335,-0.054779,,,,,,,,,,,,
419097,,,,,,,,,,,0.000000,0.000000,-0.000000,-0.000000,-0.076335,-0.054779,,,,,,,,,,,,
419102,,,,,,,,,,,0.000000,0.000000,-0.000000,-0.000000,-0.076335,-0.054779,,,,,,,,,,,,
419107,,,,,,,,,,,0.000000,0.000000,-0.000000,-0.000000,-0.076335,-0.054779,,,,,,,,,,,,
419112,,,,,,,,,,,0.000000,0.000000,-0.000000,-0.000000,-0.076335,-0.054779,,,,,,,,,,,,
419117,,,,,,,,,,,0.000000,0.000000,-0.000000,-0.000000,-0.076335,-0.054779,,,,,,,,,,,,
419122,,,,,,,,,,,0.000000,0.000000,-0.000000,-0.000000,-0.076335,-0.054779,,,,,,,,,,,,
419127,,,,,,,,,,,0.000000,0.000000,-0.000000,-0.000000,-0.076335,-0.054779,,,,,,,,,,,,
419132,,,,,,,,,,,0.000000,0.000000,-0.000000,-0.000000,-0.076335,-0.054779,,,,,,,,,,,,
419137,,,,,,,,,,,0.000000,0.000000,-0.000000,-0.000000,-0.076335,-0.054779,,,,,,,,,,,,
419142,,,,,,,,,,,0.000000,0.000000,-0.000000,-0.000000,-0.076335,-0.054779,,,,,,,,,,,,
419153,,,,,,,,,,,0.000000,0.000000,-0.000000,-0.000000,-0.076335,-0.054779,,,,,,,,,,,,
419157,,,,,,,,,,,0.000000,0.000000,-0.000000,-0.000000,-0.076335,-0.054779,,,,,,,,,,,,
419162,,,,,,,,,,,0.000000,0.000000,-0.000000,-0.000000,-0.076335,-0.054779,,,,,,,,,,,,
419167,,,,,,,,,,,0.000000,0.000000,-0.000000,-0.000000,-0.076335,-0.054779,,,,,,,,,,,,
419172,,,,,,,,,,,0.000000,0.000000,-0.000000,-0.000000,-0.076335,-0.054779,,,,,,,,,,,,
419177,,,,,,,,,,,0.000000,0.000000,-0.000000,-0.000000,-0.076335,-0.054779,,,,,,,,,,,,
419182,,,,,,,,,,,0.000000,0.000000,-0.000000,-0.000000,-0.076335,-0.054779,,,,,,,,,,,,
419187,,,,,,,,,,,0.000000,0.000000,-0.000000,-0.000000,-0.076335,-0.054779,,,,,,,,,,,,
419192,,,,,,,,,,,0.000000,0.000000,-0.000000,-0.000000,-0.076335,-0.054779,,,,,,,,,,,,
419197,,,,,,,,,,,0.000000,0.000000,-0.000000,-0.000000,-0.076335,-0.054779,,,,,,,,,,,,
419202,,,,,,,,,,,0.000000,0.000000,-0.000000,-0.000000,-0.076335,-0.054779,,,,,,,,,,,,
419214,,,,,,,,,,,0.000000,0.000000,-0.000000,-0.000000,-0.076335,-0.054779,,,,,,,,,,,,
419217,,,,,,,,,,,0.000000,0.000000,-0.000000,-0.000000,-0.076335,-0.054779,,,,,,,,,,,,
419222,,,,,,,,,,,0.000000,0.000000,-0.000000,-0.000000,-0.076335,-0.054779,,,,,,,,,,,,
419227,,,,,,,,,,,0.000000,0.000000,-0.000000,-0.000000,-0.076335,-0.054779,,,,,,,,,,,,
419232,,,,,,,,,,,0.000000,0.000000,-0.000000,-0.000000,-0.076335,-0.054779,,,,,,,,,,,,
419237,,,,,,,,,,,0.000000,0.000000,-0.000000,-0.000000,-0.076335,-0.054779,,,,,,,,,,,,
419242,,,,,,,,,,,0.000000,0.000000,-0.000000,-0.000000,-0.076335,-0.054779,,,,,,,,,,,,
419247,,,,,,,,,,,0.000000,0.000000,-0.000000,-0.000000,-0.076335,-0.054779,,,,,,,,,,,,
419252,,,,,,,,,,,0.000000,0.000000,-0.000000,-0.000000,-0.076335,-0.054779,,,,,,,,,,,,
419257,,,,,,,,,,,0.000000,0.000000,-0.000000,-0.000000,-0.076335,-0.054779,,,,,,,,,,,,
419262,,,,,,,,,,,0.000000,0.000000,-0.000000,-0.000000,-0.076335,-0.054779,,,,,,,,,,,,
419267,,,,,,,,,,,0.000000,0.000000,-0.000000,-0.000000,-0.076335,-0.054779,,,,,,,,,,,,
419272,,,,,,,,,,,0.000000,0.000000,-0.000000,-0.000000,-0.076335,-0.054779,,,,,,,,,,,,
419277,,,,,,,,,,,0.000000,0.000000,-0.000000,-0.000000,-0.076335,-0.054779,,,,,,,,,,,,
419282,,,,,,,,,,,0.000000,0.000000,-0.000000,-0.000000,-0.076335,-0.054779,,,,,,,,,,,,
419293,,,,,,,,,,,0.000000,0.000000,,,-0.076335,-0.054779,,,,,,,,,,,,
419294,,,,,,,,,,,0.000000,0.000000,-0.000000,-0.000000,-0.076335,-0.054779,,,,,,,,,,,,
419297,,,,,,,,,,,0.000000,0.000000,-0.000000,-0.000000,-0.076335,-0.054779,,,,,,,,,,,,
419302,,,,,,,,,,,0.000000,0.000000,-0.000000,-0.000000,-0.076335,-0.054779,,,,,,,,,,,,
419307,,,,,,,,,,,0.000000,0.000000,-0.000000,-0.000000,-0.076335,-0.054779,,,,,,,,,,,,
419312,,,,,,,,,,,0.000000,0.000000,-0.000000,-0.000000,-0.076335,-0.054779,,,,,,,,,,,,
419317,,,,,,,,,,,0.000000,0.000000,-0.000000,-0.000000,-0.076335,-0.054779,,,,,,,,,,,,
419322,,,,,,,,,,,0.000000,0.000000,-0.000000,-0.000000,-0.076335,-0.054779,,,,,,,,,,,,
419327,,,,,,,,,,,0.000000,0.000000,-0.000000,-0.000000,-0.076335,-0.054779,,,,,,,,,,,,
419332,,,,,,,,,,,0.000000,0.000000,-0.000000,-0.000000,-0.076335,-0.054779,,,,,,,,,,,,
419337,,,,,,,,,,,0.000000,0.000000,-0.000000,-0.000000,-0.076335,-0.054779,,,,,,,,,,,,
419342,,,,,,,,,,,0.000000,0.000000,-0.000000,-0.000000,-0.076335,-0.054779,,,,,,,,,,,,
419353,,,,,,,,,,,0.000000,0.000000,-0.000000,-0.000000,-0.076335,-0.054779,,,,,,,,,,,,
419354,,,,,,,,,,,0.000000,0.000000,-0.000000,-0.000000,-0.076335,-0.054779,,,,,,,,,,,,
419357,,,,,,,,,,,0.000000,0.000000,-0.000000,-0.000000,-0.076335,-0.054779,,,,,,,,,,,,
419362,,,,,,,,,,,0.000000,0.000000,-0.000000,-0.000000,-0.076335,-0.054779,,,,,,,,,,,,
419367,,,,,,,,,,,0.000000,0.000000,-0.000000,-0.000000,-0.076335,-0.054779,,,,,,,,,,,,
419372,,,,,,,,,,,0.000000,0.000000,-0.000000,-0.000000,-0.076335,-0.054779,,,,,,,,,,,,
419377,,,,,,,,,,,0.000000,0.000000,-0.000000,-0.000000,-0.076335,-0.054779,,,,,,,,,,,,
419382,,,,,,,,,,,0.000000,0.000000,-0.000000,-0.000000,-0.076335,-0.054779,,,,,,,,,,,,
419387,,,,,,,,,,,0.000000,0.000000,-0.000000,-0.000000,-0.076335,-0.054779,,,,,,,,,,,,
419392,,,,,,,,,,,0.000000,0.000000,-0.000000,-0.000000,-0.076335,-0.054779,,,,,,,,,,,,
419397,,,,,,,,,,,0.000000,0.000000,-0.000000,-0.000000,-0.076335,-0.054779,,,,,,,,,,,,
419402,,,,,,,,,,,0.000000,0.000000,-0.000000,-0.000000,-0.076335,-0.054779,,,,,,,,,,,,
419413,,,,,,,,,,,0.000000,0.000000,-0.000000,-0.000000,-0.076335,-0.054779,,,,,,,,,,,,
419414,,,,,,,,,,,0.000000,0.000000,-0.000000,-0.000000,-0.076335,-0.054779,,,,,,,,,,,,
419417,,,,,,,,,,,0.000000,0.000000,-0.000000,-0.000000,-0.076335,-0.054779,,,,,,,,,,,,
419422,,,,,,,,,,,0.000000,0.000000,-0.000000,-0.000000,-0.076335,-0.054779,,,,,,,,,,,,
419427,,,,,,,,,,,0.000000,0.000000,-0.000000,-0.000000,-0.076335,-0.054779,,,,,,,,,,,,
419432,,,,,,,,,,,0.000000,0.000000,-0.000000,-0.000000,-0.076335,-0.054779,,,,,,,,,,,,
419437,,,,,,,,,,,0.000000,0.000000,-0.000000,-0.000000,-0.076335,-0.054779,,,,,,,,,,,,
419442,,,,,,,,,,,0.000000,0.000000,-0.000000,-0.000000,-0.076335,-0.054779,,,,,,,,,,,,
419447,,,,,,,,,,,0.000000,0.000000,-0.000000,-0.000000,-0.076335,-0.054779,,,,,,,,,,,,
419452,,,,,,,,,,,0.000000,0.000000,-0.000000,-0.000000,-0.076335,-0.054779,,,,,,,,,,,,
419457,,,,,,,,,,,0.000000,0.000000,-0.000000,-0.000000,-0.076335,-0.054779,,,,,,,,,,,,
419462,,,,,,,,,,,0.000000,0.000000,-0.000000,-0.000000,-0.076335,-0.054779,,,,,,,,,,,,
419467,,,,,,,,,,,0.000000,0.000000,-0.000000,-0.000000,-0.076335,-0.054779,,,,,,,,,,,,
419472,,,,,,,,,,,0.000000,0.000000,-0.000000,-0.000000,-0.076335,-0.054779,,,,,,,,,,,,
419477,,,,,,,,,,,0.000000,0.000000,-0.000000,-0.000000,-0.076335,-0.054779,,,,,,,,,,,,
419482,,,,,,,,,,,0.000000,0.000000,-0.000000,-0.000000,-0.076335,-0.054779,,,,,,,,,,,,
419493,,,,,,,,,,,0.000000,0.000000,-0.000000,-0.000000,-0.076335,-0.054779,,,,,,,,,,,,
419497,,,,,,,,,,,0.000000,0.000000,-0.000000,-0.000000,-0.076335,-0.054779,,,,,,,,,,,,
419502,,,,,,,,,,,0.000000,0.000000,-0.000000,-0.000000,-0.076335,-0.054779,,,,,,,,,,,,
419507,,,,,,,,,,,0.000000,0.000000,-0.000000,-0.000000,-0.076335,-0.054779,,,,,,,,,,,,
419512,,,,,,,,,,,0.000000,0.000000,-0.000000,-0.000000,-0.076335,-0.054779,,,,,,,,,,,,
419517,,,,,,,,,,,0.000000,0.000000,-0.000000,-0.000000,-0.076335,-0.054779,,,,,,,,,,,,
419522,,,,,,,,,,,0.000000,0.000000,-0.000000,-0.000000,-0.076335,-0.054779,,,,,,,,,,,,
419527,,,,,,,,,,,0.000000,0.000000,-0.000000,-0.000000,-0.076335,-0.054779,,,,,,,,,,,,
419532,,,,,,,,,,,0.000000,0.000000,-0.000000,-0.000000,-0.076335,-0.054779,,,,,,,,,,,,
419537,,,,,,,,,,,0.000000,0.000000,-0.000000,-0.000000,-0.076335,-0.054779,,,,,,,,,,,,
419542,,,,,,,,,,,0.000000,0.000000,-0.000000,-0.000000,-0.076335,-0.054779,,,,,,,,,,,,
419553,,,,,,,,,,,0.000000,0.000000,-0.000000,-0.000000,-0.076335,-0.054779,,,,,,,,,,,,
419557,,,,,,,,,,,0.000000,0.000000,-0.000000,-0.000000,-0.076335,-0.054779,,,,,,,,,,,,
419562,,,,,,,,,,,0.000000,0.000000,-0.000000,-0.000000,-0.076335,-0.054779,,,,,,,,,,,,
419567,,,,,,,,,,,0.000000,0.000000,-0.000000,-0.000000,-0.076335,-0.054779,,,,,,,,,,,,
419572,,,,,,,,,,,0.000000,0.000000,-0.000000,-0.000000,-0.076335,-0.054779,,,,,,,,,,,,
419577,,,,,,,,,,,0.000000,0.000000,-0.000000,-0.000000,-0.076335,-0.054779,,,,,,,,,,,,
419582,,,,,,,,,,,0.000000,0.000000,-0.000000,-0.000000,-0.076335,-0.054779,,,,,,,,,,,,
419587,,,,,,,,,,,0.000000,0.000000,-0.000000,-0.000000,-0.076335,-0.054779,,,,,,,,,,,,
419592,,,,,,,,,,,0.000000,0.000000,-0.000000,-0.000000,-0.076335,-0.054779,,,,,,,,,,,,
419597,,,,,,,,,,,0.000000,0.000000,-0.000000,-0.000000,-0.076335,-0.054779,,,,,,,,,,,,
419602,,,,,,,,,,,0.000000,0.000000,-0.000000,-0.000000,-0.076335,-0.054779,,,,,,,,,,,,
419613,,,,,,,,,,,0.000000,0.000000,-0.000000,-0.000000,-0.076335,-0.054779,,,,,,,,,,,,
419614,,,,,,,,,,,,,-0.000000,-0.000000,-0.076335,-0.054779,,,,,,,,,,,,
419617,,,,,,,,,,,0.000000,0.000000,-0.000000,-0.000000,-0.076335,-0.054779,,,,,,,,,,,,
419622,,,,,,,,,,,0.000000,0.000000,-0.000000,-0.000000,-0.076335,-0.054779,,,,,,,,,,,,
419627,,,,,,,,,,,0.000000,0.000000,-0.000000,-0.000000,-0.076335,-0.054779,,,,,,,,,,,,
419632,,,,,,,,,,,0.000000,0.000000,-0.000000,-0.000000,-0.076335,-0.054779,,,,,,,,,,,,
419637,,,,,,,,,,,0.000000,0.000000,-0.000000,-0.000000,-0.076335,-0.054779,,,,,,,,,,,,
419642,,,,,,,,,,,0.000000,0.000000,-0.000000,-0.000000,-0.076335,-0.054779,,,,,,,,,,,,
419647,,,,,,,,,,,0.000000,0.000000,-0.000000,-0.000000,-0.076335,-0.054779,,,,,,,,,,,,
419652,,,,,,,,,,,0.000000,0.000000,-0.000000,-0.000000,-0.076335,-0.054779,,,,,,,,,,,,
419657,,,,,,,,,,,0.000000,0.000000,-0.000000,-0.000000,-0.076335,-0.054779,,,,,,,,,,,,
419662,,,,,,,,,,,0.000000,0.000000,-0.000000,-0.000000,-0.076335,-0.054779,,,,,,,,,,,,
419674,,,,,,,,,,,0.000000,0.000000,-0.000000,-0.000000,-0.076335,-0.054779,,,,,,,,,,,,
419677,,,,,,,,,,,0.000000,0.000000,-0.000000,-0.000000,-0.076335,-0.054779,,,,,,,,,,,,
419682,,,,,,,,,,,0.000000,0.000000,-0.000000,-0.000000,-0.076335,-0.054779,,,,,,,,,,,,
419687,,,,,,,,,,,0.000000,0.000000,-0.000000,-0.000000,-0.076335,-0.054779,,,,,,,,,,,,
419692,,,,,,,,,,,0.000000,0.000000,-0.000000,-0.000000,-0.076335,-0.054779,,,,,,,,,,,,
419697,,,,,,,,,,,0.000000,0.000000,-0.000000,-0.000000,-0.076335,-0.054779,,,,,,,,,,,,
419702,,,,,,,,,,,0.000000,0.000000,-0.000000,-0.000000,-0.076335,-0.054779,,,,,,,,,,,,
419707,,,,,,,,,,,0.000000,0.000000,-0.000000,-0.000000,-0.076335,-0.054779,,,,,,,,,,,,
419712,,,,,,,,,,,0.000000,0.000000,-0.000000,-0.000000,-0.076335,-0.054779,,,,,,,,,,,,
419717,,,,,,,,,,,0.000000,0.000000,-0.000000,-0.000000,-0.076335,-0.054779,,,,,,,,,,,,
419722,,,,,,,,,,,0.000000,0.000000,-0.000000,-0.000000,-0.076335,-0.054779,,,,,,,,,,,,
419727,,,,,,,,,,,0.000000,0.000000,-0.000000,-0.000000,-0.076335,-0.054779,,,,,,,,,,,,
419732,,,,,,,,,,,0.000000,0.000000,-0.000000,-0.000000,-0.076335,-0.054779,,,,,,,,,,,,
419737,,,,,,,,,,,0.000000,0.000000,-0.000000,-0.000000,-0.076335,-0.054779,,,,,,,,,,,,
419742,,,,,,,,,,,0.000000,0.000000,-0.000000,-0.000000,-0.076335,-0.054779,,,,,,,,,,,,
419753,,,,,,,,,,,0.000000,0.000000,-0.000000,-0.000000,-0.076335,-0.054779,,,,,,,,,,,,
419754,,,,,,,,,,,0.000000,0.000000,-0.000000,-0.000000,-0.076335,-0.054779,,,,,,,,,,,,
419757,,,,,,,,,,,0.000000,0.000000,-0.000000,-0.000000,-0.076335,-0.054779,,,,,,,,,,,,
419762,,,,,,,,,,,0.000000,0.000000,-0.000000,-0.000000,-0.076335,-0.054779,,,,,,,,,,,,
419767,,,,,,,,,,,0.000000,0.000000,-0.000000,-0.000000,-0.076335,-0.054779,,,,,,,,,,,,
419772,,,,,,,,,,,0.000000,0.000000,-0.000000,-0.000000,-0.076335,-0.054779,,,,,,,,,,,,
419777,,,,,,,,,,,0.000000,0.000000,-0.000000,-0.000000,-0.076335,-0.054779,,,,,,,,,,,,
419782,,,,,,,,,,,0.000000,0.000000,-0.000000,-0.000000,-0.076335,-0.054779,,,,,,,,,,,,
419787,,,,,,,,,,,0.000000,0.000000,-0.000000,-0.000000,-0.076335,-0.054779,,,,,,,,,,,,
419792,,,,,,,,,,,0.000000,0.000000,-0.000000,-0.000000,-0.076335,-0.054779,,,,,,,,,,,,
419797,,,,,,,,,,,0.000000,0.000000,-0.000000,-0.000000,-0.076335,-0.054779,,,,,,,,,,,,
419802,,,,,,,,,,,0.000000,0.000000,-0.000000,-0.000000,-0.076335,-0.054779,,,,,,,,,,,,
419813,,,,,,,,,,,0.000000,0.000000,-0.000000,-0.000000,-0.076335,-0.054779,,,,,,,,,,,,
419814,,,,,,,,,,,0.000000,0.000000,-0.000000,-0.000000,-0.076335,-0.054779,,,,,,,,,,,,
419817,,,,,,,,,,,0.000000,0.000000,-0.000000,-0.000000,-0.076335,-0.054779,,,,,,,,,,,,
419822,,,,,,,,,,,0.000000,0.000000,-0.000000,-0.000000,-0.076335,-0.054779,,,,,,,,,,,,
419827,,,,,,,,,,,0.000000,0.000000,-0.000000,-0.000000,-0.076335,-0.054779,,,,,,,,,,,,
419832,,,,,,,,,,,0.000000,0.000000,-0.000000,-0.000000,-0.076335,-0.054779,,,,,,,,,,,,
419837,,,,,,,,,,,0.000000,0.000000,-0.000000,-0.000000,-0.076335,-0.054779,,,,,,,,,,,,
419842,,,,,,,,,,,0.000000,0.000000,-0.000000,-0.000000,-0.076335,-0.054779,,,,,,,,,,,,
419847,,,,,,,,,,,0.000000,0.000000,-0.000000,-0.000000,-0.076335,-0.054779,,,,,,,,,,,,
419852,,,,,,,,,,,0.000000,0.000000,-0.000000,-0.000000,-0.076335,-0.054779,,,,,,,,,,,,
419857,,,,,,,,,,,0.000000,0.000000,-0.000000,-0.000000,-0.076335,-0.054779,,,,,,,,,,,,
419862,,,,,,,,,,,0.000000,0.000000,-0.000000,-0.000000,-0.076335,-0.054779,,,,,,,,,,,,
419873,,,,,,,,,,,0.000000,0.000000,-0.000000,-0.000000,-0.076335,-0.054779,,,,,,,,,,,,
419874,,,,,,,,,,,0.000000,0.000000,-0.000000,-0.000000,-0.076335,-0.054779,,,,,,,,,,,,
419877,,,,,,,,,,,0.000000,0.000000,-0.000000,-0.000000,-0.076335,-0.054779,,,,,,,,,,,,
419882,,,,,,,,,,,0.000000,0.000000,-0.000000,-0.000000,-0.076335,-0.054779,,,,,,,,,,,,
419887,,,,,,,,,,,0.000000,0.000000,-0.000000,-0.000000,-0.076335,-0.054779,,,,,,,,,,,,
419892,,,,,,,,,,,0.000000,0.000000,-0.000000,-0.000000,-0.076335,-0.054779,,,,,,,,,,,,
419897,,,,,,,,,,,0.000000,0.000000,-0.000000,-0.000000,-0.076335,-0.054779,,,,,,,,,,,,
419902,,,,,,,,,,,0.000000,0.000000,-0.000000,-0.000000,-0.076335,-0.054779,,,,,,,,,,,,
419907,,,,,,,,,,,0.000000,0.000000,-0.000000,-0.000000,-0.076335,-0.054779,,,,,,,,,,,,
419912,,,,,,,,,,,0.000000,0.000000,-0.000000,-0.000000,-0.076335,-0.054779,,,,,,,,,,,,
419917,,,,,,,,,,,0.000000,0.000000,-0.000000,-0.000000,-0.076335,-0.054779,,,,,,,,,,,,
419922,,,,,,,,,,,0.000000,0.000000,-0.000000,-0.000000,-0.076335,-0.054779,,,,,,,,,,,,
419933,,,,,,,,,,,0.000000,0.000000,,,,,,,,,,,,,,,,
419934,,,,,,,,,,,0.000000,0.000000,-0.000000,-0.000000,-0.076335,-0.054779,,,,,,,,,,,,
419937,,,,,,,,,,,0.000000,0.000000,-0.000000,-0.000000,-0.076335,-0.054779,,,,,,,,,,,,
419942,,,,,,,,,,,0.000000,0.000000,-0.000000,-0.000000,-0.076335,-0.054779,,,,,,,,,,,,
419947,,,,,,,,,,,0.000000,0.000000,-0.000000,-0.000000,-0.076335,-0.054779,,,,,,,,,,,,
419952,,,,,,,,,,,0.000000,0.000000,-0.000000,-0.000000,-0.076335,-0.054779,,,,,,,,,,,,
419957,,,,,,,,,,,0.000000,0.000000,-0.000000,-0.000000,-0.076335,-0.054779,,,,,,,,,,,,
419962,,,,,,,,,,,0.000000,0.000000,-0.000000,-0.000000,-0.076335,-0.054779,,,,,,,,,,,,
419967,,,,,,,,,,,0.000000,0.000000,-0.000000,-0.000000,-0.076335,-0.054779,,,,,,,,,,,,
419972,,,,,,,,,,,0.000000,0.000000,-0.000000,-0.000000,-0.076335,-0.054779,,,,,,,,,,,,
419977,,,,,,,,,,,0.000000,0.000000,-0.000000,-0.000000,-0.076335,-0.054779,,,,,,,,,,,,
419982,,,,,,,,,,,0.000000,0.000000,-0.000000,-0.000000,-0.076335,-0.054779,,,,,,,,,,,,
419987,,,,,,,,,,,0.000000,0.000000,-0.000000,-0.000000,-0.076335,-0.054779,,,,,,,,,,,,
419992,,,,,,,,,,,0.000000,0.000000,-0.000000,-0.000000,-0.076335,-0.054779,,,,,,,,,,,,
419997,,,,,,,,,,,0.000000,0.000000,-0.000000,-0.000000,-0.076335,-0.054779,,,,,,,,,,,,
420002,,,,,,,,,,,0.000000,0.000000,-0.000000,-0.000000,-0.076335,-0.054779,,,,,,,,,,,,
420013,,,,,,,,,,,0.000000,0.000000,-0.000000,-0.000000,-0.076335,-0.054779,,,,,,,,,,,,
420017,,,,,,,,,,,0.000000,0.000000,-0.000000,-0.000000,-0.076335,-0.054779,,,,,,,,,,,,
420022,,,,,,,,,,,0.000000,0.000000,-0.000000,-0.000000,-0.076335,-0.054779,,,,,,,,,,,,
420027,,,,,,,,,,,0.000000,0.000000,-0.000000,-0.000000,-0.076335,-0.054779,,,,,,,,,,,,
420032,,,,,,,,,,,0.000000,0.000000,-0.000000,-0.000000,-0.076335,-0.054779,,,,,,,,,,,,
420037,,,,,,,,,,,0.000000,0.000000,-0.000000,-0.000000,-0.076335,-0.054779,,,,,,,,,,,,
420042,,,,,,,,,,,0.000000,0.000000,-0.000000,-0.000000,-0.076335,-0.054779,,,,,,,,,,,,
420047,,,,,,,,,,,0.000000,0.000000,-0.000000,-0.000000,-0.076335,-0.054779,,,,,,,,,,,,
420052,,,,,,,,,,,0.000000,0.000000,-0.000000,-0.000000,-0.076335,-0.054779,,,,,,,,,,,,
420057,,,,,,,,,,,0.000000,0.000000,-0.000000,-0.000000,-0.076335,-0.054779,,,,,,,,,,,,
420062,,,,,,,,,,,0.000000,0.000000,-0.000000,-0.000000,-0.076335,-0.054779,,,,,,,,,,,,
420073,,,,,,,,,,,0.000000,0.000000,-0.000000,-0.000000,-0.076335,-0.054779,,,,,,,,,,,,
420077,,,,,,,,,,,0.000000,0.000000,-0.000000,-0.000000,-0.076335,-0.054779,,,,,,,,,,,,
420082,,,,,,,,,,,0.000000,0.000000,-0.000000,-0.000000,-0.076335,-0.054779,,,,,,,,,,,,
420087,,,,,,,,,,,0.000000,0.000000,-0.000000,-0.000000,-0.076335,-0.054779,,,,,,,,,,,,
420092,,,,,,,,,,,0.000000,0.000000,-0.000000,-0.000000,-0.076335,-0.054779,,,,,,,,,,,,
420097,,,,,,,,,,,0.000000,0.000000,-0.000000,-0.000000,-0.076335,-0.054779,,,,,,,,,,,,
420102,,,,,,,,,,,0.000000,0.000000,-0.000000,-0.000000,-0.076335,-0.054779,,,,,,,,,,,,
420107,,,,,,,,,,,0.000000,0.000000,-0.000000,-0.000000,-0.076335,-0.054779,,,,,,,,,,,,
420112,,,,,,,,,,,0.000000,0.000000,-0.000000,-0.000000,-0.076335,-0.054779,,,,,,,,,,,,
420117,,,,,,,,,,,0.000000,0.000000,-0.000000,-0.000000,-0.076335,-0.054779,,,,,,,,,,,,
420122,,,,,,,,,,,0.000000,0.000000,-0.000000,-0.000000,-0.076335,-0.054779,,,,,,,,,,,,
420133,,,,,,,,,,,0.000000,0.000000,-0.000000,-0.000000,-0.076335,-0.054779,,,,,,,,,,,,
420134,,,,,,,,,,,0.000000,0.000000,-0.000000,-0.000000,-0.076335,-0.054779,,,,,,,,,,,,
420137,,,,,,,,,,,0.000000,0.000000,-0.000000,-0.000000,-0.076335,-0.054779,,,,,,,,,,,,
420142,,,,,,,,,,,0.000000,0.000000,-0.000000,-0.000000,-0.076335,-0.054779,,,,,,,,,,,,
420147,,,,,,,,,,,0.000000,0.000000,-0.000000,-0.000000,-0.076335,-0.054779,,,,,,,,,,,,
420152,,,,,,,,,,,0.000000,0.000000,-0.000000,-0.000000,-0.076335,-0.054779,,,,,,,,,,,,
420157,,,,,,,,,,,0.000000,0.000000,-0.000000,-0.000000,-0.076335,-0.054779,,,,,,,,,,,,
420162,,,,,,,,,,,0.000000,0.000000,-0.000000,-0.000000,-0.076335,-0.054779,,,,,,,,,,,,
420167,,,,,,,,,,,0.000000,0.000000,-0.000000,-0.000000,-0.076335,-0.054779,,,,,,,,,,,,
420172,,,,,,,,,,,0.000000,0.000000,-0.000000,-0.000000,-0.076335,-0.054779,,,,,,,,,,,,
420177,,,,,,,,,,,0.000000,0.000000,-0.000000,-0.000000,-0.076335,-0.054779,,,,,,,,,,,,
420182,,,,,,,,,,,0.000000,0.000000,-0.000000,-0.000000,-0.076335,-0.054779,,,,,,,,,,,,
420187,,,,,,,,,,,0.000000,0.000000,-0.000000,-0.000000,-0.076335,-0.054779,,,,,,,,,,,,
420192,,,,,,,,,,,0.000000,0.000000,-0.000000,-0.000000,-0.076335,-0.054779,,,,,,,,,,,,
420197,,,,,,,,,,,0.000000,0.000000,-0.000000,-0.000000,-0.076335,-0.054779,,,,,,,,,,,,
420202,,,,,,,,,,,0.000000,0.000000,-0.000000,-0.000000,-0.076335,-0.054779,,,,,,,,,,,,
420216,,,,,,,,,,,0.000000,0.000000,-0.000000,-0.000000,-0.076335,-0.054779,,,,,,,,,,,,
420217,,,,,,,,,,,0.000000,0.000000,-0.000000,-0.000000,-0.076335,-0.054779,,,,,,,,,,,,
420222,,,,,,,,,,,0.000000,0.000000,-0.000000,-0.000000,-0.076335,-0.054779,,,,,,,,,,,,
420227,,,,,,,,,,,0.000000,0.000000,-0.000000,-0.000000,-0.076335,-0.054779,,,,,,,,,,,,
420232,,,,,,,,,,,0.000000,0.000000,-0.000000,-0.000000,-0.076335,-0.054779,,,,,,,,,,,,
420237,,,,,,,,,,,0.000000,0.000000,-0.000000,-0.000000,-0.076335,-0.054779,,,,,,,,,,,,
420242,,,,,,,,,,,0.000000,0.000000,-0.000000,-0.000000,-0.076335,-0.054779,,,,,,,,,,,,
420247,,,,,,,,,,,0.000000,0.000000,-0.000000,-0.000000,-0.076335,-0.054779,,,,,,,,,,,,
420252,,,,,,,,,,,0.000000,0.000000,-0.000000,-0.000000,-0.076335,-0.054779,,,,,,,,,,,,
420257,,,,,,,,,,,0.000000,0.000000,-0.000000,-0.000000,-0.076335,-0.054779,,,,,,,,,,,,
420262,,,,,,,,,,,0.000000,0.000000,-0.000000,-0.000000,-0.076335,-0.054779,,,,,,,,,,,,
420274,,,,,,,,,,,0.000000,0.000000,-0.000000,-0.000000,-0.076335,-0.054779,,,,,,,,,,,,
420277,,,,,,,,,,,0.000000,0.000000,-0.000000,-0.000000,-0.076335,-0.054779,,,,,,,,,,,,
420282,,,,,,,,,,,0.000000,0.000000,-0.000000,-0.000000,-0.076335,-0.054779,,,,,,,,,,,,
420287,,,,,,,,,,,0.000000,0.000000,-0.000000,-0.000000,-0.076335,-0.054779,,,,,,,,,,,,
420292,,,,,,,,,,,0.000000,0.000000,-0.000000,-0.000000,-0.076335,-0.054779,,,,,,,,,,,,
420297,,,,,,,,,,,0.000000,0.000000,-0.000000,-0.000000,-0.076335,-0.054779,,,,,,,,,,,,
420302,,,,,,,,,,,0.000000,0.000000,-0.000000,-0.000000,-0.076335,-0.054779,,,,,,,,,,,,
420307,,,,,,,,,,,0.000000,0.000000,-0.000000,-0.000000,-0.076335,-0.054779,,,,,,,,,,,,
420312,,,,,,,,,,,0.000000,0.000000,-0.000000,-0.000000,-0.076335,-0.054779,,,,,,,,,,,,
420317,,,,,,,,,,,0.000000,0.000000,-0.000000,-0.000000,-0.076335,-0.054779,,,,,,,,,,,,
420322,,,,,,,,,,,0.000000,0.000000,-0.000000,-0.000000,-0.076335,-0.054779,,,,,,,,,,,,
420333,,,,,,,,,,,0.000000,0.000000,,,,,,,,,,,,,,,,
420334,,,,,,,,,,,0.000000,0.000000,-0.000000,-0.000000,-0.076335,-0.054779,,,,,,,,,,,,
420337,,,,,,,,,,,0.000000,0.000000,-0.000000,-0.000000,-0.076335,-0.054779,,,,,,,,,,,,
420342,,,,,,,,,,,0.000000,0.000000,-0.000000,-0.000000,-0.076335,-0.054779,,,,,,,,,,,,
420347,,,,,,,,,,,0.000000,0.000000,-0.000000,-0.000000,-0.076335,-0.054779,,,,,,,,,,,,
420352,,,,,,,,,,,0.000000,0.000000,-0.000000,-0.000000,-0.076335,-0.054779,,,,,,,,,,,,
420357,,,,,,,,,,,0.000000,0.000000,-0.000000,-0.000000,-0.076335,-0.054779,,,,,,,,,,,,
420362,,,,,,,,,,,0.000000,0.000000,-0.000000,-0.000000,-0.076335,-0.054779,,,,,,,,,,,,
420367,,,,,,,,,,,0.000000,0.000000,-0.000000,-0.000000,-0.076335,-0.054779,,,,,,,,,,,,
420372,,,,,,,,,,,0.000000,0.000000,-0.000000,-0.000000,-0.076335,-0.054779,,,,,,,,,,,,
420377,,,,,,,,,,,0.000000,0.000000,-0.000000,-0.000000,-0.076335,-0.054779,,,,,,,,,,,,
420382,,,,,,,,,,,0.000000,0.000000,-0.000000,-0.000000,-0.076335,-0.054779,,,,,,,,,,,,
420393,,,,,,,,,,,0.000000,0.000000,,,,,,,,,,,,,,,,
420394,,,,,,,,,,,0.000000,0.000000,-0.000000,-0.000000,-0.076335,-0.054779,,,,,,,,,,,,
420397,,,,,,,,,,,0.000000,0.000000,-0.000000,-0.000000,-0.076335,-0.054779,,,,,,,,,,,,
420402,,,,,,,,,,,0.000000,0.000000,-0.000000,-0.000000,-0.076335,-0.054779,,,,,,,,,,,,
420407,,,,,,,,,,,0.000000,0.000000,-0.000000,-0.000000,-0.076335,-0.054779,,,,,,,,,,,,
420412,,,,,,,,,,,0.000000,0.000000,-0.000000,-0.000000,-0.076335,-0.054779,,,,,,,,,,,,
420417,,,,,,,,,,,0.000000,0.000000,-0.000000,-0.000000,-0.076335,-0.054779,,,,,,,,,,,,
420422,,,,,,,,,,,0.000000,0.000000,-0.000000,-0.000000,-0.076335,-0.054779,,,,,,,,,,,,
420427,,,,,,,,,,,0.000000,0.000000,-0.000000,-0.000000,-0.076335,-0.054779,,,,,,,,,,,,
420432,,,,,,,,,,,0.000000,0.000000,-0.000000,-0.000000,-0.076335,-0.054779,,,,,,,,,,,,
420437,,,,,,,,,,,0.000000,0.000000,-0.000000,-0.000000,-0.076335,-0.054779,,,,,,,,,,,,
420442,,,,,,,,,,,0.000000,0.000000,-0.000000,-0.000000,-0.076335,-0.054779,,,,,,,,,,,,
420447,,,,,,,,,,,0.000000,0.000000,-0.000000,-0.000000,-0.076335,-0.054779,,,,,,,,,,,,
420452,,,,,,,,,,,0.000000,0.000000,-0.000000,-0.000000,-0.076335,-0.054779,,,,,,,,,,,,
420457,,,,,,,,,,,0.000000,0.000000,-0.000000,-0.000000,-0.076335,-0.054779,,,,,,,,,,,,
420462,,,,,,,,,,,0.000000,0.000000,-0.000000,-0.000000,-0.076335,-0.054779,,,,,,,,,,,,
420473,,,,,,,,,,,0.000000,0.000000,-0.000000,-0.000000,-0.076335,-0.054779,,,,,,,,,,,,
420474,,,,,,,,,,,0.000000,0.000000,-0.000000,-0.000000,-0.076335,-0.054779,,,,,,,,,,,,
420477,,,,,,,,,,,0.000000,0.000000,-0.000000,-0.000000,-0.076335,-0.054779,,,,,,,,,,,,
420482,,,,,,,,,,,0.000000,0.000000,-0.000000,-0.000000,-0.076335,-0.054779,,,,,,,,,,,,
420487,,,,,,,,,,,0.000000,0.000000,-0.000000,-0.000000,-0.076335,-0.054779,,,,,,,,,,,,
420492,,,,,,,,,,,0.000000,0.000000,-0.000000,-0.000000,-0.076335,-0.054779,,,,,,,,,,,,
420497,,,,,,,,,,,0.000000,0.000000,-0.000000,-0.000000,-0.076335,-0.054779,,,,,,,,,,,,
420502,,,,,,,,,,,0.000000,0.000000,-0.000000,-0.000000,-0.076335,-0.054779,,,,,,,,,,,,
420507,,,,,,,,,,,0.000000,0.000000,-0.000000,-0.000000,-0.076335,-0.054779,,,,,,,,,,,,
420512,,,,,,,,,,,0.000000,0.000000,-0.000000,-0.000000,-0.076335,-0.054779,,,,,,,,,,,,
420517,,,,,,,,,,,0.000000,0.000000,-0.000000,-0.000000,-0.076335,-0.054779,,,,,,,,,,,,
420522,,,,,,,,,,,0.000000,0.000000,-0.000000,-0.000000,-0.076335,-0.054779,,,,,,,,,,,,
420533,,,,,,,,,,,0.000000,0.000000,-0.000000,-0.000000,-0.076335,-0.054779,,,,,,,,,,,,
420537,,,,,,,,,,,0.000000,0.000000,-0.000000,-0.000000,-0.076335,-0.054779,,,,,,,,,,,,
420542,,,,,,,,,,,0.000000,0.000000,-0.000000,-0.000000,-0.076335,-0.054779,,,,,,,,,,,,
420547,,,,,,,,,,,0.000000,0.000000,-0.000000,-0.000000,-0.076335,-0.054779,,,,,,,,,,,,
420552,,,,,,,,,,,0.000000,0.000000,-0.000000,-0.000000,-0.076335,-0.054779,,,,,,,,,,,,
420557,,,,,,,,,,,0.000000,0.000000,-0.000000,-0.000000,-0.076335,-0.054779,,,,,,,,,,,,
420562,,,,,,,,,,,0.000000,0.000000,-0.000000,-0.000000,-0.076335,-0.054779,,,,,,,,,,,,
420567,,,,,,,,,,,0.000000,0.000000,-0.000000,-0.000000,-0.076335,-0.054779,,,,,,,,,,,,
420572,,,,,,,,,,,0.000000,0.000000,-0.000000,-0.000000,-0.076335,-0.054779,,,,,,,,,,,,
420577,,,,,,,,,,,0.000000,0.000000,-0.000000,-0.000000,-0.076335,-0.054779,,,,,,,,,,,,
420582,,,,,,,,,,,0.000000,0.000000,-0.000000,-0.000000,-0.076335,-0.054779,,,,,,,,,,,,
420593,,,,,,,,,,,0.000000,0.000000,-0.000000,-0.000000,-0.076335,-0.054779,,,,,,,,,,,,
420597,,,,,,,,,,,0.000000,0.000000,-0.000000,-0.000000,-0.076335,-0.054779,,,,,,,,,,,,
420602,,,,,,,,,,,0.000000,0.000000,-0.000000,-0.000000,-0.076335,-0.054779,,,,,,,,,,,,
420607,,,,,,,,,,,0.000000,0.000000,-0.000000,-0.000000,-0.076335,-0.054779,,,,,,,,,,,,
420612,,,,,,,,,,,0.000000,0.000000,-0.000000,-0.000000,-0.076335,-0.054779,,,,,,,,,,,,
420617,,,,,,,,,,,0.000000,0.000000,-0.000000,-0.000000,-0.076335,-0.054779,,,,,,,,,,,,
420622,,,,,,,,,,,0.000000,0.000000,-0.000000,-0.000000,-0.076335,-0.054779,,,,,,,,,,,,
420627,,,,,,,,,,,0.000000,0.000000,-0.000000,-0.000000,-0.076335,-0.054779,,,,,,,,,,,,
420632,,,,,,,,,,,0.000000,0.000000,-0.000000,-0.000000,-0.076335,-0.054779,,,,,,,,,,,,
420637,,,,,,,,,,,0.000000,0.000000,-0.000000,-0.000000,-0.076335,-0.054779,,,,,,,,,,,,
420642,,,,,,,,,,,0.000000,0.000000,-0.000000,-0.000000,-0.076335,-0.054779,,,,,,,,,,,,
420647,,,,,,,,,,,0.000000,0.000000,-0.000000,-0.000000,-0.076335,-0.054779,,,,,,,,,,,,
420652,,,,,,,,,,,0.000000,0.000000,-0.000000,-0.000000,-0.076335,-0.054779,,,,,,,,,,,,
420657,,,,,,,,,,,0.000000,0.000000,-0.000000,-0.000000,-0.076335,-0.054779,,,,,,,,,,,,
420662,,,,,,,,,,,0.000000,0.000000,-0.000000,-0.000000,-0.076335,-0.054779,,,,,,,,,,,,
420673,,,,,,,,,,,0.000000,0.000000,-0.000000,-0.000000,-0.076335,-0.054779,,,,,,,,,,,,
420677,,,,,,,,,,,0.000000,0.000000,-0.000000,-0.000000,-0.076335,-0.054779,,,,,,,,,,,,
420682,,,,,,,,,,,0.000000,0.000000,-0.000000,-0.000000,-0.076335,-0.054779,,,,,,,,,,,,
420687,,,,,,,,,,,0.000000,0.000000,-0.000000,-0.000000,-0.076335,-0.054779,,,,,,,,,,,,
420692,,,,,,,,,,,0.000000,0.000000,-0.000000,-0.000000,-0.076335,-0.054779,,,,,,,,,,,,
420697,,,,,,,,,,,0.000000,0.000000,-0.000000,-0.000000,-0.076335,-0.054779,,,,,,,,,,,,
420702,,,,,,,,,,,0.000000,0.000000,-0.000000,-0.000000,-0.076335,-0.054779,,,,,,,,,,,,
420707,,,,,,,,,,,0.000000,0.000000,-0.000000,-0.000000,-0.076335,-0.054779,,,,,,,,,,,,
420712,,,,,,,,,,,0.000000,0.000000,-0.000000,-0.000000,-0.076335,-0.054779,,,,,,,,,,,,
420717,,,,,,,,,,,0.000000,0.000000,-0.000000,-0.000000,-0.076335,-0.054779,,,,,,,,,,,,
420722,,,,,,,,,,,0.000000,0.000000,-0.000000,-0.000000,-0.076335,-0.054779,,,,,,,,,,,,
420733,,,,,,,,,,,0.000000,0.000000,-0.000000,-0.000000,-0.076335,-0.054779,,,,,,,,,,,,
420734,,,,,,,,,,,0.000000,0.000000,-0.000000,-0.000000,-0.076335,-0.054779,,,,,,,,,,,,
420737,,,,,,,,,,,0.000000,0.000000,-0.000000,-0.000000,-0.076335,-0.054779,,,,,,,,,,,,
420742,,,,,,,,,,,0.000000,0.000000,-0.000000,-0.000000,-0.076335,-0.054779,,,,,,,,,,,,
420747,,,,,,,,,,,0.000000,0.000000,-0.000000,-0.000000,-0.076335,-0.054779,,,,,,,,,,,,
420752,,,,,,,,,,,0.000000,0.000000,-0.000000,-0.000000,-0.076335,-0.054779,,,,,,,,,,,,
420757,,,,,,,,,,,0.000000,0.000000,-0.000000,-0.000000,-0.076335,-0.054779,,,,,,,,,,,,
420762,,,,,,,,,,,0.000000,0.000000,-0.000000,-0.000000,-0.076335,-0.054779,,,,,,,,,,,,
420767,,,,,,,,,,,0.000000,0.000000,-0.000000,-0.000000,-0.076335,-0.054779,,,,,,,,,,,,
420772,,,,,,,,,,,0.000000,0.000000,-0.000000,-0.000000,-0.076335,-0.054779,,,,,,,,,,,,
420777,,,,,,,,,,,0.000000,0.000000,-0.000000,-0.000000,-0.076335,-0.054779,,,,,,,,,,,,
420782,,,,,,,,,,,0.000000,0.000000,-0.000000,-0.000000,-0.076335,-0.054779,,,,,,,,,,,,
420793,,,,,,,,,,,0.000000,0.000000,-0.000000,-0.000000,-0.076335,-0.054779,,,,,,,,,,,,
420797,,,,,,,,,,,0.000000,0.000000,-0.000000,-0.000000,-0.076335,-0.054779,,,,,,,,,,,,
420802,,,,,,,,,,,0.000000,0.000000,-0.000000,-0.000000,-0.076335,-0.054779,,,,,,,,,,,,
420807,,,,,,,,,,,0.000000,0.000000,-0.000000,-0.000000,-0.076335,-0.054779,,,,,,,,,,,,
420812,,,,,,,,,,,0.000000,0.000000,-0.000000,-0.000000,-0.076335,-0.054779,,,,,,,,,,,,
420817,,,,,,,,,,,0.000000,0.000000,-0.000000,-0.000000,-0.076335,-0.054779,,,,,,,,,,,,
420822,,,,,,,,,,,0.000000,0.000000,-0.000000,-0.000000,-0.076335,-0.054779,,,,,,,,,,,,
420827,,,,,,,,,,,0.000000,0.000000,-0.000000,-0.000000,-0.076335,-0.054779,,,,,,,,,,,,
420832,,,,,,,,,,,0.000000,0.000000,-0.000000,-0.000000,-0.076335,-0.054779,,,,,,,,,,,,
420837,,,,,,,,,,,0.000000,0.000000,-0.000000,-0.000000,-0.076335,-0.054779,,,,,,,,,,,,
420842,,,,,,,,,,,0.000000,0.000000,-0.000000,-0.000000,-0.076335,-0.054779,,,,,,,,,,,,
420854,,,,,,,,,,,0.000000,0.000000,-0.000000,-0.000000,-0.076335,-0.054779,,,,,,,,,,,,
420857,,,,,,,,,,,0.000000,0.000000,-0.000000,-0.000000,-0.076335,-0.054779,,,,,,,,,,,,
420862,,,,,,,,,,,0.000000,0.000000,-0.000000,-0.000000,-0.076335,-0.054779,,,,,,,,,,,,
420867,,,,,,,,,,,0.000000,0.000000,-0.000000,-0.000000,-0.076335,-0.054779,,,,,,,,,,,,
420872,,,,,,,,,,,0.000000,0.000000,-0.000000,-0.000000,-0.076335,-0.054779,,,,,,,,,,,,
420877,,,,,,,,,,,0.000000,0.000000,-0.000000,-0.000000,-0.076335,-0.054779,,,,,,,,,,,,
420882,,,,,,,,,,,0.000000,0.000000,-0.000000,-0.000000,-0.076335,-0.054779,,,,,,,,,,,,
420887,,,,,,,,,,,0.000000,0.000000,-0.000000,-0.000000,-0.076335,-0.054779,,,,,,,,,,,,
420892,,,,,,,,,,,0.000000,0.000000,-0.000000,-0.000000,-0.076335,-0.054779,,,,,,,,,,,,
420897,,,,,,,,,,,0.000000,0.000000,-0.000000,-0.000000,-0.076335,-0.054779,,,,,,,,,,,,
420902,,,,,,,,,,,0.000000,0.000000,-0.000000,-0.000000,-0.076335,-0.054779,,,,,,,,,,,,
420907,,,,,,,,,,,0.000000,0.000000,-0.000000,-0.000000,-0.076335,-0.054779,,,,,,,,,,,,
420912,,,,,,,,,,,0.000000,0.000000,-0.000000,-0.000000,-0.076335,-0.054779,,,,,,,,,,,,
420917,,,,,,,,,,,0.000000,0.000000,-0.000000,-0.000000,-0.076335,-0.054779,,,,,,,,,,,,
420922,,,,,,,,,,,0.000000,0.000000,-0.000000,-0.000000,-0.076335,-0.054779,,,,,,,,,,,,
420933,,,,,,,,,,,0.000000,0.000000,,,,,,,,,,,,,,,,
420934,,,,,,,,,,,0.000000,0.000000,-0.000000,-0.000000,-0.076335,-0.054779,,,,,,,,,,,,
420937,,,,,,,,,,,0.000000,0.000000,-0.000000,-0.000000,-0.076335,-0.054779,,,,,,,,,,,,
420942,,,,,,,,,,,0.000000,0.000000,-0.000000,-0.000000,-0.076335,-0.054779,,,,,,,,,,,,
420947,,,,,,,,,,,0.000000,0.000000,-0.000000,-0.000000,-0.076335,-0.054779,,,,,,,,,,,,
420952,,,,,,,,,,,0.000000,0.000000,-0.000000,-0.000000,-0.076335,-0.054779,,,,,,,,,,,,
420957,,,,,,,,,,,0.000000,0.000000,-0.000000,-0.000000,-0.076335,-0.054779,,,,,,,,,,,,
420962,,,,,,,,,,,0.000000,0.000000,-0.000000,-0.000000,-0.076335,-0.054779,,,,,,,,,,,,
420967,,,,,,,,,,,0.000000,0.000000,-0.000000,-0.000000,-0.076335,-0.054779,,,,,,,,,,,,
420972,,,,,,,,,,,0.000000,0.000000,-0.000000,-0.000000,-0.076335,-0.054779,,,,,,,,,,,,
420977,,,,,,,,,,,0.000000,0.000000,-0.000000,-0.000000,-0.076335,-0.054779,,,,,,,,,,,,
420982,,,,,,,,,,,0.000000,0.000000,-0.000000,-0.000000,-0.076335,-0.054779,,,,,,,,,,,,
420993,,,,,,,,,,,0.000000,0.000000,,,,,,,,,,,,,,,,
420994,,,,,,,,,,,0.000000,0.000000,-0.000000,-0.000000,-0.076335,-0.054779,,,,,,,,,,,,
420997,,,,,,,,,,,0.000000,0.000000,-0.000000,-0.000000,-0.076335,-0.054779,,,,,,,,,,,,
421002,,,,,,,,,,,0.000000,0.000000,-0.000000,-0.000000,-0.076335,-0.054779,,,,,,,,,,,,
421007,,,,,,,,,,,0.000000,0.000000,-0.000000,-0.000000,-0.076335,-0.054779,,,,,,,,,,,,
421012,,,,,,,,,,,0.000000,0.000000,-0.000000,-0.000000,-0.076335,-0.054779,,,,,,,,,,,,
421017,,,,,,,,,,,0.000000,0.000000,-0.000000,-0.000000,-0.076335,-0.054779,,,,,,,,,,,,
421022,,,,,,,,,,,0.000000,0.000000,-0.000000,-0.000000,-0.076335,-0.054779,,,,,,,,,,,,
421027,,,,,,,,,,,0.000000,0.000000,-0.000000,-0.000000,-0.076335,-0.054779,,,,,,,,,,,,
421032,,,,,,,,,,,0.000000,0.000000,-0.000000,-0.000000,-0.076335,-0.054779,,,,,,,,,,,,
421037,,,,,,,,,,,0.000000,0.000000,-0.000000,-0.000000,-0.076335,-0.054779,,,,,,,,,,,,
421042,,,,,,,,,,,0.000000,0.000000,-0.000000,-0.000000,-0.076335,-0.054779,,,,,,,,,,,,
421053,,,,,,,,,,,0.000000,0.000000,-0.000000,-0.000000,-0.076335,-0.054779,,,,,,,,,,,,
421057,,,,,,,,,,,0.000000,0.000000,-0.000000,-0.000000,-0.076335,-0.054779,,,,,,,,,,,,
421062,,,,,,,,,,,0.000000,0.000000,-0.000000,-0.000000,-0.076335,-0.054779,,,,,,,,,,,,
421067,,,,,,,,,,,0.000000,0.000000,-0.000000,-0.000000,-0.076335,-0.054779,,,,,,,,,,,,
421072,,,,,,,,,,,0.000000,0.000000,-0.000000,-0.000000,-0.076335,-0.054779,,,,,,,,,,,,
421077,,,,,,,,,,,0.000000,0.000000,-0.000000,-0.000000,-0.076335,-0.054779,,,,,,,,,,,,
421082,,,,,,,,,,,0.000000,0.000000,-0.000000,-0.000000,-0.076335,-0.054779,,,,,,,,,,,,
421087,,,,,,,,,,,0.000000,0.000000,-0.000000,-0.000000,-0.076335,-0.054779,,,,,,,,,,,,
421092,,,,,,,,,,,0.000000,0.000000,-0.000000,-0.000000,-0.076335,-0.054779,,,,,,,,,,,,
421097,,,,,,,,,,,0.000000,0.000000,-0.000000,-0.000000,-0.076335,-0.054779,,,,,,,,,,,,
421102,,,,,,,,,,,0.000000,0.000000,-0.000000,-0.000000,-0.076335,-0.054779,,,,,,,,,,,,
421107,,,,,,,,,,,0.000000,0.000000,-0.000000,-0.000000,-0.076335,-0.054779,,,,,,,,,,,,
421112,,,,,,,,,,,0.000000,0.000000,-0.000000,-0.000000,-0.076335,-0.054779,,,,,,,,,,,,
421117,,,,,,,,,,,0.000000,0.000000,-0.000000,-0.000000,-0.076335,-0.054779,,,,,,,,,,,,
421122,,,,,,,,,,,0.000000,0.000000,-0.000000,-0.000000,-0.076335,-0.054779,,,,,,,,,,,,
421133,,,,,,,,,,,0.000000,0.000000,-0.000000,-0.000000,-0.076335,-0.054779,,,,,,,,,,,,
421137,,,,,,,,,,,0.000000,0.000000,-0.000000,-0.000000,-0.076335,-0.054779,,,,,,,,,,,,
421142,,,,,,,,,,,0.000000,0.000000,-0.000000,-0.000000,-0.076335,-0.054779,,,,,,,,,,,,
421147,,,,,,,,,,,0.000000,0.000000,-0.000000,-0.000000,-0.076335,-0.054779,,,,,,,,,,,,
421152,,,,,,,,,,,0.000000,0.000000,-0.000000,-0.000000,-0.076335,-0.054779,,,,,,,,,,,,
421157,,,,,,,,,,,0.000000,0.000000,-0.000000,-0.000000,-0.076335,-0.054779,,,,,,,,,,,,
421162,,,,,,,,,,,0.000000,0.000000,-0.000000,-0.000000,-0.076335,-0.054779,,,,,,,,,,,,
421167,,,,,,,,,,,0.000000,0.000000,-0.000000,-0.000000,-0.076335,-0.054779,,,,,,,,,,,,
421172,,,,,,,,,,,0.000000,0.000000,-0.000000,-0.000000,-0.076335,-0.054779,,,,,,,,,,,,
421177,,,,,,,,,,,0.000000,0.000000,-0.000000,-0.000000,-0.076335,-0.054779,,,,,,,,,,,,
421182,,,,,,,,,,,0.000000,0.000000,-0.000000,-0.000000,-0.076335,-0.054779,,,,,,,,,,,,
421193,,,,,,,,,,,0.000000,0.000000,-0.000000,-0.000000,-0.076335,-0.054779,,,,,,,,,,,,
421194,,,,,,,,,,,0.000000,0.000000,-0.000000,-0.000000,-0.076335,-0.054779,,,,,,,,,,,,
421197,,,,,,,,,,,0.000000,0.000000,-0.000000,-0.000000,-0.076335,-0.054779,,,,,,,,,,,,
421202,,,,,,,,,,,0.000000,0.000000,-0.000000,-0.000000,-0.076335,-0.054779,,,,,,,,,,,,
421207,,,,,,,,,,,0.000000,0.000000,-0.000000,-0.000000,-0.076335,-0.054779,,,,,,,,,,,,
421212,,,,,,,,,,,0.000000,0.000000,-0.000000,-0.000000,-0.076335,-0.054779,,,,,,,,,,,,
421217,,,,,,,,,,,0.000000,0.000000,-0.000000,-0.000000,-0.076335,-0.054779,,,,,,,,,,,,
421222,,,,,,,,,,,0.000000,0.000000,-0.000000,-0.000000,-0.076335,-0.054779,,,,,,,,,,,,
421227,,,,,,,,,,,0.000000,0.000000,-0.000000,-0.000000,-0.076335,-0.054779,,,,,,,,,,,,
421232,,,,,,,,,,,0.000000,0.000000,-0.000000,-0.000000,-0.076335,-0.054779,,,,,,,,,,,,
421237,,,,,,,,,,,0.000000,0.000000,-0.000000,-0.000000,-0.076335,-0.054779,,,,,,,,,,,,
421242,,,,,,,,,,,0.000000,0.000000,-0.000000,-0.000000,-0.076335,-0.054779,,,,,,,,,,,,
421253,,,,,,,,,,,0.000000,0.000000,-0.000000,-0.000000,-0.076335,-0.054779,,,,,,,,,,,,
421254,,,,,,,,,,,0.000000,0.000000,-0.000000,-0.000000,-0.076335,-0.054779,,,,,,,,,,,,
421257,,,,,,,,,,,0.000000,0.000000,-0.000000,-0.000000,-0.076335,-0.054779,,,,,,,,,,,,
421262,,,,,,,,,,,0.000000,0.000000,-0.000000,-0.000000,-0.076335,-0.054779,,,,,,,,,,,,
421267,,,,,,,,,,,0.000000,0.000000,-0.000000,-0.000000,-0.076335,-0.054779,,,,,,,,,,,,
421272,,,,,,,,,,,0.000000,0.000000,-0.000000,-0.000000,-0.076335,-0.054779,,,,,,,,,,,,
421277,,,,,,,,,,,0.000000,0.000000,-0.000000,-0.000000,-0.076335,-0.054779,,,,,,,,,,,,
421282,,,,,,,,,,,0.000000,0.000000,-0.000000,-0.000000,-0.076335,-0.054779,,,,,,,,,,,,
421287,,,,,,,,,,,0.000000,0.000000,-0.000000,-0.000000,-0.076335,-0.054779,,,,,,,,,,,,
421292,,,,,,,,,,,0.000000,0.000000,-0.000000,-0.000000,-0.076335,-0.054779,,,,,,,,,,,,
421297,,,,,,,,,,,0.000000,0.000000,-0.000000,-0.000000,-0.076335,-0.054779,,,,,,,,,,,,
421302,,,,,,,,,,,0.000000,0.000000,-0.000000,-0.000000,-0.076335,-0.054779,,,,,,,,,,,,
421313,,,,,,,,,,,0.000000,0.000000,-0.000000,-0.000000,-0.076335,-0.054779,,,,,,,,,,,,
421314,,,,,,,,,,,0.000000,0.000000,-0.000000,-0.000000,-0.076335,-0.054779,,,,,,,,,,,,
421317,,,,,,,,,,,0.000000,0.000000,-0.000000,-0.000000,-0.076335,-0.054779,,,,,,,,,,,,
421322,,,,,,,,,,,0.000000,0.000000,-0.000000,-0.000000,-0.076335,-0.054779,,,,,,,,,,,,
421327,,,,,,,,,,,0.000000,0.000000,-0.000000,-0.000000,-0.076335,-0.054779,,,,,,,,,,,,
421332,,,,,,,,,,,0.000000,0.000000,-0.000000,-0.000000,-0.076335,-0.054779,,,,,,,,,,,,
421337,,,,,,,,,,,0.000000,0.000000,-0.000000,-0.000000,-0.076335,-0.054779,,,,,,,,,,,,
421342,,,,,,,,,,,0.000000,0.000000,-0.000000,-0.000000,-0.076335,-0.054779,,,,,,,,,,,,
421347,,,,,,,,,,,0.000000,0.000000,-0.000000,-0.000000,-0.076335,-0.054779,,,,,,,,,,,,
421352,,,,,,,,,,,0.000000,0.000000,-0.000000,-0.000000,-0.076335,-0.054779,,,,,,,,,,,,
421357,,,,,,,,,,,0.000000,0.000000,-0.000000,-0.000000,-0.076335,-0.054779,,,,,,,,,,,,
421362,,,,,,,,,,,0.000000,0.000000,-0.000000,-0.000000,-0.076335,-0.054779,,,,,,,,,,,,
421367,,,,,,,,,,,0.000000,0.000000,-0.000000,-0.000000,-0.076335,-0.054779,,,,,,,,,,,,
421372,,,,,,,,,,,0.000000,0.000000,-0.000000,-0.000000,-0.076335,-0.054779,,,,,,,,,,,,
421377,,,,,,,,,,,0.000000,0.000000,-0.000000,-0.000000,-0.076335,-0.054779,,,,,,,,,,,,
421382,,,,,,,,,,,0.000000,0.000000,-0.000000,-0.000000,-0.076335,-0.054779,,,,,,,,,,,,
421393,,,,,,,,,,,0.000000,0.000000,-0.000000,-0.000000,-0.076335,-0.054779,,,,,,,,,,,,
421394,,,,,,,,,,,0.000000,0.000000,-0.000000,-0.000000,-0.076335,-0.054779,,,,,,,,,,,,
421397,,,,,,,,,,,0.000000,0.000000,-0.000000,-0.000000,-0.076335,-0.054779,,,,,,,,,,,,
421402,,,,,,,,,,,0.000000,0.000000,-0.000000,-0.000000,-0.076335,-0.054779,,,,,,,,,,,,
421407,,,,,,,,,,,0.000000,0.000000,-0.000000,-0.000000,-0.076335,-0.054779,,,,,,,,,,,,
421412,,,,,,,,,,,0.000000,0.000000,-0.000000,-0.000000,-0.076335,-0.054779,,,,,,,,,,,,
421417,,,,,,,,,,,0.000000,0.000000,-0.000000,-0.000000,-0.076335,-0.054779,,,,,,,,,,,,
421422,,,,,,,,,,,0.000000,0.000000,-0.000000,-0.000000,-0.076335,-0.054779,,,,,,,,,,,,
421427,,,,,,,,,,,0.000000,0.000000,-0.000000,-0.000000,-0.076335,-0.054779,,,,,,,,,,,,
421432,,,,,,,,,,,0.000000,0.000000,-0.000000,-0.000000,-0.076335,-0.054779,,,,,,,,,,,,
421437,,,,,,,,,,,0.000000,0.000000,-0.000000,-0.000000,-0.076335,-0.054779,,,,,,,,,,,,
421442,,,,,,,,,,,0.000000,0.000000,-0.000000,-0.000000,-0.076335,-0.054779,,,,,,,,,,,,
421453,,,,,,,,,,,0.000000,0.000000,-0.000000,-0.000000,-0.076335,-0.054779,,,,,,,,,,,,
421454,,,,,,,,,,,0.000000,0.000000,-0.000000,-0.000000,-0.076335,-0.054779,,,,,,,,,,,,
421457,,,,,,,,,,,0.000000,0.000000,-0.000000,-0.000000,-0.076335,-0.054779,,,,,,,,,,,,
421462,,,,,,,,,,,0.000000,0.000000,-0.000000,-0.000000,-0.076335,-0.054779,,,,,,,,,,,,
421467,,,,,,,,,,,0.000000,0.000000,-0.000000,-0.000000,-0.076335,-0.054779,,,,,,,,,,,,
421472,,,,,,,,,,,0.000000,0.000000,-0.000000,-0.000000,-0.076335,-0.054779,,,,,,,,,,,,
421477,,,,,,,,,,,0.000000,0.000000,-0.000000,-0.000000,-0.076335,-0.054779,,,,,,,,,,,,
421482,,,,,,,,,,,0.000000,0.000000,-0.000000,-0.000000,-0.076335,-0.054779,,,,,,,,,,,,
421487,,,,,,,,,,,0.000000,0.000000,-0.000000,-0.000000,-0.076335,-0.054779,,,,,,,,,,,,
421492,,,,,,,,,,,0.000000,0.000000,-0.000000,-0.000000,-0.076335,-0.054779,,,,,,,,,,,,
421497,,,,,,,,,,,0.000000,0.000000,-0.000000,-0.000000,-0.076335,-0.054779,,,,,,,,,,,,
421502,,,,,,,,,,,0.000000,0.000000,-0.000000,-0.000000,-0.076335,-0.054779,,,,,,,,,,,,
421514,,,,,,,,,,,0.000000,0.000000,-0.000000,-0.000000,-0.076335,-0.054779,,,,,,,,,,,,
421517,,,,,,,,,,,0.000000,0.000000,-0.000000,-0.000000,-0.076335,-0.054779,,,,,,,,,,,,
421522,,,,,,,,,,,0.000000,0.000000,-0.000000,-0.000000,-0.076335,-0.054779,,,,,,,,,,,,
421527,,,,,,,,,,,0.000000,0.000000,-0.000000,-0.000000,-0.076335,-0.054779,,,,,,,,,,,,
421532,,,,,,,,,,,0.000000,0.000000,-0.000000,-0.000000,-0.076335,-0.054779,,,,,,,,,,,,
421537,,,,,,,,,,,0.000000,0.000000,-0.000000,-0.000000,-0.076335,-0.054779,,,,,,,,,,,,
421542,,,,,,,,,,,0.000000,0.000000,-0.000000,-0.000000,-0.076335,-0.054779,,,,,,,,,,,,
421547,,,,,,,,,,,0.000000,0.000000,-0.000000,-0.000000,-0.076335,-0.054779,,,,,,,,,,,,
421552,,,,,,,,,,,0.000000,0.000000,-0.000000,-0.000000,-0.076335,-0.054779,,,,,,,,,,,,
421557,,,,,,,,,,,0.000000,0.000000,-0.000000,-0.000000,-0.076335,-0.054779,,,,,,,,,,,,
421562,,,,,,,,,,,0.000000,0.000000,-0.000000,-0.000000,-0.076335,-0.054779,,,,,,,,,,,,
421567,,,,,,,,,,,0.000000,0.000000,-0.000000,-0.000000,-0.076335,-0.054779,,,,,,,,,,,,
421572,,,,,,,,,,,0.000000,0.000000,-0.000000,-0.000000,-0.076335,-0.054779,,,,,,,,,,,,
421577,,,,,,,,,,,0.000000,0.000000,-0.000000,-0.000000,-0.076335,-0.054779,,,,,,,,,,,,
421582,,,,,,,,,,,0.000000,0.000000,-0.000000,-0.000000,-0.076335,-0.054779,,,,,,,,,,,,
421593,,,,,,,,,,,0.000000,0.000000,-0.000000,-0.000000,-0.076335,-0.054779,,,,,,,,,,,,
421597,,,,,,,,,,,0.000000,0.000000,-0.000000,-0.000000,-0.076335,-0.054779,,,,,,,,,,,,
421602,,,,,,,,,,,0.000000,0.000000,-0.000000,-0.000000,-0.076335,-0.054779,,,,,,,,,,,,
421607,,,,,,,,,,,0.000000,0.000000,-0.000000,-0.000000,-0.076335,-0.054779,,,,,,,,,,,,
421612,,,,,,,,,,,0.000000,0.000000,-0.000000,-0.000000,-0.076335,-0.054779,,,,,,,,,,,,
421617,,,,,,,,,,,0.000000,0.000000,-0.000000,-0.000000,-0.076335,-0.054779,,,,,,,,,,,,
421622,,,,,,,,,,,0.000000,0.000000,-0.000000,-0.000000,-0.076335,-0.054779,,,,,,,,,,,,
421627,,,,,,,,,,,0.000000,0.000000,-0.000000,-0.000000,-0.076335,-0.054779,,,,,,,,,,,,
421632,,,,,,,,,,,0.000000,0.000000,-0.000000,-0.000000,-0.076335,-0.054779,,,,,,,,,,,,
421637,,,,,,,,,,,0.000000,0.000000,-0.000000,-0.000000,-0.076335,-0.054779,,,,,,,,,,,,
421642,,,,,,,,,,,0.000000,0.000000,-0.000000,-0.000000,-0.076335,-0.054779,,,,,,,,,,,,
421653,,,,,,,,,,,0.000000,0.000000,-0.000000,-0.000000,-0.076335,-0.054779,,,,,,,,,,,,
421657,,,,,,,,,,,0.000000,0.000000,-0.000000,-0.000000,-0.076335,-0.054779,,,,,,,,,,,,
421662,,,,,,,,,,,0.000000,0.000000,-0.000000,-0.000000,-0.076335,-0.054779,,,,,,,,,,,,
421667,,,,,,,,,,,0.000000,0.000000,-0.000000,-0.000000,-0.076335,-0.054779,,,,,,,,,,,,
421672,,,,,,,,,,,0.000000,0.000000,-0.000000,-0.000000,-0.076335,-0.054779,,,,,,,,,,,,
421677,,,,,,,,,,,0.000000,0.000000,-0.000000,-0.000000,-0.076335,-0.054779,,,,,,,,,,,,
421682,,,,,,,,,,,0.000000,0.000000,-0.000000,-0.000000,-0.076335,-0.054779,,,,,,,,,,,,
421687,,,,,,,,,,,0.000000,0.000000,-0.000000,-0.000000,-0.076335,-0.054779,,,,,,,,,,,,
421692,,,,,,,,,,,0.000000,0.000000,-0.000000,-0.000000,-0.076335,-0.054779,,,,,,,,,,,,
421697,,,,,,,,,,,0.000000,0.000000,-0.000000,-0.000000,-0.076335,-0.054779,,,,,,,,,,,,
421702,,,,,,,,,,,0.000000,0.000000,-0.000000,-0.000000,-0.076335,-0.054779,,,,,,,,,,,,
421713,,,,,,,,,,,0.000000,0.000000,-0.000000,-0.000000,-0.076335,-0.054779,,,,,,,,,,,,
421714,,,,,,,,,,,,,-0.000000,-0.000000,,,,,,,,,,,,,,
421717,,,,,,,,,,,0.000000,0.000000,-0.000000,-0.000000,-0.076335,-0.054779,,,,,,,,,,,,
421722,,,,,,,,,,,0.000000,0.000000,-0.000000,-0.000000,-0.076335,-0.054779,,,,,,,,,,,,
421727,,,,,,,,,,,0.000000,0.000000,-0.000000,-0.000000,-0.076335,-0.054779,,,,,,,,,,,,
421732,,,,,,,,,,,0.000000,0.000000,-0.000000,-0.000000,-0.076335,-0.054779,,,,,,,,,,,,
421737,,,,,,,,,,,0.000000,0.000000,-0.000000,-0.000000,-0.076335,-0.054779,,,,,,,,,,,,
421742,,,,,,,,,,,0.000000,0.000000,-0.000000,-0.000000,-0.076335,-0.054779,,,,,,,,,,,,
421747,,,,,,,,,,,0.000000,0.000000,-0.000000,-0.000000,-0.076335,-0.054779,,,,,,,,,,,,
421752,,,,,,,,,,,0.000000,0.000000,-0.000000,-0.000000,-0.076335,-0.054779,,,,,,,,,,,,
421757,,,,,,,,,,,0.000000,0.000000,-0.000000,-0.000000,-0.076335,-0.054779,,,,,,,,,,,,
421762,,,,,,,,,,,0.000000,0.000000,-0.000000,-0.000000,-0.076335,-0.054779,,,,,,,,,,,,
421773,,,,,,,,,,,0.000000,0.000000,-0.000000,-0.000000,-0.076335,-0.054779,,,,,,,,,,,,
421774,,,,,,,,,,,0.000000,0.000000,-0.000000,-0.000000,-0.076335,-0.054779,,,,,,,,,,,,
421777,,,,,,,,,,,0.000000,0.000000,-0.000000,-0.000000,-0.076335,-0.054779,,,,,,,,,,,,
421782,,,,,,,,,,,0.000000,0.000000,-0.000000,-0.000000,-0.076335,-0.054779,,,,,,,,,,,,
421787,,,,,,,,,,,0.000000,0.000000,-0.000000,-0.000000,-0.076335,-0.054779,,,,,,,,,,,,
421792,,,,,,,,,,,0.000000,0.000000,-0.000000,-0.000000,-0.076335,-0.054779,,,,,,,,,,,,
421797,,,,,,,,,,,0.000000,0.000000,-0.000000,-0.000000,-0.076335,-0.054779,,,,,,,,,,,,
421802,,,,,,,,,,,0.000000,0.000000,-0.000000,-0.000000,-0.076335,-0.054779,,,,,,,,,,,,
421807,,,,,,,,,,,0.000000,0.000000,-0.000000,-0.000000,-0.076335,-0.054779,,,,,,,,,,,,
421812,,,,,,,,,,,0.000000,0.000000,-0.000000,-0.000000,-0.076335,-0.054779,,,,,,,,,,,,
421817,,,,,,,,,,,0.000000,0.000000,-0.000000,-0.000000,-0.076335,-0.054779,,,,,,,,,,,,
421822,,,,,,,,,,,0.000000,0.000000,-0.000000,-0.000000,-0.076335,-0.054779,,,,,,,,,,,,
421827,,,,,,,,,,,0.000000,0.000000,-0.000000,-0.000000,-0.076335,-0.054779,,,,,,,,,,,,
421832,,,,,,,,,,,0.000000,0.000000,-0.000000,-0.000000,-0.076335,-0.054779,,,,,,,,,,,,
421837,,,,,,,,,,,0.000000,0.000000,-0.000000,-0.000000,-0.076335,-0.054779,,,,,,,,,,,,
421842,,,,,,,,,,,0.000000,0.000000,-0.000000,-0.000000,-0.076335,-0.054779,,,,,,,,,,,,
421853,,,,,,,,,,,0.000000,0.000000,-0.000000,-0.000000,-0.076335,-0.054779,,,,,,,,,,,,
421857,,,,,,,,,,,0.000000,0.000000,-0.000000,-0.000000,-0.076335,-0.054779,,,,,,,,,,,,
421862,,,,,,,,,,,0.000000,0.000000,-0.000000,-0.000000,-0.076335,-0.054779,,,,,,,,,,,,
421867,,,,,,,,,,,0.000000,0.000000,-0.000000,-0.000000,-0.076335,-0.054779,,,,,,,,,,,,
421872,,,,,,,,,,,0.000000,0.000000,-0.000000,-0.000000,-0.076335,-0.054779,,,,,,,,,,,,
421877,,,,,,,,,,,0.000000,0.000000,-0.000000,-0.000000,-0.076335,-0.054779,,,,,,,,,,,,
421882,,,,,,,,,,,0.000000,0.000000,-0.000000,-0.000000,-0.076335,-0.054779,,,,,,,,,,,,
421887,,,,,,,,,,,0.000000,0.000000,-0.000000,-0.000000,-0.076335,-0.054779,,,,,,,,,,,,
421892,,,,,,,,,,,0.000000,0.000000,-0.000000,-0.000000,-0.076335,-0.054779,,,,,,,,,,,,
421897,,,,,,,,,,,0.000000,0.000000,-0.000000,-0.000000,-0.076335,-0.054779,,,,,,,,,,,,
421902,,,,,,,,,,,0.000000,0.000000,-0.000000,-0.000000,-0.076335,-0.054779,,,,,,,,,,,,
421914,,,,,,,,,,,0.000000,0.000000,-0.000000,-0.000000,-0.076335,-0.054779,,,,,,,,,,,,
421917,,,,,,,,,,,0.000000,0.000000,-0.000000,-0.000000,-0.076335,-0.054779,,,,,,,,,,,,
421922,,,,,,,,,,,0.000000,0.000000,-0.000000,-0.000000,-0.076335,-0.054779,,,,,,,,,,,,
421927,,,,,,,,,,,0.000000,0.000000,-0.000000,-0.000000,-0.076335,-0.054779,,,,,,,,,,,,
421932,,,,,,,,,,,0.000000,0.000000,-0.000000,-0.000000,-0.076335,-0.054779,,,,,,,,,,,,
421937,,,,,,,,,,,0.000000,0.000000,-0.000000,-0.000000,-0.076335,-0.054779,,,,,,,,,,,,
421942,,,,,,,,,,,0.000000,0.000000,-0.000000,-0.000000,-0.076335,-0.054779,,,,,,,,,,,,
421947,,,,,,,,,,,0.000000,0.000000,-0.000000,-0.000000,-0.076335,-0.054779,,,,,,,,,,,,
421952,,,,,,,,,,,0.000000,0.000000,-0.000000,-0.000000,-0.076335,-0.054779,,,,,,,,,,,,
421957,,,,,,,,,,,0.000000,0.000000,-0.000000,-0.000000,-0.076335,-0.054779,,,,,,,,,,,,
421962,,,,,,,,,,,0.000000,0.000000,-0.000000,-0.000000,-0.076335,-0.054779,,,,,,,,,,,,
421974,,,,,,,,,,,0.000000,0.000000,-0.000000,-0.000000,-0.076335,-0.054779,,,,,,,,,,,,
421977,,,,,,,,,,,0.000000,0.000000,-0.000000,-0.000000,-0.076335,-0.054779,,,,,,,,,,,,
421982,,,,,,,,,,,0.000000,0.000000,-0.000000,-0.000000,-0.076335,-0.054779,,,,,,,,,,,,
421987,,,,,,,,,,,0.000000,0.000000,-0.000000,-0.000000,-0.076335,-0.054779,,,,,,,,,,,,
421992,,,,,,,,,,,0.000000,0.000000,-0.000000,-0.000000,-0.076335,-0.054779,,,,,,,,,,,,
421997,,,,,,,,,,,0.000000,0.000000,-0.000000,-0.000000,-0.076335,-0.054779,,,,,,,,,,,,
422002,,,,,,,,,,,0.000000,0.000000,-0.000000,-0.000000,-0.076335,-0.054779,,,,,,,,,,,,
422007,,,,,,,,,,,0.000000,0.000000,-0.000000,-0.000000,-0.076335,-0.054779,,,,,,,,,,,,
422012,,,,,,,,,,,0.000000,0.000000,-0.000000,-0.000000,-0.076335,-0.054779,,,,,,,,,,,,
422017,,,,,,,,,,,0.000000,0.000000,-0.000000,-0.000000,-0.076335,-0.054779,,,,,,,,,,,,
422022,,,,,,,,,,,0.000000,0.000000,-0.000000,-0.000000,-0.076335,-0.054779,,,,,,,,,,,,
422027,,,,,,,,,,,0.000000,0.000000,-0.000000,-0.000000,-0.076335,-0.054779,,,,,,,,,,,,
422032,,,,,,,,,,,0.000000,0.000000,-0.000000,-0.000000,-0.076335,-0.054779,,,,,,,,,,,,
422037,,,,,,,,,,,0.000000,0.000000,-0.000000,-0.000000,-0.076335,-0.054779,,,,,,,,,,,,
422042,,,,,,,,,,,0.000000,0.000000,-0.000000,-0.000000,-0.076335,-0.054779,,,,,,,,,,,,
422054,,,,,,,,,,,0.000000,0.000000,-0.000000,-0.000000,-0.076335,-0.054779,,,,,,,,,,,,
422057,,,,,,,,,,,0.000000,0.000000,-0.000000,-0.000000,-0.076335,-0.054779,,,,,,,,,,,,
422062,,,,,,,,,,,0.000000,0.000000,-0.000000,-0.000000,-0.076335,-0.054779,,,,,,,,,,,,
422067,,,,,,,,,,,0.000000,0.000000,-0.000000,-0.000000,-0.076335,-0.054779,,,,,,,,,,,,
422072,,,,,,,,,,,0.000000,0.000000,-0.000000,-0.000000,-0.076335,-0.054779,,,,,,,,,,,,
422077,,,,,,,,,,,0.000000,0.000000,-0.000000,-0.000000,-0.076335,-0.054779,,,,,,,,,,,,
422082,,,,,,,,,,,0.000000,0.000000,-0.000000,-0.000000,-0.076335,-0.054779,,,,,,,,,,,,
422087,,,,,,,,,,,0.000000,0.000000,-0.000000,-0.000000,-0.076335,-0.054779,,,,,,,,,,,,
422092,,,,,,,,,,,0.000000,0.000000,-0.000000,-0.000000,-0.076335,-0.054779,,,,,,,,,,,,
422097,,,,,,,,,,,0.000000,0.000000,-0.000000,-0.000000,-0.076335,-0.054779,,,,,,,,,,,,
422102,,,,,,,,,,,0.000000,0.000000,-0.000000,-0.000000,-0.076335,-0.054779,,,,,,,,,,,,
422113,,,,,,,,,,,0.000000,0.000000,-0.000000,-0.000000,-0.076335,-0.054779,,,,,,,,,,,,
422117,,,,,,,,,,,0.000000,0.000000,-0.000000,-0.000000,-0.076335,-0.054779,,,,,,,,,,,,
422122,,,,,,,,,,,0.000000,0.000000,-0.000000,-0.000000,-0.076335,-0.054779,,,,,,,,,,,,
422127,,,,,,,,,,,0.000000,0.000000,-0.000000,-0.000000,-0.076335,-0.054779,,,,,,,,,,,,
422132,,,,,,,,,,,0.000000,0.000000,-0.000000,-0.000000,-0.076335,-0.054779,,,,,,,,,,,,
422137,,,,,,,,,,,0.000000,0.000000,-0.000000,-0.000000,-0.076335,-0.054779,,,,,,,,,,,,
422142,,,,,,,,,,,0.000000,0.000000,-0.000000,-0.000000,-0.076335,-0.054779,,,,,,,,,,,,
422147,,,,,,,,,,,0.000000,0.000000,-0.000000,-0.000000,-0.076335,-0.054779,,,,,,,,,,,,
422152,,,,,,,,,,,0.000000,0.000000,-0.000000,-0.000000,-0.076335,-0.054779,,,,,,,,,,,,
422157,,,,,,,,,,,0.000000,0.000000,-0.000000,-0.000000,-0.076335,-0.054779,,,,,,,,,,,,
422162,,,,,,,,,,,0.000000,0.000000,-0.000000,-0.000000,-0.076335,-0.054779,,,,,,,,,,,,
422186,,,,,,,,,,,0.000000,0.000000,-0.000000,-0.000000,-0.076335,-0.054779,,,,,,,,,,,,
422187,,,,,,,,,,,0.000000,0.000000,-0.000000,-0.000000,-0.076335,-0.054779,,,,,,,,,,,,
422192,,,,,,,,,,,0.000000,0.000000,-0.000000,-0.000000,-0.076335,-0.054779,,,,,,,,,,,,
422197,,,,,,,,,,,0.000000,0.000000,-0.000000,-0.000000,-0.076335,-0.054779,,,,,,,,,,,,
422202,,,,,,,,,,,0.000000,0.000000,-0.000000,-0.000000,-0.076335,-0.054779,,,,,,,,,,,,
422207,,,,,,,,,,,0.000000,0.000000,-0.000000,-0.000000,-0.076335,-0.054779,,,,,,,,,,,,
422212,,,,,,,,,,,0.000000,0.000000,-0.000000,-0.000000,-0.076335,-0.054779,,,,,,,,,,,,
422217,,,,,,,,,,,0.000000,0.000000,-0.000000,-0.000000,-0.076335,-0.054779,,,,,,,,,,,,
422222,,,,,,,,,,,0.000000,0.000000,-0.000000,-0.000000,-0.076335,-0.054779,,,,,,,,,,,,
422237,,,,,,,,,,,0.000000,0.000000,,,,,,,,,,,,,,,,
422238,,,,,,,,,,,0.000000,0.000000,-0.000000,-0.000000,-0.076335,-0.054779,,,,,,,,,,,,
422242,,,,,,,,,,,0.000000,0.000000,-0.000000,-0.000000,-0.076335,-0.054779,,,,,,,,,,,,
422247,,,,,,,,,,,0.000000,0.000000,-0.000000,-0.000000,-0.076335,-0.054779,,,,,,,,,,,,
422252,,,,,,,,,,,0.000000,0.000000,-0.000000,-0.000000,-0.076335,-0.054779,,,,,,,,,,,,
422257,,,,,,,,,,,0.000000,0.000000,-0.000000,-0.000000,-0.076335,-0.054779,,,,,,,,,,,,
422262,,,,,,,,,,,0.000000,0.000000,-0.000000,-0.000000,-0.076335,-0.054779,,,,,,,,,,,,
422267,,,,,,,,,,,0.000000,0.000000,-0.000000,-0.000000,-0.076335,-0.054779,,,,,,,,,,,,
422272,,,,,,,,,,,0.000000,0.000000,-0.000000,-0.000000,-0.076335,-0.054779,,,,,,,,,,,,
422277,,,,,,,,,,,0.000000,0.000000,-0.000000,-0.000000,-0.076335,-0.054779,,,,,,,,,,,,
422282,,,,,,,,,,,0.000000,0.000000,-0.000000,-0.000000,-0.076335,-0.054779,,,,,,,,,,,,
422287,,,,,,,,,,,0.000000,0.000000,-0.000000,-0.000000,-0.076335,-0.054779,,,,,,,,,,,,
422292,,,,,,,,,,,0.000000,0.000000,-0.000000,-0.000000,-0.076335,-0.054779,,,,,,,,,,,,
422297,,,,,,,,,,,0.000000,0.000000,-0.000000,-0.000000,-0.076335,-0.054779,,,,,,,,,,,,
422302,,,,,,,,,,,0.000000,0.000000,-0.000000,-0.000000,-0.076335,-0.054779,,,,,,,,,,,,
422311,,,,,,,,,,,0.000000,0.000000,-0.000000,-0.000000,-0.076335,-0.054779,,,,,,,,,,,,
422312,,,,,,,,,,,0.000000,0.000000,-0.000000,-0.000000,-0.076335,-0.054779,,,,,,,,,,,,
422317,,,,,,,,,,,0.000000,0.000000,-0.000000,-0.000000,-0.076335,-0.054779,,,,,,,,,,,,
422322,,,,,,,,,,,0.000000,0.000000,-0.000000,-0.000000,-0.076335,-0.054779,,,,,,,,,,,,
422327,,,,,,,,,,,0.000000,0.000000,-0.000000,-0.000000,-0.076335,-0.054779,,,,,,,,,,,,
422332,,,,,,,,,,,0.000000,0.000000,-0.000000,-0.000000,-0.076335,-0.054779,,,,,,,,,,,,
422337,,,,,,,,,,,0.000000,0.000000,-0.000000,-0.000000,-0.076335,-0.054779,,,,,,,,,,,,
422342,,,,,,,,,,,0.000000,0.000000,-0.000000,-0.000000,-0.076335,-0.054779,,,,,,,,,,,,
422347,,,,,,,,,,,0.000000,0.000000,-0.000000,-0.000000,-0.076335,-0.054779,,,,,,,,,,,,
422352,,,,,,,,,,,0.000000,0.000000,-0.000000,-0.000000,-0.076335,-0.054779,,,,,,,,,,,,
422357,,,,,,,,,,,0.000000,0.000000,-0.000000,-0.000000,-0.076335,-0.054779,,,,,,,,,,,,
422362,,,,,,,,,,,0.000000,0.000000,-0.000000,-0.000000,-0.076335,-0.054779,,,,,,,,,,,,
422373,,,,,,,,,,,0.000000,0.000000,-0.000000,-0.000000,-0.076335,-0.054779,,,,,,,,,,,,
422374,,,,,,,,,,,0.000000,0.000000,-0.000000,-0.000000,-0.076335,-0.054779,,,,,,,,,,,,
422377,,,,,,,,,,,0.000000,0.000000,-0.000000,-0.000000,-0.076335,-0.054779,,,,,,,,,,,,
422382,,,,,,,,,,,0.000000,0.000000,-0.000000,-0.000000,-0.076335,-0.054779,,,,,,,,,,,,
422387,,,,,,,,,,,0.000000,0.000000,-0.000000,-0.000000,-0.076335,-0.054779,,,,,,,,,,,,
422392,,,,,,,,,,,0.000000,0.000000,-0.000000,-0.000000,-0.076335,-0.054779,,,,,,,,,,,,
422397,,,,,,,,,,,0.000000,0.000000,-0.000000,-0.000000,-0.076335,-0.054779,,,,,,,,,,,,
422402,,,,,,,,,,,0.000000,0.000000,-0.000000,-0.000000,-0.076335,-0.054779,,,,,,,,,,,,
422407,,,,,,,,,,,0.000000,0.000000,-0.000000,-0.000000,-0.076335,-0.054779,,,,,,,,,,,,
422412,,,,,,,,,,,0.000000,0.000000,-0.000000,-0.000000,-0.076335,-0.054779,,,,,,,,,,,,
422417,,,,,,,,,,,0.000000,0.000000,-0.000000,-0.000000,-0.076335,-0.054779,,,,,,,,,,,,
422422,,,,,,,,,,,0.000000,0.000000,-0.000000,-0.000000,-0.076335,-0.054779,,,,,,,,,,,,
422433,,,,,,,,,,,0.000000,0.000000,-0.000000,-0.000000,-0.076335,-0.054779,,,,,,,,,,,,
422434,,,,,,,,,,,0.000000,0.000000,-0.000000,-0.000000,-0.076335,-0.054779,,,,,,,,,,,,
422437,,,,,,,,,,,0.000000,0.000000,-0.000000,-0.000000,-0.076335,-0.054779,,,,,,,,,,,,
422442,,,,,,,,,,,0.000000,0.000000,-0.000000,-0.000000,-0.076335,-0.054779,,,,,,,,,,,,
422447,,,,,,,,,,,0.000000,0.000000,-0.000000,-0.000000,-0.076335,-0.054779,,,,,,,,,,,,
422452,,,,,,,,,,,0.000000,0.000000,-0.000000,-0.000000,-0.076335,-0.054779,,,,,,,,,,,,
422457,,,,,,,,,,,0.000000,0.000000,-0.000000,-0.000000,-0.076335,-0.054779,,,,,,,,,,,,
422462,,,,,,,,,,,0.000000,0.000000,-0.000000,-0.000000,-0.076335,-0.054779,,,,,,,,,,,,
422467,,,,,,,,,,,0.000000,0.000000,-0.000000,-0.000000,-0.076335,-0.054779,,,,,,,,,,,,
422472,,,,,,,,,,,0.000000,0.000000,-0.000000,-0.000000,-0.076335,-0.054779,,,,,,,,,,,,
422477,,,,,,,,,,,0.000000,0.000000,-0.000000,-0.000000,-0.076335,-0.054779,,,,,,,,,,,,
422482,,,,,,,,,,,0.000000,0.000000,-0.000000,-0.000000,-0.076335,-0.054779,,,,,,,,,,,,
422493,,,,,,,,,,,0.000000,0.000000,,,,,,,,,,,,,,,,
422494,,,,,,,,,,,0.000000,0.000000,-0.000000,-0.000000,-0.076335,-0.054779,,,,,,,,,,,,
422497,,,,,,,,,,,0.000000,0.000000,-0.000000,-0.000000,-0.076335,-0.054779,,,,,,,,,,,,
422502,,,,,,,,,,,0.000000,0.000000,-0.000000,-0.000000,-0.076335,-0.054779,,,,,,,,,,,,
422507,,,,,,,,,,,0.000000,0.000000,-0.000000,-0.000000,-0.076335,-0.054779,,,,,,,,,,,,
422512,,,,,,,,,,,0.000000,0.000000,-0.000000,-0.000000,-0.076335,-0.054779,,,,,,,,,,,,
422517,,,,,,,,,,,0.000000,0.000000,-0.000000,-0.000000,-0.076335,-0.054779,,,,,,,,,,,,
422522,,,,,,,,,,,0.000000,0.000000,-0.000000,-0.000000,-0.076335,-0.054779,,,,,,,,,,,,
422527,,,,,,,,,,,0.000000,0.000000,-0.000000,-0.000000,-0.076335,-0.054779,,,,,,,,,,,,
422532,,,,,,,,,,,0.000000,0.000000,-0.000000,-0.000000,-0.076335,-0.054779,,,,,,,,,,,,
422537,,,,,,,,,,,0.000000,0.000000,-0.000000,-0.000000,-0.076335,-0.054779,,,,,,,,,,,,
422542,,,,,,,,,,,0.000000,0.000000,-0.000000,-0.000000,-0.076335,-0.054779,,,,,,,,,,,,
422547,,,,,,,,,,,0.000000,0.000000,-0.000000,-0.000000,-0.076335,-0.054779,,,,,,,,,,,,
422552,,,,,,,,,,,0.000000,0.000000,-0.000000,-0.000000,-0.076335,-0.054779,,,,,,,,,,,,
422557,,,,,,,,,,,0.000000,0.000000,-0.000000,-0.000000,-0.076335,-0.054779,,,,,,,,,,,,
422562,,,,,,,,,,,0.000000,0.000000,-0.000000,-0.000000,-0.076335,-0.054779,,,,,,,,,,,,
422573,,,,,,,,,,,0.000000,0.000000,,,-0.076335,-0.054779,,,,,,,,,,,,
422574,,,,,,,,,,,0.000000,0.000000,-0.000000,-0.000000,-0.076335,-0.054779,,,,,,,,,,,,
422577,,,,,,,,,,,0.000000,0.000000,-0.000000,-0.000000,-0.076335,-0.054779,,,,,,,,,,,,
422582,,,,,,,,,,,0.000000,0.000000,-0.000000,-0.000000,-0.076335,-0.054779,,,,,,,,,,,,
422587,,,,,,,,,,,0.000000,0.000000,-0.000000,-0.000000,-0.076335,-0.054779,,,,,,,,,,,,
422592,,,,,,,,,,,0.000000,0.000000,-0.000000,-0.000000,-0.076335,-0.054779,,,,,,,,,,,,
422597,,,,,,,,,,,0.000000,0.000000,-0.000000,-0.000000,-0.076335,-0.054779,,,,,,,,,,,,
422602,,,,,,,,,,,0.000000,0.000000,-0.000000,-0.000000,-0.076335,-0.054779,,,,,,,,,,,,
422607,,,,,,,,,,,0.000000,0.000000,-0.000000,-0.000000,-0.076335,-0.054779,,,,,,,,,,,,
422612,,,,,,,,,,,0.000000,0.000000,-0.000000,-0.000000,-0.076335,-0.054779,,,,,,,,,,,,
422617,,,,,,,,,,,0.000000,0.000000,-0.000000,-0.000000,-0.076335,-0.054779,,,,,,,,,,,,
422622,,,,,,,,,,,0.000000,0.000000,-0.000000,-0.000000,-0.076335,-0.054779,,,,,,,,,,,,
422633,,,,,,,,,,,0.000000,0.000000,,,-0.076335,-0.054779,,,,,,,,,,,,
422634,,,,,,,,,,,0.000000,0.000000,-0.000000,-0.000000,-0.076335,-0.054779,,,,,,,,,,,,
422637,,,,,,,,,,,0.000000,0.000000,-0.000000,-0.000000,-0.076335,-0.054779,,,,,,,,,,,,
422642,,,,,,,,,,,0.000000,0.000000,-0.000000,-0.000000,-0.076335,-0.054779,,,,,,,,,,,,
422647,,,,,,,,,,,0.000000,0.000000,-0.000000,-0.000000,-0.076335,-0.054779,,,,,,,,,,,,
422652,,,,,,,,,,,0.000000,0.000000,-0.000000,-0.000000,-0.076335,-0.054779,,,,,,,,,,,,
422657,,,,,,,,,,,0.000000,0.000000,-0.000000,-0.000000,-0.076335,-0.054779,,,,,,,,,,,,
422662,,,,,,,,,,,0.000000,0.000000,-0.000000,-0.000000,-0.076335,-0.054779,,,,,,,,,,,,
422667,,,,,,,,,,,0.000000,0.000000,-0.000000,-0.000000,-0.076335,-0.054779,,,,,,,,,,,,
422672,,,,,,,,,,,0.000000,0.000000,-0.000000,-0.000000,-0.076335,-0.054779,,,,,,,,,,,,
422677,,,,,,,,,,,0.000000,0.000000,-0.000000,-0.000000,-0.076335,-0.054779,,,,,,,,,,,,
422682,,,,,,,,,,,0.000000,0.000000,-0.000000,-0.000000,-0.076335,-0.054779,,,,,,,,,,,,
422693,,,,,,,,,,,0.000000,0.000000,-0.000000,-0.000000,-0.076335,-0.054779,,,,,,,,,,,,
422697,,,,,,,,,,,0.000000,0.000000,-0.000000,-0.000000,-0.076335,-0.054779,,,,,,,,,,,,
422702,,,,,,,,,,,0.000000,0.000000,-0.000000,-0.000000,-0.076335,-0.054779,,,,,,,,,,,,
422707,,,,,,,,,,,0.000000,0.000000,-0.000000,-0.000000,-0.076335,-0.054779,,,,,,,,,,,,
422712,,,,,,,,,,,0.000000,0.000000,-0.000000,-0.000000,-0.076335,-0.054779,,,,,,,,,,,,
422717,,,,,,,,,,,0.000000,0.000000,-0.000000,-0.000000,-0.076335,-0.054779,,,,,,,,,,,,
422722,,,,,,,,,,,0.000000,0.000000,-0.000000,-0.000000,-0.076335,-0.054779,,,,,,,,,,,,
422727,,,,,,,,,,,0.000000,0.000000,-0.000000,-0.000000,-0.076335,-0.054779,,,,,,,,,,,,
422732,,,,,,,,,,,0.000000,0.000000,-0.000000,-0.000000,-0.076335,-0.054779,,,,,,,,,,,,
422737,,,,,,,,,,,0.000000,0.000000,-0.000000,-0.000000,-0.076335,-0.054779,,,,,,,,,,,,
422742,,,,,,,,,,,0.000000,0.000000,-0.000000,-0.000000,-0.076335,-0.054779,,,,,,,,,,,,
422747,,,,,,,,,,,0.000000,0.000000,-0.000000,-0.000000,-0.076335,-0.054779,,,,,,,,,,,,
422752,,,,,,,,,,,0.000000,0.000000,-0.000000,-0.000000,-0.076335,-0.054779,,,,,,,,,,,,
422757,,,,,,,,,,,0.000000,0.000000,-0.000000,-0.000000,-0.076335,-0.054779,,,,,,,,,,,,
422762,,,,,,,,,,,0.000000,0.000000,-0.000000,-0.000000,-0.076335,-0.054779,,,,,,,,,,,,
422773,,,,,,,,,,,0.000000,0.000000,-0.000000,-0.000000,-0.076335,-0.054779,,,,,,,,,,,,
422777,,,,,,,,,,,0.000000,0.000000,-0.000000,-0.000000,-0.076335,-0.054779,,,,,,,,,,,,
422782,,,,,,,,,,,0.000000,0.000000,-0.000000,-0.000000,-0.076335,-0.054779,,,,,,,,,,,,
422787,,,,,,,,,,,0.000000,0.000000,-0.000000,-0.000000,-0.076335,-0.054779,,,,,,,,,,,,
422792,,,,,,,,,,,0.000000,0.000000,-0.000000,-0.000000,-0.076335,-0.054779,,,,,,,,,,,,
422797,,,,,,,,,,,0.000000,0.000000,-0.000000,-0.000000,-0.076335,-0.054779,,,,,,,,,,,,
422802,,,,,,,,,,,0.000000,0.000000,-0.000000,-0.000000,-0.076335,-0.054779,,,,,,,,,,,,
422807,,,,,,,,,,,0.000000,0.000000,-0.000000,-0.000000,-0.076335,-0.054779,,,,,,,,,,,,
422812,,,,,,,,,,,0.000000,0.000000,-0.000000,-0.000000,-0.076335,-0.054779,,,,,,,,,,,,
422817,,,,,,,,,,,0.000000,0.000000,-0.000000,-0.000000,-0.076335,-0.054779,,,,,,,,,,,,
422822,,,,,,,,,,,0.000000,0.000000,-0.000000,-0.000000,-0.076335,-0.054779,,,,,,,,,,,,
422834,,,,,,,,,,,0.000000,0.000000,-0.000000,-0.000000,-0.076335,-0.054779,,,,,,,,,,,,
422837,,,,,,,,,,,0.000000,0.000000,-0.000000,-0.000000,-0.076335,-0.054779,,,,,,,,,,,,
422842,,,,,,,,,,,0.000000,0.000000,-0.000000,-0.000000,-0.076335,-0.054779,,,,,,,,,,,,
422847,,,,,,,,,,,0.000000,0.000000,-0.000000,-0.000000,-0.076335,-0.054779,,,,,,,,,,,,
422852,,,,,,,,,,,0.000000,0.000000,-0.000000,-0.000000,-0.076335,-0.054779,,,,,,,,,,,,
422857,,,,,,,,,,,0.000000,0.000000,-0.000000,-0.000000,-0.076335,-0.054779,,,,,,,,,,,,
422862,,,,,,,,,,,0.000000,0.000000,-0.000000,-0.000000,-0.076335,-0.054779,,,,,,,,,,,,
422867,,,,,,,,,,,0.000000,0.000000,-0.000000,-0.000000,-0.076335,-0.054779,,,,,,,,,,,,
422872,,,,,,,,,,,0.000000,0.000000,-0.000000,-0.000000,-0.076335,-0.054779,,,,,,,,,,,,
422877,,,,,,,,,,,0.000000,0.000000,-0.000000,-0.000000,-0.076335,-0.054779,,,,,,,,,,,,
422882,,,,,,,,,,,0.000000,0.000000,-0.000000,-0.000000,-0.076335,-0.054779,,,,,,,,,,,,
422894,,,,,,,,,,,0.000000,0.000000,-0.000000,-0.000000,-0.076335,-0.054779,,,,,,,,,,,,
422897,,,,,,,,,,,0.000000,0.000000,-0.000000,-0.000000,-0.076335,-0.054779,,,,,,,,,,,,
422902,,,,,,,,,,,0.000000,0.000000,-0.000000,-0.000000,-0.076335,-0.054779,,,,,,,,,,,,
422907,,,,,,,,,,,0.000000,0.000000,-0.000000,-0.000000,-0.076335,-0.054779,,,,,,,,,,,,
422912,,,,,,,,,,,0.000000,0.000000,-0.000000,-0.000000,-0.076335,-0.054779,,,,,,,,,,,,
422917,,,,,,,,,,,0.000000,0.000000,-0.000000,-0.000000,-0.076335,-0.054779,,,,,,,,,,,,
422922,,,,,,,,,,,0.000000,0.000000,-0.000000,-0.000000,-0.076335,-0.054779,,,,,,,,,,,,
422927,,,,,,,,,,,0.000000,0.000000,-0.000000,-0.000000,-0.076335,-0.054779,,,,,,,,,,,,
422932,,,,,,,,,,,0.000000,0.000000,-0.000000,-0.000000,-0.076335,-0.054779,,,,,,,,,,,,
422937,,,,,,,,,,,0.000000,0.000000,-0.000000,-0.000000,-0.076335,-0.054779,,,,,,,,,,,,
422942,,,,,,,,,,,0.000000,0.000000,-0.000000,-0.000000,-0.076335,-0.054779,,,,,,,,,,,,
422954,,,,,,,,,,,0.000000,0.000000,-0.000000,-0.000000,-0.076335,-0.054779,,,,,,,,,,,,
422957,,,,,,,,,,,0.000000,0.000000,-0.000000,-0.000000,-0.076335,-0.054779,,,,,,,,,,,,
422962,,,,,,,,,,,0.000000,0.000000,-0.000000,-0.000000,-0.076335,-0.054779,,,,,,,,,,,,
422967,,,,,,,,,,,0.000000,0.000000,-0.000000,-0.000000,-0.076335,-0.054779,,,,,,,,,,,,
422972,,,,,,,,,,,0.000000,0.000000,-0.000000,-0.000000,-0.076335,-0.054779,,,,,,,,,,,,
422977,,,,,,,,,,,0.000000,0.000000,-0.000000,-0.000000,-0.076335,-0.054779,,,,,,,,,,,,
422982,,,,,,,,,,,0.000000,0.000000,-0.000000,-0.000000,-0.076335,-0.054779,,,,,,,,,,,,
422987,,,,,,,,,,,0.000000,0.000000,-0.000000,-0.000000,-0.076335,-0.054779,,,,,,,,,,,,
422992,,,,,,,,,,,0.000000,0.000000,-0.000000,-0.000000,-0.076335,-0.054779,,,,,,,,,,,,
422997,,,,,,,,,,,0.000000,0.000000,-0.000000,-0.000000,-0.076335,-0.054779,,,,,,,,,,,,
423002,,,,,,,,,,,0.000000,0.000000,-0.000000,-0.000000,-0.076335,-0.054779,,,,,,,,,,,,
423007,,,,,,,,,,,0.000000,0.000000,-0.000000,-0.000000,-0.076335,-0.054779,,,,,,,,,,,,
423012,,,,,,,,,,,0.000000,0.000000,-0.000000,-0.000000,-0.076335,-0.054779,,,,,,,,,,,,
423017,,,,,,,,,,,0.000000,0.000000,-0.000000,-0.000000,-0.076335,-0.054779,,,,,,,,,,,,
423022,,,,,,,,,,,0.000000,0.000000,-0.000000,-0.000000,-0.076335,-0.054779,,,,,,,,,,,,
423034,,,,,,,,,,,0.000000,0.000000,-0.000000,-0.000000,-0.076335,-0.054779,,,,,,,,,,,,
423037,,,,,,,,,,,0.000000,0.000000,-0.000000,-0.000000,-0.076335,-0.054779,,,,,,,,,,,,
423042,,,,,,,,,,,0.000000,0.000000,-0.000000,-0.000000,-0.076335,-0.054779,,,,,,,,,,,,
423047,,,,,,,,,,,0.000000,0.000000,-0.000000,-0.000000,-0.076335,-0.054779,,,,,,,,,,,,
423052,,,,,,,,,,,0.000000,0.000000,-0.000000,-0.000000,-0.076335,-0.054779,,,,,,,,,,,,
423057,,,,,,,,,,,0.000000,0.000000,-0.000000,-0.000000,-0.076335,-0.054779,,,,,,,,,,,,
423062,,,,,,,,,,,0.000000,0.000000,-0.000000,-0.000000,-0.076335,-0.054779,,,,,,,,,,,,
423067,,,,,,,,,,,0.000000,0.000000,-0.000000,-0.000000,-0.076335,-0.054779,,,,,,,,,,,,
423072,,,,,,,,,,,0.000000,0.000000,-0.000000,-0.000000,-0.076335,-0.054779,,,,,,,,,,,,
423077,,,,,,,,,,,0.000000,0.000000,-0.000000,-0.000000,-0.076335,-0.054779,,,,,,,,,,,,
423082,,,,,,,,,,,0.000000,0.000000,-0.000000,-0.000000,-0.076335,-0.054779,,,,,,,,,,,,
423094,,,,,,,,,,,0.000000,0.000000,-0.000000,-0.000000,-0.076335,-0.054779,,,,,,,,,,,,
423097,,,,,,,,,,,0.000000,0.000000,-0.000000,-0.000000,-0.076335,-0.054779,,,,,,,,,,,,
423102,,,,,,,,,,,0.000000,0.000000,-0.000000,-0.000000,-0.076335,-0.054779,,,,,,,,,,,,
423107,,,,,,,,,,,0.000000,0.000000,-0.000000,-0.000000,-0.076335,-0.054779,,,,,,,,,,,,
423112,,,,,,,,,,,0.000000,0.000000,-0.000000,-0.000000,-0.076335,-0.054779,,,,,,,,,,,,
423117,,,,,,,,,,,0.000000,0.000000,-0.000000,-0.000000,-0.076335,-0.054779,,,,,,,,,,,,
423122,,,,,,,,,,,0.000000,0.000000,-0.000000,-0.000000,-0.076335,-0.054779,,,,,,,,,,,,
423127,,,,,,,,,,,0.000000,0.000000,-0.000000,-0.000000,-0.076335,-0.054779,,,,,,,,,,,,
423132,,,,,,,,,,,0.000000,0.000000,-0.000000,-0.000000,-0.076335,-0.054779,,,,,,,,,,,,
423137,,,,,,,,,,,0.000000,0.000000,-0.000000,-0.000000,-0.076335,-0.054779,,,,,,,,,,,,
423142,,,,,,,,,,,0.000000,0.000000,-0.000000,-0.000000,-0.076335,-0.054779,,,,,,,,,,,,
423153,,,,,,,,,,,0.000000,0.000000,-0.000000,-0.000000,-0.076335,-0.054779,,,,,,,,,,,,
423157,,,,,,,,,,,0.000000,0.000000,-0.000000,-0.000000,-0.076335,-0.054779,,,,,,,,,,,,
423162,,,,,,,,,,,0.000000,0.000000,-0.000000,-0.000000,-0.076335,-0.054779,,,,,,,,,,,,
423167,,,,,,,,,,,0.000000,0.000000,-0.000000,-0.000000,-0.076335,-0.054779,,,,,,,,,,,,
423172,,,,,,,,,,,0.000000,0.000000,-0.000000,-0.000000,-0.076335,-0.054779,,,,,,,,,,,,
423177,,,,,,,,,,,0.000000,0.000000,-0.000000,-0.000000,-0.076335,-0.054779,,,,,,,,,,,,
423182,,,,,,,,,,,0.000000,0.000000,-0.000000,-0.000000,-0.076335,-0.054779,,,,,,,,,,,,
423187,,,,,,,,,,,0.000000,0.000000,-0.000000,-0.000000,-0.076335,-0.054779,,,,,,,,,,,,
423192,,,,,,,,,,,0.000000,0.000000,-0.000000,-0.000000,-0.076335,-0.054779,,,,,,,,,,,,
423197,,,,,,,,,,,0.000000,0.000000,-0.000000,-0.000000,-0.076335,-0.054779,,,,,,,,,,,,
423202,,,,,,,,,,,0.000000,0.000000,-0.000000,-0.000000,-0.076335,-0.054779,,,,,,,,,,,,
423207,,,,,,,,,,,0.000000,0.000000,-0.000000,-0.000000,-0.076335,-0.054779,,,,,,,,,,,,
423212,,,,,,,,,,,0.000000,0.000000,-0.000000,-0.000000,-0.076335,-0.054779,,,,,,,,,,,,
423217,,,,,,,,,,,0.000000,0.000000,-0.000000,-0.000000,-0.076335,-0.054779,,,,,,,,,,,,
423222,,,,,,,,,,,0.000000,0.000000,-0.000000,-0.000000,-0.076335,-0.054779,,,,,,,,,,,,
423233,,,,,,,,,,,0.000000,0.000000,-0.000000,-0.000000,-0.076335,-0.054779,,,,,,,,,,,,
423237,,,,,,,,,,,0.000000,0.000000,-0.000000,-0.000000,-0.076335,-0.054779,,,,,,,,,,,,
423242,,,,,,,,,,,0.000000,0.000000,-0.000000,-0.000000,-0.076335,-0.054779,,,,,,,,,,,,
423247,,,,,,,,,,,0.000000,0.000000,-0.000000,-0.000000,-0.076335,-0.054779,,,,,,,,,,,,
423252,,,,,,,,,,,0.000000,0.000000,-0.000000,-0.000000,-0.076335,-0.054779,,,,,,,,,,,,
423257,,,,,,,,,,,0.000000,0.000000,-0.000000,-0.000000,-0.076335,-0.054779,,,,,,,,,,,,
423262,,,,,,,,,,,0.000000,0.000000,-0.000000,-0.000000,-0.076335,-0.054779,,,,,,,,,,,,
423267,,,,,,,,,,,0.000000,0.000000,-0.000000,-0.000000,-0.076335,-0.054779,,,,,,,,,,,,
423272,,,,,,,,,,,0.000000,0.000000,-0.000000,-0.000000,-0.076335,-0.054779,,,,,,,,,,,,
423277,,,,,,,,,,,0.000000,0.000000,-0.000000,-0.000000,-0.076335,-0.054779,,,,,,,,,,,,
423282,,,,,,,,,,,0.000000,0.000000,-0.000000,-0.000000,-0.076335,-0.054779,,,,,,,,,,,,
423293,,,,,,,,,,,0.000000,0.000000,-0.000000,-0.000000,-0.076335,-0.054779,,,,,,,,,,,,
423294,,,,,,,,,,,0.000000,0.000000,-0.000000,-0.000000,-0.076335,-0.054779,,,,,,,,,,,,
423297,,,,,,,,,,,0.000000,0.000000,-0.000000,-0.000000,-0.076335,-0.054779,,,,,,,,,,,,
423302,,,,,,,,,,,0.000000,0.000000,-0.000000,-0.000000,-0.076335,-0.054779,,,,,,,,,,,,
423307,,,,,,,,,,,0.000000,0.000000,-0.000000,-0.000000,-0.076335,-0.054779,,,,,,,,,,,,
423312,,,,,,,,,,,0.000000,0.000000,-0.000000,-0.000000,-0.076335,-0.054779,,,,,,,,,,,,
423317,,,,,,,,,,,0.000000,0.000000,-0.000000,-0.000000,-0.076335,-0.054779,,,,,,,,,,,,
423322,,,,,,,,,,,0.000000,0.000000,-0.000000,-0.000000,-0.076335,-0.054779,,,,,,,,,,,,
423327,,,,,,,,,,,0.000000,0.000000,-0.000000,-0.000000,-0.076335,-0.054779,,,,,,,,,,,,
423332,,,,,,,,,,,0.000000,0.000000,-0.000000,-0.000000,-0.076335,-0.054779,,,,,,,,,,,,
423337,,,,,,,,,,,0.000000,0.000000,-0.000000,-0.000000,-0.076335,-0.054779,,,,,,,,,,,,
423342,,,,,,,,,,,0.000000,0.000000,-0.000000,-0.000000,-0.076335,-0.054779,,,,,,,,,,,,
423354,,,,,,,,,,,0.000000,0.000000,-0.000000,-0.000000,-0.076335,-0.054779,,,,,,,,,,,,
423357,,,,,,,,,,,0.000000,0.000000,-0.000000,-0.000000,-0.076335,-0.054779,,,,,,,,,,,,
423362,,,,,,,,,,,0.000000,0.000000,-0.000000,-0.000000,-0.076335,-0.054779,,,,,,,,,,,,
423367,,,,,,,,,,,0.000000,0.000000,-0.000000,-0.000000,-0.076335,-0.054779,,,,,,,,,,,,
423372,,,,,,,,,,,0.000000,0.000000,-0.000000,-0.000000,-0.076335,-0.054779,,,,,,,,,,,,
423377,,,,,,,,,,,0.000000,0.000000,-0.000000,-0.000000,-0.076335,-0.054779,,,,,,,,,,,,
423382,,,,,,,,,,,0.000000,0.000000,-0.000000,-0.000000,-0.076335,-0.054779,,,,,,,,,,,,
423387,,,,,,,,,,,0.000000,0.000000,-0.000000,-0.000000,-0.076335,-0.054779,,,,,,,,,,,,
423392,,,,,,,,,,,0.000000,0.000000,-0.000000,-0.000000,-0.076335,-0.054779,,,,,,,,,,,,
423397,,,,,,,,,,,0.000000,0.000000,-0.000000,-0.000000,-0.076335,-0.054779,,,,,,,,,,,,
423402,,,,,,,,,,,0.000000,0.000000,-0.000000,-0.000000,-0.076335,-0.054779,,,,,,,,,,,,
423414,,,,,,,,,,,0.000000,0.000000,-0.000000,-0.000000,-0.076335,-0.054779,,,,,,,,,,,,
423417,,,,,,,,,,,0.000000,0.000000,-0.000000,-0.000000,-0.076335,-0.054779,,,,,,,,,,,,
423422,,,,,,,,,,,0.000000,0.000000,-0.000000,-0.000000,-0.076335,-0.054779,,,,,,,,,,,,
423427,,,,,,,,,,,0.000000,0.000000,-0.000000,-0.000000,-0.076335,-0.054779,,,,,,,,,,,,
423432,,,,,,,,,,,0.000000,0.000000,-0.000000,-0.000000,-0.076335,-0.054779,,,,,,,,,,,,
423437,,,,,,,,,,,0.000000,0.000000,-0.000000,-0.000000,-0.076335,-0.054779,,,,,,,,,,,,
