ts,x,y,yaw,x_des,y_des,yaw_des,v_ff,w_ff,v_actual,w_actual,omega_l_cmd,omega_r_cmd,omega_l_meas,omega_r_meas,duty_l,duty_r,x_err,y_err,yaw_err,x_raw,y_raw,yaw_raw,acc_x,acc_y,acc_z,gyro_x,gyro_y,gyro_z
175583,,,,,,,,,,,0.000000,0.000000,0.000000,0.000000,0.000000,0.000000,,,,,,,,,,,,
175588,,,,,,,,,,,0.000000,0.000000,0.000000,0.000000,0.000000,0.000000,,,,,,,,,,,,
175593,,,,,,,,,,,0.000000,0.000000,0.000000,0.000000,0.000000,0.000000,,,,,,,,,,,,
175598,,,,,,,,,,,0.000000,0.000000,0.000000,0.000000,0.000000,0.000000,,,,,,,,,,,,
175603,,,,,,,,,,,0.000000,0.000000,0.000000,0.000000,0.000000,0.000000,,,,,,,,,,,,
175608,,,,,,,,,,,0.000000,0.000000,0.000000,0.000000,0.000000,0.000000,,,,,,,,,,,,
175613,,,,,,,,,,,0.000000,0.000000,0.000000,0.000000,0.000000,0.000000,,,,,,,,,,,,
175618,,,,,,,,,,,0.000000,0.000000,0.000000,0.000000,0.000000,0.000000,,,,,,,,,,,,
175623,,,,,,,,,,,0.000000,0.000000,0.000000,0.000000,0.000000,0.000000,,,,,,,,,,,,
175628,,,,,,,,,,,0.000000,0.000000,0.000000,0.000000,0.000000,0.000000,,,,,,,,,,,,
175633,,,,,,,,,,,0.000000,0.000000,0.000000,0.000000,0.000000,0.000000,,,,,,,,,,,,
175638,,,,,,,,,,,0.000000,0.000000,0.000000,0.000000,0.000000,0.000000,,,,,,,,,,,,
175643,,,,,,,,,,,0.000000,0.000000,0.000000,0.000000,0.000000,0.000000,,,,,,,,,,,,
175648,,,,,,,,,,,0.000000,0.000000,0.000000,0.000000,0.000000,0.000000,,,,,,,,,,,,
175653,,,,,,,,,,,0.000000,0.000000,0.000000,0.000000,0.000000,0.000000,,,,,,,,,,,,
175658,,,,,,,,,,,0.000000,0.000000,0.000000,0.000000,0.000000,0.000000,,,,,,,,,,,,
175663,,,,,,,,,,,0.000000,0.000000,0.000000,0.000000,0.000000,0.000000,,,,,,,,,,,,
175668,,,,,,,,,,,0.000000,0.000000,0.000000,0.000000,0.000000,0.000000,,,,,,,,,,,,
175673,,,,,,,,,,,0.000000,0.000000,0.000000,0.000000,0.000000,0.000000,,,,,,,,,,,,
175678,,,,,,,,,,,0.000000,0.000000,0.000000,0.000000,0.000000,0.000000,,,,,,,,,,,,
175683,,,,,,,,,,,0.000000,0.000000,0.000000,0.000000,0.000000,0.000000,,,,,,,,,,,,
175688,,,,,,,,,,,0.000000,0.000000,0.000000,0.000000,0.000000,0.000000,,,,,,,,,,,,
175693,,,,,,,,,,,0.000000,0.000000,0.000000,0.000000,0.000000,0.000000,,,,,,,,,,,,
175698,,,,,,,,,,,0.000000,0.000000,0.000000,0.000000,0.000000,0.000000,,,,,,,,,,,,
175703,,,,,,,,,,,0.000000,0.000000,0.000000,0.000000,0.000000,0.000000,,,,,,,,,,,,
175708,,,,,,,,,,,0.000000,0.000000,0.000000,0.000000,0.000000,0.000000,,,,,,,,,,,,
175713,,,,,,,,,,,0.000000,0.000000,0.000000,0.000000,0.000000,0.000000,,,,,,,,,,,,
175718,,,,,,,,,,,0.000000,0.000000,0.000000,0.000000,0.000000,0.000000,,,,,,,,,,,,
175723,,,,,,,,,,,0.000000,0.000000,0.000000,0.000000,0.000000,0.000000,,,,,,,,,,,,
175728,,,,,,,,,,,0.000000,0.000000,0.000000,0.000000,0.000000,0.000000,,,,,,,,,,,,
175733,,,,,,,,,,,0.000000,0.000000,0.000000,0.000000,0.000000,0.000000,,,,,,,,,,,,
175738,,,,,,,,,,,0.000000,0.000000,0.000000,0.000000,0.000000,0.000000,,,,,,,,,,,,
175743,,,,,,,,,,,0.000000,0.000000,0.000000,0.000000,0.000000,0.000000,,,,,,,,,,,,
175748,,,,,,,,,,,0.000000,0.000000,0.000000,0.000000,0.000000,0.000000,,,,,,,,,,,,
175753,,,,,,,,,,,0.000000,0.000000,0.000000,0.000000,0.000000,0.000000,,,,,,,,,,,,
175758,,,,,,,,,,,0.000000,0.000000,0.000000,0.000000,0.000000,0.000000,,,,,,,,,,,,
175763,,,,,,,,,,,0.000000,0.000000,0.000000,0.000000,0.000000,0.000000,,,,,,,,,,,,
175768,,,,,,,,,,,0.000000,0.000000,0.000000,0.000000,0.000000,0.000000,,,,,,,,,,,,
175773,,,,,,,,,,,0.000000,0.000000,0.000000,0.000000,0.000000,0.000000,,,,,,,,,,,,
175778,,,,,,,,,,,0.000000,0.000000,0.000000,0.000000,0.000000,0.000000,,,,,,,,,,,,
175783,,,,,,,,,,,0.000000,0.000000,0.000000,0.000000,0.000000,0.000000,,,,,,,,,,,,
175788,,,,,,,,,,,0.000000,0.000000,0.000000,0.000000,0.000000,0.000000,,,,,,,,,,,,
175793,,,,,,,,,,,0.000000,0.000000,,,0.000000,0.000000,,,,,,,,,,,,
176116,,,,,,,,,,,0.000000,0.000000,0.000000,0.000000,0.000000,0.000000,,,,,,,,,,,,
176121,,,,,,,,,,,0.000000,0.000000,0.000000,0.000000,0.000000,0.000000,,,,,,,,,,,,
176127,,,,,,,,,,,0.000000,0.000000,0.000000,0.000000,0.000000,0.000000,,,,,,,,,,,,
176128,,,,,,,,,,,0.000000,0.000000,0.000000,0.000000,0.000000,0.000000,,,,,,,,,,,,
176133,,,,,,,,,,,0.000000,0.000000,0.000000,0.000000,0.000000,0.000000,,,,,,,,,,,,
176138,,,,,,,,,,,0.000000,0.000000,0.000000,0.000000,0.000000,0.000000,,,,,,,,,,,,
176143,,,,,,,,,,,0.000000,0.000000,0.000000,0.000000,0.000000,0.000000,,,,,,,,,,,,
176148,,,,,,,,,,,0.000000,0.000000,0.000000,0.000000,0.000000,0.000000,,,,,,,,,,,,
176153,,,,,,,,,,,0.000000,0.000000,0.000000,0.000000,0.000000,0.000000,,,,,,,,,,,,
176158,,,,,,,,,,,0.000000,0.000000,0.000000,0.000000,0.000000,0.000000,,,,,,,,,,,,
176163,,,,,,,,,,,0.000000,0.000000,0.000000,0.000000,0.000000,0.000000,,,,,,,,,,,,
176175,,,,,,,,,,,0.000000,0.000000,0.000000,0.000000,0.000000,0.000000,,,,,,,,,,,,
176178,,,,,,,,,,,0.000000,0.000000,0.000000,0.000000,0.000000,0.000000,,,,,,,,,,,,
176183,,,,,,,,,,,0.000000,0.000000,0.000000,0.000000,0.000000,0.000000,,,,,,,,,,,,
176188,,,,,,,,,,,0.000000,0.000000,0.000000,0.000000,0.000000,0.000000,,,,,,,,,,,,
176193,,,,,,,,,,,0.000000,0.000000,0.000000,0.000000,0.000000,0.000000,,,,,,,,,,,,
176198,,,,,,,,,,,0.000000,0.000000,0.000000,0.000000,0.000000,0.000000,,,,,,,,,,,,
176203,,,,,,,,,,,0.000000,0.000000,0.000000,0.000000,0.000000,0.000000,,,,,,,,,,,,
176208,,,,,,,,,,,0.000000,0.000000,0.000000,0.000000,0.000000,0.000000,,,,,,,,,,,,
176213,,,,,,,,,,,0.000000,0.000000,0.000000,0.000000,0.000000,0.000000,,,,,,,,,,,,
176218,,,,,,,,,,,0.000000,0.000000,0.000000,0.000000,0.000000,0.000000,,,,,,,,,,,,
176223,,,,,,,,,,,0.000000,0.000000,0.000000,0.000000,0.000000,0.000000,,,,,,,,,,,,
176235,,,,,,,,,,,0.000000,0.000000,0.000000,0.000000,0.000000,0.000000,,,,,,,,,,,,
176238,,,,,,,,,,,0.000000,0.000000,0.000000,0.000000,0.000000,0.000000,,,,,,,,,,,,
176243,,,,,,,,,,,0.000000,0.000000,0.000000,0.000000,0.000000,0.000000,,,,,,,,,,,,
176248,,,,,,,,,,,0.000000,0.000000,0.000000,0.000000,0.000000,0.000000,,,,,,,,,,,,
176253,,,,,,,,,,,0.000000,0.000000,0.000000,0.000000,0.000000,0.000000,,,,,,,,,,,,
176258,,,,,,,,,,,0.000000,0.000000,0.000000,0.000000,0.000000,0.000000,,,,,,,,,,,,
176263,,,,,,,,,,,0.000000,0.000000,0.000000,0.000000,0.000000,0.000000,,,,,,,,,,,,
176268,,,,,,,,,,,0.000000,0.000000,0.000000,0.000000,0.000000,0.000000,,,,,,,,,,,,
176273,,,,,,,,,,,0.000000,0.000000,0.000000,0.000000,0.000000,0.000000,,,,,,,,,,,,
176278,,,,,,,,,,,0.000000,0.000000,0.000000,0.000000,0.000000,0.000000,,,,,,,,,,,,
176283,,,,,,,,,,,0.000000,0.000000,0.000000,0.000000,0.000000,0.000000,,,,,,,,,,,,
176288,,,,,,,,,,,0.000000,0.000000,0.000000,0.000000,0.000000,0.000000,,,,,,,,,,,,
176293,,,,,,,,,,,0.000000,0.000000,0.000000,0.000000,0.000000,0.000000,,,,,,,,,,,,
176298,,,,,,,,,,,0.000000,0.000000,0.000000,0.000000,0.000000,0.000000,,,,,,,,,,,,
176303,,,,,,,,,,,0.000000,0.000000,0.000000,0.000000,0.000000,0.000000,,,,,,,,,,,,
176315,,,,,,,,,,,0.000000,0.000000,0.000000,0.000000,0.000000,0.000000,,,,,,,,,,,,
176318,,,,,,,,,,,0.000000,0.000000,0.000000,0.000000,0.000000,0.000000,,,,,,,,,,,,
176323,,,,,,,,,,,0.000000,0.000000,0.000000,0.000000,0.000000,0.000000,,,,,,,,,,,,
176328,,,,,,,,,,,0.000000,0.000000,0.000000,0.000000,0.000000,0.000000,,,,,,,,,,,,
176333,,,,,,,,,,,0.000000,0.000000,0.000000,0.000000,0.000000,0.000000,,,,,,,,,,,,
176338,,,,,,,,,,,0.000000,0.000000,0.000000,0.000000,0.000000,0.000000,,,,,,,,,,,,
176343,,,,,,,,,,,0.000000,0.000000,0.000000,0.000000,0.000000,0.000000,,,,,,,,,,,,
176348,,,,,,,,,,,0.000000,0.000000,0.000000,0.000000,0.000000,0.000000,,,,,,,,,,,,
176353,,,,,,,,,,,0.000000,0.000000,0.000000,0.000000,0.000000,0.000000,,,,,,,,,,,,
176358,,,,,,,,,,,0.000000,0.000000,0.000000,0.000000,0.000000,0.000000,,,,,,,,,,,,
176363,,,,,,,,,,,0.000000,0.000000,0.000000,0.000000,0.000000,0.000000,,,,,,,,,,,,
176375,,,,,,,,,,,0.000000,0.000000,0.000000,0.000000,0.000000,0.000000,,,,,,,,,,,,
176378,,,,,,,,,,,0.000000,0.000000,0.000000,0.000000,0.000000,0.000000,,,,,,,,,,,,
176383,,,,,,,,,,,0.000000,0.000000,0.000000,0.000000,0.000000,0.000000,,,,,,,,,,,,
176388,,,,,,,,,,,0.000000,0.000000,0.000000,0.000000,0.000000,0.000000,,,,,,,,,,,,
176393,,,,,,,,,,,0.000000,0.000000,0.000000,0.000000,0.000000,0.000000,,,,,,,,,,,,
176398,,,,,,,,,,,0.000000,0.000000,0.000000,0.000000,0.000000,0.000000,,,,,,,,,,,,
176403,,,,,,,,,,,0.000000,0.000000,0.000000,0.000000,0.000000,0.000000,,,,,,,,,,,,
176408,,,,,,,,,,,0.000000,0.000000,0.000000,0.000000,0.000000,0.000000,,,,,,,,,,,,
176413,,,,,,,,,,,0.000000,0.000000,0.000000,0.000000,0.000000,0.000000,,,,,,,,,,,,
176418,,,,,,,,,,,0.000000,0.000000,0.000000,0.000000,0.000000,0.000000,,,,,,,,,,,,
176423,,,,,,,,,,,0.000000,0.000000,0.000000,0.000000,0.000000,0.000000,,,,,,,,,,,,
176435,,,,,,,,,,,0.000000,0.000000,0.000000,0.000000,0.000000,0.000000,,,,,,,,,,,,
176438,,,,,,,,,,,0.000000,0.000000,0.000000,0.000000,0.000000,0.000000,,,,,,,,,,,,
176443,,,,,,,,,,,0.000000,0.000000,0.000000,0.000000,0.000000,0.000000,,,,,,,,,,,,
176448,,,,,,,,,,,0.000000,0.000000,0.000000,0.000000,0.000000,0.000000,,,,,,,,,,,,
176453,,,,,,,,,,,0.000000,0.000000,0.000000,0.000000,0.000000,0.000000,,,,,,,,,,,,
176458,,,,,,,,,,,0.000000,0.000000,0.000000,0.000000,0.000000,0.000000,,,,,,,,,,,,
176463,,,,,,,,,,,0.000000,0.000000,0.000000,0.000000,0.000000,0.000000,,,,,,,,,,,,
176468,,,,,,,,,,,0.000000,0.000000,0.000000,0.000000,0.000000,0.000000,,,,,,,,,,,,
176473,,,,,,,,,,,0.000000,0.000000,0.000000,0.000000,0.000000,0.000000,,,,,,,,,,,,
176478,,,,,,,,,,,0.000000,0.000000,0.000000,0.000000,0.000000,0.000000,,,,,,,,,,,,
176483,,,,,,,,,,,0.000000,0.000000,0.000000,0.000000,0.000000,0.000000,,,,,,,,,,,,
176495,,,,,,,,,,,0.000000,0.000000,0.000000,0.000000,0.000000,0.000000,,,,,,,,,,,,
176498,,,,,,,,,,,0.000000,0.000000,0.000000,0.000000,0.000000,0.000000,,,,,,,,,,,,
176503,,,,,,,,,,,0.000000,0.000000,0.000000,0.000000,0.000000,0.000000,,,,,,,,,,,,
176508,,,,,,,,,,,0.000000,0.000000,0.000000,0.000000,0.000000,0.000000,,,,,,,,,,,,
176513,,,,,,,,,,,0.000000,0.000000,0.000000,0.000000,0.000000,0.000000,,,,,,,,,,,,
176518,,,,,,,,,,,0.000000,0.000000,0.000000,0.000000,0.000000,0.000000,,,,,,,,,,,,
176523,,,,,,,,,,,0.000000,0.000000,0.000000,0.000000,0.000000,0.000000,,,,,,,,,,,,
176528,,,,,,,,,,,0.000000,0.000000,0.000000,0.000000,0.000000,0.000000,,,,,,,,,,,,
176533,,,,,,,,,,,0.000000,0.000000,0.000000,0.000000,0.000000,0.000000,,,,,,,,,,,,
176538,,,,,,,,,,,0.000000,0.000000,0.000000,0.000000,0.000000,0.000000,,,,,,,,,,,,
176543,,,,,,,,,,,0.000000,0.000000,0.000000,0.000000,0.000000,0.000000,,,,,,,,,,,,
176548,,,,,,,,,,,0.000000,0.000000,0.000000,0.000000,0.000000,0.000000,,,,,,,,,,,,
176553,,,,,,,,,,,0.000000,0.000000,0.000000,0.000000,0.000000,0.000000,,,,,,,,,,,,
176558,,,,,,,,,,,0.000000,0.000000,0.000000,0.000000,0.000000,0.000000,,,,,,,,,,,,
176563,,,,,,,,,,,0.000000,0.000000,0.000000,0.000000,0.000000,0.000000,,,,,,,,,,,,
176575,,,,,,,,,,,0.000000,0.000000,0.000000,0.000000,0.000000,0.000000,,,,,,,,,,,,
176578,,,,,,,,,,,0.000000,0.000000,0.000000,0.000000,0.000000,0.000000,,,,,,,,,,,,
176583,,,,,,,,,,,0.000000,0.000000,0.000000,0.000000,0.000000,0.000000,,,,,,,,,,,,
176588,,,,,,,,,,,0.000000,0.000000,0.000000,0.000000,0.000000,0.000000,,,,,,,,,,,,
176593,,,,,,,,,,,0.000000,0.000000,0.000000,0.000000,0.000000,0.000000,,,,,,,,,,,,
176598,,,,,,,,,,,0.000000,0.000000,0.000000,0.000000,0.000000,0.000000,,,,,,,,,,,,
176603,,,,,,,,,,,0.000000,0.000000,0.000000,0.000000,0.000000,0.000000,,,,,,,,,,,,
176608,,,,,,,,,,,0.000000,0.000000,0.000000,0.000000,0.000000,0.000000,,,,,,,,,,,,
176613,,,,,,,,,,,0.000000,0.000000,0.000000,0.000000,0.000000,0.000000,,,,,,,,,,,,
176618,,,,,,,,,,,0.000000,0.000000,0.000000,0.000000,0.000000,0.000000,,,,,,,,,,,,
176623,,,,,,,,,,,0.000000,0.000000,0.000000,0.000000,0.000000,0.000000,,,,,,,,,,,,
176635,,,,,,,,,,,0.000000,0.000000,0.000000,0.000000,0.000000,0.000000,,,,,,,,,,,,
176638,,,,,,,,,,,0.000000,0.000000,0.000000,0.000000,0.000000,0.000000,,,,,,,,,,,,
176643,,,,,,,,,,,0.000000,0.000000,0.000000,0.000000,0.000000,0.000000,,,,,,,,,,,,
176648,,,,,,,,,,,0.000000,0.000000,0.000000,0.000000,0.000000,0.000000,,,,,,,,,,,,
176653,,,,,,,,,,,0.000000,0.000000,0.000000,0.000000,0.000000,0.000000,,,,,,,,,,,,
176658,,,,,,,,,,,0.000000,0.000000,0.000000,0.000000,0.000000,0.000000,,,,,,,,,,,,
176663,,,,,,,,,,,0.000000,0.000000,0.000000,0.000000,0.000000,0.000000,,,,,,,,,,,,
176668,,,,,,,,,,,0.000000,0.000000,0.000000,0.000000,0.000000,0.000000,,,,,,,,,,,,
176673,,,,,,,,,,,0.000000,0.000000,0.000000,0.000000,0.000000,0.000000,,,,,,,,,,,,
176678,,,,,,,,,,,0.000000,0.000000,0.000000,0.000000,0.000000,0.000000,,,,,,,,,,,,
176683,,,,,,,,,,,0.000000,0.000000,0.000000,0.000000,0.000000,0.000000,,,,,,,,,,,,
176695,,,,,,,,,,,0.000000,0.000000,0.000000,0.000000,0.000000,0.000000,,,,,,,,,,,,
176698,,,,,,,,,,,0.000000,0.000000,0.000000,0.000000,0.000000,0.000000,,,,,,,,,,,,
176703,,,,,,,,,,,0.000000,0.000000,0.000000,0.000000,0.000000,0.000000,,,,,,,,,,,,
176708,,,,,,,,,,,0.000000,0.000000,0.000000,0.000000,0.000000,0.000000,,,,,,,,,,,,
176713,,,,,,,,,,,0.000000,0.000000,0.000000,0.000000,0.000000,0.000000,,,,,,,,,,,,
176718,,,,,,,,,,,0.000000,0.000000,0.000000,0.000000,0.000000,0.000000,,,,,,,,,,,,
176723,,,,,,,,,,,0.000000,0.000000,0.000000,0.000000,0.000000,0.000000,,,,,,,,,,,,
176728,,,,,,,,,,,0.000000,0.000000,0.000000,0.000000,0.000000,0.000000,,,,,,,,,,,,
176733,,,,,,,,,,,0.000000,0.000000,0.000000,0.000000,0.000000,0.000000,,,,,,,,,,,,
176738,,,,,,,,,,,0.000000,0.000000,0.000000,0.000000,0.000000,0.000000,,,,,,,,,,,,
176743,,,,,,,,,,,0.000000,0.000000,0.000000,0.000000,0.000000,0.000000,,,,,,,,,,,,
176755,,,,,,,,,,,0.000000,0.000000,0.000000,0.000000,0.000000,0.000000,,,,,,,,,,,,
176758,,,,,,,,,,,0.000000,0.000000,0.000000,0.000000,0.000000,0.000000,,,,,,,,,,,,
176763,,,,,,,,,,,0.000000,0.000000,0.000000,0.000000,0.000000,0.000000,,,,,,,,,,,,
176768,,,,,,,,,,,0.000000,0.000000,0.000000,0.000000,0.000000,0.000000,,,,,,,,,,,,
176773,,,,,,,,,,,0.000000,0.000000,0.000000,0.000000,0.000000,0.000000,,,,,,,,,,,,
176778,,,,,,,,,,,0.000000,0.000000,0.000000,0.000000,0.000000,0.000000,,,,,,,,,,,,
176783,,,,,,,,,,,0.000000,0.000000,0.000000,0.000000,0.000000,0.000000,,,,,,,,,,,,
176788,,,,,,,,,,,0.000000,0.000000,0.000000,0.000000,0.000000,0.000000,,,,,,,,,,,,
176793,,,,,,,,,,,0.000000,0.000000,0.000000,0.000000,0.000000,0.000000,,,,,,,,,,,,
176798,,,,,,,,,,,0.000000,0.000000,0.000000,0.000000,0.000000,0.000000,,,,,,,,,,,,
176803,,,,,,,,,,,0.000000,0.000000,0.000000,0.000000,0.000000,0.000000,,,,,,,,,,,,
176808,,,,,,,,,,,0.000000,0.000000,0.000000,0.000000,0.000000,0.000000,,,,,,,,,,,,
176813,,,,,,,,,,,0.000000,0.000000,0.000000,0.000000,0.000000,0.000000,,,,,,,,,,,,
176818,,,,,,,,,,,0.000000,0.000000,0.000000,0.000000,0.000000,0.000000,,,,,,,,,,,,
176823,,,,,,,,,,,0.000000,0.000000,0.000000,0.000000,0.000000,0.000000,,,,,,,,,,,,
176835,,,,,,,,,,,0.000000,0.000000,0.000000,0.000000,0.000000,0.000000,,,,,,,,,,,,
176838,,,,,,,,,,,0.000000,0.000000,0.000000,0.000000,0.000000,0.000000,,,,,,,,,,,,
176843,,,,,,,,,,,0.000000,0.000000,0.000000,0.000000,0.000000,0.000000,,,,,,,,,,,,
176848,,,,,,,,,,,0.000000,0.000000,0.000000,0.000000,0.000000,0.000000,,,,,,,,,,,,
176853,,,,,,,,,,,0.000000,0.000000,0.000000,0.000000,0.000000,0.000000,,,,,,,,,,,,
176858,,,,,,,,,,,0.000000,0.000000,0.000000,0.000000,0.000000,0.000000,,,,,,,,,,,,
176863,,,,,,,,,,,0.000000,0.000000,0.000000,0.000000,0.000000,0.000000,,,,,,,,,,,,
176868,,,,,,,,,,,0.000000,0.000000,0.000000,0.000000,0.000000,0.000000,,,,,,,,,,,,
176873,,,,,,,,,,,0.000000,0.000000,0.000000,0.000000,0.000000,0.000000,,,,,,,,,,,,
176878,,,,,,,,,,,0.000000,0.000000,0.000000,0.000000,0.000000,0.000000,,,,,,,,,,,,
176883,,,,,,,,,,,0.000000,0.000000,0.000000,0.000000,0.000000,0.000000,,,,,,,,,,,,
176895,,,,,,,,,,,0.000000,0.000000,0.000000,0.000000,0.000000,0.000000,,,,,,,,,,,,
176898,,,,,,,,,,,0.000000,0.000000,0.000000,0.000000,0.000000,0.000000,,,,,,,,,,,,
176903,,,,,,,,,,,0.000000,0.000000,0.000000,0.000000,0.000000,0.000000,,,,,,,,,,,,
176908,,,,,,,,,,,0.000000,0.000000,0.000000,0.000000,0.000000,0.000000,,,,,,,,,,,,
176913,,,,,,,,,,,0.000000,0.000000,0.000000,0.000000,0.000000,0.000000,,,,,,,,,,,,
176918,,,,,,,,,,,0.000000,0.000000,0.000000,0.000000,0.000000,0.000000,,,,,,,,,,,,
176923,,,,,,,,,,,0.000000,0.000000,0.000000,0.000000,0.000000,0.000000,,,,,,,,,,,,
176928,,,,,,,,,,,0.000000,0.000000,0.000000,0.000000,0.000000,0.000000,,,,,,,,,,,,
176933,,,,,,,,,,,0.000000,0.000000,0.000000,0.000000,0.000000,0.000000,,,,,,,,,,,,
176938,,,,,,,,,,,0.000000,0.000000,0.000000,0.000000,0.000000,0.000000,,,,,,,,,,,,
176943,,,,,,,,,,,0.000000,0.000000,0.000000,0.000000,0.000000,0.000000,,,,,,,,,,,,
176955,,,,,,,,,,,0.000000,0.000000,0.000000,0.000000,0.000000,0.000000,,,,,,,,,,,,
176958,,,,,,,,,,,0.000000,0.000000,0.000000,0.000000,0.000000,0.000000,,,,,,,,,,,,
176963,,,,,,,,,,,0.000000,0.000000,0.000000,0.000000,0.000000,0.000000,,,,,,,,,,,,
176968,,,,,,,,,,,0.000000,0.000000,0.000000,0.000000,0.000000,0.000000,,,,,,,,,,,,
176973,,,,,,,,,,,0.000000,0.000000,0.000000,0.000000,0.000000,0.000000,,,,,,,,,,,,
176978,,,,,,,,,,,0.000000,0.000000,0.000000,0.000000,0.000000,0.000000,,,,,,,,,,,,
176983,,,,,,,,,,,0.000000,0.000000,0.000000,0.000000,0.000000,0.000000,,,,,,,,,,,,
176988,,,,,,,,,,,0.000000,0.000000,0.000000,0.000000,0.000000,0.000000,,,,,,,,,,,,
176993,,,,,,,,,,,0.000000,0.000000,0.000000,0.000000,0.000000,0.000000,,,,,,,,,,,,
176998,,,,,,,,,,,0.000000,0.000000,0.000000,0.000000,0.000000,0.000000,,,,,,,,,,,,
177003,,,,,,,,,,,0.000000,0.000000,0.000000,0.000000,0.000000,0.000000,,,,,,,,,,,,
177008,,,,,,,,,,,0.000000,0.000000,0.000000,0.000000,0.000000,0.000000,,,,,,,,,,,,
177013,,,,,,,,,,,0.000000,0.000000,0.000000,0.000000,0.000000,0.000000,,,,,,,,,,,,
177018,,,,,,,,,,,0.000000,0.000000,0.000000,0.000000,0.000000,0.000000,,,,,,,,,,,,
177023,,,,,,,,,,,0.000000,0.000000,0.000000,0.000000,0.000000,0.000000,,,,,,,,,,,,
177035,,,,,,,,,,,0.000000,0.000000,0.000000,0.000000,0.000000,0.000000,,,,,,,,,,,,
177038,,,,,,,,,,,0.000000,0.000000,0.000000,0.000000,0.000000,0.000000,,,,,,,,,,,,
177043,,,,,,,,,,,0.000000,0.000000,0.000000,0.000000,0.000000,0.000000,,,,,,,,,,,,
177048,,,,,,,,,,,0.000000,0.000000,0.000000,0.000000,0.000000,0.000000,,,,,,,,,,,,
177053,,,,,,,,,,,0.000000,0.000000,0.000000,0.000000,0.000000,0.000000,,,,,,,,,,,,
177058,,,,,,,,,,,0.000000,0.000000,0.000000,0.000000,0.000000,0.000000,,,,,,,,,,,,
177063,,,,,,,,,,,0.000000,0.000000,0.000000,0.000000,0.000000,0.000000,,,,,,,,,,,,
177068,,,,,,,,,,,0.000000,0.000000,0.000000,0.000000,0.000000,0.000000,,,,,,,,,,,,
177073,,,,,,,,,,,0.000000,0.000000,0.000000,0.000000,0.000000,0.000000,,,,,,,,,,,,
177078,,,,,,,,,,,0.000000,0.000000,0.000000,0.000000,0.000000,0.000000,,,,,,,,,,,,
177083,,,,,,,,,,,0.000000,0.000000,0.000000,0.000000,0.000000,0.000000,,,,,,,,,,,,
177095,,,,,,,,,,,0.000000,0.000000,0.000000,0.000000,0.000000,0.000000,,,,,,,,,,,,
177098,,,,,,,,,,,0.000000,0.000000,0.000000,0.000000,0.000000,0.000000,,,,,,,,,,,,
177103,,,,,,,,,,,0.000000,0.000000,0.000000,0.000000,0.000000,0.000000,,,,,,,,,,,,
177108,,,,,,,,,,,0.000000,0.000000,0.000000,0.000000,0.000000,0.000000,,,,,,,,,,,,
177113,,,,,,,,,,,0.000000,0.000000,0.000000,0.000000,0.000000,0.000000,,,,,,,,,,,,
177118,,,,,,,,,,,0.000000,0.000000,0.000000,0.000000,0.000000,0.000000,,,,,,,,,,,,
177123,,,,,,,,,,,0.000000,0.000000,0.000000,0.000000,0.000000,0.000000,,,,,,,,,,,,
177128,,,,,,,,,,,0.000000,0.000000,0.000000,0.000000,0.000000,0.000000,,,,,,,,,,,,
177133,,,,,,,,,,,0.000000,0.000000,0.000000,0.000000,0.000000,0.000000,,,,,,,,,,,,
177138,,,,,,,,,,,0.000000,0.000000,0.000000,0.000000,0.000000,0.000000,,,,,,,,,,,,
177143,,,,,,,,,,,0.000000,0.000000,0.000000,0.000000,0.000000,0.000000,,,,,,,,,,,,
177158,,,,,,,,,,,0.000000,0.000000,0.000000,0.000000,0.000000,0.000000,,,,,,,,,,,,
177159,,,,,,,,,,,0.000000,0.000000,0.000000,0.000000,0.000000,0.000000,,,,,,,,,,,,
177163,,,,,,,,,,,0.000000,0.000000,0.000000,0.000000,0.000000,0.000000,,,,,,,,,,,,
177168,,,,,,,,,,,0.000000,0.000000,0.000000,0.000000,0.000000,0.000000,,,,,,,,,,,,
177173,,,,,,,,,,,0.000000,0.000000,0.000000,0.000000,0.000000,0.000000,,,,,,,,,,,,
177178,,,,,,,,,,,0.000000,0.000000,0.000000,0.000000,0.000000,0.000000,,,,,,,,,,,,
177183,,,,,,,,,,,0.000000,0.000000,0.000000,0.000000,0.000000,0.000000,,,,,,,,,,,,
177188,,,,,,,,,,,0.000000,0.000000,0.000000,0.000000,0.000000,0.000000,,,,,,,,,,,,
177193,,,,,,,,,,,0.000000,0.000000,0.000000,0.000000,0.000000,0.000000,,,,,,,,,,,,
177198,,,,,,,,,,,0.000000,0.000000,0.000000,0.000000,0.000000,0.000000,,,,,,,,,,,,
177203,,,,,,,,,,,0.000000,0.000000,0.000000,0.000000,0.000000,0.000000,,,,,,,,,,,,
177215,,,,,,,,,,,0.000000,0.000000,0.000000,0.000000,0.000000,0.000000,,,,,,,,,,,,
177218,,,,,,,,,,,0.000000,0.000000,0.000000,0.000000,0.000000,0.000000,,,,,,,,,,,,
177223,,,,,,,,,,,0.000000,0.000000,0.000000,0.000000,0.000000,0.000000,,,,,,,,,,,,
177228,,,,,,,,,,,0.000000,0.000000,0.000000,0.000000,0.000000,0.000000,,,,,,,,,,,,
177233,,,,,,,,,,,0.000000,0.000000,0.000000,0.000000,0.000000,0.000000,,,,,,,,,,,,
177238,,,,,,,,,,,0.000000,0.000000,0.000000,0.000000,0.000000,0.000000,,,,,,,,,,,,
177243,,,,,,,,,,,0.000000,0.000000,0.000000,0.000000,0.000000,0.000000,,,,,,,,,,,,
177248,,,,,,,,,,,0.000000,0.000000,0.000000,0.000000,0.000000,0.000000,,,,,,,,,,,,
177253,,,,,,,,,,,0.000000,0.000000,0.000000,0.000000,0.000000,0.000000,,,,,,,,,,,,
177258,,,,,,,,,,,0.000000,0.000000,0.000000,0.000000,0.000000,0.000000,,,,,,,,,,,,
177263,,,,,,,,,,,0.000000,0.000000,0.000000,0.000000,0.000000,0.000000,,,,,,,,,,,,
177268,,,,,,,,,,,0.000000,0.000000,0.000000,0.000000,0.000000,0.000000,,,,,,,,,,,,
177273,,,,,,,,,,,0.000000,0.000000,0.000000,0.000000,0.000000,0.000000,,,,,,,,,,,,
177278,,,,,,,,,,,0.000000,0.000000,0.000000,0.000000,0.000000,0.000000,,,,,,,,,,,,
177283,,,,,,,,,,,0.000000,0.000000,0.000000,0.000000,0.000000,0.000000,,,,,,,,,,,,
177295,,,,,,,,,,,0.000000,0.000000,0.000000,0.000000,0.000000,0.000000,,,,,,,,,,,,
177298,,,,,,,,,,,0.000000,0.000000,0.000000,0.000000,0.000000,0.000000,,,,,,,,,,,,
177303,,,,,,,,,,,0.000000,0.000000,0.000000,0.000000,0.000000,0.000000,,,,,,,,,,,,
177308,,,,,,,,,,,0.000000,0.000000,0.000000,0.000000,0.000000,0.000000,,,,,,,,,,,,
177313,,,,,,,,,,,0.000000,0.000000,0.000000,0.000000,0.000000,0.000000,,,,,,,,,,,,
177318,,,,,,,,,,,0.000000,0.000000,0.000000,0.000000,0.000000,0.000000,,,,,,,,,,,,
177323,,,,,,,,,,,0.000000,0.000000,0.000000,0.000000,0.000000,0.000000,,,,,,,,,,,,
177328,,,,,,,,,,,0.000000,0.000000,0.000000,0.000000,0.000000,0.000000,,,,,,,,,,,,
177333,,,,,,,,,,,0.000000,0.000000,0.000000,0.000000,0.000000,0.000000,,,,,,,,,,,,
177338,,,,,,,,,,,0.000000,0.000000,0.000000,0.000000,0.000000,0.000000,,,,,,,,,,,,
177343,,,,,,,,,,,0.000000,0.000000,0.000000,0.000000,0.000000,0.000000,,,,,,,,,,,,
177355,,,,,,,,,,,0.000000,0.000000,0.000000,0.000000,0.000000,0.000000,,,,,,,,,,,,
177358,,,,,,,,,,,0.000000,0.000000,0.000000,0.000000,0.000000,0.000000,,,,,,,,,,,,
177363,,,,,,,,,,,0.000000,0.000000,0.000000,0.000000,0.000000,0.000000,,,,,,,,,,,,
177368,,,,,,,,,,,0.000000,0.000000,0.000000,0.000000,0.000000,0.000000,,,,,,,,,,,,
177373,,,,,,,,,,,0.000000,0.000000,0.000000,0.000000,0.000000,0.000000,,,,,,,,,,,,
177378,,,,,,,,,,,0.000000,0.000000,0.000000,0.000000,0.000000,0.000000,,,,,,,,,,,,
177383,,,,,,,,,,,0.000000,0.000000,0.000000,0.000000,0.000000,0.000000,,,,,,,,,,,,
177388,,,,,,,,,,,0.000000,0.000000,0.000000,0.000000,0.000000,0.000000,,,,,,,,,,,,
177393,,,,,,,,,,,0.000000,0.000000,0.000000,0.000000,0.000000,0.000000,,,,,,,,,,,,
177398,,,,,,,,,,,0.000000,0.000000,0.000000,0.000000,0.000000,0.000000,,,,,,,,,,,,
177403,,,,,,,,,,,0.000000,0.000000,0.000000,0.000000,0.000000,0.000000,,,,,,,,,,,,
177415,,,,,,,,,,,0.000000,0.000000,0.000000,0.000000,0.000000,0.000000,,,,,,,,,,,,
177418,,,,,,,,,,,0.000000,0.000000,0.000000,0.000000,0.000000,0.000000,,,,,,,,,,,,
177423,,,,,,,,,,,0.000000,0.000000,0.000000,0.000000,0.000000,0.000000,,,,,,,,,,,,
177428,,,,,,,,,,,0.000000,0.000000,0.000000,0.000000,0.000000,0.000000,,,,,,,,,,,,
177433,,,,,,,,,,,0.000000,0.000000,0.000000,0.000000,0.000000,0.000000,,,,,,,,,,,,
177438,,,,,,,,,,,0.000000,0.000000,0.000000,0.000000,0.000000,0.000000,,,,,,,,,,,,
177443,,,,,,,,,,,0.000000,0.000000,0.000000,0.000000,0.000000,0.000000,,,,,,,,,,,,
177448,,,,,,,,,,,0.000000,0.000000,0.000000,0.000000,0.000000,0.000000,,,,,,,,,,,,
177453,,,,,,,,,,,0.000000,0.000000,0.000000,0.000000,0.000000,0.000000,,,,,,,,,,,,
177458,,,,,,,,,,,0.000000,0.000000,0.000000,0.000000,0.000000,0.000000,,,,,,,,,,,,
177463,,,,,,,,,,,0.000000,0.000000,0.000000,0.000000,0.000000,0.000000,,,,,,,,,,,,
177468,,,,,,,,,,,0.000000,0.000000,0.000000,0.000000,0.000000,0.000000,,,,,,,,,,,,
177473,,,,,,,,,,,0.000000,0.000000,0.000000,0.000000,0.000000,0.000000,,,,,,,,,,,,
177478,,,,,,,,,,,0.000000,0.000000,0.000000,0.000000,0.000000,0.000000,,,,,,,,,,,,
177483,,,,,,,,,,,0.000000,0.000000,0.000000,0.000000,0.000000,0.000000,,,,,,,,,,,,
177495,,,,,,,,,,,0.000000,0.000000,0.000000,0.000000,0.000000,0.000000,,,,,,,,,,,,
177498,,,,,,,,,,,0.000000,0.000000,0.000000,0.000000,0.000000,0.000000,,,,,,,,,,,,
177503,,,,,,,,,,,0.000000,0.000000,0.000000,0.000000,0.000000,0.000000,,,,,,,,,,,,
177508,,,,,,,,,,,0.000000,0.000000,0.000000,0.000000,0.000000,0.000000,,,,,,,,,,,,
177513,,,,,,,,,,,0.000000,0.000000,0.000000,0.000000,0.000000,0.000000,,,,,,,,,,,,
177518,,,,,,,,,,,0.000000,0.000000,0.000000,0.000000,0.000000,0.000000,,,,,,,,,,,,
177523,,,,,,,,,,,0.000000,0.000000,0.000000,0.000000,0.000000,0.000000,,,,,,,,,,,,
177528,,,,,,,,,,,0.000000,0.000000,0.000000,0.000000,0.000000,0.000000,,,,,,,,,,,,
177533,,,,,,,,,,,0.000000,0.000000,0.000000,0.000000,0.000000,0.000000,,,,,,,,,,,,
177538,,,,,,,,,,,0.000000,0.000000,0.000000,0.000000,0.000000,0.000000,,,,,,,,,,,,
177543,,,,,,,,,,,0.000000,0.000000,0.000000,0.000000,0.000000,0.000000,,,,,,,,,,,,
177555,,,,,,,,,,,0.000000,0.000000,0.000000,0.000000,0.000000,0.000000,,,,,,,,,,,,
177558,,,,,,,,,,,0.000000,0.000000,0.000000,0.000000,0.000000,0.000000,,,,,,,,,,,,
177563,,,,,,,,,,,0.000000,0.000000,0.000000,0.000000,0.000000,0.000000,,,,,,,,,,,,
177568,,,,,,,,,,,0.000000,0.000000,0.000000,0.000000,0.000000,0.000000,,,,,,,,,,,,
177573,,,,,,,,,,,0.000000,0.000000,0.000000,0.000000,0.000000,0.000000,,,,,,,,,,,,
177578,,,,,,,,,,,0.000000,0.000000,0.000000,0.000000,0.000000,0.000000,,,,,,,,,,,,
177583,,,,,,,,,,,0.000000,0.000000,0.000000,0.000000,0.000000,0.000000,,,,,,,,,,,,
177588,,,,,,,,,,,0.000000,0.000000,0.000000,0.000000,0.000000,0.000000,,,,,,,,,,,,
177593,,,,,,,,,,,0.000000,0.000000,0.000000,0.000000,0.000000,0.000000,,,,,,,,,,,,
177598,,,,,,,,,,,0.000000,0.000000,0.000000,0.000000,0.000000,0.000000,,,,,,,,,,,,
177603,,,,,,,,,,,0.000000,0.000000,0.000000,0.000000,0.000000,0.000000,,,,,,,,,,,,
177615,,,,,,,,,,,0.000000,0.000000,0.000000,0.000000,0.000000,0.000000,,,,,,,,,,,,
177618,,,,,,,,,,,0.000000,0.000000,0.000000,0.000000,0.000000,0.000000,,,,,,,,,,,,
177623,,,,,,,,,,,0.000000,0.000000,0.000000,0.000000,0.000000,0.000000,,,,,,,,,,,,
177628,,,,,,,,,,,0.000000,0.000000,0.000000,0.000000,0.000000,0.000000,,,,,,,,,,,,
177633,,,,,,,,,,,0.000000,0.000000,0.000000,0.000000,0.000000,0.000000,,,,,,,,,,,,
177638,,,,,,,,,,,0.000000,0.000000,0.000000,0.000000,0.000000,0.000000,,,,,,,,,,,,
177643,,,,,,,,,,,0.000000,0.000000,0.000000,0.000000,0.000000,0.000000,,,,,,,,,,,,
177648,,,,,,,,,,,0.000000,0.000000,0.000000,0.000000,0.000000,0.000000,,,,,,,,,,,,
177653,,,,,,,,,,,0.000000,0.000000,0.000000,0.000000,0.000000,0.000000,,,,,,,,,,,,
177658,,,,,,,,,,,0.000000,0.000000,0.000000,0.000000,0.000000,0.000000,,,,,,,,,,,,
177663,,,,,,,,,,,0.000000,0.000000,0.000000,0.000000,0.000000,0.000000,,,,,,,,,,,,
177676,,,,,,,,,,,0.000000,0.000000,0.000000,0.000000,0.000000,0.000000,,,,,,,,,,,,
177678,,,,,,,,,,,0.000000,0.000000,0.000000,0.000000,0.000000,0.000000,,,,,,,,,,,,
177683,,,,,,,,,,,0.000000,0.000000,0.000000,0.000000,0.000000,0.000000,,,,,,,,,,,,
177688,,,,,,,,,,,0.000000,0.000000,0.000000,0.000000,0.000000,0.000000,,,,,,,,,,,,
177693,,,,,,,,,,,0.000000,0.000000,0.000000,0.000000,0.000000,0.000000,,,,,,,,,,,,
177698,,,,,,,,,,,0.000000,0.000000,0.000000,0.000000,0.000000,0.000000,,,,,,,,,,,,
177703,,,,,,,,,,,0.000000,0.000000,0.000000,0.000000,0.000000,0.000000,,,,,,,,,,,,
177708,,,,,,,,,,,0.000000,0.000000,0.000000,0.000000,0.000000,0.000000,,,,,,,,,,,,
177713,,,,,,,,,,,0.000000,0.000000,0.000000,0.000000,0.000000,0.000000,,,,,,,,,,,,
177718,,,,,,,,,,,0.000000,0.000000,0.000000,0.000000,0.000000,0.000000,,,,,,,,,,,,
177723,,,,,,,,,,,0.000000,0.000000,0.000000,0.000000,0.000000,0.000000,,,,,,,,,,,,
177728,,,,,,,,,,,0.000000,0.000000,0.000000,0.000000,0.000000,0.000000,,,,,,,,,,,,
177733,,,,,,,,,,,0.000000,0.000000,0.000000,0.000000,0.000000,0.000000,,,,,,,,,,,,
177738,,,,,,,,,,,0.000000,0.000000,0.000000,0.000000,0.000000,0.000000,,,,,,,,,,,,
177743,,,,,,,,,,,0.000000,0.000000,0.000000,0.000000,0.000000,0.000000,,,,,,,,,,,,
177755,,,,,,,,,,,0.000000,0.000000,0.000000,0.000000,0.000000,0.000000,,,,,,,,,,,,
177758,,,,,,,,,,,0.000000,0.000000,0.000000,0.000000,0.000000,0.000000,,,,,,,,,,,,
177763,,,,,,,,,,,0.000000,0.000000,0.000000,0.000000,0.000000,0.000000,,,,,,,,,,,,
177768,,,,,,,,,,,0.000000,0.000000,0.000000,0.000000,0.000000,0.000000,,,,,,,,,,,,
177773,,,,,,,,,,,0.000000,0.000000,0.000000,0.000000,0.000000,0.000000,,,,,,,,,,,,
177778,,,,,,,,,,,0.000000,0.000000,0.000000,0.000000,0.000000,0.000000,,,,,,,,,,,,
177783,,,,,,,,,,,0.000000,0.000000,0.000000,0.000000,0.000000,0.000000,,,,,,,,,,,,
177788,,,,,,,,,,,0.000000,0.000000,0.000000,0.000000,0.000000,0.000000,,,,,,,,,,,,
177793,,,,,,,,,,,0.000000,0.000000,0.000000,0.000000,0.000000,0.000000,,,,,,,,,,,,
177798,,,,,,,,,,,0.000000,0.000000,0.000000,0.000000,0.000000,0.000000,,,,,,,,,,,,
177803,,,,,,,,,,,0.000000,0.000000,0.000000,0.000000,0.000000,0.000000,,,,,,,,,,,,
177815,,,,,,,,,,,0.000000,0.000000,0.000000,0.000000,0.000000,0.000000,,,,,,,,,,,,
177818,,,,,,,,,,,0.000000,0.000000,0.000000,0.000000,0.000000,0.000000,,,,,,,,,,,,
177823,,,,,,,,,,,0.000000,0.000000,0.000000,0.000000,0.000000,0.000000,,,,,,,,,,,,
177828,,,,,,,,,,,0.000000,0.000000,0.000000,0.000000,0.000000,0.000000,,,,,,,,,,,,
177833,,,,,,,,,,,0.000000,0.000000,0.000000,0.000000,0.000000,0.000000,,,,,,,,,,,,
177838,,,,,,,,,,,0.000000,0.000000,0.000000,0.000000,0.000000,0.000000,,,,,,,,,,,,
177843,,,,,,,,,,,0.000000,0.000000,0.000000,0.000000,0.000000,0.000000,,,,,,,,,,,,
177848,,,,,,,,,,,0.000000,0.000000,0.000000,0.000000,0.000000,0.000000,,,,,,,,,,,,
177853,,,,,,,,,,,0.000000,0.000000,0.000000,0.000000,0.000000,0.000000,,,,,,,,,,,,
177858,,,,,,,,,,,0.000000,0.000000,0.000000,0.000000,0.000000,0.000000,,,,,,,,,,,,
177863,,,,,,,,,,,0.000000,0.000000,0.000000,0.000000,0.000000,0.000000,,,,,,,,,,,,
177875,,,,,,,,,,,0.000000,0.000000,0.000000,0.000000,0.000000,0.000000,,,,,,,,,,,,
177878,,,,,,,,,,,0.000000,0.000000,0.000000,0.000000,0.000000,0.000000,,,,,,,,,,,,
177883,,,,,,,,,,,0.000000,0.000000,0.000000,0.000000,0.000000,0.000000,,,,,,,,,,,,
177888,,,,,,,,,,,0.000000,0.000000,0.000000,0.000000,0.000000,0.000000,,,,,,,,,,,,
177893,,,,,,,,,,,0.000000,0.000000,0.000000,0.000000,0.000000,0.000000,,,,,,,,,,,,
177898,,,,,,,,,,,0.000000,0.000000,0.000000,0.000000,0.000000,0.000000,,,,,,,,,,,,
177903,,,,,,,,,,,0.000000,0.000000,0.000000,0.000000,0.000000,0.000000,,,,,,,,,,,,
177908,,,,,,,,,,,0.000000,0.000000,0.000000,0.000000,0.000000,0.000000,,,,,,,,,,,,
177913,,,,,,,,,,,0.000000,0.000000,0.000000,0.000000,0.000000,0.000000,,,,,,,,,,,,
177918,,,,,,,,,,,0.000000,0.000000,0.000000,0.000000,0.000000,0.000000,,,,,,,,,,,,
177923,,,,,,,,,,,0.000000,0.000000,0.000000,0.000000,0.000000,0.000000,,,,,,,,,,,,
177928,,,,,,,,,,,0.000000,0.000000,0.000000,0.000000,0.000000,0.000000,,,,,,,,,,,,
177933,,,,,,,,,,,0.000000,0.000000,0.000000,0.000000,0.000000,0.000000,,,,,,,,,,,,
177938,,,,,,,,,,,0.000000,0.000000,0.000000,0.000000,0.000000,0.000000,,,,,,,,,,,,
177943,,,,,,,,,,,0.000000,0.000000,0.000000,0.000000,0.000000,0.000000,,,,,,,,,,,,
177955,,,,,,,,,,,0.000000,0.000000,0.000000,0.000000,0.000000,0.000000,,,,,,,,,,,,
177958,,,,,,,,,,,0.000000,0.000000,0.000000,0.000000,0.000000,0.000000,,,,,,,,,,,,
177963,,,,,,,,,,,0.000000,0.000000,0.000000,0.000000,0.000000,0.000000,,,,,,,,,,,,
177968,,,,,,,,,,,0.000000,0.000000,0.000000,0.000000,0.000000,0.000000,,,,,,,,,,,,
177973,,,,,,,,,,,0.000000,0.000000,0.000000,0.000000,0.000000,0.000000,,,,,,,,,,,,
177978,,,,,,,,,,,0.000000,0.000000,0.000000,0.000000,0.000000,0.000000,,,,,,,,,,,,
177983,,,,,,,,,,,0.000000,0.000000,0.000000,0.000000,0.000000,0.000000,,,,,,,,,,,,
177988,,,,,,,,,,,0.000000,0.000000,0.000000,0.000000,0.000000,0.000000,,,,,,,,,,,,
177993,,,,,,,,,,,0.000000,0.000000,0.000000,0.000000,0.000000,0.000000,,,,,,,,,,,,
177998,,,,,,,,,,,0.000000,0.000000,0.000000,0.000000,0.000000,0.000000,,,,,,,,,,,,
178003,,,,,,,,,,,0.000000,0.000000,0.000000,0.000000,0.000000,0.000000,,,,,,,,,,,,
178015,,,,,,,,,,,0.000000,0.000000,0.000000,0.000000,0.000000,0.000000,,,,,,,,,,,,
178018,,,,,,,,,,,0.000000,0.000000,0.000000,0.000000,0.000000,0.000000,,,,,,,,,,,,
178023,,,,,,,,,,,0.000000,0.000000,0.000000,0.000000,0.000000,0.000000,,,,,,,,,,,,
178028,,,,,,,,,,,0.000000,0.000000,0.000000,0.000000,0.000000,0.000000,,,,,,,,,,,,
178033,,,,,,,,,,,0.000000,0.000000,0.000000,0.000000,0.000000,0.000000,,,,,,,,,,,,
178038,,,,,,,,,,,0.000000,0.000000,0.000000,0.000000,0.000000,0.000000,,,,,,,,,,,,
178043,,,,,,,,,,,0.000000,0.000000,0.000000,0.000000,0.000000,0.000000,,,,,,,,,,,,
178048,,,,,,,,,,,0.000000,0.000000,0.000000,0.000000,0.000000,0.000000,,,,,,,,,,,,
178053,,,,,,,,,,,0.000000,0.000000,0.000000,0.000000,0.000000,0.000000,,,,,,,,,,,,
178058,,,,,,,,,,,0.000000,0.000000,0.000000,0.000000,0.000000,0.000000,,,,,,,,,,,,
178063,,,,,,,,,,,0.000000,0.000000,0.000000,0.000000,0.000000,0.000000,,,,,,,,,,,,
178075,,,,,,,,,,,0.000000,0.000000,0.000000,0.000000,0.000000,0.000000,,,,,,,,,,,,
178078,,,,,,,,,,,0.000000,0.000000,0.000000,0.000000,0.000000,0.000000,,,,,,,,,,,,
178083,,,,,,,,,,,0.000000,0.000000,0.000000,0.000000,0.000000,0.000000,,,,,,,,,,,,
178088,,,,,,,,,,,0.000000,0.000000,0.000000,0.000000,0.000000,0.000000,,,,,,,,,,,,
178093,,,,,,,,,,,0.000000,0.000000,0.000000,0.000000,0.000000,0.000000,,,,,,,,,,,,
178098,,,,,,,,,,,0.000000,0.000000,0.000000,0.000000,0.000000,0.000000,,,,,,,,,,,,
178103,,,,,,,,,,,0.000000,0.000000,0.000000,0.000000,0.000000,0.000000,,,,,,,,,,,,
178108,,,,,,,,,,,0.000000,0.000000,0.000000,0.000000,0.000000,0.000000,,,,,,,,,,,,
178113,,,,,,,,,,,0.000000,0.000000,0.000000,0.000000,0.000000,0.000000,,,,,,,,,,,,
178118,,,,,,,,,,,0.000000,0.000000,0.000000,0.000000,0.000000,0.000000,,,,,,,,,,,,
178123,,,,,,,,,,,0.000000,0.000000,0.000000,0.000000,0.000000,0.000000,,,,,,,,,,,,
178135,,,,,,,,,,,0.000000,0.000000,0.000000,0.000000,0.000000,0.000000,,,,,,,,,,,,
178138,,,,,,,,,,,0.000000,0.000000,0.000000,0.000000,0.000000,0.000000,,,,,,,,,,,,
178143,,,,,,,,,,,0.000000,0.000000,0.000000,0.000000,0.000000,0.000000,,,,,,,,,,,,
178148,,,,,,,,,,,0.000000,0.000000,0.000000,0.000000,0.000000,0.000000,,,,,,,,,,,,
178153,,,,,,,,,,,0.000000,0.000000,0.000000,0.000000,0.000000,0.000000,,,,,,,,,,,,
178158,,,,,,,,,,,0.000000,0.000000,0.000000,0.000000,0.000000,0.000000,,,,,,,,,,,,
178163,,,,,,,,,,,0.000000,0.000000,0.000000,0.000000,0.000000,0.000000,,,,,,,,,,,,
178168,,,,,,,,,,,0.000000,0.000000,0.000000,0.000000,0.000000,0.000000,,,,,,,,,,,,
178173,,,,,,,,,,,0.000000,0.000000,0.000000,0.000000,0.000000,0.000000,,,,,,,,,,,,
178178,,,,,,,,,,,0.000000,0.000000,0.000000,0.000000,0.000000,0.000000,,,,,,,,,,,,
178183,,,,,,,,,,,0.000000,0.000000,0.000000,0.000000,0.000000,0.000000,,,,,,,,,,,,
178188,,,,,,,,,,,0.000000,0.000000,0.000000,0.000000,0.000000,0.000000,,,,,,,,,,,,
178193,,,,,,,,,,,0.000000,0.000000,0.000000,0.000000,0.000000,0.000000,,,,,,,,,,,,
178198,,,,,,,,,,,0.000000,0.000000,0.000000,0.000000,0.000000,0.000000,,,,,,,,,,,,
178203,,,,,,,,,,,0.000000,0.000000,0.000000,0.000000,0.000000,0.000000,,,,,,,,,,,,
178215,,,,,,,,,,,0.000000,0.000000,0.000000,0.000000,0.000000,0.000000,,,,,,,,,,,,
178218,,,,,,,,,,,0.000000,0.000000,0.000000,0.000000,0.000000,0.000000,,,,,,,,,,,,
178223,,,,,,,,,,,0.000000,0.000000,0.000000,0.000000,0.000000,0.000000,,,,,,,,,,,,
178228,,,,,,,,,,,0.000000,0.000000,0.000000,0.000000,0.000000,0.000000,,,,,,,,,,,,
178233,,,,,,,,,,,0.000000,0.000000,0.000000,0.000000,0.000000,0.000000,,,,,,,,,,,,
178238,,,,,,,,,,,0.000000,0.000000,0.000000,0.000000,0.000000,0.000000,,,,,,,,,,,,
178243,,,,,,,,,,,0.000000,0.000000,0.000000,0.000000,0.000000,0.000000,,,,,,,,,,,,
178248,,,,,,,,,,,0.000000,0.000000,0.000000,0.000000,0.000000,0.000000,,,,,,,,,,,,
178253,,,,,,,,,,,0.000000,0.000000,0.000000,0.000000,0.000000,0.000000,,,,,,,,,,,,
178258,,,,,,,,,,,0.000000,0.000000,0.000000,0.000000,0.000000,0.000000,,,,,,,,,,,,
178263,,,,,,,,,,,0.000000,0.000000,0.000000,0.000000,0.000000,0.000000,,,,,,,,,,,,
178275,,,,,,,,,,,0.000000,0.000000,0.000000,0.000000,0.000000,0.000000,,,,,,,,,,,,
178278,,,,,,,,,,,0.000000,0.000000,0.000000,0.000000,0.000000,0.000000,,,,,,,,,,,,
178283,,,,,,,,,,,0.000000,0.000000,0.000000,0.000000,0.000000,0.000000,,,,,,,,,,,,
178288,,,,,,,,,,,0.000000,0.000000,0.000000,0.000000,0.000000,0.000000,,,,,,,,,,,,
178293,,,,,,,,,,,0.000000,0.000000,0.000000,0.000000,0.000000,0.000000,,,,,,,,,,,,
178298,,,,,,,,,,,0.000000,0.000000,0.000000,0.000000,0.000000,0.000000,,,,,,,,,,,,
178303,,,,,,,,,,,0.000000,0.000000,0.000000,0.000000,0.000000,0.000000,,,,,,,,,,,,
178308,,,,,,,,,,,0.000000,0.000000,0.000000,0.000000,0.000000,0.000000,,,,,,,,,,,,
178313,,,,,,,,,,,0.000000,0.000000,0.000000,0.000000,0.000000,0.000000,,,,,,,,,,,,
178318,,,,,,,,,,,0.000000,0.000000,0.000000,0.000000,0.000000,0.000000,,,,,,,,,,,,
178323,,,,,,,,,,,0.000000,0.000000,0.000000,0.000000,0.000000,0.000000,,,,,,,,,,,,
178335,,,,,,,,,,,0.000000,0.000000,0.000000,0.000000,0.000000,0.000000,,,,,,,,,,,,
178338,,,,,,,,,,,0.000000,0.000000,0.000000,0.000000,0.000000,0.000000,,,,,,,,,,,,
178343,,,,,,,,,,,0.000000,0.000000,0.000000,0.000000,0.000000,0.000000,,,,,,,,,,,,
178348,,,,,,,,,,,0.000000,0.000000,0.000000,0.000000,0.000000,0.000000,,,,,,,,,,,,
178353,,,,,,,,,,,0.000000,0.000000,0.000000,0.000000,0.000000,0.000000,,,,,,,,,,,,
178358,,,,,,,,,,,0.000000,0.000000,0.000000,0.000000,0.000000,0.000000,,,,,,,,,,,,
178363,,,,,,,,,,,0.000000,0.000000,0.000000,0.000000,0.000000,0.000000,,,,,,,,,,,,
178368,,,,,,,,,,,0.000000,0.000000,0.000000,0.000000,0.000000,0.000000,,,,,,,,,,,,
178373,,,,,,,,,,,0.000000,0.000000,0.000000,0.000000,0.000000,0.000000,,,,,,,,,,,,
178378,,,,,,,,,,,0.000000,0.000000,0.000000,0.000000,0.000000,0.000000,,,,,,,,,,,,
178383,,,,,,,,,,,0.000000,0.000000,0.000000,0.000000,0.000000,0.000000,,,,,,,,,,,,
178388,,,,,,,,,,,0.000000,0.000000,0.000000,0.000000,0.000000,0.000000,,,,,,,,,,,,
178393,,,,,,,,,,,0.000000,0.000000,0.000000,0.000000,0.000000,0.000000,,,,,,,,,,,,
178398,,,,,,,,,,,0.000000,0.000000,0.000000,0.000000,0.000000,0.000000,,,,,,,,,,,,
178403,,,,,,,,,,,0.000000,0.000000,0.000000,0.000000,0.000000,0.000000,,,,,,,,,,,,
178415,,,,,,,,,,,0.000000,0.000000,0.000000,0.000000,0.000000,0.000000,,,,,,,,,,,,
178418,,,,,,,,,,,0.000000,0.000000,0.000000,0.000000,0.000000,0.000000,,,,,,,,,,,,
178423,,,,,,,,,,,0.000000,0.000000,0.000000,0.000000,0.000000,0.000000,,,,,,,,,,,,
178428,,,,,,,,,,,0.000000,0.000000,0.000000,0.000000,0.000000,0.000000,,,,,,,,,,,,
178433,,,,,,,,,,,0.000000,0.000000,0.000000,0.000000,0.000000,0.000000,,,,,,,,,,,,
178438,,,,,,,,,,,0.000000,0.000000,0.000000,0.000000,0.000000,0.000000,,,,,,,,,,,,
178443,,,,,,,,,,,0.000000,0.000000,0.000000,0.000000,0.000000,0.000000,,,,,,,,,,,,
178448,,,,,,,,,,,0.000000,0.000000,0.000000,0.000000,0.000000,0.000000,,,,,,,,,,,,
178453,,,,,,,,,,,0.000000,0.000000,0.000000,0.000000,0.000000,0.000000,,,,,,,,,,,,
178458,,,,,,,,,,,0.000000,0.000000,0.000000,0.000000,0.000000,0.000000,,,,,,,,,,,,
178463,,,,,,,,,,,0.000000,0.000000,0.000000,0.000000,0.000000,0.000000,,,,,,,,,,,,
178475,,,,,,,,,,,0.000000,0.000000,0.000000,0.000000,0.000000,0.000000,,,,,,,,,,,,
178478,,,,,,,,,,,0.000000,0.000000,0.000000,0.000000,0.000000,0.000000,,,,,,,,,,,,
178483,,,,,,,,,,,0.000000,0.000000,0.000000,0.000000,0.000000,0.000000,,,,,,,,,,,,
178488,,,,,,,,,,,0.000000,0.000000,0.000000,0.000000,0.000000,0.000000,,,,,,,,,,,,
178493,,,,,,,,,,,0.000000,0.000000,0.000000,0.000000,0.000000,0.000000,,,,,,,,,,,,
178498,,,,,,,,,,,0.000000,0.000000,0.000000,0.000000,0.000000,0.000000,,,,,,,,,,,,
178503,,,,,,,,,,,0.000000,0.000000,0.000000,0.000000,0.000000,0.000000,,,,,,,,,,,,
178508,,,,,,,,,,,0.000000,0.000000,0.000000,0.000000,0.000000,0.000000,,,,,,,,,,,,
178513,,,,,,,,,,,0.000000,0.000000,0.000000,0.000000,0.000000,0.000000,,,,,,,,,,,,
178518,,,,,,,,,,,0.000000,0.000000,0.000000,0.000000,0.000000,0.000000,,,,,,,,,,,,
178523,,,,,,,,,,,0.000000,0.000000,0.000000,0.000000,0.000000,0.000000,,,,,,,,,,,,
178535,,,,,,,,,,,0.000000,0.000000,0.000000,0.000000,0.000000,0.000000,,,,,,,,,,,,
178538,,,,,,,,,,,0.000000,0.000000,0.000000,0.000000,0.000000,0.000000,,,,,,,,,,,,
178543,,,,,,,,,,,0.000000,0.000000,0.000000,0.000000,0.000000,0.000000,,,,,,,,,,,,
178548,,,,,,,,,,,0.000000,0.000000,0.000000,0.000000,0.000000,0.000000,,,,,,,,,,,,
178553,,,,,,,,,,,0.000000,0.000000,0.000000,0.000000,0.000000,0.000000,,,,,,,,,,,,
178558,,,,,,,,,,,0.000000,0.000000,0.000000,0.000000,0.000000,0.000000,,,,,,,,,,,,
178563,,,,,,,,,,,0.000000,0.000000,0.000000,0.000000,0.000000,0.000000,,,,,,,,,,,,
178568,,,,,,,,,,,0.000000,0.000000,0.000000,0.000000,0.000000,0.000000,,,,,,,,,,,,
178573,,,,,,,,,,,0.000000,0.000000,0.000000,0.000000,0.000000,0.000000,,,,,,,,,,,,
178578,,,,,,,,,,,0.000000,0.000000,0.000000,0.000000,0.000000,0.000000,,,,,,,,,,,,
178583,,,,,,,,,,,0.000000,0.000000,0.000000,0.000000,0.000000,0.000000,,,,,,,,,,,,
178595,,,,,,,,,,,0.000000,0.000000,0.000000,0.000000,0.000000,0.000000,,,,,,,,,,,,
178598,,,,,,,,,,,0.000000,0.000000,0.000000,0.000000,0.000000,0.000000,,,,,,,,,,,,
178603,,,,,,,,,,,0.000000,0.000000,0.000000,0.000000,0.000000,0.000000,,,,,,,,,,,,
178608,,,,,,,,,,,0.000000,0.000000,0.000000,0.000000,0.000000,0.000000,,,,,,,,,,,,
178613,,,,,,,,,,,0.000000,0.000000,0.000000,0.000000,0.000000,0.000000,,,,,,,,,,,,
178618,,,,,,,,,,,0.000000,0.000000,0.000000,0.000000,0.000000,0.000000,,,,,,,,,,,,
178623,,,,,,,,,,,0.000000,0.000000,0.000000,0.000000,0.000000,0.000000,,,,,,,,,,,,
178628,,,,,,,,,,,0.000000,0.000000,0.000000,0.000000,0.000000,0.000000,,,,,,,,,,,,
178633,,,,,,,,,,,0.000000,0.000000,0.000000,0.000000,0.000000,0.000000,,,,,,,,,,,,
178638,,,,,,,,,,,0.000000,0.000000,0.000000,0.000000,0.000000,0.000000,,,,,,,,,,,,
178643,,,,,,,,,,,0.000000,0.000000,0.000000,0.000000,0.000000,0.000000,,,,,,,,,,,,
178648,,,,,,,,,,,0.000000,0.000000,0.000000,0.000000,0.000000,0.000000,,,,,,,,,,,,
178653,,,,,,,,,,,0.000000,0.000000,0.000000,0.000000,0.000000,0.000000,,,,,,,,,,,,
178658,,,,,,,,,,,0.000000,0.000000,0.000000,0.000000,0.000000,0.000000,,,,,,,,,,,,
178663,,,,,,,,,,,0.000000,0.000000,0.000000,0.000000,0.000000,0.000000,,,,,,,,,,,,
178675,,,,,,,,,,,0.000000,0.000000,0.000000,0.000000,0.000000,0.000000,,,,,,,,,,,,
178678,,,,,,,,,,,0.000000,0.000000,0.000000,0.000000,0.000000,0.000000,,,,,,,,,,,,
178683,,,,,,,,,,,0.000000,0.000000,0.000000,0.000000,0.000000,0.000000,,,,,,,,,,,,
178688,,,,,,,,,,,0.000000,0.000000,0.000000,0.000000,0.000000,0.000000,,,,,,,,,,,,
178693,,,,,,,,,,,0.000000,0.000000,0.000000,0.000000,0.000000,0.000000,,,,,,,,,,,,
178698,,,,,,,,,,,0.000000,0.000000,0.000000,0.000000,0.000000,0.000000,,,,,,,,,,,,
178703,,,,,,,,,,,0.000000,0.000000,0.000000,0.000000,0.000000,0.000000,,,,,,,,,,,,
178708,,,,,,,,,,,0.000000,0.000000,0.000000,0.000000,0.000000,0.000000,,,,,,,,,,,,
178713,,,,,,,,,,,0.000000,0.000000,0.000000,0.000000,0.000000,0.000000,,,,,,,,,,,,
178718,,,,,,,,,,,0.000000,0.000000,0.000000,0.000000,0.000000,0.000000,,,,,,,,,,,,
178723,,,,,,,,,,,0.000000,0.000000,0.000000,0.000000,0.000000,0.000000,,,,,,,,,,,,
178735,,,,,,,,,,,0.000000,0.000000,0.000000,0.000000,0.000000,0.000000,,,,,,,,,,,,
178738,,,,,,,,,,,0.000000,0.000000,0.000000,0.000000,0.000000,0.000000,,,,,,,,,,,,
178743,,,,,,,,,,,0.000000,0.000000,0.000000,0.000000,0.000000,0.000000,,,,,,,,,,,,
178748,,,,,,,,,,,0.000000,0.000000,0.000000,0.000000,0.000000,0.000000,,,,,,,,,,,,
178753,,,,,,,,,,,0.000000,0.000000,0.000000,0.000000,0.000000,0.000000,,,,,,,,,,,,
178758,,,,,,,,,,,0.000000,0.000000,0.000000,0.000000,0.000000,0.000000,,,,,,,,,,,,
178763,,,,,,,,,,,0.000000,0.000000,0.000000,0.000000,0.000000,0.000000,,,,,,,,,,,,
178768,,,,,,,,,,,0.000000,0.000000,0.000000,0.000000,0.000000,0.000000,,,,,,,,,,,,
178773,,,,,,,,,,,0.000000,0.000000,0.000000,0.000000,0.000000,0.000000,,,,,,,,,,,,
178778,,,,,,,,,,,0.000000,0.000000,0.000000,0.000000,0.000000,0.000000,,,,,,,,,,,,
178783,,,,,,,,,,,0.000000,0.000000,0.000000,0.000000,0.000000,0.000000,,,,,,,,,,,,
178795,,,,,,,,,,,0.000000,0.000000,0.000000,0.000000,0.000000,0.000000,,,,,,,,,,,,
178798,,,,,,,,,,,0.000000,0.000000,0.000000,0.000000,0.000000,0.000000,,,,,,,,,,,,
178803,,,,,,,,,,,0.000000,0.000000,0.000000,0.000000,0.000000,0.000000,,,,,,,,,,,,
178808,,,,,,,,,,,0.000000,0.000000,0.000000,0.000000,0.000000,0.000000,,,,,,,,,,,,
178813,,,,,,,,,,,0.000000,0.000000,0.000000,0.000000,0.000000,0.000000,,,,,,,,,,,,
178818,,,,,,,,,,,0.000000,0.000000,0.000000,0.000000,0.000000,0.000000,,,,,,,,,,,,
178823,,,,,,,,,,,0.000000,0.000000,0.000000,0.000000,0.000000,0.000000,,,,,,,,,,,,
178828,,,,,,,,,,,0.000000,0.000000,0.000000,0.000000,0.000000,0.000000,,,,,,,,,,,,
178833,,,,,,,,,,,0.000000,0.000000,0.000000,0.000000,0.000000,0.000000,,,,,,,,,,,,
178838,,,,,,,,,,,0.000000,0.000000,0.000000,0.000000,0.000000,0.000000,,,,,,,,,,,,
178843,,,,,,,,,,,0.000000,0.000000,0.000000,0.000000,0.000000,0.000000,,,,,,,,,,,,
178848,,,,,,,,,,,0.000000,0.000000,0.000000,0.000000,0.000000,0.000000,,,,,,,,,,,,
178853,,,,,,,,,,,0.000000,0.000000,0.000000,0.000000,0.000000,0.000000,,,,,,,,,,,,
178858,,,,,,,,,,,0.000000,0.000000,0.000000,0.000000,0.000000,0.000000,,,,,,,,,,,,
178863,,,,,,,,,,,0.000000,0.000000,0.000000,0.000000,0.000000,0.000000,,,,,,,,,,,,
178875,,,,,,,,,,,0.000000,0.000000,0.000000,0.000000,0.000000,0.000000,,,,,,,,,,,,
178878,,,,,,,,,,,0.000000,0.000000,0.000000,0.000000,0.000000,0.000000,,,,,,,,,,,,
178883,,,,,,,,,,,0.000000,0.000000,0.000000,0.000000,0.000000,0.000000,,,,,,,,,,,,
178888,,,,,,,,,,,0.000000,0.000000,0.000000,0.000000,0.000000,0.000000,,,,,,,,,,,,
178893,,,,,,,,,,,0.000000,0.000000,0.000000,0.000000,0.000000,0.000000,,,,,,,,,,,,
178898,,,,,,,,,,,0.000000,0.000000,0.000000,0.000000,0.000000,0.000000,,,,,,,,,,,,
178903,,,,,,,,,,,0.000000,0.000000,0.000000,0.000000,0.000000,0.000000,,,,,,,,,,,,
178908,,,,,,,,,,,0.000000,0.000000,0.000000,0.000000,0.000000,0.000000,,,,,,,,,,,,
178913,,,,,,,,,,,0.000000,0.000000,0.000000,0.000000,0.000000,0.000000,,,,,,,,,,,,
178918,,,,,,,,,,,0.000000,0.000000,0.000000,0.000000,0.000000,0.000000,,,,,,,,,,,,
178923,,,,,,,,,,,0.000000,0.000000,0.000000,0.000000,0.000000,0.000000,,,,,,,,,,,,
178935,,,,,,,,,,,0.000000,0.000000,0.000000,0.000000,0.000000,0.000000,,,,,,,,,,,,
178938,,,,,,,,,,,0.000000,0.000000,0.000000,0.000000,0.000000,0.000000,,,,,,,,,,,,
178943,,,,,,,,,,,0.000000,0.000000,0.000000,0.000000,0.000000,0.000000,,,,,,,,,,,,
178948,,,,,,,,,,,0.000000,0.000000,0.000000,0.000000,0.000000,0.000000,,,,,,,,,,,,
178953,,,,,,,,,,,0.000000,0.000000,0.000000,0.000000,0.000000,0.000000,,,,,,,,,,,,
178958,,,,,,,,,,,0.000000,0.000000,0.000000,0.000000,0.000000,0.000000,,,,,,,,,,,,
178963,,,,,,,,,,,0.000000,0.000000,0.000000,0.000000,0.000000,0.000000,,,,,,,,,,,,
178968,,,,,,,,,,,0.000000,0.000000,0.000000,0.000000,0.000000,0.000000,,,,,,,,,,,,
178973,,,,,,,,,,,0.000000,0.000000,0.000000,0.000000,0.000000,0.000000,,,,,,,,,,,,
178978,,,,,,,,,,,0.000000,0.000000,0.000000,0.000000,0.000000,0.000000,,,,,,,,,,,,
178983,,,,,,,,,,,0.000000,0.000000,0.000000,0.000000,0.000000,0.000000,,,,,,,,,,,,
178995,,,,,,,,,,,0.000000,0.000000,0.000000,0.000000,0.000000,0.000000,,,,,,,,,,,,
178998,,,,,,,,,,,0.000000,0.000000,0.000000,0.000000,0.000000,0.000000,,,,,,,,,,,,
179003,,,,,,,,,,,0.000000,0.000000,0.000000,0.000000,0.000000,0.000000,,,,,,,,,,,,
179008,,,,,,,,,,,0.000000,0.000000,0.000000,0.000000,0.000000,0.000000,,,,,,,,,,,,
179013,,,,,,,,,,,0.000000,0.000000,0.000000,0.000000,0.000000,0.000000,,,,,,,,,,,,
179018,,,,,,,,,,,0.000000,0.000000,0.000000,0.000000,0.000000,0.000000,,,,,,,,,,,,
179023,,,,,,,,,,,0.000000,0.000000,0.000000,0.000000,0.000000,0.000000,,,,,,,,,,,,
179028,,,,,,,,,,,0.000000,0.000000,0.000000,0.000000,0.000000,0.000000,,,,,,,,,,,,
179033,,,,,,,,,,,0.000000,0.000000,0.000000,0.000000,0.000000,0.000000,,,,,,,,,,,,
179038,,,,,,,,,,,0.000000,0.000000,0.000000,0.000000,0.000000,0.000000,,,,,,,,,,,,
179043,,,,,,,,,,,0.000000,0.000000,0.000000,0.000000,0.000000,0.000000,,,,,,,,,,,,
179055,,,,,,,,,,,0.000000,0.000000,0.000000,0.000000,0.000000,0.000000,,,,,,,,,,,,
179058,,,,,,,,,,,0.000000,0.000000,0.000000,0.000000,0.000000,0.000000,,,,,,,,,,,,
179063,,,,,,,,,,,0.000000,0.000000,0.000000,0.000000,0.000000,0.000000,,,,,,,,,,,,
179068,,,,,,,,,,,0.000000,0.000000,0.000000,0.000000,0.000000,0.000000,,,,,,,,,,,,
179073,,,,,,,,,,,0.000000,0.000000,0.000000,0.000000,0.000000,0.000000,,,,,,,,,,,,
179078,,,,,,,,,,,0.000000,0.000000,0.000000,0.000000,0.000000,0.000000,,,,,,,,,,,,
179083,,,,,,,,,,,0.000000,0.000000,0.000000,0.000000,0.000000,0.000000,,,,,,,,,,,,
179088,,,,,,,,,,,0.000000,0.000000,0.000000,0.000000,0.000000,0.000000,,,,,,,,,,,,
179093,,,,,,,,,,,0.000000,0.000000,0.000000,0.000000,0.000000,0.000000,,,,,,,,,,,,
179098,,,,,,,,,,,0.000000,0.000000,0.000000,0.000000,0.000000,0.000000,,,,,,,,,,,,
179103,,,,,,,,,,,0.000000,0.000000,0.000000,0.000000,0.000000,0.000000,,,,,,,,,,,,
179108,,,,,,,,,,,0.000000,0.000000,0.000000,0.000000,0.000000,0.000000,,,,,,,,,,,,
179113,,,,,,,,,,,0.000000,0.000000,0.000000,0.000000,0.000000,0.000000,,,,,,,,,,,,
179118,,,,,,,,,,,0.000000,0.000000,0.000000,0.000000,0.000000,0.000000,,,,,,,,,,,,
179123,,,,,,,,,,,0.000000,0.000000,0.000000,0.000000,0.000000,0.000000,,,,,,,,,,,,
179135,,,,,,,,,,,0.000000,0.000000,0.000000,0.000000,0.000000,0.000000,,,,,,,,,,,,
179138,,,,,,,,,,,0.000000,0.000000,0.000000,0.000000,0.000000,0.000000,,,,,,,,,,,,
179143,,,,,,,,,,,0.000000,0.000000,0.000000,0.000000,0.000000,0.000000,,,,,,,,,,,,
179148,,,,,,,,,,,0.000000,0.000000,0.000000,0.000000,0.000000,0.000000,,,,,,,,,,,,
179153,,,,,,,,,,,0.000000,0.000000,0.000000,0.000000,0.000000,0.000000,,,,,,,,,,,,
179158,,,,,,,,,,,0.000000,0.000000,0.000000,0.000000,0.000000,0.000000,,,,,,,,,,,,
179163,,,,,,,,,,,0.000000,0.000000,0.000000,0.000000,0.000000,0.000000,,,,,,,,,,,,
179168,,,,,,,,,,,0.000000,0.000000,0.000000,0.000000,0.000000,0.000000,,,,,,,,,,,,
179173,,,,,,,,,,,0.000000,0.000000,0.000000,0.000000,0.000000,0.000000,,,,,,,,,,,,
179178,,,,,,,,,,,0.000000,0.000000,0.000000,0.000000,0.000000,0.000000,,,,,,,,,,,,
179183,,,,,,,,,,,0.000000,0.000000,0.000000,0.000000,0.000000,0.000000,,,,,,,,,,,,
179194,,,,,,,,,,,0.000000,0.000000,0.000000,0.000000,0.000000,0.000000,,,,,,,,,,,,
179198,,,,,,,,,,,0.000000,0.000000,0.000000,0.000000,0.000000,0.000000,,,,,,,,,,,,
179203,,,,,,,,,,,0.000000,0.000000,0.000000,0.000000,0.000000,0.000000,,,,,,,,,,,,
179208,,,,,,,,,,,0.000000,0.000000,0.000000,0.000000,0.000000,0.000000,,,,,,,,,,,,
179213,,,,,,,,,,,0.000000,0.000000,0.000000,0.000000,0.000000,0.000000,,,,,,,,,,,,
179218,,,,,,,,,,,0.000000,0.000000,0.000000,0.000000,0.000000,0.000000,,,,,,,,,,,,
179223,,,,,,,,,,,0.000000,0.000000,0.000000,0.000000,0.000000,0.000000,,,,,,,,,,,,
179228,,,,,,,,,,,0.000000,0.000000,0.000000,0.000000,0.000000,0.000000,,,,,,,,,,,,
179233,,,,,,,,,,,0.000000,0.000000,0.000000,0.000000,0.000000,0.000000,,,,,,,,,,,,
179238,,,,,,,,,,,0.000000,0.000000,0.000000,0.000000,0.000000,0.000000,,,,,,,,,,,,
179243,,,,,,,,,,,0.000000,0.000000,0.000000,0.000000,0.000000,0.000000,,,,,,,,,,,,
179253,,,,,,,,,,,0.000000,0.000000,0.000000,0.000000,0.000000,0.000000,,,,,,,,,,,,
179258,,,,,,,,,,,0.000000,0.000000,0.000000,0.000000,0.000000,0.000000,,,,,,,,,,,,
179263,,,,,,,,,,,0.000000,0.000000,0.000000,0.000000,0.000000,0.000000,,,,,,,,,,,,
179268,,,,,,,,,,,0.000000,0.000000,0.000000,0.000000,0.000000,0.000000,,,,,,,,,,,,
179273,,,,,,,,,,,0.000000,0.000000,0.000000,0.000000,0.000000,0.000000,,,,,,,,,,,,
179278,,,,,,,,,,,0.000000,0.000000,0.000000,0.000000,0.000000,0.000000,,,,,,,,,,,,
179283,,,,,,,,,,,0.000000,0.000000,0.000000,0.000000,0.000000,0.000000,,,,,,,,,,,,
179288,,,,,,,,,,,0.000000,0.000000,0.000000,0.000000,0.000000,0.000000,,,,,,,,,,,,
179293,,,,,,,,,,,0.000000,0.000000,0.000000,0.000000,0.000000,0.000000,,,,,,,,,,,,
179298,,,,,,,,,,,0.000000,0.000000,0.000000,0.000000,0.000000,0.000000,,,,,,,,,,,,
179303,,,,,,,,,,,0.000000,0.000000,0.000000,0.000000,0.000000,0.000000,,,,,,,,,,,,
179317,,,,,,,,,,,0.000000,0.000000,0.000000,0.000000,0.000000,0.000000,,,,,,,,,,,,
179318,,,,,,,,,,,0.000000,0.000000,0.000000,0.000000,0.000000,0.000000,,,,,,,,,,,,
179323,,,,,,,,,,,0.000000,0.000000,0.000000,0.000000,0.000000,0.000000,,,,,,,,,,,,
179328,,,,,,,,,,,0.000000,0.000000,0.000000,0.000000,0.000000,0.000000,,,,,,,,,,,,
179333,,,,,,,,,,,0.000000,0.000000,0.000000,0.000000,0.000000,0.000000,,,,,,,,,,,,
179338,,,,,,,,,,,0.000000,0.000000,0.000000,0.000000,0.000000,0.000000,,,,,,,,,,,,
179343,,,,,,,,,,,0.000000,0.000000,0.000000,0.000000,0.000000,0.000000,,,,,,,,,,,,
179348,,,,,,,,,,,0.000000,0.000000,0.000000,0.000000,0.000000,0.000000,,,,,,,,,,,,
179353,,,,,,,,,,,0.000000,0.000000,0.000000,0.000000,0.000000,0.000000,,,,,,,,,,,,
179358,,,,,,,,,,,0.000000,0.000000,0.000000,0.000000,0.000000,0.000000,,,,,,,,,,,,
179363,,,,,,,,,,,0.000000,0.000000,0.000000,0.000000,0.000000,0.000000,,,,,,,,,,,,
179368,,,,,,,,,,,0.000000,0.000000,0.000000,0.000000,0.000000,0.000000,,,,,,,,,,,,
179373,,,,,,,,,,,0.000000,0.000000,0.000000,0.000000,0.000000,0.000000,,,,,,,,,,,,
179378,,,,,,,,,,,0.000000,0.000000,0.000000,0.000000,0.000000,0.000000,,,,,,,,,,,,
179383,,,,,,,,,,,0.000000,0.000000,0.000000,0.000000,0.000000,0.000000,,,,,,,,,,,,
179395,,,,,,,,,,,0.000000,0.000000,0.000000,0.000000,0.000000,0.000000,,,,,,,,,,,,
179398,,,,,,,,,,,0.000000,0.000000,0.000000,0.000000,0.000000,0.000000,,,,,,,,,,,,
179403,,,,,,,,,,,0.000000,0.000000,0.000000,0.000000,0.000000,0.000000,,,,,,,,,,,,
179408,,,,,,,,,,,0.000000,0.000000,0.000000,0.000000,0.000000,0.000000,,,,,,,,,,,,
179413,,,,,,,,,,,0.000000,0.000000,0.000000,0.000000,0.000000,0.000000,,,,,,,,,,,,
179418,,,,,,,,,,,0.000000,0.000000,0.000000,0.000000,0.000000,0.000000,,,,,,,,,,,,
179423,,,,,,,,,,,0.000000,0.000000,0.000000,0.000000,0.000000,0.000000,,,,,,,,,,,,
179428,,,,,,,,,,,0.000000,0.000000,0.000000,0.000000,0.000000,0.000000,,,,,,,,,,,,
179433,,,,,,,,,,,0.000000,0.000000,0.000000,0.000000,0.000000,0.000000,,,,,,,,,,,,
179438,,,,,,,,,,,0.000000,0.000000,0.000000,0.000000,0.000000,0.000000,,,,,,,,,,,,
179443,,,,,,,,,,,0.000000,0.000000,0.000000,0.000000,0.000000,0.000000,,,,,,,,,,,,
179455,,,,,,,,,,,0.000000,0.000000,0.000000,0.000000,0.000000,0.000000,,,,,,,,,,,,
179458,,,,,,,,,,,0.000000,0.000000,0.000000,0.000000,0.000000,0.000000,,,,,,,,,,,,
179463,,,,,,,,,,,0.000000,0.000000,0.000000,0.000000,0.000000,0.000000,,,,,,,,,,,,
179468,,,,,,,,,,,0.000000,0.000000,0.000000,0.000000,0.000000,0.000000,,,,,,,,,,,,
179473,,,,,,,,,,,0.000000,0.000000,0.000000,0.000000,0.000000,0.000000,,,,,,,,,,,,
179478,,,,,,,,,,,0.000000,0.000000,0.000000,0.000000,0.000000,0.000000,,,,,,,,,,,,
179483,,,,,,,,,,,0.000000,0.000000,0.000000,0.000000,0.000000,0.000000,,,,,,,,,,,,
179488,,,,,,,,,,,0.000000,0.000000,0.000000,0.000000,0.000000,0.000000,,,,,,,,,,,,
179493,,,,,,,,,,,0.000000,0.000000,0.000000,0.000000,0.000000,0.000000,,,,,,,,,,,,
179498,,,,,,,,,,,0.000000,0.000000,0.000000,0.000000,0.000000,0.000000,,,,,,,,,,,,
179503,,,,,,,,,,,0.000000,0.000000,0.000000,0.000000,0.000000,0.000000,,,,,,,,,,,,
179515,,,,,,,,,,,0.000000,0.000000,0.000000,0.000000,0.000000,0.000000,,,,,,,,,,,,
179518,,,,,,,,,,,0.000000,0.000000,0.000000,0.000000,0.000000,0.000000,,,,,,,,,,,,
179523,,,,,,,,,,,0.000000,0.000000,0.000000,0.000000,0.000000,0.000000,,,,,,,,,,,,
179528,,,,,,,,,,,0.000000,0.000000,0.000000,0.000000,0.000000,0.000000,,,,,,,,,,,,
179533,,,,,,,,,,,0.000000,0.000000,0.000000,0.000000,0.000000,0.000000,,,,,,,,,,,,
179538,,,,,,,,,,,0.000000,0.000000,0.000000,0.000000,0.000000,0.000000,,,,,,,,,,,,
179543,,,,,,,,,,,0.000000,0.000000,0.000000,0.000000,0.000000,0.000000,,,,,,,,,,,,
179548,,,,,,,,,,,0.000000,0.000000,0.000000,0.000000,0.000000,0.000000,,,,,,,,,,,,
179553,,,,,,,,,,,0.000000,0.000000,0.000000,0.000000,0.000000,0.000000,,,,,,,,,,,,
179558,,,,,,,,,,,0.000000,0.000000,0.000000,0.000000,0.000000,0.000000,,,,,,,,,,,,
179563,,,,,,,,,,,0.000000,0.000000,0.000000,0.000000,0.000000,0.000000,,,,,,,,,,,,
179568,,,,,,,,,,,0.000000,0.000000,0.000000,0.000000,0.000000,0.000000,,,,,,,,,,,,
179573,,,,,,,,,,,0.000000,0.000000,0.000000,0.000000,0.000000,0.000000,,,,,,,,,,,,
179578,,,,,,,,,,,0.000000,0.000000,0.000000,0.000000,0.000000,0.000000,,,,,,,,,,,,
179583,,,,,,,,,,,0.000000,0.000000,0.000000,0.000000,0.000000,0.000000,,,,,,,,,,,,
179595,,,,,,,,,,,0.000000,0.000000,,,,,,,,,,,,,,,,
179596,,,,,,,,,,,0.000000,0.000000,0.000000,0.000000,0.000000,0.000000,,,,,,,,,,,,
179598,,,,,,,,,,,0.000000,0.000000,0.000000,0.000000,0.000000,0.000000,,,,,,,,,,,,
179603,,,,,,,,,,,0.000000,0.000000,0.000000,0.000000,0.000000,0.000000,,,,,,,,,,,,
179608,,,,,,,,,,,0.000000,0.000000,0.000000,0.000000,0.000000,0.000000,,,,,,,,,,,,
179613,,,,,,,,,,,0.000000,0.000000,0.000000,0.000000,0.000000,0.000000,,,,,,,,,,,,
179618,,,,,,,,,,,0.000000,0.000000,0.000000,0.000000,0.000000,0.000000,,,,,,,,,,,,
179623,,,,,,,,,,,0.000000,0.000000,0.000000,0.000000,0.000000,0.000000,,,,,,,,,,,,
179628,,,,,,,,,,,0.000000,0.000000,0.000000,0.000000,0.000000,0.000000,,,,,,,,,,,,
179633,,,,,,,,,,,0.000000,0.000000,0.000000,0.000000,0.000000,0.000000,,,,,,,,,,,,
179638,,,,,,,,,,,0.000000,0.000000,0.000000,0.000000,0.000000,0.000000,,,,,,,,,,,,
179643,,,,,,,,,,,0.000000,0.000000,0.000000,0.000000,0.000000,0.000000,,,,,,,,,,,,
179655,,,,,,,,,,,0.000000,0.000000,0.000000,0.000000,0.000000,0.000000,,,,,,,,,,,,
179658,,,,,,,,,,,0.000000,0.000000,0.000000,0.000000,0.000000,0.000000,,,,,,,,,,,,
179663,,,,,,,,,,,0.000000,0.000000,0.000000,0.000000,0.000000,0.000000,,,,,,,,,,,,
179668,,,,,,,,,,,0.000000,0.000000,0.000000,0.000000,0.000000,0.000000,,,,,,,,,,,,
179673,,,,,,,,,,,0.000000,0.000000,0.000000,0.000000,0.000000,0.000000,,,,,,,,,,,,
179678,,,,,,,,,,,0.000000,0.000000,0.000000,0.000000,0.000000,0.000000,,,,,,,,,,,,
179683,,,,,,,,,,,0.000000,0.000000,0.000000,0.000000,0.000000,0.000000,,,,,,,,,,,,
179688,,,,,,,,,,,0.000000,0.000000,0.000000,0.000000,0.000000,0.000000,,,,,,,,,,,,
179693,,,,,,,,,,,0.000000,0.000000,0.000000,0.000000,0.000000,0.000000,,,,,,,,,,,,
179698,,,,,,,,,,,0.000000,0.000000,0.000000,0.000000,0.000000,0.000000,,,,,,,,,,,,
179703,,,,,,,,,,,0.000000,0.000000,0.000000,0.000000,0.000000,0.000000,,,,,,,,,,,,
179715,,,,,,,,,,,0.000000,0.000000,0.000000,0.000000,0.000000,0.000000,,,,,,,,,,,,
179718,,,,,,,,,,,0.000000,0.000000,0.000000,0.000000,0.000000,0.000000,,,,,,,,,,,,
179723,,,,,,,,,,,0.000000,0.000000,0.000000,0.000000,0.000000,0.000000,,,,,,,,,,,,
179728,,,,,,,,,,,0.000000,0.000000,0.000000,0.000000,0.000000,0.000000,,,,,,,,,,,,
179733,,,,,,,,,,,0.000000,0.000000,0.000000,0.000000,0.000000,0.000000,,,,,,,,,,,,
179738,,,,,,,,,,,0.000000,0.000000,0.000000,0.000000,0.000000,0.000000,,,,,,,,,,,,
179743,,,,,,,,,,,0.000000,0.000000,0.000000,0.000000,0.000000,0.000000,,,,,,,,,,,,
179748,,,,,,,,,,,0.000000,0.000000,0.000000,0.000000,0.000000,0.000000,,,,,,,,,,,,
179753,,,,,,,,,,,0.000000,0.000000,0.000000,0.000000,0.000000,0.000000,,,,,,,,,,,,
179758,,,,,,,,,,,0.000000,0.000000,0.000000,0.000000,0.000000,0.000000,,,,,,,,,,,,
179763,,,,,,,,,,,0.000000,0.000000,0.000000,0.000000,0.000000,0.000000,,,,,,,,,,,,
179775,,,,,,,,,,,0.000000,0.000000,0.000000,0.000000,0.000000,0.000000,,,,,,,,,,,,
179778,,,,,,,,,,,0.000000,0.000000,0.000000,0.000000,0.000000,0.000000,,,,,,,,,,,,
179783,,,,,,,,,,,0.000000,0.000000,0.000000,0.000000,0.000000,0.000000,,,,,,,,,,,,
179788,,,,,,,,,,,0.000000,0.000000,0.000000,0.000000,0.000000,0.000000,,,,,,,,,,,,
179793,,,,,,,,,,,0.000000,0.000000,0.000000,0.000000,0.000000,0.000000,,,,,,,,,,,,
179798,,,,,,,,,,,0.000000,0.000000,0.000000,0.000000,0.000000,0.000000,,,,,,,,,,,,
179803,,,,,,,,,,,0.000000,0.000000,0.000000,0.000000,0.000000,0.000000,,,,,,,,,,,,
179808,,,,,,,,,,,0.000000,0.000000,0.000000,0.000000,0.000000,0.000000,,,,,,,,,,,,
179813,,,,,,,,,,,0.000000,0.000000,0.000000,0.000000,0.000000,0.000000,,,,,,,,,,,,
179818,,,,,,,,,,,0.000000,0.000000,0.000000,0.000000,0.000000,0.000000,,,,,,,,,,,,
179823,,,,,,,,,,,0.000000,0.000000,0.000000,0.000000,0.000000,0.000000,,,,,,,,,,,,
179828,,,,,,,,,,,0.000000,0.000000,0.000000,0.000000,0.000000,0.000000,,,,,,,,,,,,
179833,,,,,,,,,,,0.000000,0.000000,0.000000,0.000000,0.000000,0.000000,,,,,,,,,,,,
179838,,,,,,,,,,,0.000000,0.000000,0.000000,0.000000,0.000000,0.000000,,,,,,,,,,,,
179843,,,,,,,,,,,0.000000,0.000000,0.000000,0.000000,0.000000,0.000000,,,,,,,,,,,,
179855,,,,,,,,,,,0.000000,0.000000,0.000000,0.000000,0.000000,0.000000,,,,,,,,,,,,
179858,,,,,,,,,,,0.000000,0.000000,0.000000,0.000000,0.000000,0.000000,,,,,,,,,,,,
179863,,,,,,,,,,,0.000000,0.000000,0.000000,0.000000,0.000000,0.000000,,,,,,,,,,,,
179868,,,,,,,,,,,0.000000,0.000000,0.000000,0.000000,0.000000,0.000000,,,,,,,,,,,,
179873,,,,,,,,,,,0.000000,0.000000,0.000000,0.000000,0.000000,0.000000,,,,,,,,,,,,
179878,,,,,,,,,,,0.000000,0.000000,0.000000,0.000000,0.000000,0.000000,,,,,,,,,,,,
179883,,,,,,,,,,,0.000000,0.000000,0.000000,0.000000,0.000000,0.000000,,,,,,,,,,,,
179888,,,,,,,,,,,0.000000,0.000000,0.000000,0.000000,0.000000,0.000000,,,,,,,,,,,,
179893,,,,,,,,,,,0.000000,0.000000,0.000000,0.000000,0.000000,0.000000,,,,,,,,,,,,
179898,,,,,,,,,,,0.000000,0.000000,0.000000,0.000000,0.000000,0.000000,,,,,,,,,,,,
179903,,,,,,,,,,,0.000000,0.000000,0.000000,0.000000,0.000000,0.000000,,,,,,,,,,,,
179915,,,,,,,,,,,0.000000,0.000000,0.000000,0.000000,0.000000,0.000000,,,,,,,,,,,,
179918,,,,,,,,,,,0.000000,0.000000,0.000000,0.000000,0.000000,0.000000,,,,,,,,,,,,
179923,,,,,,,,,,,0.000000,0.000000,0.000000,0.000000,0.000000,0.000000,,,,,,,,,,,,
179928,,,,,,,,,,,0.000000,0.000000,0.000000,0.000000,0.000000,0.000000,,,,,,,,,,,,
179933,,,,,,,,,,,0.000000,0.000000,0.000000,0.000000,0.000000,0.000000,,,,,,,,,,,,
179938,,,,,,,,,,,0.000000,0.000000,0.000000,0.000000,0.000000,0.000000,,,,,,,,,,,,
179943,,,,,,,,,,,0.000000,0.000000,0.000000,0.000000,0.000000,0.000000,,,,,,,,,,,,
179948,,,,,,,,,,,0.000000,0.000000,0.000000,0.000000,0.000000,0.000000,,,,,,,,,,,,
179953,,,,,,,,,,,0.000000,0.000000,0.000000,0.000000,0.000000,0.000000,,,,,,,,,,,,
179958,,,,,,,,,,,0.000000,0.000000,0.000000,0.000000,0.000000,0.000000,,,,,,,,,,,,
179963,,,,,,,,,,,0.000000,0.000000,0.000000,0.000000,0.000000,0.000000,,,,,,,,,,,,
179975,,,,,,,,,,,0.000000,0.000000,0.000000,0.000000,0.000000,0.000000,,,,,,,,,,,,
179978,,,,,,,,,,,0.000000,0.000000,0.000000,0.000000,0.000000,0.000000,,,,,,,,,,,,
179983,,,,,,,,,,,0.000000,0.000000,0.000000,0.000000,0.000000,0.000000,,,,,,,,,,,,
179988,,,,,,,,,,,0.000000,0.000000,0.000000,0.000000,0.000000,0.000000,,,,,,,,,,,,
179993,,,,,,,,,,,0.000000,0.000000,0.000000,0.000000,0.000000,0.000000,,,,,,,,,,,,
179998,,,,,,,,,,,0.000000,0.000000,0.000000,0.000000,0.000000,0.000000,,,,,,,,,,,,
180003,,,,,,,,,,,0.000000,0.000000,0.000000,0.000000,0.000000,0.000000,,,,,,,,,,,,
180008,,,,,,,,,,,0.000000,0.000000,0.000000,0.000000,0.000000,0.000000,,,,,,,,,,,,
180013,,,,,,,,,,,0.000000,0.000000,0.000000,0.000000,0.000000,0.000000,,,,,,,,,,,,
180018,,,,,,,,,,,0.000000,0.000000,0.000000,0.000000,0.000000,0.000000,,,,,,,,,,,,
180023,,,,,,,,,,,0.000000,0.000000,0.000000,0.000000,0.000000,0.000000,,,,,,,,,,,,
180028,,,,,,,,,,,0.000000,0.000000,0.000000,0.000000,0.000000,0.000000,,,,,,,,,,,,
180033,,,,,,,,,,,0.000000,0.000000,0.000000,0.000000,0.000000,0.000000,,,,,,,,,,,,
180038,,,,,,,,,,,0.000000,0.000000,0.000000,0.000000,0.000000,0.000000,,,,,,,,,,,,
180043,,,,,,,,,,,0.000000,0.000000,0.000000,0.000000,0.000000,0.000000,,,,,,,,,,,,
180055,,,,,,,,,,,0.000000,0.000000,0.000000,0.000000,0.000000,0.000000,,,,,,,,,,,,
180058,,,,,,,,,,,0.000000,0.000000,0.000000,0.000000,0.000000,0.000000,,,,,,,,,,,,
180063,,,,,,,,,,,0.000000,0.000000,0.000000,0.000000,0.000000,0.000000,,,,,,,,,,,,
180068,,,,,,,,,,,0.000000,0.000000,0.000000,0.000000,0.000000,0.000000,,,,,,,,,,,,
180073,,,,,,,,,,,0.000000,0.000000,0.000000,0.000000,0.000000,0.000000,,,,,,,,,,,,
180078,,,,,,,,,,,0.000000,0.000000,0.000000,0.000000,0.000000,0.000000,,,,,,,,,,,,
180083,,,,,,,,,,,0.000000,0.000000,0.000000,0.000000,0.000000,0.000000,,,,,,,,,,,,
180088,,,,,,,,,,,0.000000,0.000000,0.000000,0.000000,0.000000,0.000000,,,,,,,,,,,,
180093,,,,,,,,,,,0.000000,0.000000,0.000000,0.000000,0.000000,0.000000,,,,,,,,,,,,
180098,,,,,,,,,,,0.000000,0.000000,0.000000,0.000000,0.000000,0.000000,,,,,,,,,,,,
180103,,,,,,,,,,,0.000000,0.000000,0.000000,0.000000,0.000000,0.000000,,,,,,,,,,,,
180127,,,,,,,,,,,0.000000,0.000000,0.000000,0.000000,0.000000,0.000000,,,,,,,,,,,,
180128,,,,,,,,,,,0.000000,0.000000,0.000000,0.000000,0.000000,0.000000,,,,,,,,,,,,
180133,,,,,,,,,,,0.000000,0.000000,0.000000,0.000000,0.000000,0.000000,,,,,,,,,,,,
180138,,,,,,,,,,,0.000000,0.000000,0.000000,0.000000,0.000000,0.000000,,,,,,,,,,,,
180143,,,,,,,,,,,0.000000,0.000000,0.000000,0.000000,0.000000,0.000000,,,,,,,,,,,,
180148,,,,,,,,,,,0.000000,0.000000,0.000000,0.000000,0.000000,0.000000,,,,,,,,,,,,
180153,,,,,,,,,,,0.000000,0.000000,0.000000,0.000000,0.000000,0.000000,,,,,,,,,,,,
180158,,,,,,,,,,,0.000000,0.000000,0.000000,0.000000,0.000000,0.000000,,,,,,,,,,,,
180163,,,,,,,,,,,0.000000,0.000000,0.000000,0.000000,0.000000,0.000000,,,,,,,,,,,,
180175,,,,,,,,,,,0.000000,0.000000,0.000000,0.000000,0.000000,0.000000,,,,,,,,,,,,
180178,,,,,,,,,,,0.000000,0.000000,0.000000,0.000000,0.000000,0.000000,,,,,,,,,,,,
180183,,,,,,,,,,,0.000000,0.000000,0.000000,0.000000,0.000000,0.000000,,,,,,,,,,,,
180188,,,,,,,,,,,0.000000,0.000000,0.000000,0.000000,0.000000,0.000000,,,,,,,,,,,,
180193,,,,,,,,,,,0.000000,0.000000,0.000000,0.000000,0.000000,0.000000,,,,,,,,,,,,
180198,,,,,,,,,,,0.000000,0.000000,0.000000,0.000000,0.000000,0.000000,,,,,,,,,,,,
180203,,,,,,,,,,,0.000000,0.000000,0.000000,0.000000,0.000000,0.000000,,,,,,,,,,,,
180208,,,,,,,,,,,0.000000,0.000000,0.000000,0.000000,0.000000,0.000000,,,,,,,,,,,,
180213,,,,,,,,,,,0.000000,0.000000,0.000000,0.000000,0.000000,0.000000,,,,,,,,,,,,
180218,,,,,,,,,,,0.000000,0.000000,0.000000,0.000000,0.000000,0.000000,,,,,,,,,,,,
180223,,,,,,,,,,,0.000000,0.000000,0.000000,0.000000,0.000000,0.000000,,,,,,,,,,,,
180235,,,,,,,,,,,0.000000,0.000000,0.000000,0.000000,0.000000,0.000000,,,,,,,,,,,,
180238,,,,,,,,,,,0.000000,0.000000,0.000000,0.000000,0.000000,0.000000,,,,,,,,,,,,
180243,,,,,,,,,,,0.000000,0.000000,0.000000,0.000000,0.000000,0.000000,,,,,,,,,,,,
180248,,,,,,,,,,,0.000000,0.000000,0.000000,0.000000,0.000000,0.000000,,,,,,,,,,,,
180253,,,,,,,,,,,0.000000,0.000000,0.000000,0.000000,0.000000,0.000000,,,,,,,,,,,,
180258,,,,,,,,,,,0.000000,0.000000,0.000000,0.000000,0.000000,0.000000,,,,,,,,,,,,
180263,,,,,,,,,,,0.000000,0.000000,0.000000,0.000000,0.000000,0.000000,,,,,,,,,,,,
180268,,,,,,,,,,,0.000000,0.000000,0.000000,0.000000,0.000000,0.000000,,,,,,,,,,,,
180273,,,,,,,,,,,0.000000,0.000000,0.000000,0.000000,0.000000,0.000000,,,,,,,,,,,,
180278,,,,,,,,,,,0.000000,0.000000,0.000000,0.000000,0.000000,0.000000,,,,,,,,,,,,
180283,,,,,,,,,,,0.000000,0.000000,0.000000,0.000000,0.000000,0.000000,,,,,,,,,,,,
180288,,,,,,,,,,,0.000000,0.000000,0.000000,0.000000,0.000000,0.000000,,,,,,,,,,,,
180293,,,,,,,,,,,0.000000,0.000000,0.000000,0.000000,0.000000,0.000000,,,,,,,,,,,,
180298,,,,,,,,,,,0.000000,0.000000,0.000000,0.000000,0.000000,0.000000,,,,,,,,,,,,
180303,,,,,,,,,,,0.000000,0.000000,0.000000,0.000000,0.000000,0.000000,,,,,,,,,,,,
180315,,,,,,,,,,,0.000000,0.000000,0.000000,0.000000,0.000000,0.000000,,,,,,,,,,,,
180318,,,,,,,,,,,0.000000,0.000000,0.000000,0.000000,0.000000,0.000000,,,,,,,,,,,,
180323,,,,,,,,,,,0.000000,0.000000,0.000000,0.000000,0.000000,0.000000,,,,,,,,,,,,
180328,,,,,,,,,,,0.000000,0.000000,0.000000,0.000000,0.000000,0.000000,,,,,,,,,,,,
180333,,,,,,,,,,,0.000000,0.000000,0.000000,0.000000,0.000000,0.000000,,,,,,,,,,,,
180338,,,,,,,,,,,0.000000,0.000000,0.000000,0.000000,0.000000,0.000000,,,,,,,,,,,,
180343,,,,,,,,,,,0.000000,0.000000,0.000000,0.000000,0.000000,0.000000,,,,,,,,,,,,
180348,,,,,,,,,,,0.000000,0.000000,0.000000,0.000000,0.000000,0.000000,,,,,,,,,,,,
180353,,,,,,,,,,,0.000000,0.000000,0.000000,0.000000,0.000000,0.000000,,,,,,,,,,,,
180358,,,,,,,,,,,0.000000,0.000000,0.000000,0.000000,0.000000,0.000000,,,,,,,,,,,,
180363,,,,,,,,,,,0.000000,0.000000,0.000000,0.000000,0.000000,0.000000,,,,,,,,,,,,
180375,,,,,,,,,,,0.000000,0.000000,0.000000,0.000000,0.000000,0.000000,,,,,,,,,,,,
180378,,,,,,,,,,,0.000000,0.000000,0.000000,0.000000,0.000000,0.000000,,,,,,,,,,,,
180383,,,,,,,,,,,0.000000,0.000000,0.000000,0.000000,0.000000,0.000000,,,,,,,,,,,,
180388,,,,,,,,,,,0.000000,0.000000,0.000000,0.000000,0.000000,0.000000,,,,,,,,,,,,
180393,,,,,,,,,,,0.000000,0.000000,0.000000,0.000000,0.000000,0.000000,,,,,,,,,,,,
180398,,,,,,,,,,,0.000000,0.000000,0.000000,0.000000,0.000000,0.000000,,,,,,,,,,,,
180403,,,,,,,,,,,0.000000,0.000000,0.000000,0.000000,0.000000,0.000000,,,,,,,,,,,,
180408,,,,,,,,,,,0.000000,0.000000,0.000000,0.000000,0.000000,0.000000,,,,,,,,,,,,
180413,,,,,,,,,,,0.000000,0.000000,0.000000,0.000000,0.000000,0.000000,,,,,,,,,,,,
180418,,,,,,,,,,,0.000000,0.000000,0.000000,0.000000,0.000000,0.000000,,,,,,,,,,,,
180423,,,,,,,,,,,0.000000,0.000000,0.000000,0.000000,0.000000,0.000000,,,,,,,,,,,,
180435,,,,,,,,,,,0.000000,0.000000,0.000000,0.000000,0.000000,0.000000,,,,,,,,,,,,
180438,,,,,,,,,,,0.000000,0.000000,0.000000,0.000000,0.000000,0.000000,,,,,,,,,,,,
180443,,,,,,,,,,,0.000000,0.000000,0.000000,0.000000,0.000000,0.000000,,,,,,,,,,,,
180448,,,,,,,,,,,0.000000,0.000000,0.000000,0.000000,0.000000,0.000000,,,,,,,,,,,,
180453,,,,,,,,,,,0.000000,0.000000,0.000000,0.000000,0.000000,0.000000,,,,,,,,,,,,
180458,,,,,,,,,,,0.000000,0.000000,0.000000,0.000000,0.000000,0.000000,,,,,,,,,,,,
180463,,,,,,,,,,,0.000000,0.000000,0.000000,0.000000,0.000000,0.000000,,,,,,,,,,,,
180468,,,,,,,,,,,0.000000,0.000000,0.000000,0.000000,0.000000,0.000000,,,,,,,,,,,,
180473,,,,,,,,,,,0.000000,0.000000,0.000000,0.000000,0.000000,0.000000,,,,,,,,,,,,
180478,,,,,,,,,,,0.000000,0.000000,0.000000,0.000000,0.000000,0.000000,,,,,,,,,,,,
180483,,,,,,,,,,,0.000000,0.000000,0.000000,0.000000,0.000000,0.000000,,,,,,,,,,,,
180488,,,,,,,,,,,0.000000,0.000000,0.000000,0.000000,0.000000,0.000000,,,,,,,,,,,,
180493,,,,,,,,,,,0.000000,0.000000,0.000000,0.000000,0.000000,0.000000,,,,,,,,,,,,
180498,,,,,,,,,,,0.000000,0.000000,0.000000,0.000000,0.000000,0.000000,,,,,,,,,,,,
180503,,,,,,,,,,,0.000000,0.000000,0.000000,0.000000,0.000000,0.000000,,,,,,,,,,,,
180515,,,,,,,,,,,0.000000,0.000000,0.000000,0.000000,0.000000,0.000000,,,,,,,,,,,,
180518,,,,,,,,,,,0.000000,0.000000,0.000000,0.000000,0.000000,0.000000,,,,,,,,,,,,
180523,,,,,,,,,,,0.000000,0.000000,0.000000,0.000000,0.000000,0.000000,,,,,,,,,,,,
180528,,,,,,,,,,,0.000000,0.000000,0.000000,0.000000,0.000000,0.000000,,,,,,,,,,,,
180533,,,,,,,,,,,0.000000,0.000000,0.000000,0.000000,0.000000,0.000000,,,,,,,,,,,,
180538,,,,,,,,,,,0.000000,0.000000,0.000000,0.000000,0.000000,0.000000,,,,,,,,,,,,
180543,,,,,,,,,,,0.000000,0.000000,0.000000,0.000000,0.000000,0.000000,,,,,,,,,,,,
180548,,,,,,,,,,,0.000000,0.000000,0.000000,0.000000,0.000000,0.000000,,,,,,,,,,,,
180553,,,,,,,,,,,0.000000,0.000000,0.000000,0.000000,0.000000,0.000000,,,,,,,,,,,,
180558,,,,,,,,,,,0.000000,0.000000,0.000000,0.000000,0.000000,0.000000,,,,,,,,,,,,
180563,,,,,,,,,,,0.000000,0.000000,0.000000,0.000000,0.000000,0.000000,,,,,,,,,,,,
180575,,,,,,,,,,,0.000000,0.000000,0.000000,0.000000,0.000000,0.000000,,,,,,,,,,,,
180578,,,,,,,,,,,0.000000,0.000000,0.000000,0.000000,0.000000,0.000000,,,,,,,,,,,,
180583,,,,,,,,,,,0.000000,0.000000,0.000000,0.000000,0.000000,0.000000,,,,,,,,,,,,
180588,,,,,,,,,,,0.000000,0.000000,0.000000,0.000000,0.000000,0.000000,,,,,,,,,,,,
180593,,,,,,,,,,,0.000000,0.000000,0.000000,0.000000,0.000000,0.000000,,,,,,,,,,,,
180598,,,,,,,,,,,0.000000,0.000000,0.000000,0.000000,0.000000,0.000000,,,,,,,,,,,,
180603,,,,,,,,,,,0.000000,0.000000,0.000000,0.000000,0.000000,0.000000,,,,,,,,,,,,
180608,,,,,,,,,,,0.000000,0.000000,0.000000,0.000000,0.000000,0.000000,,,,,,,,,,,,
180613,,,,,,,,,,,0.000000,0.000000,0.000000,0.000000,0.000000,0.000000,,,,,,,,,,,,
180618,,,,,,,,,,,0.000000,0.000000,0.000000,0.000000,0.000000,0.000000,,,,,,,,,,,,
180623,,,,,,,,,,,0.000000,0.000000,0.000000,0.000000,0.000000,0.000000,,,,,,,,,,,,
180635,,,,,,,,,,,0.000000,0.000000,,,,,,,,,,,,,,,,
180636,,,,,,,,,,,0.000000,0.000000,0.000000,0.000000,0.000000,0.000000,,,,,,,,,,,,
180638,,,,,,,,,,,0.000000,0.000000,0.000000,0.000000,0.000000,0.000000,,,,,,,,,,,,
180643,,,,,,,,,,,0.000000,0.000000,0.000000,0.000000,0.000000,0.000000,,,,,,,,,,,,
180648,,,,,,,,,,,0.000000,0.000000,0.000000,0.000000,0.000000,0.000000,,,,,,,,,,,,
180653,,,,,,,,,,,0.000000,0.000000,0.000000,0.000000,0.000000,0.000000,,,,,,,,,,,,
180658,,,,,,,,,,,0.000000,0.000000,0.000000,0.000000,0.000000,0.000000,,,,,,,,,,,,
180663,,,,,,,,,,,0.000000,0.000000,0.000000,0.000000,0.000000,0.000000,,,,,,,,,,,,
180668,,,,,,,,,,,0.000000,0.000000,0.000000,0.000000,0.000000,0.000000,,,,,,,,,,,,
180673,,,,,,,,,,,0.000000,0.000000,0.000000,0.000000,0.000000,0.000000,,,,,,,,,,,,
180678,,,,,,,,,,,0.000000,0.000000,0.000000,0.000000,0.000000,0.000000,,,,,,,,,,,,
180683,,,,,,,,,,,0.000000,0.000000,0.000000,0.000000,0.000000,0.000000,,,,,,,,,,,,
180695,,,,,,,,,,,0.000000,0.000000,0.000000,0.000000,0.000000,0.000000,,,,,,,,,,,,
180698,,,,,,,,,,,0.000000,0.000000,0.000000,0.000000,0.000000,0.000000,,,,,,,,,,,,
180703,,,,,,,,,,,0.000000,0.000000,0.000000,0.000000,0.000000,0.000000,,,,,,,,,,,,
180708,,,,,,,,,,,0.000000,0.000000,0.000000,0.000000,0.000000,0.000000,,,,,,,,,,,,
180713,,,,,,,,,,,0.000000,0.000000,0.000000,0.000000,0.000000,0.000000,,,,,,,,,,,,
180718,,,,,,,,,,,0.000000,0.000000,0.000000,0.000000,0.000000,0.000000,,,,,,,,,,,,
180723,,,,,,,,,,,0.000000,0.000000,0.000000,0.000000,0.000000,0.000000,,,,,,,,,,,,
180728,,,,,,,,,,,0.000000,0.000000,0.000000,0.000000,0.000000,0.000000,,,,,,,,,,,,
180733,,,,,,,,,,,0.000000,0.000000,0.000000,0.000000,0.000000,0.000000,,,,,,,,,,,,
180738,,,,,,,,,,,0.000000,0.000000,0.000000,0.000000,0.000000,0.000000,,,,,,,,,,,,
180743,,,,,,,,,,,0.000000,0.000000,0.000000,0.000000,0.000000,0.000000,,,,,,,,,,,,
180748,,,,,,,,,,,0.000000,0.000000,0.000000,0.000000,0.000000,0.000000,,,,,,,,,,,,
180753,,,,,,,,,,,0.000000,0.000000,0.000000,0.000000,0.000000,0.000000,,,,,,,,,,,,
180758,,,,,,,,,,,0.000000,0.000000,0.000000,0.000000,0.000000,0.000000,,,,,,,,,,,,
180763,,,,,,,,,,,0.000000,0.000000,0.000000,0.000000,0.000000,0.000000,,,,,,,,,,,,
180775,,,,,,,,,,,0.000000,0.000000,0.000000,0.000000,0.000000,0.000000,,,,,,,,,,,,
180778,,,,,,,,,,,0.000000,0.000000,0.000000,0.000000,0.000000,0.000000,,,,,,,,,,,,
180783,,,,,,,,,,,0.000000,0.000000,0.000000,0.000000,0.000000,0.000000,,,,,,,,,,,,
180788,,,,,,,,,,,0.000000,0.000000,0.000000,0.000000,0.000000,0.000000,,,,,,,,,,,,
180793,,,,,,,,,,,0.000000,0.000000,0.000000,0.000000,0.000000,0.000000,,,,,,,,,,,,
180798,,,,,,,,,,,0.000000,0.000000,0.000000,0.000000,0.000000,0.000000,,,,,,,,,,,,
180803,,,,,,,,,,,0.000000,0.000000,0.000000,0.000000,0.000000,0.000000,,,,,,,,,,,,
180808,,,,,,,,,,,0.000000,0.000000,0.000000,0.000000,0.000000,0.000000,,,,,,,,,,,,
180813,,,,,,,,,,,0.000000,0.000000,0.000000,0.000000,0.000000,0.000000,,,,,,,,,,,,
180818,,,,,,,,,,,0.000000,0.000000,0.000000,0.000000,0.000000,0.000000,,,,,,,,,,,,
180823,,,,,,,,,,,0.000000,0.000000,0.000000,0.000000,0.000000,0.000000,,,,,,,,,,,,
180835,,,,,,,,,,,0.000000,0.000000,0.000000,0.000000,0.000000,0.000000,,,,,,,,,,,,
180838,,,,,,,,,,,0.000000,0.000000,0.000000,0.000000,0.000000,0.000000,,,,,,,,,,,,
180843,,,,,,,,,,,0.000000,0.000000,0.000000,0.000000,0.000000,0.000000,,,,,,,,,,,,
180848,,,,,,,,,,,0.000000,0.000000,0.000000,0.000000,0.000000,0.000000,,,,,,,,,,,,
180853,,,,,,,,,,,0.000000,0.000000,0.000000,0.000000,0.000000,0.000000,,,,,,,,,,,,
180858,,,,,,,,,,,0.000000,0.000000,0.000000,0.000000,0.000000,0.000000,,,,,,,,,,,,
180863,,,,,,,,,,,0.000000,0.000000,0.000000,0.000000,0.000000,0.000000,,,,,,,,,,,,
180868,,,,,,,,,,,0.000000,0.000000,0.000000,0.000000,0.000000,0.000000,,,,,,,,,,,,
180873,,,,,,,,,,,0.000000,0.000000,0.000000,0.000000,0.000000,0.000000,,,,,,,,,,,,
180878,,,,,,,,,,,0.000000,0.000000,0.000000,0.000000,0.000000,0.000000,,,,,,,,,,,,
180883,,,,,,,,,,,0.000000,0.000000,0.000000,0.000000,0.000000,0.000000,,,,,,,,,,,,
180895,,,,,,,,,,,0.000000,0.000000,0.000000,0.000000,0.000000,0.000000,,,,,,,,,,,,
180898,,,,,,,,,,,0.000000,0.000000,0.000000,0.000000,0.000000,0.000000,,,,,,,,,,,,
180903,,,,,,,,,,,0.000000,0.000000,0.000000,0.000000,0.000000,0.000000,,,,,,,,,,,,
180908,,,,,,,,,,,0.000000,0.000000,0.000000,0.000000,0.000000,0.000000,,,,,,,,,,,,
180913,,,,,,,,,,,0.000000,0.000000,0.000000,0.000000,0.000000,0.000000,,,,,,,,,,,,
180918,,,,,,,,,,,0.000000,0.000000,0.000000,0.000000,0.000000,0.000000,,,,,,,,,,,,
180923,,,,,,,,,,,0.000000,0.000000,0.000000,0.000000,0.000000,0.000000,,,,,,,,,,,,
180928,,,,,,,,,,,0.000000,0.000000,0.000000,0.000000,0.000000,0.000000,,,,,,,,,,,,
180933,,,,,,,,,,,0.000000,0.000000,0.000000,0.000000,0.000000,0.000000,,,,,,,,,,,,
180938,,,,,,,,,,,0.000000,0.000000,0.000000,0.000000,0.000000,0.000000,,,,,,,,,,,,
180943,,,,,,,,,,,0.000000,0.000000,0.000000,0.000000,0.000000,0.000000,,,,,,,,,,,,
180948,,,,,,,,,,,0.000000,0.000000,0.000000,0.000000,0.000000,0.000000,,,,,,,,,,,,
180953,,,,,,,,,,,0.000000,0.000000,0.000000,0.000000,0.000000,0.000000,,,,,,,,,,,,
180958,,,,,,,,,,,0.000000,0.000000,0.000000,0.000000,0.000000,0.000000,,,,,,,,,,,,
180963,,,,,,,,,,,0.000000,0.000000,0.000000,0.000000,0.000000,0.000000,,,,,,,,,,,,
180975,,,,,,,,,,,0.000000,0.000000,0.000000,0.000000,0.000000,0.000000,,,,,,,,,,,,
180978,,,,,,,,,,,0.000000,0.000000,0.000000,0.000000,0.000000,0.000000,,,,,,,,,,,,
180983,,,,,,,,,,,0.000000,0.000000,0.000000,0.000000,0.000000,0.000000,,,,,,,,,,,,
180988,,,,,,,,,,,0.000000,0.000000,0.000000,0.000000,0.000000,0.000000,,,,,,,,,,,,
180993,,,,,,,,,,,0.000000,0.000000,0.000000,0.000000,0.000000,0.000000,,,,,,,,,,,,
180998,,,,,,,,,,,0.000000,0.000000,0.000000,0.000000,0.000000,0.000000,,,,,,,,,,,,
181003,,,,,,,,,,,0.000000,0.000000,0.000000,0.000000,0.000000,0.000000,,,,,,,,,,,,
181008,,,,,,,,,,,0.000000,0.000000,0.000000,0.000000,0.000000,0.000000,,,,,,,,,,,,
181013,,,,,,,,,,,0.000000,0.000000,0.000000,0.000000,0.000000,0.000000,,,,,,,,,,,,
181018,,,,,,,,,,,0.000000,0.000000,0.000000,0.000000,0.000000,0.000000,,,,,,,,,,,,
181023,,,,,,,,,,,0.000000,0.000000,0.000000,0.000000,0.000000,0.000000,,,,,,,,,,,,
181035,,,,,,,,,,,0.000000,0.000000,0.000000,0.000000,0.000000,0.000000,,,,,,,,,,,,
181038,,,,,,,,,,,0.000000,0.000000,0.000000,0.000000,0.000000,0.000000,,,,,,,,,,,,
181043,,,,,,,,,,,0.000000,0.000000,0.000000,0.000000,0.000000,0.000000,,,,,,,,,,,,
181048,,,,,,,,,,,0.000000,0.000000,0.000000,0.000000,0.000000,0.000000,,,,,,,,,,,,
181053,,,,,,,,,,,0.000000,0.000000,0.000000,0.000000,0.000000,0.000000,,,,,,,,,,,,
181058,,,,,,,,,,,0.000000,0.000000,0.000000,0.000000,0.000000,0.000000,,,,,,,,,,,,
181063,,,,,,,,,,,0.000000,0.000000,0.000000,0.000000,0.000000,0.000000,,,,,,,,,,,,
181068,,,,,,,,,,,0.000000,0.000000,0.000000,0.000000,0.000000,0.000000,,,,,,,,,,,,
181073,,,,,,,,,,,0.000000,0.000000,0.000000,0.000000,0.000000,0.000000,,,,,,,,,,,,
181078,,,,,,,,,,,0.000000,0.000000,0.000000,0.000000,0.000000,0.000000,,,,,,,,,,,,
181083,,,,,,,,,,,0.000000,0.000000,0.000000,0.000000,0.000000,0.000000,,,,,,,,,,,,
181095,,,,,,,,,,,0.000000,0.000000,0.000000,0.000000,0.000000,0.000000,,,,,,,,,,,,
181098,,,,,,,,,,,0.000000,0.000000,0.000000,0.000000,0.000000,0.000000,,,,,,,,,,,,
181103,,,,,,,,,,,0.000000,0.000000,0.000000,0.000000,0.000000,0.000000,,,,,,,,,,,,
181108,,,,,,,,,,,0.000000,0.000000,0.000000,0.000000,0.000000,0.000000,,,,,,,,,,,,
181113,,,,,,,,,,,0.000000,0.000000,0.000000,0.000000,0.000000,0.000000,,,,,,,,,,,,
181118,,,,,,,,,,,0.000000,0.000000,0.000000,0.000000,0.000000,0.000000,,,,,,,,,,,,
181123,,,,,,,,,,,0.000000,0.000000,0.000000,0.000000,0.000000,0.000000,,,,,,,,,,,,
181128,,,,,,,,,,,0.000000,0.000000,0.000000,0.000000,0.000000,0.000000,,,,,,,,,,,,
181133,,,,,,,,,,,0.000000,0.000000,0.000000,0.000000,0.000000,0.000000,,,,,,,,,,,,
181138,,,,,,,,,,,0.000000,0.000000,0.000000,0.000000,0.000000,0.000000,,,,,,,,,,,,
181143,,,,,,,,,,,0.000000,0.000000,0.000000,0.000000,0.000000,0.000000,,,,,,,,,,,,
181155,,,,,,,,,,,0.000000,0.000000,0.000000,0.000000,0.000000,0.000000,,,,,,,,,,,,
181156,,,,,,,,,,,0.000000,0.000000,0.000000,0.000000,0.000000,0.000000,,,,,,,,,,,,
181158,,,,,,,,,,,0.000000,0.000000,0.000000,0.000000,0.000000,0.000000,,,,,,,,,,,,
181163,,,,,,,,,,,0.000000,0.000000,0.000000,0.000000,0.000000,0.000000,,,,,,,,,,,,
181168,,,,,,,,,,,0.000000,0.000000,0.000000,0.000000,0.000000,0.000000,,,,,,,,,,,,
181173,,,,,,,,,,,0.000000,0.000000,0.000000,0.000000,0.000000,0.000000,,,,,,,,,,,,
181178,,,,,,,,,,,0.000000,0.000000,0.000000,0.000000,0.000000,0.000000,,,,,,,,,,,,
181183,,,,,,,,,,,0.000000,0.000000,0.000000,0.000000,0.000000,0.000000,,,,,,,,,,,,
181188,,,,,,,,,,,0.000000,0.000000,0.000000,0.000000,0.000000,0.000000,,,,,,,,,,,,
181193,,,,,,,,,,,0.000000,0.000000,0.000000,0.000000,0.000000,0.000000,,,,,,,,,,,,
181198,,,,,,,,,,,0.000000,0.000000,0.000000,0.000000,0.000000,0.000000,,,,,,,,,,,,
181203,,,,,,,,,,,0.000000,0.000000,0.000000,0.000000,0.000000,0.000000,,,,,,,,,,,,
181208,,,,,,,,,,,0.000000,0.000000,0.000000,0.000000,0.000000,0.000000,,,,,,,,,,,,
181213,,,,,,,,,,,0.000000,0.000000,0.000000,0.000000,0.000000,0.000000,,,,,,,,,,,,
181218,,,,,,,,,,,0.000000,0.000000,0.000000,0.000000,0.000000,0.000000,,,,,,,,,,,,
181223,,,,,,,,,,,0.000000,0.000000,0.000000,0.000000,0.000000,0.000000,,,,,,,,,,,,
181235,,,,,,,,,,,0.000000,0.000000,0.000000,0.000000,0.000000,0.000000,,,,,,,,,,,,
181238,,,,,,,,,,,0.000000,0.000000,0.000000,0.000000,0.000000,0.000000,,,,,,,,,,,,
181243,,,,,,,,,,,0.000000,0.000000,0.000000,0.000000,0.000000,0.000000,,,,,,,,,,,,
181248,,,,,,,,,,,0.000000,0.000000,0.000000,0.000000,0.000000,0.000000,,,,,,,,,,,,
181253,,,,,,,,,,,0.000000,0.000000,0.000000,0.000000,0.000000,0.000000,,,,,,,,,,,,
181258,,,,,,,,,,,0.000000,0.000000,0.000000,0.000000,0.000000,0.000000,,,,,,,,,,,,
181263,,,,,,,,,,,0.000000,0.000000,0.000000,0.000000,0.000000,0.000000,,,,,,,,,,,,
181268,,,,,,,,,,,0.000000,0.000000,0.000000,0.000000,0.000000,0.000000,,,,,,,,,,,,
181273,,,,,,,,,,,0.000000,0.000000,0.000000,0.000000,0.000000,0.000000,,,,,,,,,,,,
181278,,,,,,,,,,,0.000000,0.000000,0.000000,0.000000,0.000000,0.000000,,,,,,,,,,,,
181283,,,,,,,,,,,0.000000,0.000000,0.000000,0.000000,0.000000,0.000000,,,,,,,,,,,,
181295,,,,,,,,,,,0.000000,0.000000,0.000000,0.000000,0.000000,0.000000,,,,,,,,,,,,
181298,,,,,,,,,,,0.000000,0.000000,0.000000,0.000000,0.000000,0.000000,,,,,,,,,,,,
181303,,,,,,,,,,,0.000000,0.000000,0.000000,0.000000,0.000000,0.000000,,,,,,,,,,,,
181308,,,,,,,,,,,0.000000,0.000000,0.000000,0.000000,0.000000,0.000000,,,,,,,,,,,,
181313,,,,,,,,,,,0.000000,0.000000,0.000000,0.000000,0.000000,0.000000,,,,,,,,,,,,
181318,,,,,,,,,,,0.000000,0.000000,0.000000,0.000000,0.000000,0.000000,,,,,,,,,,,,
181323,,,,,,,,,,,0.000000,0.000000,0.000000,0.000000,0.000000,0.000000,,,,,,,,,,,,
181328,,,,,,,,,,,0.000000,0.000000,0.000000,0.000000,0.000000,0.000000,,,,,,,,,,,,
181333,,,,,,,,,,,0.000000,0.000000,0.000000,0.000000,0.000000,0.000000,,,,,,,,,,,,
181338,,,,,,,,,,,0.000000,0.000000,0.000000,0.000000,0.000000,0.000000,,,,,,,,,,,,
181343,,,,,,,,,,,0.000000,0.000000,0.000000,0.000000,0.000000,0.000000,,,,,,,,,,,,
181358,,,,,,,,,,,0.000000,0.000000,0.000000,0.000000,0.000000,0.000000,,,,,,,,,,,,
181359,,,,,,,,,,,0.000000,0.000000,0.000000,0.000000,0.000000,0.000000,,,,,,,,,,,,
181363,,,,,,,,,,,0.000000,0.000000,0.000000,0.000000,0.000000,0.000000,,,,,,,,,,,,
181368,,,,,,,,,,,0.000000,0.000000,0.000000,0.000000,0.000000,0.000000,,,,,,,,,,,,
181373,,,,,,,,,,,0.000000,0.000000,0.000000,0.000000,0.000000,0.000000,,,,,,,,,,,,
181378,,,,,,,,,,,0.000000,0.000000,0.000000,0.000000,0.000000,0.000000,,,,,,,,,,,,
181383,,,,,,,,,,,0.000000,0.000000,0.000000,0.000000,0.000000,0.000000,,,,,,,,,,,,
181388,,,,,,,,,,,0.000000,0.000000,0.000000,0.000000,0.000000,0.000000,,,,,,,,,,,,
181393,,,,,,,,,,,0.000000,0.000000,0.000000,0.000000,0.000000,0.000000,,,,,,,,,,,,
181398,,,,,,,,,,,0.000000,0.000000,0.000000,0.000000,0.000000,0.000000,,,,,,,,,,,,
181403,,,,,,,,,,,0.000000,0.000000,0.000000,0.000000,0.000000,0.000000,,,,,,,,,,,,
181408,,,,,,,,,,,0.000000,0.000000,0.000000,0.000000,0.000000,0.000000,,,,,,,,,,,,
181413,,,,,,,,,,,0.000000,0.000000,0.000000,0.000000,0.000000,0.000000,,,,,,,,,,,,
181418,,,,,,,,,,,0.000000,0.000000,0.000000,0.000000,0.000000,0.000000,,,,,,,,,,,,
181423,,,,,,,,,,,0.000000,0.000000,0.000000,0.000000,0.000000,0.000000,,,,,,,,,,,,
181435,,,,,,,,,,,0.000000,0.000000,0.000000,0.000000,0.000000,0.000000,,,,,,,,,,,,
181438,,,,,,,,,,,0.000000,0.000000,0.000000,0.000000,0.000000,0.000000,,,,,,,,,,,,
181443,,,,,,,,,,,0.000000,0.000000,0.000000,0.000000,0.000000,0.000000,,,,,,,,,,,,
181448,,,,,,,,,,,0.000000,0.000000,0.000000,0.000000,0.000000,0.000000,,,,,,,,,,,,
181453,,,,,,,,,,,0.000000,0.000000,0.000000,0.000000,0.000000,0.000000,,,,,,,,,,,,
181458,,,,,,,,,,,0.000000,0.000000,0.000000,0.000000,0.000000,0.000000,,,,,,,,,,,,
181463,,,,,,,,,,,0.000000,0.000000,0.000000,0.000000,0.000000,0.000000,,,,,,,,,,,,
181468,,,,,,,,,,,0.000000,0.000000,0.000000,0.000000,0.000000,0.000000,,,,,,,,,,,,
181473,,,,,,,,,,,0.000000,0.000000,0.000000,0.000000,0.000000,0.000000,,,,,,,,,,,,
181478,,,,,,,,,,,0.000000,0.000000,0.000000,0.000000,0.000000,0.000000,,,,,,,,,,,,
181483,,,,,,,,,,,0.000000,0.000000,0.000000,0.000000,0.000000,0.000000,,,,,,,,,,,,
181497,,,,,,,,,,,0.000000,0.000000,0.000000,0.000000,0.000000,0.000000,,,,,,,,,,,,
181498,,,,,,,,,,,0.000000,0.000000,0.000000,0.000000,0.000000,0.000000,,,,,,,,,,,,
181503,,,,,,,,,,,0.000000,0.000000,0.000000,0.000000,0.000000,0.000000,,,,,,,,,,,,
181508,,,,,,,,,,,0.000000,0.000000,0.000000,0.000000,0.000000,0.000000,,,,,,,,,,,,
181513,,,,,,,,,,,0.000000,0.000000,0.000000,0.000000,0.000000,0.000000,,,,,,,,,,,,
181518,,,,,,,,,,,0.000000,0.000000,0.000000,0.000000,0.000000,0.000000,,,,,,,,,,,,
181523,,,,,,,,,,,0.000000,0.000000,0.000000,0.000000,0.000000,0.000000,,,,,,,,,,,,
181528,,,,,,,,,,,0.000000,0.000000,0.000000,0.000000,0.000000,0.000000,,,,,,,,,,,,
181533,,,,,,,,,,,0.000000,0.000000,0.000000,0.000000,0.000000,0.000000,,,,,,,,,,,,
181538,,,,,,,,,,,0.000000,0.000000,0.000000,0.000000,0.000000,0.000000,,,,,,,,,,,,
181543,,,,,,,,,,,0.000000,0.000000,0.000000,0.000000,0.000000,0.000000,,,,,,,,,,,,
181555,,,,,,,,,,,0.000000,0.000000,0.000000,0.000000,0.000000,0.000000,,,,,,,,,,,,
181558,,,,,,,,,,,0.000000,0.000000,0.000000,0.000000,0.000000,0.000000,,,,,,,,,,,,
181563,,,,,,,,,,,0.000000,0.000000,0.000000,0.000000,0.000000,0.000000,,,,,,,,,,,,
181568,,,,,,,,,,,0.000000,0.000000,0.000000,0.000000,0.000000,0.000000,,,,,,,,,,,,
181573,,,,,,,,,,,0.000000,0.000000,0.000000,0.000000,0.000000,0.000000,,,,,,,,,,,,
181578,,,,,,,,,,,0.000000,0.000000,0.000000,0.000000,0.000000,0.000000,,,,,,,,,,,,
181583,,,,,,,,,,,0.000000,0.000000,0.000000,0.000000,0.000000,0.000000,,,,,,,,,,,,
181588,,,,,,,,,,,0.000000,0.000000,0.000000,0.000000,0.000000,0.000000,,,,,,,,,,,,
181593,,,,,,,,,,,0.000000,0.000000,0.000000,0.000000,0.000000,0.000000,,,,,,,,,,,,
181598,,,,,,,,,,,0.000000,0.000000,0.000000,0.000000,0.000000,0.000000,,,,,,,,,,,,
181603,,,,,,,,,,,0.000000,0.000000,0.000000,0.000000,0.000000,0.000000,,,,,,,,,,,,
181615,,,,,,,,,,,0.000000,0.000000,0.000000,0.000000,0.000000,0.000000,,,,,,,,,,,,
181618,,,,,,,,,,,0.000000,0.000000,0.000000,0.000000,0.000000,0.000000,,,,,,,,,,,,
181623,,,,,,,,,,,0.000000,0.000000,0.000000,0.000000,0.000000,0.000000,,,,,,,,,,,,
181628,,,,,,,,,,,0.000000,0.000000,0.000000,0.000000,0.000000,0.000000,,,,,,,,,,,,
181633,,,,,,,,,,,0.000000,0.000000,0.000000,0.000000,0.000000,0.000000,,,,,,,,,,,,
181638,,,,,,,,,,,0.000000,0.000000,0.000000,0.000000,0.000000,0.000000,,,,,,,,,,,,
181643,,,,,,,,,,,0.000000,0.000000,0.000000,0.000000,0.000000,0.000000,,,,,,,,,,,,
181648,,,,,,,,,,,0.000000,0.000000,0.000000,0.000000,0.000000,0.000000,,,,,,,,,,,,
181653,,,,,,,,,,,0.000000,0.000000,0.000000,0.000000,0.000000,0.000000,,,,,,,,,,,,
181658,,,,,,,,,,,0.000000,0.000000,0.000000,0.000000,0.000000,0.000000,,,,,,,,,,,,
181663,,,,,,,,,,,0.000000,0.000000,0.000000,0.000000,0.000000,0.000000,,,,,,,,,,,,
181668,,,,,,,,,,,0.000000,0.000000,0.000000,0.000000,0.000000,0.000000,,,,,,,,,,,,
181673,,,,,,,,,,,0.000000,0.000000,0.000000,0.000000,0.000000,0.000000,,,,,,,,,,,,
181678,,,,,,,,,,,0.000000,0.000000,0.000000,0.000000,0.000000,0.000000,,,,,,,,,,,,
181683,,,,,,,,,,,0.000000,0.000000,0.000000,0.000000,0.000000,0.000000,,,,,,,,,,,,
181694,,,,,,,,,,,0.000000,0.000000,0.000000,0.000000,0.000000,0.000000,,,,,,,,,,,,
181695,,,,,,,,,,,0.000000,0.000000,0.000000,0.000000,0.000000,0.000000,,,,,,,,,,,,
181698,,,,,,,,,,,0.000000,0.000000,0.000000,0.000000,0.000000,0.000000,,,,,,,,,,,,
181703,,,,,,,,,,,0.000000,0.000000,0.000000,0.000000,0.000000,0.000000,,,,,,,,,,,,
181708,,,,,,,,,,,0.000000,0.000000,0.000000,0.000000,0.000000,0.000000,,,,,,,,,,,,
181713,,,,,,,,,,,0.000000,0.000000,0.000000,0.000000,0.000000,0.000000,,,,,,,,,,,,
181718,,,,,,,,,,,0.000000,0.000000,0.000000,0.000000,0.000000,0.000000,,,,,,,,,,,,
181723,,,,,,,,,,,0.000000,0.000000,0.000000,0.000000,0.000000,0.000000,,,,,,,,,,,,
181728,,,,,,,,,,,0.000000,0.000000,0.000000,0.000000,0.000000,0.000000,,,,,,,,,,,,
181733,,,,,,,,,,,0.000000,0.000000,0.000000,0.000000,0.000000,0.000000,,,,,,,,,,,,
181738,,,,,,,,,,,0.000000,0.000000,0.000000,0.000000,0.000000,0.000000,,,,,,,,,,,,
181743,,,,,,,,,,,0.000000,0.000000,0.000000,0.000000,0.000000,0.000000,,,,,,,,,,,,
181754,,,,,,,,,,,0.000000,0.000000,0.000000,0.000000,0.000000,0.000000,,,,,,,,,,,,
181758,,,,,,,,,,,0.000000,0.000000,0.000000,0.000000,0.000000,0.000000,,,,,,,,,,,,
181763,,,,,,,,,,,0.000000,0.000000,0.000000,0.000000,0.000000,0.000000,,,,,,,,,,,,
181768,,,,,,,,,,,0.000000,0.000000,0.000000,0.000000,0.000000,0.000000,,,,,,,,,,,,
181773,,,,,,,,,,,0.000000,0.000000,0.000000,0.000000,0.000000,0.000000,,,,,,,,,,,,
181778,,,,,,,,,,,0.000000,0.000000,0.000000,0.000000,0.000000,0.000000,,,,,,,,,,,,
181783,,,,,,,,,,,0.000000,0.000000,0.000000,0.000000,0.000000,0.000000,,,,,,,,,,,,
181788,,,,,,,,,,,0.000000,0.000000,0.000000,0.000000,0.000000,0.000000,,,,,,,,,,,,
181793,,,,,,,,,,,0.000000,0.000000,0.000000,0.000000,0.000000,0.000000,,,,,,,,,,,,
181798,,,,,,,,,,,0.000000,0.000000,0.000000,0.000000,0.000000,0.000000,,,,,,,,,,,,
181803,,,,,,,,,,,0.000000,0.000000,0.000000,0.000000,0.000000,0.000000,,,,,,,,,,,,
181815,,,,,,,,,,,0.000000,0.000000,0.000000,0.000000,0.000000,0.000000,,,,,,,,,,,,
181818,,,,,,,,,,,0.000000,0.000000,0.000000,0.000000,0.000000,0.000000,,,,,,,,,,,,
181823,,,,,,,,,,,0.000000,0.000000,0.000000,0.000000,0.000000,0.000000,,,,,,,,,,,,
181828,,,,,,,,,,,0.000000,0.000000,0.000000,0.000000,0.000000,0.000000,,,,,,,,,,,,
181833,,,,,,,,,,,0.000000,0.000000,0.000000,0.000000,0.000000,0.000000,,,,,,,,,,,,
181838,,,,,,,,,,,0.000000,0.000000,0.000000,0.000000,0.000000,0.000000,,,,,,,,,,,,
181843,,,,,,,,,,,0.000000,0.000000,0.000000,0.000000,0.000000,0.000000,,,,,,,,,,,,
181848,,,,,,,,,,,0.000000,0.000000,0.000000,0.000000,0.000000,0.000000,,,,,,,,,,,,
181853,,,,,,,,,,,0.000000,0.000000,0.000000,0.000000,0.000000,0.000000,,,,,,,,,,,,
181858,,,,,,,,,,,0.000000,0.000000,0.000000,0.000000,0.000000,0.000000,,,,,,,,,,,,
181863,,,,,,,,,,,0.000000,0.000000,0.000000,0.000000,0.000000,0.000000,,,,,,,,,,,,
181875,,,,,,,,,,,0.000000,0.000000,0.000000,0.000000,0.000000,0.000000,,,,,,,,,,,,
181878,,,,,,,,,,,0.000000,0.000000,0.000000,0.000000,0.000000,0.000000,,,,,,,,,,,,
181883,,,,,,,,,,,0.000000,0.000000,0.000000,0.000000,0.000000,0.000000,,,,,,,,,,,,
181888,,,,,,,,,,,0.000000,0.000000,0.000000,0.000000,0.000000,0.000000,,,,,,,,,,,,
181893,,,,,,,,,,,0.000000,0.000000,0.000000,0.000000,0.000000,0.000000,,,,,,,,,,,,
181898,,,,,,,,,,,0.000000,0.000000,0.000000,0.000000,0.000000,0.000000,,,,,,,,,,,,
181903,,,,,,,,,,,0.000000,0.000000,0.000000,0.000000,0.000000,0.000000,,,,,,,,,,,,
181908,,,,,,,,,,,0.000000,0.000000,0.000000,0.000000,0.000000,0.000000,,,,,,,,,,,,
181913,,,,,,,,,,,0.000000,0.000000,0.000000,0.000000,0.000000,0.000000,,,,,,,,,,,,
181918,,,,,,,,,,,0.000000,0.000000,0.000000,0.000000,0.000000,0.000000,,,,,,,,,,,,
181923,,,,,,,,,,,0.000000,0.000000,0.000000,0.000000,0.000000,0.000000,,,,,,,,,,,,
181928,,,,,,,,,,,0.000000,0.000000,0.000000,0.000000,0.000000,0.000000,,,,,,,,,,,,
181933,,,,,,,,,,,0.000000,0.000000,0.000000,0.000000,0.000000,0.000000,,,,,,,,,,,,
181938,,,,,,,,,,,0.000000,0.000000,0.000000,0.000000,0.000000,0.000000,,,,,,,,,,,,
181943,,,,,,,,,,,0.000000,0.000000,0.000000,0.000000,0.000000,0.000000,,,,,,,,,,,,
181955,,,,,,,,,,,0.000000,0.000000,0.000000,0.000000,0.000000,0.000000,,,,,,,,,,,,
181958,,,,,,,,,,,0.000000,0.000000,0.000000,0.000000,0.000000,0.000000,,,,,,,,,,,,
181963,,,,,,,,,,,0.000000,0.000000,0.000000,0.000000,0.000000,0.000000,,,,,,,,,,,,
181968,,,,,,,,,,,0.000000,0.000000,0.000000,0.000000,0.000000,0.000000,,,,,,,,,,,,
181973,,,,,,,,,,,0.000000,0.000000,0.000000,0.000000,0.000000,0.000000,,,,,,,,,,,,
181978,,,,,,,,,,,0.000000,0.000000,0.000000,0.000000,0.000000,0.000000,,,,,,,,,,,,
181983,,,,,,,,,,,0.000000,0.000000,0.000000,0.000000,0.000000,0.000000,,,,,,,,,,,,
181988,,,,,,,,,,,0.000000,0.000000,0.000000,0.000000,0.000000,0.000000,,,,,,,,,,,,
181993,,,,,,,,,,,0.000000,0.000000,0.000000,0.000000,0.000000,0.000000,,,,,,,,,,,,
181998,,,,,,,,,,,0.000000,0.000000,0.000000,0.000000,0.000000,0.000000,,,,,,,,,,,,
182003,,,,,,,,,,,0.000000,0.000000,0.000000,0.000000,0.000000,0.000000,,,,,,,,,,,,
182015,,,,,,,,,,,0.000000,0.000000,0.000000,0.000000,0.000000,0.000000,,,,,,,,,,,,
182018,,,,,,,,,,,0.000000,0.000000,0.000000,0.000000,0.000000,0.000000,,,,,,,,,,,,
182023,,,,,,,,,,,0.000000,0.000000,0.000000,0.000000,0.000000,0.000000,,,,,,,,,,,,
182028,,,,,,,,,,,0.000000,0.000000,0.000000,0.000000,0.000000,0.000000,,,,,,,,,,,,
182033,,,,,,,,,,,0.000000,0.000000,0.000000,0.000000,0.000000,0.000000,,,,,,,,,,,,
182038,,,,,,,,,,,0.000000,0.000000,0.000000,0.000000,0.000000,0.000000,,,,,,,,,,,,
182043,,,,,,,,,,,0.000000,0.000000,0.000000,0.000000,0.000000,0.000000,,,,,,,,,,,,
182048,,,,,,,,,,,0.000000,0.000000,0.000000,0.000000,0.000000,0.000000,,,,,,,,,,,,
182053,,,,,,,,,,,0.000000,0.000000,0.000000,0.000000,0.000000,0.000000,,,,,,,,,,,,
182058,,,,,,,,,,,0.000000,0.000000,0.000000,0.000000,0.000000,0.000000,,,,,,,,,,,,
182063,,,,,,,,,,,0.000000,0.000000,0.000000,0.000000,0.000000,0.000000,,,,,,,,,,,,
182076,,,,,,,,,,,0.000000,0.000000,0.000000,0.000000,0.000000,0.000000,,,,,,,,,,,,
182078,,,,,,,,,,,0.000000,0.000000,0.000000,0.000000,0.000000,0.000000,,,,,,,,,,,,
182083,,,,,,,,,,,0.000000,0.000000,0.000000,0.000000,0.000000,0.000000,,,,,,,,,,,,
182088,,,,,,,,,,,0.000000,0.000000,0.000000,0.000000,0.000000,0.000000,,,,,,,,,,,,
182093,,,,,,,,,,,0.000000,0.000000,0.000000,0.000000,0.000000,0.000000,,,,,,,,,,,,
182098,,,,,,,,,,,0.000000,0.000000,0.000000,0.000000,0.000000,0.000000,,,,,,,,,,,,
182103,,,,,,,,,,,0.000000,0.000000,0.000000,0.000000,0.000000,0.000000,,,,,,,,,,,,
182108,,,,,,,,,,,0.000000,0.000000,0.000000,0.000000,0.000000,0.000000,,,,,,,,,,,,
182113,,,,,,,,,,,0.000000,0.000000,0.000000,0.000000,0.000000,0.000000,,,,,,,,,,,,
182118,,,,,,,,,,,0.000000,0.000000,0.000000,0.000000,0.000000,0.000000,,,,,,,,,,,,
182123,,,,,,,,,,,0.000000,0.000000,0.000000,0.000000,0.000000,0.000000,,,,,,,,,,,,
182128,,,,,,,,,,,0.000000,0.000000,0.000000,0.000000,0.000000,0.000000,,,,,,,,,,,,
182133,,,,,,,,,,,0.000000,0.000000,0.000000,0.000000,0.000000,0.000000,,,,,,,,,,,,
182138,,,,,,,,,,,0.000000,0.000000,0.000000,0.000000,0.000000,0.000000,,,,,,,,,,,,
182143,,,,,,,,,,,0.000000,0.000000,0.000000,0.000000,0.000000,0.000000,,,,,,,,,,,,
182155,,,,,,,,,,,0.000000,0.000000,0.000000,0.000000,0.000000,0.000000,,,,,,,,,,,,
182158,,,,,,,,,,,0.000000,0.000000,0.000000,0.000000,0.000000,0.000000,,,,,,,,,,,,
182163,,,,,,,,,,,0.000000,0.000000,0.000000,0.000000,0.000000,0.000000,,,,,,,,,,,,
182168,,,,,,,,,,,0.000000,0.000000,0.000000,0.000000,0.000000,0.000000,,,,,,,,,,,,
182173,,,,,,,,,,,0.000000,0.000000,0.000000,0.000000,0.000000,0.000000,,,,,,,,,,,,
182178,,,,,,,,,,,0.000000,0.000000,0.000000,0.000000,0.000000,0.000000,,,,,,,,,,,,
182183,,,,,,,,,,,0.000000,0.000000,0.000000,0.000000,0.000000,0.000000,,,,,,,,,,,,
182188,,,,,,,,,,,0.000000,0.000000,0.000000,0.000000,0.000000,0.000000,,,,,,,,,,,,
182193,,,,,,,,,,,0.000000,0.000000,0.000000,0.000000,0.000000,0.000000,,,,,,,,,,,,
182198,,,,,,,,,,,0.000000,0.000000,0.000000,0.000000,0.000000,0.000000,,,,,,,,,,,,
182203,,,,,,,,,,,0.000000,0.000000,0.000000,0.000000,0.000000,0.000000,,,,,,,,,,,,
182215,,,,,,,,,,,0.000000,0.000000,0.000000,0.000000,0.000000,0.000000,,,,,,,,,,,,
182218,,,,,,,,,,,0.000000,0.000000,0.000000,0.000000,0.000000,0.000000,,,,,,,,,,,,
182223,,,,,,,,,,,0.000000,0.000000,0.000000,0.000000,0.000000,0.000000,,,,,,,,,,,,
182228,,,,,,,,,,,0.000000,0.000000,0.000000,0.000000,0.000000,0.000000,,,,,,,,,,,,
182233,,,,,,,,,,,0.000000,0.000000,0.000000,0.000000,0.000000,0.000000,,,,,,,,,,,,
182238,,,,,,,,,,,0.000000,0.000000,0.000000,0.000000,0.000000,0.000000,,,,,,,,,,,,
182243,,,,,,,,,,,0.000000,0.000000,0.000000,0.000000,0.000000,0.000000,,,,,,,,,,,,
182248,,,,,,,,,,,0.000000,0.000000,0.000000,0.000000,0.000000,0.000000,,,,,,,,,,,,
182253,,,,,,,,,,,0.000000,0.000000,0.000000,0.000000,0.000000,0.000000,,,,,,,,,,,,
182258,,,,,,,,,,,0.000000,0.000000,0.000000,0.000000,0.000000,0.000000,,,,,,,,,,,,
182263,,,,,,,,,,,0.000000,0.000000,0.000000,0.000000,0.000000,0.000000,,,,,,,,,,,,
182275,,,,,,,,,,,0.000000,0.000000,0.000000,0.000000,0.000000,0.000000,,,,,,,,,,,,
182278,,,,,,,,,,,0.000000,0.000000,0.000000,0.000000,0.000000,0.000000,,,,,,,,,,,,
182283,,,,,,,,,,,0.000000,0.000000,0.000000,0.000000,0.000000,0.000000,,,,,,,,,,,,
182288,,,,,,,,,,,0.000000,0.000000,0.000000,0.000000,0.000000,0.000000,,,,,,,,,,,,
182293,,,,,,,,,,,0.000000,0.000000,0.000000,0.000000,0.000000,0.000000,,,,,,,,,,,,
182298,,,,,,,,,,,0.000000,0.000000,0.000000,0.000000,0.000000,0.000000,,,,,,,,,,,,
182303,,,,,,,,,,,0.000000,0.000000,0.000000,0.000000,0.000000,0.000000,,,,,,,,,,,,
182308,,,,,,,,,,,0.000000,0.000000,0.000000,0.000000,0.000000,0.000000,,,,,,,,,,,,
182313,,,,,,,,,,,0.000000,0.000000,0.000000,0.000000,0.000000,0.000000,,,,,,,,,,,,
182318,,,,,,,,,,,0.000000,0.000000,0.000000,0.000000,0.000000,0.000000,,,,,,,,,,,,
182323,,,,,,,,,,,0.000000,0.000000,0.000000,0.000000,0.000000,0.000000,,,,,,,,,,,,
182335,,,,,,,,,,,0.000000,0.000000,0.000000,0.000000,0.000000,0.000000,,,,,,,,,,,,
182338,,,,,,,,,,,0.000000,0.000000,0.000000,0.000000,0.000000,0.000000,,,,,,,,,,,,
182343,,,,,,,,,,,0.000000,0.000000,0.000000,0.000000,0.000000,0.000000,,,,,,,,,,,,
182348,,,,,,,,,,,0.000000,0.000000,0.000000,0.000000,0.000000,0.000000,,,,,,,,,,,,
182353,,,,,,,,,,,0.000000,0.000000,0.000000,0.000000,0.000000,0.000000,,,,,,,,,,,,
182358,,,,,,,,,,,0.000000,0.000000,0.000000,0.000000,0.000000,0.000000,,,,,,,,,,,,
182363,,,,,,,,,,,0.000000,0.000000,0.000000,0.000000,0.000000,0.000000,,,,,,,,,,,,
182368,,,,,,,,,,,0.000000,0.000000,0.000000,0.000000,0.000000,0.000000,,,,,,,,,,,,
182373,,,,,,,,,,,0.000000,0.000000,0.000000,0.000000,0.000000,0.000000,,,,,,,,,,,,
182378,,,,,,,,,,,0.000000,0.000000,0.000000,0.000000,0.000000,0.000000,,,,,,,,,,,,
182383,,,,,,,,,,,0.000000,0.000000,0.000000,0.000000,0.000000,0.000000,,,,,,,,,,,,
182388,,,,,,,,,,,0.000000,0.000000,0.000000,0.000000,0.000000,0.000000,,,,,,,,,,,,
182393,,,,,,,,,,,0.000000,0.000000,0.000000,0.000000,0.000000,0.000000,,,,,,,,,,,,
182398,,,,,,,,,,,0.000000,0.000000,0.000000,0.000000,0.000000,0.000000,,,,,,,,,,,,
182403,,,,,,,,,,,0.000000,0.000000,0.000000,0.000000,0.000000,0.000000,,,,,,,,,,,,
182415,,,,,,,,,,,0.000000,0.000000,0.000000,0.000000,0.000000,0.000000,,,,,,,,,,,,
182418,,,,,,,,,,,0.000000,0.000000,0.000000,0.000000,0.000000,0.000000,,,,,,,,,,,,
182423,,,,,,,,,,,0.000000,0.000000,0.000000,0.000000,0.000000,0.000000,,,,,,,,,,,,
182428,,,,,,,,,,,0.000000,0.000000,0.000000,0.000000,0.000000,0.000000,,,,,,,,,,,,
182433,,,,,,,,,,,0.000000,0.000000,0.000000,0.000000,0.000000,0.000000,,,,,,,,,,,,
182438,,,,,,,,,,,0.000000,0.000000,0.000000,0.000000,0.000000,0.000000,,,,,,,,,,,,
182443,,,,,,,,,,,0.000000,0.000000,0.000000,0.000000,0.000000,0.000000,,,,,,,,,,,,
182448,,,,,,,,,,,0.000000,0.000000,0.000000,0.000000,0.000000,0.000000,,,,,,,,,,,,
182453,,,,,,,,,,,0.000000,0.000000,0.000000,0.000000,0.000000,0.000000,,,,,,,,,,,,
182458,,,,,,,,,,,0.000000,0.000000,0.000000,0.000000,0.000000,0.000000,,,,,,,,,,,,
182463,,,,,,,,,,,0.000000,0.000000,0.000000,0.000000,0.000000,0.000000,,,,,,,,,,,,
182475,,,,,,,,,,,0.000000,0.000000,0.000000,0.000000,0.000000,0.000000,,,,,,,,,,,,
182478,,,,,,,,,,,0.000000,0.000000,0.000000,0.000000,0.000000,0.000000,,,,,,,,,,,,
182483,,,,,,,,,,,0.000000,0.000000,0.000000,0.000000,0.000000,0.000000,,,,,,,,,,,,
182488,,,,,,,,,,,0.000000,0.000000,0.000000,0.000000,0.000000,0.000000,,,,,,,,,,,,
182493,,,,,,,,,,,0.000000,0.000000,0.000000,0.000000,0.000000,0.000000,,,,,,,,,,,,
182498,,,,,,,,,,,0.000000,0.000000,0.000000,0.000000,0.000000,0.000000,,,,,,,,,,,,
182503,,,,,,,,,,,0.000000,0.000000,0.000000,0.000000,0.000000,0.000000,,,,,,,,,,,,
182508,,,,,,,,,,,0.000000,0.000000,0.000000,0.000000,0.000000,0.000000,,,,,,,,,,,,
182513,,,,,,,,,,,0.000000,0.000000,0.000000,0.000000,0.000000,0.000000,,,,,,,,,,,,
182518,,,,,,,,,,,0.000000,0.000000,0.000000,0.000000,0.000000,0.000000,,,,,,,,,,,,
182523,,,,,,,,,,,0.000000,0.000000,0.000000,0.000000,0.000000,0.000000,,,,,,,,,,,,
182536,,,,,,,,,,,0.000000,0.000000,0.000000,0.000000,0.000000,0.000000,,,,,,,,,,,,
182538,,,,,,,,,,,0.000000,0.000000,0.000000,0.000000,0.000000,0.000000,,,,,,,,,,,,
182543,,,,,,,,,,,0.000000,0.000000,0.000000,0.000000,0.000000,0.000000,,,,,,,,,,,,
182548,,,,,,,,,,,0.000000,0.000000,0.000000,0.000000,0.000000,0.000000,,,,,,,,,,,,
182553,,,,,,,,,,,0.000000,0.000000,0.000000,0.000000,0.000000,0.000000,,,,,,,,,,,,
182558,,,,,,,,,,,0.000000,0.000000,0.000000,0.000000,0.000000,0.000000,,,,,,,,,,,,
182563,,,,,,,,,,,0.000000,0.000000,0.000000,0.000000,0.000000,0.000000,,,,,,,,,,,,
182568,,,,,,,,,,,0.000000,0.000000,0.000000,0.000000,0.000000,0.000000,,,,,,,,,,,,
182573,,,,,,,,,,,0.000000,0.000000,0.000000,0.000000,0.000000,0.000000,,,,,,,,,,,,
182578,,,,,,,,,,,0.000000,0.000000,0.000000,0.000000,0.000000,0.000000,,,,,,,,,,,,
182583,,,,,,,,,,,0.000000,0.000000,0.000000,0.000000,0.000000,0.000000,,,,,,,,,,,,
182588,,,,,,,,,,,0.000000,0.000000,0.000000,0.000000,0.000000,0.000000,,,,,,,,,,,,
182593,,,,,,,,,,,0.000000,0.000000,0.000000,0.000000,0.000000,0.000000,,,,,,,,,,,,
182598,,,,,,,,,,,0.000000,0.000000,0.000000,0.000000,0.000000,0.000000,,,,,,,,,,,,
182603,,,,,,,,,,,0.000000,0.000000,0.000000,0.000000,0.000000,0.000000,,,,,,,,,,,,
182615,,,,,,,,,,,0.000000,0.000000,0.000000,0.000000,0.000000,0.000000,,,,,,,,,,,,
182618,,,,,,,,,,,0.000000,0.000000,0.000000,0.000000,0.000000,0.000000,,,,,,,,,,,,
182623,,,,,,,,,,,0.000000,0.000000,0.000000,0.000000,0.000000,0.000000,,,,,,,,,,,,
182628,,,,,,,,,,,0.000000,0.000000,0.000000,0.000000,0.000000,0.000000,,,,,,,,,,,,
182633,,,,,,,,,,,0.000000,0.000000,0.000000,0.000000,0.000000,0.000000,,,,,,,,,,,,
182638,,,,,,,,,,,0.000000,0.000000,0.000000,0.000000,0.000000,0.000000,,,,,,,,,,,,
182643,,,,,,,,,,,0.000000,0.000000,0.000000,0.000000,0.000000,0.000000,,,,,,,,,,,,
182648,,,,,,,,,,,0.000000,0.000000,0.000000,0.000000,0.000000,0.000000,,,,,,,,,,,,
182653,,,,,,,,,,,0.000000,0.000000,0.000000,0.000000,0.000000,0.000000,,,,,,,,,,,,
182658,,,,,,,,,,,0.000000,0.000000,0.000000,0.000000,0.000000,0.000000,,,,,,,,,,,,
182663,,,,,,,,,,,0.000000,0.000000,0.000000,0.000000,0.000000,0.000000,,,,,,,,,,,,
182675,,,,,,,,,,,0.000000,0.000000,0.000000,0.000000,0.000000,0.000000,,,,,,,,,,,,
182678,,,,,,,,,,,0.000000,0.000000,0.000000,0.000000,0.000000,0.000000,,,,,,,,,,,,
182683,,,,,,,,,,,0.000000,0.000000,0.000000,0.000000,0.000000,0.000000,,,,,,,,,,,,
182688,,,,,,,,,,,0.000000,0.000000,0.000000,0.000000,0.000000,0.000000,,,,,,,,,,,,
182693,,,,,,,,,,,0.000000,0.000000,0.000000,0.000000,0.000000,0.000000,,,,,,,,,,,,
182698,,,,,,,,,,,0.000000,0.000000,0.000000,0.000000,0.000000,0.000000,,,,,,,,,,,,
182703,,,,,,,,,,,0.000000,0.000000,0.000000,0.000000,0.000000,0.000000,,,,,,,,,,,,
182708,,,,,,,,,,,0.000000,0.000000,0.000000,0.000000,0.000000,0.000000,,,,,,,,,,,,
182713,,,,,,,,,,,0.000000,0.000000,0.000000,0.000000,0.000000,0.000000,,,,,,,,,,,,
182718,,,,,,,,,,,0.000000,0.000000,0.000000,0.000000,0.000000,0.000000,,,,,,,,,,,,
182723,,,,,,,,,,,0.000000,0.000000,0.000000,0.000000,0.000000,0.000000,,,,,,,,,,,,
182735,,,,,,,,,,,0.000000,0.000000,0.000000,0.000000,0.000000,0.000000,,,,,,,,,,,,
182738,,,,,,,,,,,0.000000,0.000000,0.000000,0.000000,0.000000,0.000000,,,,,,,,,,,,
182743,,,,,,,,,,,0.000000,0.000000,0.000000,0.000000,0.000000,0.000000,,,,,,,,,,,,
182748,,,,,,,,,,,0.000000,0.000000,0.000000,0.000000,0.000000,0.000000,,,,,,,,,,,,
182753,,,,,,,,,,,0.000000,0.000000,0.000000,0.000000,0.000000,0.000000,,,,,,,,,,,,
182758,,,,,,,,,,,0.000000,0.000000,0.000000,0.000000,0.000000,0.000000,,,,,,,,,,,,
182763,,,,,,,,,,,0.000000,0.000000,0.000000,0.000000,0.000000,0.000000,,,,,,,,,,,,
182768,,,,,,,,,,,0.000000,0.000000,0.000000,0.000000,0.000000,0.000000,,,,,,,,,,,,
182773,,,,,,,,,,,0.000000,0.000000,0.000000,0.000000,0.000000,0.000000,,,,,,,,,,,,
182778,,,,,,,,,,,0.000000,0.000000,0.000000,0.000000,0.000000,0.000000,,,,,,,,,,,,
182783,,,,,,,,,,,0.000000,0.000000,0.000000,0.000000,0.000000,0.000000,,,,,,,,,,,,
182795,,,,,,,,,,,0.000000,0.000000,0.000000,0.000000,0.000000,0.000000,,,,,,,,,,,,
182798,,,,,,,,,,,0.000000,0.000000,0.000000,0.000000,0.000000,0.000000,,,,,,,,,,,,
182803,,,,,,,,,,,0.000000,0.000000,0.000000,0.000000,0.000000,0.000000,,,,,,,,,,,,
182808,,,,,,,,,,,0.000000,0.000000,0.000000,0.000000,0.000000,0.000000,,,,,,,,,,,,
182813,,,,,,,,,,,0.000000,0.000000,0.000000,0.000000,0.000000,0.000000,,,,,,,,,,,,
182818,,,,,,,,,,,0.000000,0.000000,0.000000,0.000000,0.000000,0.000000,,,,,,,,,,,,
182823,,,,,,,,,,,0.000000,0.000000,0.000000,0.000000,0.000000,0.000000,,,,,,,,,,,,
182828,,,,,,,,,,,0.000000,0.000000,0.000000,0.000000,0.000000,0.000000,,,,,,,,,,,,
182833,,,,,,,,,,,0.000000,0.000000,0.000000,0.000000,0.000000,0.000000,,,,,,,,,,,,
182838,,,,,,,,,,,0.000000,0.000000,0.000000,0.000000,0.000000,0.000000,,,,,,,,,,,,
182843,,,,,,,,,,,0.000000,0.000000,0.000000,0.000000,0.000000,0.000000,,,,,,,,,,,,
182848,,,,,,,,,,,0.000000,0.000000,0.000000,0.000000,0.000000,0.000000,,,,,,,,,,,,
182853,,,,,,,,,,,0.000000,0.000000,0.000000,0.000000,0.000000,0.000000,,,,,,,,,,,,
182858,,,,,,,,,,,0.000000,0.000000,0.000000,0.000000,0.000000,0.000000,,,,,,,,,,,,
182863,,,,,,,,,,,0.000000,0.000000,0.000000,0.000000,0.000000,0.000000,,,,,,,,,,,,
182875,,,,,,,,,,,0.000000,0.000000,0.000000,0.000000,0.000000,0.000000,,,,,,,,,,,,
182878,,,,,,,,,,,0.000000,0.000000,0.000000,0.000000,0.000000,0.000000,,,,,,,,,,,,
182883,,,,,,,,,,,0.000000,0.000000,0.000000,0.000000,0.000000,0.000000,,,,,,,,,,,,
182888,,,,,,,,,,,0.000000,0.000000,0.000000,0.000000,0.000000,0.000000,,,,,,,,,,,,
182893,,,,,,,,,,,0.000000,0.000000,0.000000,0.000000,0.000000,0.000000,,,,,,,,,,,,
182898,,,,,,,,,,,0.000000,0.000000,0.000000,0.000000,0.000000,0.000000,,,,,,,,,,,,
182903,,,,,,,,,,,0.000000,0.000000,0.000000,0.000000,0.000000,0.000000,,,,,,,,,,,,
182908,,,,,,,,,,,0.000000,0.000000,0.000000,0.000000,0.000000,0.000000,,,,,,,,,,,,
182913,,,,,,,,,,,0.000000,0.000000,0.000000,0.000000,0.000000,0.000000,,,,,,,,,,,,
182918,,,,,,,,,,,0.000000,0.000000,0.000000,0.000000,0.000000,0.000000,,,,,,,,,,,,
182923,,,,,,,,,,,0.000000,0.000000,0.000000,0.000000,0.000000,0.000000,,,,,,,,,,,,
182935,,,,,,,,,,,0.000000,0.000000,0.000000,0.000000,0.000000,0.000000,,,,,,,,,,,,
182938,,,,,,,,,,,0.000000,0.000000,0.000000,0.000000,0.000000,0.000000,,,,,,,,,,,,
182943,,,,,,,,,,,0.000000,0.000000,0.000000,0.000000,0.000000,0.000000,,,,,,,,,,,,
182948,,,,,,,,,,,0.000000,0.000000,0.000000,0.000000,0.000000,0.000000,,,,,,,,,,,,
182953,,,,,,,,,,,0.000000,0.000000,0.000000,0.000000,0.000000,0.000000,,,,,,,,,,,,
182958,,,,,,,,,,,0.000000,0.000000,0.000000,0.000000,0.000000,0.000000,,,,,,,,,,,,
182963,,,,,,,,,,,0.000000,0.000000,0.000000,0.000000,0.000000,0.000000,,,,,,,,,,,,
182968,,,,,,,,,,,0.000000,0.000000,0.000000,0.000000,0.000000,0.000000,,,,,,,,,,,,
182973,,,,,,,,,,,0.000000,0.000000,0.000000,0.000000,0.000000,0.000000,,,,,,,,,,,,
182978,,,,,,,,,,,0.000000,0.000000,0.000000,0.000000,0.000000,0.000000,,,,,,,,,,,,
182983,,,,,,,,,,,0.000000,0.000000,0.000000,0.000000,0.000000,0.000000,,,,,,,,,,,,
182995,,,,,,,,,,,0.000000,0.000000,0.000000,0.000000,0.000000,0.000000,,,,,,,,,,,,
182998,,,,,,,,,,,0.000000,0.000000,0.000000,0.000000,0.000000,0.000000,,,,,,,,,,,,
183003,,,,,,,,,,,0.000000,0.000000,0.000000,0.000000,0.000000,0.000000,,,,,,,,,,,,
183008,,,,,,,,,,,0.000000,0.000000,0.000000,0.000000,0.000000,0.000000,,,,,,,,,,,,
183013,,,,,,,,,,,0.000000,0.000000,0.000000,0.000000,0.000000,0.000000,,,,,,,,,,,,
183018,,,,,,,,,,,0.000000,0.000000,0.000000,0.000000,0.000000,0.000000,,,,,,,,,,,,
183023,,,,,,,,,,,0.000000,0.000000,0.000000,0.000000,0.000000,0.000000,,,,,,,,,,,,
183028,,,,,,,,,,,0.000000,0.000000,0.000000,0.000000,0.000000,0.000000,,,,,,,,,,,,
183033,,,,,,,,,,,0.000000,0.000000,0.000000,0.000000,0.000000,0.000000,,,,,,,,,,,,
183038,,,,,,,,,,,0.000000,0.000000,0.000000,0.000000,0.000000,0.000000,,,,,,,,,,,,
183043,,,,,,,,,,,0.000000,0.000000,0.000000,0.000000,0.000000,0.000000,,,,,,,,,,,,
183048,,,,,,,,,,,0.000000,0.000000,0.000000,0.000000,0.000000,0.000000,,,,,,,,,,,,
183053,,,,,,,,,,,0.000000,0.000000,0.000000,0.000000,0.000000,0.000000,,,,,,,,,,,,
183058,,,,,,,,,,,0.000000,0.000000,0.000000,0.000000,0.000000,0.000000,,,,,,,,,,,,
183063,,,,,,,,,,,0.000000,0.000000,0.000000,0.000000,0.000000,0.000000,,,,,,,,,,,,
183075,,,,,,,,,,,0.000000,0.000000,0.000000,0.000000,0.000000,0.000000,,,,,,,,,,,,
183078,,,,,,,,,,,0.000000,0.000000,0.000000,0.000000,0.000000,0.000000,,,,,,,,,,,,
183083,,,,,,,,,,,0.000000,0.000000,0.000000,0.000000,0.000000,0.000000,,,,,,,,,,,,
183088,,,,,,,,,,,0.000000,0.000000,0.000000,0.000000,0.000000,0.000000,,,,,,,,,,,,
183093,,,,,,,,,,,0.000000,0.000000,0.000000,0.000000,0.000000,0.000000,,,,,,,,,,,,
183098,,,,,,,,,,,0.000000,0.000000,0.000000,0.000000,0.000000,0.000000,,,,,,,,,,,,
183103,,,,,,,,,,,0.000000,0.000000,0.000000,0.000000,0.000000,0.000000,,,,,,,,,,,,
183108,,,,,,,,,,,0.000000,0.000000,0.000000,0.000000,0.000000,0.000000,,,,,,,,,,,,
183113,,,,,,,,,,,0.000000,0.000000,0.000000,0.000000,0.000000,0.000000,,,,,,,,,,,,
183118,,,,,,,,,,,0.000000,0.000000,0.000000,0.000000,0.000000,0.000000,,,,,,,,,,,,
183123,,,,,,,,,,,0.000000,0.000000,0.000000,0.000000,0.000000,0.000000,,,,,,,,,,,,
183135,,,,,,,,,,,0.000000,0.000000,0.000000,0.000000,0.000000,0.000000,,,,,,,,,,,,
183138,,,,,,,,,,,0.000000,0.000000,0.000000,0.000000,0.000000,0.000000,,,,,,,,,,,,
183143,,,,,,,,,,,0.000000,0.000000,0.000000,0.000000,0.000000,0.000000,,,,,,,,,,,,
183148,,,,,,,,,,,0.000000,0.000000,0.000000,0.000000,0.000000,0.000000,,,,,,,,,,,,
183153,,,,,,,,,,,0.000000,0.000000,0.000000,0.000000,0.000000,0.000000,,,,,,,,,,,,
183158,,,,,,,,,,,0.000000,0.000000,0.000000,0.000000,0.000000,0.000000,,,,,,,,,,,,
183163,,,,,,,,,,,0.000000,0.000000,0.000000,0.000000,0.000000,0.000000,,,,,,,,,,,,
183168,,,,,,,,,,,0.000000,0.000000,0.000000,0.000000,0.000000,0.000000,,,,,,,,,,,,
183173,,,,,,,,,,,0.000000,0.000000,0.000000,0.000000,0.000000,0.000000,,,,,,,,,,,,
183178,,,,,,,,,,,0.000000,0.000000,0.000000,0.000000,0.000000,0.000000,,,,,,,,,,,,
183183,,,,,,,,,,,0.000000,0.000000,0.000000,0.000000,0.000000,0.000000,,,,,,,,,,,,
183195,,,,,,,,,,,0.000000,0.000000,0.000000,0.000000,0.000000,0.000000,,,,,,,,,,,,
183198,,,,,,,,,,,0.000000,0.000000,0.000000,0.000000,0.000000,0.000000,,,,,,,,,,,,
183203,,,,,,,,,,,0.000000,0.000000,0.000000,0.000000,0.000000,0.000000,,,,,,,,,,,,
183208,,,,,,,,,,,0.000000,0.000000,0.000000,0.000000,0.000000,0.000000,,,,,,,,,,,,
183213,,,,,,,,,,,0.000000,0.000000,0.000000,0.000000,0.000000,0.000000,,,,,,,,,,,,
183218,,,,,,,,,,,0.000000,0.000000,0.000000,0.000000,0.000000,0.000000,,,,,,,,,,,,
183223,,,,,,,,,,,0.000000,0.000000,0.000000,0.000000,0.000000,0.000000,,,,,,,,,,,,
183228,,,,,,,,,,,0.000000,0.000000,0.000000,0.000000,0.000000,0.000000,,,,,,,,,,,,
183233,,,,,,,,,,,0.000000,0.000000,0.000000,0.000000,0.000000,0.000000,,,,,,,,,,,,
183238,,,,,,,,,,,0.000000,0.000000,0.000000,0.000000,0.000000,0.000000,,,,,,,,,,,,
183243,,,,,,,,,,,0.000000,0.000000,0.000000,0.000000,0.000000,0.000000,,,,,,,,,,,,
183255,,,,,,,,,,,0.000000,0.000000,0.000000,0.000000,0.000000,0.000000,,,,,,,,,,,,
183258,,,,,,,,,,,0.000000,0.000000,0.000000,0.000000,0.000000,0.000000,,,,,,,,,,,,
183263,,,,,,,,,,,0.000000,0.000000,0.000000,0.000000,0.000000,0.000000,,,,,,,,,,,,
183268,,,,,,,,,,,0.000000,0.000000,0.000000,0.000000,0.000000,0.000000,,,,,,,,,,,,
183273,,,,,,,,,,,0.000000,0.000000,0.000000,0.000000,0.000000,0.000000,,,,,,,,,,,,
183278,,,,,,,,,,,0.000000,0.000000,0.000000,0.000000,0.000000,0.000000,,,,,,,,,,,,
183283,,,,,,,,,,,0.000000,0.000000,0.000000,0.000000,0.000000,0.000000,,,,,,,,,,,,
183288,,,,,,,,,,,0.000000,0.000000,0.000000,0.000000,0.000000,0.000000,,,,,,,,,,,,
183293,,,,,,,,,,,0.000000,0.000000,0.000000,0.000000,0.000000,0.000000,,,,,,,,,,,,
183298,,,,,,,,,,,0.000000,0.000000,0.000000,0.000000,0.000000,0.000000,,,,,,,,,,,,
183303,,,,,,,,,,,0.000000,0.000000,0.000000,0.000000,0.000000,0.000000,,,,,,,,,,,,
183308,,,,,,,,,,,0.000000,0.000000,0.000000,0.000000,0.000000,0.000000,,,,,,,,,,,,
183313,,,,,,,,,,,0.000000,0.000000,0.000000,0.000000,0.000000,0.000000,,,,,,,,,,,,
183318,,,,,,,,,,,0.000000,0.000000,0.000000,0.000000,0.000000,0.000000,,,,,,,,,,,,
183323,,,,,,,,,,,0.000000,0.000000,0.000000,0.000000,0.000000,0.000000,,,,,,,,,,,,
183335,,,,,,,,,,,0.000000,0.000000,0.000000,0.000000,0.000000,0.000000,,,,,,,,,,,,
183338,,,,,,,,,,,0.000000,0.000000,0.000000,0.000000,0.000000,0.000000,,,,,,,,,,,,
183343,,,,,,,,,,,0.000000,0.000000,0.000000,0.000000,0.000000,0.000000,,,,,,,,,,,,
183348,,,,,,,,,,,0.000000,0.000000,0.000000,0.000000,0.000000,0.000000,,,,,,,,,,,,
183353,,,,,,,,,,,0.000000,0.000000,0.000000,0.000000,0.000000,0.000000,,,,,,,,,,,,
183358,,,,,,,,,,,0.000000,0.000000,0.000000,0.000000,0.000000,0.000000,,,,,,,,,,,,
183363,,,,,,,,,,,0.000000,0.000000,0.000000,0.000000,0.000000,0.000000,,,,,,,,,,,,
183368,,,,,,,,,,,0.000000,0.000000,0.000000,0.000000,0.000000,0.000000,,,,,,,,,,,,
183373,,,,,,,,,,,0.000000,0.000000,0.000000,0.000000,0.000000,0.000000,,,,,,,,,,,,
183378,,,,,,,,,,,0.000000,0.000000,0.000000,0.000000,0.000000,0.000000,,,,,,,,,,,,
183383,,,,,,,,,,,0.000000,0.000000,0.000000,0.000000,0.000000,0.000000,,,,,,,,,,,,
183395,,,,,,,,,,,0.000000,0.000000,0.000000,0.000000,0.000000,0.000000,,,,,,,,,,,,
183398,,,,,,,,,,,0.000000,0.000000,0.000000,0.000000,0.000000,0.000000,,,,,,,,,,,,
183403,,,,,,,,,,,0.000000,0.000000,0.000000,0.000000,0.000000,0.000000,,,,,,,,,,,,
183408,,,,,,,,,,,0.000000,0.000000,0.000000,0.000000,0.000000,0.000000,,,,,,,,,,,,
183413,,,,,,,,,,,0.000000,0.000000,0.000000,0.000000,0.000000,0.000000,,,,,,,,,,,,
183418,,,,,,,,,,,0.000000,0.000000,0.000000,0.000000,0.000000,0.000000,,,,,,,,,,,,
183423,,,,,,,,,,,0.000000,0.000000,0.000000,0.000000,0.000000,0.000000,,,,,,,,,,,,
183428,,,,,,,,,,,0.000000,0.000000,0.000000,0.000000,0.000000,0.000000,,,,,,,,,,,,
183433,,,,,,,,,,,0.000000,0.000000,0.000000,0.000000,0.000000,0.000000,,,,,,,,,,,,
183438,,,,,,,,,,,0.000000,0.000000,0.000000,0.000000,0.000000,0.000000,,,,,,,,,,,,
183443,,,,,,,,,,,0.000000,0.000000,0.000000,0.000000,0.000000,0.000000,,,,,,,,,,,,
183455,,,,,,,,,,,0.000000,0.000000,0.000000,0.000000,0.000000,0.000000,,,,,,,,,,,,
183458,,,,,,,,,,,0.000000,0.000000,0.000000,0.000000,0.000000,0.000000,,,,,,,,,,,,
183463,,,,,,,,,,,0.000000,0.000000,0.000000,0.000000,0.000000,0.000000,,,,,,,,,,,,
183468,,,,,,,,,,,0.000000,0.000000,0.000000,0.000000,0.000000,0.000000,,,,,,,,,,,,
183473,,,,,,,,,,,0.000000,0.000000,0.000000,0.000000,0.000000,0.000000,,,,,,,,,,,,
183478,,,,,,,,,,,0.000000,0.000000,0.000000,0.000000,0.000000,0.000000,,,,,,,,,,,,
183483,,,,,,,,,,,0.000000,0.000000,0.000000,0.000000,0.000000,0.000000,,,,,,,,,,,,
183488,,,,,,,,,,,0.000000,0.000000,0.000000,0.000000,0.000000,0.000000,,,,,,,,,,,,
183493,,,,,,,,,,,0.000000,0.000000,0.000000,0.000000,0.000000,0.000000,,,,,,,,,,,,
183498,,,,,,,,,,,0.000000,0.000000,0.000000,0.000000,0.000000,0.000000,,,,,,,,,,,,
183503,,,,,,,,,,,0.000000,0.000000,0.000000,0.000000,0.000000,0.000000,,,,,,,,,,,,
183508,,,,,,,,,,,0.000000,0.000000,0.000000,0.000000,0.000000,0.000000,,,,,,,,,,,,
183513,,,,,,,,,,,0.000000,0.000000,0.000000,0.000000,0.000000,0.000000,,,,,,,,,,,,
183518,,,,,,,,,,,0.000000,0.000000,0.000000,0.000000,0.000000,0.000000,,,,,,,,,,,,
183523,,,,,,,,,,,0.000000,0.000000,0.000000,0.000000,0.000000,0.000000,,,,,,,,,,,,
183539,,,,,,,,,,,0.000000,0.000000,0.000000,0.000000,0.000000,0.000000,,,,,,,,,,,,
183543,,,,,,,,,,,0.000000,0.000000,0.000000,0.000000,0.000000,0.000000,,,,,,,,,,,,
183548,,,,,,,,,,,0.000000,0.000000,0.000000,0.000000,0.000000,0.000000,,,,,,,,,,,,
183553,,,,,,,,,,,0.000000,0.000000,0.000000,0.000000,0.000000,0.000000,,,,,,,,,,,,
183558,,,,,,,,,,,0.000000,0.000000,0.000000,0.000000,0.000000,0.000000,,,,,,,,,,,,
183563,,,,,,,,,,,0.000000,0.000000,0.000000,0.000000,0.000000,0.000000,,,,,,,,,,,,
183568,,,,,,,,,,,0.000000,0.000000,0.000000,0.000000,0.000000,0.000000,,,,,,,,,,,,
183573,,,,,,,,,,,0.000000,0.000000,0.000000,0.000000,0.000000,0.000000,,,,,,,,,,,,
183578,,,,,,,,,,,0.000000,0.000000,0.000000,0.000000,0.000000,0.000000,,,,,,,,,,,,
183583,,,,,,,,,,,0.000000,0.000000,0.000000,0.000000,0.000000,0.000000,,,,,,,,,,,,
183595,,,,,,,,,,,0.000000,0.000000,0.000000,0.000000,0.000000,0.000000,,,,,,,,,,,,
183598,,,,,,,,,,,0.000000,0.000000,0.000000,0.000000,0.000000,0.000000,,,,,,,,,,,,
183603,,,,,,,,,,,0.000000,0.000000,0.000000,0.000000,0.000000,0.000000,,,,,,,,,,,,
183608,,,,,,,,,,,0.000000,0.000000,0.000000,0.000000,0.000000,0.000000,,,,,,,,,,,,
183613,,,,,,,,,,,0.000000,0.000000,0.000000,0.000000,0.000000,0.000000,,,,,,,,,,,,
183618,,,,,,,,,,,0.000000,0.000000,0.000000,0.000000,0.000000,0.000000,,,,,,,,,,,,
183623,,,,,,,,,,,0.000000,0.000000,0.000000,0.000000,0.000000,0.000000,,,,,,,,,,,,
183628,,,,,,,,,,,0.000000,0.000000,0.000000,0.000000,0.000000,0.000000,,,,,,,,,,,,
183633,,,,,,,,,,,0.000000,0.000000,0.000000,0.000000,0.000000,0.000000,,,,,,,,,,,,
183638,,,,,,,,,,,0.000000,0.000000,0.000000,0.000000,0.000000,0.000000,,,,,,,,,,,,
183643,,,,,,,,,,,0.000000,0.000000,0.000000,0.000000,0.000000,0.000000,,,,,,,,,,,,
183655,,,,,,,,,,,0.000000,0.000000,0.000000,0.000000,0.000000,0.000000,,,,,,,,,,,,
183658,,,,,,,,,,,0.000000,0.000000,0.000000,0.000000,0.000000,0.000000,,,,,,,,,,,,
183663,,,,,,,,,,,0.000000,0.000000,0.000000,0.000000,0.000000,0.000000,,,,,,,,,,,,
183668,,,,,,,,,,,0.000000,0.000000,0.000000,0.000000,0.000000,0.000000,,,,,,,,,,,,
183673,,,,,,,,,,,0.000000,0.000000,0.000000,0.000000,0.000000,0.000000,,,,,,,,,,,,
183678,,,,,,,,,,,0.000000,0.000000,0.000000,0.000000,0.000000,0.000000,,,,,,,,,,,,
183683,,,,,,,,,,,0.000000,0.000000,0.000000,0.000000,0.000000,0.000000,,,,,,,,,,,,
183688,,,,,,,,,,,0.000000,0.000000,0.000000,0.000000,0.000000,0.000000,,,,,,,,,,,,
183693,,,,,,,,,,,0.000000,0.000000,0.000000,0.000000,0.000000,0.000000,,,,,,,,,,,,
183698,,,,,,,,,,,0.000000,0.000000,0.000000,0.000000,0.000000,0.000000,,,,,,,,,,,,
183703,,,,,,,,,,,0.000000,0.000000,0.000000,0.000000,0.000000,0.000000,,,,,,,,,,,,
183715,,,,,,,,,,,0.000000,0.000000,0.000000,0.000000,0.000000,0.000000,,,,,,,,,,,,
183718,,,,,,,,,,,0.000000,0.000000,0.000000,0.000000,0.000000,0.000000,,,,,,,,,,,,
183723,,,,,,,,,,,0.000000,0.000000,0.000000,0.000000,0.000000,0.000000,,,,,,,,,,,,
183728,,,,,,,,,,,0.000000,0.000000,0.000000,0.000000,0.000000,0.000000,,,,,,,,,,,,
183733,,,,,,,,,,,0.000000,0.000000,0.000000,0.000000,0.000000,0.000000,,,,,,,,,,,,
183738,,,,,,,,,,,0.000000,0.000000,0.000000,0.000000,0.000000,0.000000,,,,,,,,,,,,
183743,,,,,,,,,,,0.000000,0.000000,0.000000,0.000000,0.000000,0.000000,,,,,,,,,,,,
183748,,,,,,,,,,,0.000000,0.000000,0.000000,0.000000,0.000000,0.000000,,,,,,,,,,,,
183753,,,,,,,,,,,0.000000,0.000000,0.000000,0.000000,0.000000,0.000000,,,,,,,,,,,,
183758,,,,,,,,,,,0.000000,0.000000,0.000000,0.000000,0.000000,0.000000,,,,,,,,,,,,
183763,,,,,,,,,,,0.000000,0.000000,0.000000,0.000000,0.000000,0.000000,,,,,,,,,,,,
183768,,,,,,,,,,,0.000000,0.000000,0.000000,0.000000,0.000000,0.000000,,,,,,,,,,,,
183773,,,,,,,,,,,0.000000,0.000000,0.000000,0.000000,0.000000,0.000000,,,,,,,,,,,,
183778,,,,,,,,,,,0.000000,0.000000,0.000000,0.000000,0.000000,0.000000,,,,,,,,,,,,
183783,,,,,,,,,,,0.000000,0.000000,0.000000,0.000000,0.000000,0.000000,,,,,,,,,,,,
183793,,,,,,,,,,,0.000000,0.000000,,,,,,,,,,,,,,,,
183794,,,,,,,,,,,0.000000,0.000000,0.000000,0.000000,0.000000,0.000000,,,,,,,,,,,,
183798,,,,,,,,,,,0.000000,0.000000,0.000000,0.000000,0.000000,0.000000,,,,,,,,,,,,
183803,,,,,,,,,,,0.000000,0.000000,0.000000,0.000000,0.000000,0.000000,,,,,,,,,,,,
183808,,,,,,,,,,,0.000000,0.000000,0.000000,0.000000,0.000000,0.000000,,,,,,,,,,,,
183813,,,,,,,,,,,0.000000,0.000000,0.000000,0.000000,0.000000,0.000000,,,,,,,,,,,,
183818,,,,,,,,,,,0.000000,0.000000,0.000000,0.000000,0.000000,0.000000,,,,,,,,,,,,
183823,,,,,,,,,,,0.000000,0.000000,0.000000,0.000000,0.000000,0.000000,,,,,,,,,,,,
183828,,,,,,,,,,,0.000000,0.000000,0.000000,0.000000,0.000000,0.000000,,,,,,,,,,,,
183833,,,,,,,,,,,0.000000,0.000000,0.000000,0.000000,0.000000,0.000000,,,,,,,,,,,,
183838,,,,,,,,,,,0.000000,0.000000,0.000000,0.000000,0.000000,0.000000,,,,,,,,,,,,
183843,,,,,,,,,,,0.000000,0.000000,0.000000,0.000000,0.000000,0.000000,,,,,,,,,,,,
183856,,,,,,,,,,,0.000000,0.000000,0.000000,0.000000,0.000000,0.000000,,,,,,,,,,,,
183858,,,,,,,,,,,0.000000,0.000000,0.000000,0.000000,0.000000,0.000000,,,,,,,,,,,,
183863,,,,,,,,,,,0.000000,0.000000,0.000000,0.000000,0.000000,0.000000,,,,,,,,,,,,
183868,,,,,,,,,,,0.000000,0.000000,0.000000,0.000000,0.000000,0.000000,,,,,,,,,,,,
183873,,,,,,,,,,,0.000000,0.000000,0.000000,0.000000,0.000000,0.000000,,,,,,,,,,,,
183878,,,,,,,,,,,0.000000,0.000000,0.000000,0.000000,0.000000,0.000000,,,,,,,,,,,,
183883,,,,,,,,,,,0.000000,0.000000,0.000000,0.000000,0.000000,0.000000,,,,,,,,,,,,
183888,,,,,,,,,,,0.000000,0.000000,0.000000,0.000000,0.000000,0.000000,,,,,,,,,,,,
183893,,,,,,,,,,,0.000000,0.000000,0.000000,0.000000,0.000000,0.000000,,,,,,,,,,,,
183898,,,,,,,,,,,0.000000,0.000000,0.000000,0.000000,0.000000,0.000000,,,,,,,,,,,,
183903,,,,,,,,,,,0.000000,0.000000,0.000000,0.000000,0.000000,0.000000,,,,,,,,,,,,
183915,,,,,,,,,,,0.000000,0.000000,0.000000,0.000000,0.000000,0.000000,,,,,,,,,,,,
183918,,,,,,,,,,,0.000000,0.000000,0.000000,0.000000,0.000000,0.000000,,,,,,,,,,,,
183923,,,,,,,,,,,0.000000,0.000000,0.000000,0.000000,0.000000,0.000000,,,,,,,,,,,,
183928,,,,,,,,,,,0.000000,0.000000,0.000000,0.000000,0.000000,0.000000,,,,,,,,,,,,
183933,,,,,,,,,,,0.000000,0.000000,0.000000,0.000000,0.000000,0.000000,,,,,,,,,,,,
183938,,,,,,,,,,,0.000000,0.000000,0.000000,0.000000,0.000000,0.000000,,,,,,,,,,,,
183943,,,,,,,,,,,0.000000,0.000000,0.000000,0.000000,0.000000,0.000000,,,,,,,,,,,,
183948,,,,,,,,,,,0.000000,0.000000,0.000000,0.000000,0.000000,0.000000,,,,,,,,,,,,
183953,,,,,,,,,,,0.000000,0.000000,0.000000,0.000000,0.000000,0.000000,,,,,,,,,,,,
183958,,,,,,,,,,,0.000000,0.000000,0.000000,0.000000,0.000000,0.000000,,,,,,,,,,,,
183963,,,,,,,,,,,0.000000,0.000000,0.000000,0.000000,0.000000,0.000000,,,,,,,,,,,,
183968,,,,,,,,,,,0.000000,0.000000,0.000000,0.000000,0.000000,0.000000,,,,,,,,,,,,
183973,,,,,,,,,,,0.000000,0.000000,0.000000,0.000000,0.000000,0.000000,,,,,,,,,,,,
183978,,,,,,,,,,,0.000000,0.000000,0.000000,0.000000,0.000000,0.000000,,,,,,,,,,,,
183983,,,,,,,,,,,0.000000,0.000000,0.000000,0.000000,0.000000,0.000000,,,,,,,,,,,,
183995,,,,,,,,,,,0.000000,0.000000,0.000000,0.000000,0.000000,0.000000,,,,,,,,,,,,
183998,,,,,,,,,,,0.000000,0.000000,0.000000,0.000000,0.000000,0.000000,,,,,,,,,,,,
184003,,,,,,,,,,,0.000000,0.000000,0.000000,0.000000,0.000000,0.000000,,,,,,,,,,,,
184008,,,,,,,,,,,0.000000,0.000000,0.000000,0.000000,0.000000,0.000000,,,,,,,,,,,,
184013,,,,,,,,,,,0.000000,0.000000,0.000000,0.000000,0.000000,0.000000,,,,,,,,,,,,
184018,,,,,,,,,,,0.000000,0.000000,0.000000,0.000000,0.000000,0.000000,,,,,,,,,,,,
184023,,,,,,,,,,,0.000000,0.000000,0.000000,0.000000,0.000000,0.000000,,,,,,,,,,,,
184028,,,,,,,,,,,0.000000,0.000000,0.000000,0.000000,0.000000,0.000000,,,,,,,,,,,,
184033,,,,,,,,,,,0.000000,0.000000,0.000000,0.000000,0.000000,0.000000,,,,,,,,,,,,
184038,,,,,,,,,,,0.000000,0.000000,0.000000,0.000000,0.000000,0.000000,,,,,,,,,,,,
184043,,,,,,,,,,,0.000000,0.000000,0.000000,0.000000,0.000000,0.000000,,,,,,,,,,,,
184055,,,,,,,,,,,0.000000,0.000000,0.000000,0.000000,0.000000,0.000000,,,,,,,,,,,,
184058,,,,,,,,,,,0.000000,0.000000,0.000000,0.000000,0.000000,0.000000,,,,,,,,,,,,
184063,,,,,,,,,,,0.000000,0.000000,0.000000,0.000000,0.000000,0.000000,,,,,,,,,,,,
184068,,,,,,,,,,,0.000000,0.000000,0.000000,0.000000,0.000000,0.000000,,,,,,,,,,,,
184073,,,,,,,,,,,0.000000,0.000000,0.000000,0.000000,0.000000,0.000000,,,,,,,,,,,,
184078,,,,,,,,,,,0.000000,0.000000,0.000000,0.000000,0.000000,0.000000,,,,,,,,,,,,
184083,,,,,,,,,,,0.000000,0.000000,0.000000,0.000000,0.000000,0.000000,,,,,,,,,,,,
184088,,,,,,,,,,,0.000000,0.000000,0.000000,0.000000,0.000000,0.000000,,,,,,,,,,,,
184093,,,,,,,,,,,0.000000,0.000000,0.000000,0.000000,0.000000,0.000000,,,,,,,,,,,,
184098,,,,,,,,,,,0.000000,0.000000,0.000000,0.000000,0.000000,0.000000,,,,,,,,,,,,
184103,,,,,,,,,,,0.000000,0.000000,0.000000,0.000000,0.000000,0.000000,,,,,,,,,,,,
184115,,,,,,,,,,,0.000000,0.000000,0.000000,0.000000,0.000000,0.000000,,,,,,,,,,,,
184118,,,,,,,,,,,0.000000,0.000000,0.000000,0.000000,0.000000,0.000000,,,,,,,,,,,,
184123,,,,,,,,,,,0.000000,0.000000,0.000000,0.000000,0.000000,0.000000,,,,,,,,,,,,
184128,,,,,,,,,,,0.000000,0.000000,0.000000,0.000000,0.000000,0.000000,,,,,,,,,,,,
184133,,,,,,,,,,,0.000000,0.000000,0.000000,0.000000,0.000000,0.000000,,,,,,,,,,,,
184138,,,,,,,,,,,0.000000,0.000000,0.000000,0.000000,0.000000,0.000000,,,,,,,,,,,,
184143,,,,,,,,,,,0.000000,0.000000,0.000000,0.000000,0.000000,0.000000,,,,,,,,,,,,
184148,,,,,,,,,,,0.000000,0.000000,0.000000,0.000000,0.000000,0.000000,,,,,,,,,,,,
184153,,,,,,,,,,,0.000000,0.000000,0.000000,0.000000,0.000000,0.000000,,,,,,,,,,,,
184158,,,,,,,,,,,0.000000,0.000000,0.000000,0.000000,0.000000,0.000000,,,,,,,,,,,,
184163,,,,,,,,,,,0.000000,0.000000,0.000000,0.000000,0.000000,0.000000,,,,,,,,,,,,
184175,,,,,,,,,,,0.000000,0.000000,0.000000,0.000000,0.000000,0.000000,,,,,,,,,,,,
184178,,,,,,,,,,,0.000000,0.000000,0.000000,0.000000,0.000000,0.000000,,,,,,,,,,,,
184183,,,,,,,,,,,0.000000,0.000000,0.000000,0.000000,0.000000,0.000000,,,,,,,,,,,,
184188,,,,,,,,,,,0.000000,0.000000,0.000000,0.000000,0.000000,0.000000,,,,,,,,,,,,
184193,,,,,,,,,,,0.000000,0.000000,0.000000,0.000000,0.000000,0.000000,,,,,,,,,,,,
184198,,,,,,,,,,,0.000000,0.000000,0.000000,0.000000,0.000000,0.000000,,,,,,,,,,,,
184203,,,,,,,,,,,0.000000,0.000000,0.000000,0.000000,0.000000,0.000000,,,,,,,,,,,,
184208,,,,,,,,,,,0.000000,0.000000,0.000000,0.000000,0.000000,0.000000,,,,,,,,,,,,
184213,,,,,,,,,,,0.000000,0.000000,0.000000,0.000000,0.000000,0.000000,,,,,,,,,,,,
184218,,,,,,,,,,,0.000000,0.000000,0.000000,0.000000,0.000000,0.000000,,,,,,,,,,,,
184223,,,,,,,,,,,0.000000,0.000000,0.000000,0.000000,0.000000,0.000000,,,,,,,,,,,,
184228,,,,,,,,,,,0.000000,0.000000,0.000000,0.000000,0.000000,0.000000,,,,,,,,,,,,
184233,,,,,,,,,,,0.000000,0.000000,0.000000,0.000000,0.000000,0.000000,,,,,,,,,,,,
184238,,,,,,,,,,,0.000000,0.000000,0.000000,0.000000,0.000000,0.000000,,,,,,,,,,,,
184243,,,,,,,,,,,0.000000,0.000000,0.000000,0.000000,0.000000,0.000000,,,,,,,,,,,,
184255,,,,,,,,,,,0.000000,0.000000,0.000000,0.000000,0.000000,0.000000,,,,,,,,,,,,
184258,,,,,,,,,,,0.000000,0.000000,0.000000,0.000000,0.000000,0.000000,,,,,,,,,,,,
184263,,,,,,,,,,,0.000000,0.000000,0.000000,0.000000,0.000000,0.000000,,,,,,,,,,,,
184268,,,,,,,,,,,0.000000,0.000000,0.000000,0.000000,0.000000,0.000000,,,,,,,,,,,,
184273,,,,,,,,,,,0.000000,0.000000,0.000000,0.000000,0.000000,0.000000,,,,,,,,,,,,
184278,,,,,,,,,,,0.000000,0.000000,0.000000,0.000000,0.000000,0.000000,,,,,,,,,,,,
184283,,,,,,,,,,,0.000000,0.000000,0.000000,0.000000,0.000000,0.000000,,,,,,,,,,,,
184288,,,,,,,,,,,0.000000,0.000000,0.000000,0.000000,0.000000,0.000000,,,,,,,,,,,,
184293,,,,,,,,,,,0.000000,0.000000,0.000000,0.000000,0.000000,0.000000,,,,,,,,,,,,
184298,,,,,,,,,,,0.000000,0.000000,0.000000,0.000000,0.000000,0.000000,,,,,,,,,,,,
184303,,,,,,,,,,,0.000000,0.000000,0.000000,0.000000,0.000000,0.000000,,,,,,,,,,,,
184331,,,,,,,,,,,0.000000,0.000000,0.000000,0.000000,0.000000,0.000000,,,,,,,,,,,,
184333,,,,,,,,,,,0.000000,0.000000,0.000000,0.000000,0.000000,0.000000,,,,,,,,,,,,
184338,,,,,,,,,,,0.000000,0.000000,0.000000,0.000000,0.000000,0.000000,,,,,,,,,,,,
184343,,,,,,,,,,,0.000000,0.000000,0.000000,0.000000,0.000000,0.000000,,,,,,,,,,,,
184348,,,,,,,,,,,0.000000,0.000000,0.000000,0.000000,0.000000,0.000000,,,,,,,,,,,,
184353,,,,,,,,,,,0.000000,0.000000,0.000000,0.000000,0.000000,0.000000,,,,,,,,,,,,
184358,,,,,,,,,,,0.000000,0.000000,0.000000,0.000000,0.000000,0.000000,,,,,,,,,,,,
184363,,,,,,,,,,,0.000000,0.000000,0.000000,0.000000,0.000000,0.000000,,,,,,,,,,,,
184375,,,,,,,,,,,0.000000,0.000000,0.000000,0.000000,0.000000,0.000000,,,,,,,,,,,,
184378,,,,,,,,,,,0.000000,0.000000,0.000000,0.000000,0.000000,0.000000,,,,,,,,,,,,
184383,,,,,,,,,,,0.000000,0.000000,0.000000,0.000000,0.000000,0.000000,,,,,,,,,,,,
184388,,,,,,,,,,,0.000000,0.000000,0.000000,0.000000,0.000000,0.000000,,,,,,,,,,,,
184393,,,,,,,,,,,0.000000,0.000000,0.000000,0.000000,0.000000,0.000000,,,,,,,,,,,,
184398,,,,,,,,,,,0.000000,0.000000,0.000000,0.000000,0.000000,0.000000,,,,,,,,,,,,
184403,,,,,,,,,,,0.000000,0.000000,0.000000,0.000000,0.000000,0.000000,,,,,,,,,,,,
184408,,,,,,,,,,,0.000000,0.000000,0.000000,0.000000,0.000000,0.000000,,,,,,,,,,,,
184413,,,,,,,,,,,0.000000,0.000000,0.000000,0.000000,0.000000,0.000000,,,,,,,,,,,,
184418,,,,,,,,,,,0.000000,0.000000,0.000000,0.000000,0.000000,0.000000,,,,,,,,,,,,
184423,,,,,,,,,,,0.000000,0.000000,0.000000,0.000000,0.000000,0.000000,,,,,,,,,,,,
184435,,,,,,,,,,,0.000000,0.000000,0.000000,0.000000,0.000000,0.000000,,,,,,,,,,,,
184438,,,,,,,,,,,0.000000,0.000000,0.000000,0.000000,0.000000,0.000000,,,,,,,,,,,,
184443,,,,,,,,,,,0.000000,0.000000,0.000000,0.000000,0.000000,0.000000,,,,,,,,,,,,
184448,,,,,,,,,,,0.000000,0.000000,0.000000,0.000000,0.000000,0.000000,,,,,,,,,,,,
184453,,,,,,,,,,,0.000000,0.000000,0.000000,0.000000,0.000000,0.000000,,,,,,,,,,,,
184458,,,,,,,,,,,0.000000,0.000000,0.000000,0.000000,0.000000,0.000000,,,,,,,,,,,,
184463,,,,,,,,,,,0.000000,0.000000,0.000000,0.000000,0.000000,0.000000,,,,,,,,,,,,
184468,,,,,,,,,,,0.000000,0.000000,0.000000,0.000000,0.000000,0.000000,,,,,,,,,,,,
184473,,,,,,,,,,,0.000000,0.000000,0.000000,0.000000,0.000000,0.000000,,,,,,,,,,,,
184478,,,,,,,,,,,0.000000,0.000000,0.000000,0.000000,0.000000,0.000000,,,,,,,,,,,,
184483,,,,,,,,,,,0.000000,0.000000,0.000000,0.000000,0.000000,0.000000,,,,,,,,,,,,
184488,,,,,,,,,,,0.000000,0.000000,0.000000,0.000000,0.000000,0.000000,,,,,,,,,,,,
184493,,,,,,,,,,,0.000000,0.000000,0.000000,0.000000,0.000000,0.000000,,,,,,,,,,,,
184498,,,,,,,,,,,0.000000,0.000000,0.000000,0.000000,0.000000,0.000000,,,,,,,,,,,,
184503,,,,,,,,,,,0.000000,0.000000,0.000000,0.000000,0.000000,0.000000,,,,,,,,,,,,
184515,,,,,,,,,,,0.000000,0.000000,0.000000,0.000000,0.000000,0.000000,,,,,,,,,,,,
184518,,,,,,,,,,,0.000000,0.000000,0.000000,0.000000,0.000000,0.000000,,,,,,,,,,,,
184523,,,,,,,,,,,0.000000,0.000000,0.000000,0.000000,0.000000,0.000000,,,,,,,,,,,,
184528,,,,,,,,,,,0.000000,0.000000,0.000000,0.000000,0.000000,0.000000,,,,,,,,,,,,
184533,,,,,,,,,,,0.000000,0.000000,0.000000,0.000000,0.000000,0.000000,,,,,,,,,,,,
184538,,,,,,,,,,,0.000000,0.000000,0.000000,0.000000,0.000000,0.000000,,,,,,,,,,,,
184543,,,,,,,,,,,0.000000,0.000000,0.000000,0.000000,0.000000,0.000000,,,,,,,,,,,,
184548,,,,,,,,,,,0.000000,0.000000,0.000000,0.000000,0.000000,0.000000,,,,,,,,,,,,
184553,,,,,,,,,,,0.000000,0.000000,0.000000,0.000000,0.000000,0.000000,,,,,,,,,,,,
184558,,,,,,,,,,,0.000000,0.000000,0.000000,0.000000,0.000000,0.000000,,,,,,,,,,,,
184563,,,,,,,,,,,0.000000,0.000000,0.000000,0.000000,0.000000,0.000000,,,,,,,,,,,,
184575,,,,,,,,,,,0.000000,0.000000,0.000000,0.000000,0.000000,0.000000,,,,,,,,,,,,
184578,,,,,,,,,,,0.000000,0.000000,0.000000,0.000000,0.000000,0.000000,,,,,,,,,,,,
184583,,,,,,,,,,,0.000000,0.000000,0.000000,0.000000,0.000000,0.000000,,,,,,,,,,,,
184588,,,,,,,,,,,0.000000,0.000000,0.000000,0.000000,0.000000,0.000000,,,,,,,,,,,,
184593,,,,,,,,,,,0.000000,0.000000,0.000000,0.000000,0.000000,0.000000,,,,,,,,,,,,
184598,,,,,,,,,,,0.000000,0.000000,0.000000,0.000000,0.000000,0.000000,,,,,,,,,,,,
184603,,,,,,,,,,,0.000000,0.000000,0.000000,0.000000,0.000000,0.000000,,,,,,,,,,,,
184608,,,,,,,,,,,0.000000,0.000000,0.000000,0.000000,0.000000,0.000000,,,,,,,,,,,,
184613,,,,,,,,,,,0.000000,0.000000,0.000000,0.000000,0.000000,0.000000,,,,,,,,,,,,
184618,,,,,,,,,,,0.000000,0.000000,0.000000,0.000000,0.000000,0.000000,,,,,,,,,,,,
184623,,,,,,,,,,,0.000000,0.000000,0.000000,0.000000,0.000000,0.000000,,,,,,,,,,,,
184635,,,,,,,,,,,0.000000,0.000000,0.000000,0.000000,0.000000,0.000000,,,,,,,,,,,,
184638,,,,,,,,,,,0.000000,0.000000,0.000000,0.000000,0.000000,0.000000,,,,,,,,,,,,
184643,,,,,,,,,,,0.000000,0.000000,0.000000,0.000000,0.000000,0.000000,,,,,,,,,,,,
184648,,,,,,,,,,,0.000000,0.000000,0.000000,0.000000,0.000000,0.000000,,,,,,,,,,,,
184653,,,,,,,,,,,0.000000,0.000000,0.000000,0.000000,0.000000,0.000000,,,,,,,,,,,,
184658,,,,,,,,,,,0.000000,0.000000,0.000000,0.000000,0.000000,0.000000,,,,,,,,,,,,
184663,,,,,,,,,,,0.000000,0.000000,0.000000,0.000000,0.000000,0.000000,,,,,,,,,,,,
184668,,,,,,,,,,,0.000000,0.000000,0.000000,0.000000,0.000000,0.000000,,,,,,,,,,,,
184673,,,,,,,,,,,0.000000,0.000000,0.000000,0.000000,0.000000,0.000000,,,,,,,,,,,,
184678,,,,,,,,,,,0.000000,0.000000,0.000000,0.000000,0.000000,0.000000,,,,,,,,,,,,
184683,,,,,,,,,,,0.000000,0.000000,0.000000,0.000000,0.000000,0.000000,,,,,,,,,,,,
184688,,,,,,,,,,,0.000000,0.000000,0.000000,0.000000,0.000000,0.000000,,,,,,,,,,,,
184693,,,,,,,,,,,0.000000,0.000000,0.000000,0.000000,0.000000,0.000000,,,,,,,,,,,,
184698,,,,,,,,,,,0.000000,0.000000,0.000000,0.000000,0.000000,0.000000,,,,,,,,,,,,
184703,,,,,,,,,,,0.000000,0.000000,0.000000,0.000000,0.000000,0.000000,,,,,,,,,,,,
184715,,,,,,,,,,,0.000000,0.000000,0.000000,0.000000,0.000000,0.000000,,,,,,,,,,,,
184718,,,,,,,,,,,0.000000,0.000000,0.000000,0.000000,0.000000,0.000000,,,,,,,,,,,,
184723,,,,,,,,,,,0.000000,0.000000,0.000000,0.000000,0.000000,0.000000,,,,,,,,,,,,
184728,,,,,,,,,,,0.000000,0.000000,0.000000,0.000000,0.000000,0.000000,,,,,,,,,,,,
184733,,,,,,,,,,,0.000000,0.000000,0.000000,0.000000,0.000000,0.000000,,,,,,,,,,,,
184738,,,,,,,,,,,0.000000,0.000000,0.000000,0.000000,0.000000,0.000000,,,,,,,,,,,,
184743,,,,,,,,,,,0.000000,0.000000,0.000000,0.000000,0.000000,0.000000,,,,,,,,,,,,
184748,,,,,,,,,,,0.000000,0.000000,0.000000,0.000000,0.000000,0.000000,,,,,,,,,,,,
184753,,,,,,,,,,,0.000000,0.000000,0.000000,0.000000,0.000000,0.000000,,,,,,,,,,,,
184758,,,,,,,,,,,0.000000,0.000000,0.000000,0.000000,0.000000,0.000000,,,,,,,,,,,,
184763,,,,,,,,,,,0.000000,0.000000,0.000000,0.000000,0.000000,0.000000,,,,,,,,,,,,
184775,,,,,,,,,,,0.000000,0.000000,0.000000,0.000000,0.000000,0.000000,,,,,,,,,,,,
184778,,,,,,,,,,,0.000000,0.000000,0.000000,0.000000,0.000000,0.000000,,,,,,,,,,,,
184783,,,,,,,,,,,0.000000,0.000000,0.000000,0.000000,0.000000,0.000000,,,,,,,,,,,,
184788,,,,,,,,,,,0.000000,0.000000,0.000000,0.000000,0.000000,0.000000,,,,,,,,,,,,
184793,,,,,,,,,,,0.000000,0.000000,0.000000,0.000000,0.000000,0.000000,,,,,,,,,,,,
184798,,,,,,,,,,,0.000000,0.000000,0.000000,0.000000,0.000000,0.000000,,,,,,,,,,,,
184803,,,,,,,,,,,0.000000,0.000000,0.000000,0.000000,0.000000,0.000000,,,,,,,,,,,,
184808,,,,,,,,,,,0.000000,0.000000,0.000000,0.000000,0.000000,0.000000,,,,,,,,,,,,
184813,,,,,,,,,,,0.000000,0.000000,0.000000,0.000000,0.000000,0.000000,,,,,,,,,,,,
184818,,,,,,,,,,,0.000000,0.000000,0.000000,0.000000,0.000000,0.000000,,,,,,,,,,,,
184823,,,,,,,,,,,0.000000,0.000000,0.000000,0.000000,0.000000,0.000000,,,,,,,,,,,,
184835,,,,,,,,,,,0.000000,0.000000,0.000000,0.000000,0.000000,0.000000,,,,,,,,,,,,
184838,,,,,,,,,,,0.000000,0.000000,0.000000,0.000000,0.000000,0.000000,,,,,,,,,,,,
184843,,,,,,,,,,,0.000000,0.000000,0.000000,0.000000,0.000000,0.000000,,,,,,,,,,,,
184848,,,,,,,,,,,0.000000,0.000000,0.000000,0.000000,0.000000,0.000000,,,,,,,,,,,,
184853,,,,,,,,,,,0.000000,0.000000,0.000000,0.000000,0.000000,0.000000,,,,,,,,,,,,
184858,,,,,,,,,,,0.000000,0.000000,0.000000,0.000000,0.000000,0.000000,,,,,,,,,,,,
184863,,,,,,,,,,,0.000000,0.000000,0.000000,0.000000,0.000000,0.000000,,,,,,,,,,,,
184868,,,,,,,,,,,0.000000,0.000000,0.000000,0.000000,0.000000,0.000000,,,,,,,,,,,,
184873,,,,,,,,,,,0.000000,0.000000,0.000000,0.000000,0.000000,0.000000,,,,,,,,,,,,
184878,,,,,,,,,,,0.000000,0.000000,0.000000,0.000000,0.000000,0.000000,,,,,,,,,,,,
184883,,,,,,,,,,,0.000000,0.000000,0.000000,0.000000,0.000000,0.000000,,,,,,,,,,,,
184896,,,,,,,,,,,0.000000,0.000000,0.000000,0.000000,0.000000,0.000000,,,,,,,,,,,,
184898,,,,,,,,,,,0.000000,0.000000,0.000000,0.000000,0.000000,0.000000,,,,,,,,,,,,
184903,,,,,,,,,,,0.000000,0.000000,0.000000,0.000000,0.000000,0.000000,,,,,,,,,,,,
184908,,,,,,,,,,,0.000000,0.000000,0.000000,0.000000,0.000000,0.000000,,,,,,,,,,,,
184913,,,,,,,,,,,0.000000,0.000000,0.000000,0.000000,0.000000,0.000000,,,,,,,,,,,,
184918,,,,,,,,,,,0.000000,0.000000,0.000000,0.000000,0.000000,0.000000,,,,,,,,,,,,
184923,,,,,,,,,,,0.000000,0.000000,0.000000,0.000000,0.000000,0.000000,,,,,,,,,,,,
184928,,,,,,,,,,,0.000000,0.000000,0.000000,0.000000,0.000000,0.000000,,,,,,,,,,,,
184933,,,,,,,,,,,0.000000,0.000000,0.000000,0.000000,0.000000,0.000000,,,,,,,,,,,,
184938,,,,,,,,,,,0.000000,0.000000,0.000000,0.000000,0.000000,0.000000,,,,,,,,,,,,
184943,,,,,,,,,,,0.000000,0.000000,0.000000,0.000000,0.000000,0.000000,,,,,,,,,,,,
184948,,,,,,,,,,,0.000000,0.000000,0.000000,0.000000,0.000000,0.000000,,,,,,,,,,,,
184953,,,,,,,,,,,0.000000,0.000000,0.000000,0.000000,0.000000,0.000000,,,,,,,,,,,,
184958,,,,,,,,,,,0.000000,0.000000,0.000000,0.000000,0.000000,0.000000,,,,,,,,,,,,
184963,,,,,,,,,,,0.000000,0.000000,0.000000,0.000000,0.000000,0.000000,,,,,,,,,,,,
184975,,,,,,,,,,,0.000000,0.000000,0.000000,0.000000,0.000000,0.000000,,,,,,,,,,,,
184978,,,,,,,,,,,0.000000,0.000000,0.000000,0.000000,0.000000,0.000000,,,,,,,,,,,,
184983,,,,,,,,,,,0.000000,0.000000,0.000000,0.000000,0.000000,0.000000,,,,,,,,,,,,
184988,,,,,,,,,,,0.000000,0.000000,0.000000,0.000000,0.000000,0.000000,,,,,,,,,,,,
184993,,,,,,,,,,,0.000000,0.000000,0.000000,0.000000,0.000000,0.000000,,,,,,,,,,,,
184998,,,,,,,,,,,0.000000,0.000000,0.000000,0.000000,0.000000,0.000000,,,,,,,,,,,,
185003,,,,,,,,,,,0.000000,0.000000,0.000000,0.000000,0.000000,0.000000,,,,,,,,,,,,
185008,,,,,,,,,,,0.000000,0.000000,0.000000,0.000000,0.000000,0.000000,,,,,,,,,,,,
185013,,,,,,,,,,,0.000000,0.000000,0.000000,0.000000,0.000000,0.000000,,,,,,,,,,,,
185018,,,,,,,,,,,0.000000,0.000000,0.000000,0.000000,0.000000,0.000000,,,,,,,,,,,,
185023,,,,,,,,,,,0.000000,0.000000,0.000000,0.000000,0.000000,0.000000,,,,,,,,,,,,
185035,,,,,,,,,,,0.000000,0.000000,0.000000,0.000000,0.000000,0.000000,,,,,,,,,,,,
185038,,,,,,,,,,,0.000000,0.000000,0.000000,0.000000,0.000000,0.000000,,,,,,,,,,,,
185043,,,,,,,,,,,0.000000,0.000000,0.000000,0.000000,0.000000,0.000000,,,,,,,,,,,,
185048,,,,,,,,,,,0.000000,0.000000,0.000000,0.000000,0.000000,0.000000,,,,,,,,,,,,
185053,,,,,,,,,,,0.000000,0.000000,0.000000,0.000000,0.000000,0.000000,,,,,,,,,,,,
185058,,,,,,,,,,,0.000000,0.000000,0.000000,0.000000,0.000000,0.000000,,,,,,,,,,,,
185063,,,,,,,,,,,0.000000,0.000000,0.000000,0.000000,0.000000,0.000000,,,,,,,,,,,,
185068,,,,,,,,,,,0.000000,0.000000,0.000000,0.000000,0.000000,0.000000,,,,,,,,,,,,
185073,,,,,,,,,,,0.000000,0.000000,0.000000,0.000000,0.000000,0.000000,,,,,,,,,,,,
185078,,,,,,,,,,,0.000000,0.000000,0.000000,0.000000,0.000000,0.000000,,,,,,,,,,,,
185083,,,,,,,,,,,0.000000,0.000000,0.000000,0.000000,0.000000,0.000000,,,,,,,,,,,,
185095,,,,,,,,,,,0.000000,0.000000,0.000000,0.000000,0.000000,0.000000,,,,,,,,,,,,
185098,,,,,,,,,,,0.000000,0.000000,0.000000,0.000000,0.000000,0.000000,,,,,,,,,,,,
185103,,,,,,,,,,,0.000000,0.000000,0.000000,0.000000,0.000000,0.000000,,,,,,,,,,,,
185108,,,,,,,,,,,0.000000,0.000000,0.000000,0.000000,0.000000,0.000000,,,,,,,,,,,,
185113,,,,,,,,,,,0.000000,0.000000,0.000000,0.000000,0.000000,0.000000,,,,,,,,,,,,
185118,,,,,,,,,,,0.000000,0.000000,0.000000,0.000000,0.000000,0.000000,,,,,,,,,,,,
185123,,,,,,,,,,,0.000000,0.000000,0.000000,0.000000,0.000000,0.000000,,,,,,,,,,,,
185128,,,,,,,,,,,0.000000,0.000000,0.000000,0.000000,0.000000,0.000000,,,,,,,,,,,,
185133,,,,,,,,,,,0.000000,0.000000,0.000000,0.000000,0.000000,0.000000,,,,,,,,,,,,
185138,,,,,,,,,,,0.000000,0.000000,0.000000,0.000000,0.000000,0.000000,,,,,,,,,,,,
185143,,,,,,,,,,,0.000000,0.000000,0.000000,0.000000,0.000000,0.000000,,,,,,,,,,,,
185148,,,,,,,,,,,0.000000,0.000000,0.000000,0.000000,0.000000,0.000000,,,,,,,,,,,,
185153,,,,,,,,,,,0.000000,0.000000,0.000000,0.000000,0.000000,0.000000,,,,,,,,,,,,
185158,,,,,,,,,,,0.000000,0.000000,0.000000,0.000000,0.000000,0.000000,,,,,,,,,,,,
185163,,,,,,,,,,,0.000000,0.000000,0.000000,0.000000,0.000000,0.000000,,,,,,,,,,,,
185175,,,,,,,,,,,0.000000,0.000000,0.000000,0.000000,0.000000,0.000000,,,,,,,,,,,,
185178,,,,,,,,,,,0.000000,0.000000,0.000000,0.000000,0.000000,0.000000,,,,,,,,,,,,
185183,,,,,,,,,,,0.000000,0.000000,0.000000,0.000000,0.000000,0.000000,,,,,,,,,,,,
185188,,,,,,,,,,,0.000000,0.000000,0.000000,0.000000,0.000000,0.000000,,,,,,,,,,,,
185193,,,,,,,,,,,0.000000,0.000000,0.000000,0.000000,0.000000,0.000000,,,,,,,,,,,,
185198,,,,,,,,,,,0.000000,0.000000,0.000000,0.000000,0.000000,0.000000,,,,,,,,,,,,
185203,,,,,,,,,,,0.000000,0.000000,0.000000,0.000000,0.000000,0.000000,,,,,,,,,,,,
185208,,,,,,,,,,,0.000000,0.000000,0.000000,0.000000,0.000000,0.000000,,,,,,,,,,,,
185213,,,,,,,,,,,0.000000,0.000000,0.000000,0.000000,0.000000,0.000000,,,,,,,,,,,,
185218,,,,,,,,,,,0.000000,0.000000,0.000000,0.000000,0.000000,0.000000,,,,,,,,,,,,
185223,,,,,,,,,,,0.000000,0.000000,0.000000,0.000000,0.000000,0.000000,,,,,,,,,,,,
185235,,,,,,,,,,,0.000000,0.000000,0.000000,0.000000,0.000000,0.000000,,,,,,,,,,,,
185238,,,,,,,,,,,0.000000,0.000000,0.000000,0.000000,0.000000,0.000000,,,,,,,,,,,,
185243,,,,,,,,,,,0.000000,0.000000,0.000000,0.000000,0.000000,0.000000,,,,,,,,,,,,
185248,,,,,,,,,,,0.000000,0.000000,0.000000,0.000000,0.000000,0.000000,,,,,,,,,,,,
185253,,,,,,,,,,,0.000000,0.000000,0.000000,0.000000,0.000000,0.000000,,,,,,,,,,,,
185258,,,,,,,,,,,0.000000,0.000000,0.000000,0.000000,0.000000,0.000000,,,,,,,,,,,,
185263,,,,,,,,,,,0.000000,0.000000,0.000000,0.000000,0.000000,0.000000,,,,,,,,,,,,
185268,,,,,,,,,,,0.000000,0.000000,0.000000,0.000000,0.000000,0.000000,,,,,,,,,,,,
185273,,,,,,,,,,,0.000000,0.000000,0.000000,0.000000,0.000000,0.000000,,,,,,,,,,,,
185278,,,,,,,,,,,0.000000,0.000000,0.000000,0.000000,0.000000,0.000000,,,,,,,,,,,,
185283,,,,,,,,,,,0.000000,0.000000,0.000000,0.000000,0.000000,0.000000,,,,,,,,,,,,
185294,,,,,,,,,,,0.000000,0.000000,0.000000,0.000000,0.000000,0.000000,,,,,,,,,,,,
185295,,,,,,,,,,,0.000000,0.000000,0.000000,0.000000,0.000000,0.000000,,,,,,,,,,,,
185298,,,,,,,,,,,0.000000,0.000000,0.000000,0.000000,0.000000,0.000000,,,,,,,,,,,,
185303,,,,,,,,,,,0.000000,0.000000,0.000000,0.000000,0.000000,0.000000,,,,,,,,,,,,
185308,,,,,,,,,,,0.000000,0.000000,0.000000,0.000000,0.000000,0.000000,,,,,,,,,,,,
185313,,,,,,,,,,,0.000000,0.000000,0.000000,0.000000,0.000000,0.000000,,,,,,,,,,,,
185318,,,,,,,,,,,0.000000,0.000000,0.000000,0.000000,0.000000,0.000000,,,,,,,,,,,,
185323,,,,,,,,,,,0.000000,0.000000,0.000000,0.000000,0.000000,0.000000,,,,,,,,,,,,
185328,,,,,,,,,,,0.000000,0.000000,0.000000,0.000000,0.000000,0.000000,,,,,,,,,,,,
185333,,,,,,,,,,,0.000000,0.000000,0.000000,0.000000,0.000000,0.000000,,,,,,,,,,,,
185338,,,,,,,,,,,0.000000,0.000000,0.000000,0.000000,0.000000,0.000000,,,,,,,,,,,,
185343,,,,,,,,,,,0.000000,0.000000,0.000000,0.000000,0.000000,0.000000,,,,,,,,,,,,
185353,,,,,,,,,,,0.000000,0.000000,0.000000,0.000000,0.000000,0.000000,,,,,,,,,,,,
185354,,,,,,,,,,,0.000000,0.000000,0.000000,0.000000,0.000000,0.000000,,,,,,,,,,,,
185358,,,,,,,,,,,0.000000,0.000000,0.000000,0.000000,0.000000,0.000000,,,,,,,,,,,,
185363,,,,,,,,,,,0.000000,0.000000,0.000000,0.000000,0.000000,0.000000,,,,,,,,,,,,
185368,,,,,,,,,,,0.000000,0.000000,0.000000,0.000000,0.000000,0.000000,,,,,,,,,,,,
185373,,,,,,,,,,,0.000000,0.000000,0.000000,0.000000,0.000000,0.000000,,,,,,,,,,,,
185378,,,,,,,,,,,0.000000,0.000000,0.000000,0.000000,0.000000,0.000000,,,,,,,,,,,,
185383,,,,,,,,,,,0.000000,0.000000,0.000000,0.000000,0.000000,0.000000,,,,,,,,,,,,
185388,,,,,,,,,,,0.000000,0.000000,0.000000,0.000000,0.000000,0.000000,,,,,,,,,,,,
185393,,,,,,,,,,,0.000000,0.000000,0.000000,0.000000,0.000000,0.000000,,,,,,,,,,,,
185398,,,,,,,,,,,0.000000,0.000000,0.000000,0.000000,0.000000,0.000000,,,,,,,,,,,,
185403,,,,,,,,,,,0.000000,0.000000,0.000000,0.000000,0.000000,0.000000,,,,,,,,,,,,
185408,,,,,,,,,,,0.000000,0.000000,0.000000,0.000000,0.000000,0.000000,,,,,,,,,,,,
185413,,,,,,,,,,,0.000000,0.000000,0.000000,0.000000,0.000000,0.000000,,,,,,,,,,,,
185418,,,,,,,,,,,0.000000,0.000000,0.000000,0.000000,0.000000,0.000000,,,,,,,,,,,,
185423,,,,,,,,,,,0.000000,0.000000,0.000000,0.000000,0.000000,0.000000,,,,,,,,,,,,
185434,,,,,,,,,,,0.000000,0.000000,0.000000,0.000000,0.000000,0.000000,,,,,,,,,,,,
185438,,,,,,,,,,,0.000000,0.000000,0.000000,0.000000,0.000000,0.000000,,,,,,,,,,,,
185443,,,,,,,,,,,0.000000,0.000000,0.000000,0.000000,0.000000,0.000000,,,,,,,,,,,,
185448,,,,,,,,,,,0.000000,0.000000,0.000000,0.000000,0.000000,0.000000,,,,,,,,,,,,
185453,,,,,,,,,,,0.000000,0.000000,0.000000,0.000000,0.000000,0.000000,,,,,,,,,,,,
185458,,,,,,,,,,,0.000000,0.000000,0.000000,0.000000,0.000000,0.000000,,,,,,,,,,,,
185463,,,,,,,,,,,0.000000,0.000000,0.000000,0.000000,0.000000,0.000000,,,,,,,,,,,,
185468,,,,,,,,,,,0.000000,0.000000,0.000000,0.000000,0.000000,0.000000,,,,,,,,,,,,
185473,,,,,,,,,,,0.000000,0.000000,0.000000,0.000000,0.000000,0.000000,,,,,,,,,,,,
185478,,,,,,,,,,,0.000000,0.000000,0.000000,0.000000,0.000000,0.000000,,,,,,,,,,,,
185483,,,,,,,,,,,0.000000,0.000000,0.000000,0.000000,0.000000,0.000000,,,,,,,,,,,,
185500,,,,,,,,,,,0.000000,0.000000,0.000000,0.000000,0.000000,0.000000,,,,,,,,,,,,
185503,,,,,,,,,,,0.000000,0.000000,0.000000,0.000000,0.000000,0.000000,,,,,,,,,,,,
185508,,,,,,,,,,,0.000000,0.000000,0.000000,0.000000,0.000000,0.000000,,,,,,,,,,,,
185513,,,,,,,,,,,0.000000,0.000000,0.000000,0.000000,0.000000,0.000000,,,,,,,,,,,,
185518,,,,,,,,,,,0.000000,0.000000,0.000000,0.000000,0.000000,0.000000,,,,,,,,,,,,
185523,,,,,,,,,,,0.000000,0.000000,0.000000,0.000000,0.000000,0.000000,,,,,,,,,,,,
185528,,,,,,,,,,,0.000000,0.000000,0.000000,0.000000,0.000000,0.000000,,,,,,,,,,,,
185533,,,,,,,,,,,0.000000,0.000000,0.000000,0.000000,0.000000,0.000000,,,,,,,,,,,,
185538,,,,,,,,,,,0.000000,0.000000,0.000000,0.000000,0.000000,0.000000,,,,,,,,,,,,
185543,,,,,,,,,,,0.000000,0.000000,0.000000,0.000000,0.000000,0.000000,,,,,,,,,,,,
185555,,,,,,,,,,,0.000000,0.000000,0.000000,0.000000,0.000000,0.000000,,,,,,,,,,,,
185558,,,,,,,,,,,0.000000,0.000000,0.000000,0.000000,0.000000,0.000000,,,,,,,,,,,,
185563,,,,,,,,,,,0.000000,0.000000,0.000000,0.000000,0.000000,0.000000,,,,,,,,,,,,
185568,,,,,,,,,,,0.000000,0.000000,0.000000,0.000000,0.000000,0.000000,,,,,,,,,,,,
185573,,,,,,,,,,,0.000000,0.000000,0.000000,0.000000,0.000000,0.000000,,,,,,,,,,,,
185578,,,,,,,,,,,0.000000,0.000000,0.000000,0.000000,0.000000,0.000000,,,,,,,,,,,,
185583,,,,,,,,,,,0.000000,0.000000,0.000000,0.000000,0.000000,0.000000,,,,,,,,,,,,
185588,,,,,,,,,,,0.000000,0.000000,0.000000,0.000000,0.000000,0.000000,,,,,,,,,,,,
185593,,,,,,,,,,,0.000000,0.000000,0.000000,0.000000,0.000000,0.000000,,,,,,,,,,,,
185598,,,,,,,,,,,0.000000,0.000000,0.000000,0.000000,0.000000,0.000000,,,,,,,,,,,,
185603,,,,,,,,,,,0.000000,0.000000,0.000000,0.000000,0.000000,0.000000,,,,,,,,,,,,
185608,,,,,,,,,,,0.000000,0.000000,0.000000,0.000000,0.000000,0.000000,,,,,,,,,,,,
185613,,,,,,,,,,,0.000000,0.000000,0.000000,0.000000,0.000000,0.000000,,,,,,,,,,,,
185618,,,,,,,,,,,0.000000,0.000000,0.000000,0.000000,0.000000,0.000000,,,,,,,,,,,,
185623,,,,,,,,,,,0.000000,0.000000,0.000000,0.000000,0.000000,0.000000,,,,,,,,,,,,
185635,,,,,,,,,,,0.000000,0.000000,0.000000,0.000000,0.000000,0.000000,,,,,,,,,,,,
185638,,,,,,,,,,,0.000000,0.000000,0.000000,0.000000,0.000000,0.000000,,,,,,,,,,,,
185643,,,,,,,,,,,0.000000,0.000000,0.000000,0.000000,0.000000,0.000000,,,,,,,,,,,,
185648,,,,,,,,,,,0.000000,0.000000,0.000000,0.000000,0.000000,0.000000,,,,,,,,,,,,
185653,,,,,,,,,,,0.000000,0.000000,0.000000,0.000000,0.000000,0.000000,,,,,,,,,,,,
185658,,,,,,,,,,,0.000000,0.000000,0.000000,0.000000,0.000000,0.000000,,,,,,,,,,,,
185663,,,,,,,,,,,0.000000,0.000000,0.000000,0.000000,0.000000,0.000000,,,,,,,,,,,,
185668,,,,,,,,,,,0.000000,0.000000,0.000000,0.000000,0.000000,0.000000,,,,,,,,,,,,
185673,,,,,,,,,,,0.000000,0.000000,0.000000,0.000000,0.000000,0.000000,,,,,,,,,,,,
185678,,,,,,,,,,,0.000000,0.000000,0.000000,0.000000,0.000000,0.000000,,,,,,,,,,,,
185683,,,,,,,,,,,0.000000,0.000000,0.000000,0.000000,0.000000,0.000000,,,,,,,,,,,,
185695,,,,,,,,,,,0.000000,0.000000,0.000000,0.000000,0.000000,0.000000,,,,,,,,,,,,
185698,,,,,,,,,,,0.000000,0.000000,0.000000,0.000000,0.000000,0.000000,,,,,,,,,,,,
185703,,,,,,,,,,,0.000000,0.000000,0.000000,0.000000,0.000000,0.000000,,,,,,,,,,,,
185708,,,,,,,,,,,0.000000,0.000000,0.000000,0.000000,0.000000,0.000000,,,,,,,,,,,,
185713,,,,,,,,,,,0.000000,0.000000,0.000000,0.000000,0.000000,0.000000,,,,,,,,,,,,
185718,,,,,,,,,,,0.000000,0.000000,0.000000,0.000000,0.000000,0.000000,,,,,,,,,,,,
185723,,,,,,,,,,,0.000000,0.000000,0.000000,0.000000,0.000000,0.000000,,,,,,,,,,,,
185728,,,,,,,,,,,0.000000,0.000000,0.000000,0.000000,0.000000,0.000000,,,,,,,,,,,,
185733,,,,,,,,,,,0.000000,0.000000,0.000000,0.000000,0.000000,0.000000,,,,,,,,,,,,
185738,,,,,,,,,,,0.000000,0.000000,0.000000,0.000000,0.000000,0.000000,,,,,,,,,,,,
185743,,,,,,,,,,,0.000000,0.000000,0.000000,0.000000,0.000000,0.000000,,,,,,,,,,,,
185755,,,,,,,,,,,0.000000,0.000000,0.000000,0.000000,0.000000,0.000000,,,,,,,,,,,,
185758,,,,,,,,,,,0.000000,0.000000,0.000000,0.000000,0.000000,0.000000,,,,,,,,,,,,
185763,,,,,,,,,,,0.000000,0.000000,0.000000,0.000000,0.000000,0.000000,,,,,,,,,,,,
185768,,,,,,,,,,,0.000000,0.000000,0.000000,0.000000,0.000000,0.000000,,,,,,,,,,,,
185773,,,,,,,,,,,0.000000,0.000000,0.000000,0.000000,0.000000,0.000000,,,,,,,,,,,,
185778,,,,,,,,,,,0.000000,0.000000,0.000000,0.000000,0.000000,0.000000,,,,,,,,,,,,
185783,,,,,,,,,,,0.000000,0.000000,0.000000,0.000000,0.000000,0.000000,,,,,,,,,,,,
185788,,,,,,,,,,,0.000000,0.000000,0.000000,0.000000,0.000000,0.000000,,,,,,,,,,,,
185793,,,,,,,,,,,0.000000,0.000000,0.000000,0.000000,0.000000,0.000000,,,,,,,,,,,,
185798,,,,,,,,,,,0.000000,0.000000,0.000000,0.000000,0.000000,0.000000,,,,,,,,,,,,
185803,,,,,,,,,,,0.000000,0.000000,0.000000,0.000000,0.000000,0.000000,,,,,,,,,,,,
185816,,,,,,,,,,,0.000000,0.000000,0.000000,0.000000,0.000000,0.000000,,,,,,,,,,,,
185818,,,,,,,,,,,0.000000,0.000000,0.000000,0.000000,0.000000,0.000000,,,,,,,,,,,,
185823,,,,,,,,,,,0.000000,0.000000,0.000000,0.000000,0.000000,0.000000,,,,,,,,,,,,
185828,,,,,,,,,,,0.000000,0.000000,0.000000,0.000000,0.000000,0.000000,,,,,,,,,,,,
185833,,,,,,,,,,,0.000000,0.000000,0.000000,0.000000,0.000000,0.000000,,,,,,,,,,,,
185838,,,,,,,,,,,0.000000,0.000000,0.000000,0.000000,0.000000,0.000000,,,,,,,,,,,,
185843,,,,,,,,,,,0.000000,0.000000,0.000000,0.000000,0.000000,0.000000,,,,,,,,,,,,
185848,,,,,,,,,,,0.000000,0.000000,0.000000,0.000000,0.000000,0.000000,,,,,,,,,,,,
185853,,,,,,,,,,,0.000000,0.000000,0.000000,0.000000,0.000000,0.000000,,,,,,,,,,,,
185858,,,,,,,,,,,0.000000,0.000000,0.000000,0.000000,0.000000,0.000000,,,,,,,,,,,,
185863,,,,,,,,,,,0.000000,0.000000,0.000000,0.000000,0.000000,0.000000,,,,,,,,,,,,
185868,,,,,,,,,,,0.000000,0.000000,0.000000,0.000000,0.000000,0.000000,,,,,,,,,,,,
185873,,,,,,,,,,,0.000000,0.000000,0.000000,0.000000,0.000000,0.000000,,,,,,,,,,,,
185878,,,,,,,,,,,0.000000,0.000000,0.000000,0.000000,0.000000,0.000000,,,,,,,,,,,,
185883,,,,,,,,,,,0.000000,0.000000,0.000000,0.000000,0.000000,0.000000,,,,,,,,,,,,
185895,,,,,,,,,,,0.000000,0.000000,0.000000,0.000000,0.000000,0.000000,,,,,,,,,,,,
185898,,,,,,,,,,,0.000000,0.000000,0.000000,0.000000,0.000000,0.000000,,,,,,,,,,,,
185903,,,,,,,,,,,0.000000,0.000000,0.000000,0.000000,0.000000,0.000000,,,,,,,,,,,,
185908,,,,,,,,,,,0.000000,0.000000,0.000000,0.000000,0.000000,0.000000,,,,,,,,,,,,
185913,,,,,,,,,,,0.000000,0.000000,0.000000,0.000000,0.000000,0.000000,,,,,,,,,,,,
185918,,,,,,,,,,,0.000000,0.000000,0.000000,0.000000,0.000000,0.000000,,,,,,,,,,,,
185923,,,,,,,,,,,0.000000,0.000000,0.000000,0.000000,0.000000,0.000000,,,,,,,,,,,,
185928,,,,,,,,,,,0.000000,0.000000,0.000000,0.000000,0.000000,0.000000,,,,,,,,,,,,
185933,,,,,,,,,,,0.000000,0.000000,0.000000,0.000000,0.000000,0.000000,,,,,,,,,,,,
185938,,,,,,,,,,,0.000000,0.000000,0.000000,0.000000,0.000000,0.000000,,,,,,,,,,,,
185943,,,,,,,,,,,0.000000,0.000000,0.000000,0.000000,0.000000,0.000000,,,,,,,,,,,,
185955,,,,,,,,,,,0.000000,0.000000,0.000000,0.000000,0.000000,0.000000,,,,,,,,,,,,
185958,,,,,,,,,,,0.000000,0.000000,0.000000,0.000000,0.000000,0.000000,,,,,,,,,,,,
185963,,,,,,,,,,,0.000000,0.000000,0.000000,0.000000,0.000000,0.000000,,,,,,,,,,,,
185968,,,,,,,,,,,0.000000,0.000000,0.000000,0.000000,0.000000,0.000000,,,,,,,,,,,,
185973,,,,,,,,,,,0.000000,0.000000,0.000000,0.000000,0.000000,0.000000,,,,,,,,,,,,
185978,,,,,,,,,,,0.000000,0.000000,0.000000,0.000000,0.000000,0.000000,,,,,,,,,,,,
185983,,,,,,,,,,,0.000000,0.000000,0.000000,0.000000,0.000000,0.000000,,,,,,,,,,,,
185988,,,,,,,,,,,0.000000,0.000000,0.000000,0.000000,0.000000,0.000000,,,,,,,,,,,,
185993,,,,,,,,,,,0.000000,0.000000,0.000000,0.000000,0.000000,0.000000,,,,,,,,,,,,
185998,,,,,,,,,,,0.000000,0.000000,0.000000,0.000000,0.000000,0.000000,,,,,,,,,,,,
186003,,,,,,,,,,,0.000000,0.000000,0.000000,0.000000,0.000000,0.000000,,,,,,,,,,,,
186015,,,,,,,,,,,0.000000,0.000000,0.000000,0.000000,0.000000,0.000000,,,,,,,,,,,,
186018,,,,,,,,,,,0.000000,0.000000,0.000000,0.000000,0.000000,0.000000,,,,,,,,,,,,
186023,,,,,,,,,,,0.000000,0.000000,0.000000,0.000000,0.000000,0.000000,,,,,,,,,,,,
186028,,,,,,,,,,,0.000000,0.000000,0.000000,0.000000,0.000000,0.000000,,,,,,,,,,,,
186033,,,,,,,,,,,0.000000,0.000000,0.000000,0.000000,0.000000,0.000000,,,,,,,,,,,,
186038,,,,,,,,,,,0.000000,0.000000,0.000000,0.000000,0.000000,0.000000,,,,,,,,,,,,
186043,,,,,,,,,,,0.000000,0.000000,0.000000,0.000000,0.000000,0.000000,,,,,,,,,,,,
186048,,,,,,,,,,,0.000000,0.000000,0.000000,0.000000,0.000000,0.000000,,,,,,,,,,,,
186053,,,,,,,,,,,0.000000,0.000000,0.000000,0.000000,0.000000,0.000000,,,,,,,,,,,,
186058,,,,,,,,,,,0.000000,0.000000,0.000000,0.000000,0.000000,0.000000,,,,,,,,,,,,
186063,,,,,,,,,,,0.000000,0.000000,0.000000,0.000000,0.000000,0.000000,,,,,,,,,,,,
186068,,,,,,,,,,,0.000000,0.000000,0.000000,0.000000,0.000000,0.000000,,,,,,,,,,,,
186073,,,,,,,,,,,0.000000,0.000000,0.000000,0.000000,0.000000,0.000000,,,,,,,,,,,,
186078,,,,,,,,,,,0.000000,0.000000,0.000000,0.000000,0.000000,0.000000,,,,,,,,,,,,
186083,,,,,,,,,,,0.000000,0.000000,0.000000,0.000000,0.000000,0.000000,,,,,,,,,,,,
186095,,,,,,,,,,,0.000000,0.000000,0.000000,0.000000,0.000000,0.000000,,,,,,,,,,,,
186098,,,,,,,,,,,0.000000,0.000000,0.000000,0.000000,0.000000,0.000000,,,,,,,,,,,,
186103,,,,,,,,,,,0.000000,0.000000,0.000000,0.000000,0.000000,0.000000,,,,,,,,,,,,
186108,,,,,,,,,,,0.000000,0.000000,0.000000,0.000000,0.000000,0.000000,,,,,,,,,,,,
186113,,,,,,,,,,,0.000000,0.000000,0.000000,0.000000,0.000000,0.000000,,,,,,,,,,,,
186118,,,,,,,,,,,0.000000,0.000000,0.000000,0.000000,0.000000,0.000000,,,,,,,,,,,,
186123,,,,,,,,,,,0.000000,0.000000,0.000000,0.000000,0.000000,0.000000,,,,,,,,,,,,
186128,,,,,,,,,,,0.000000,0.000000,0.000000,0.000000,0.000000,0.000000,,,,,,,,,,,,
186133,,,,,,,,,,,0.000000,0.000000,0.000000,0.000000,0.000000,0.000000,,,,,,,,,,,,
186138,,,,,,,,,,,0.000000,0.000000,0.000000,0.000000,0.000000,0.000000,,,,,,,,,,,,
186143,,,,,,,,,,,0.000000,0.000000,0.000000,0.000000,0.000000,0.000000,,,,,,,,,,,,
186155,,,,,,,,,,,0.000000,0.000000,0.000000,0.000000,0.000000,0.000000,,,,,,,,,,,,
186158,,,,,,,,,,,0.000000,0.000000,0.000000,0.000000,0.000000,0.000000,,,,,,,,,,,,
186163,,,,,,,,,,,0.000000,0.000000,0.000000,0.000000,0.000000,0.000000,,,,,,,,,,,,
186168,,,,,,,,,,,0.000000,0.000000,0.000000,0.000000,0.000000,0.000000,,,,,,,,,,,,
186173,,,,,,,,,,,0.000000,0.000000,0.000000,0.000000,0.000000,0.000000,,,,,,,,,,,,
186178,,,,,,,,,,,0.000000,0.000000,0.000000,0.000000,0.000000,0.000000,,,,,,,,,,,,
186183,,,,,,,,,,,0.000000,0.000000,0.000000,0.000000,0.000000,0.000000,,,,,,,,,,,,
186188,,,,,,,,,,,0.000000,0.000000,0.000000,0.000000,0.000000,0.000000,,,,,,,,,,,,
186193,,,,,,,,,,,0.000000,0.000000,0.000000,0.000000,0.000000,0.000000,,,,,,,,,,,,
186198,,,,,,,,,,,0.000000,0.000000,0.000000,0.000000,0.000000,0.000000,,,,,,,,,,,,
186203,,,,,,,,,,,0.000000,0.000000,0.000000,0.000000,0.000000,0.000000,,,,,,,,,,,,
186215,,,,,,,,,,,0.000000,0.000000,0.000000,0.000000,0.000000,0.000000,,,,,,,,,,,,
186218,,,,,,,,,,,0.000000,0.000000,0.000000,0.000000,0.000000,0.000000,,,,,,,,,,,,
186223,,,,,,,,,,,0.000000,0.000000,0.000000,0.000000,0.000000,0.000000,,,,,,,,,,,,
186228,,,,,,,,,,,0.000000,0.000000,0.000000,0.000000,0.000000,0.000000,,,,,,,,,,,,
186233,,,,,,,,,,,0.000000,0.000000,0.000000,0.000000,0.000000,0.000000,,,,,,,,,,,,
186238,,,,,,,,,,,0.000000,0.000000,0.000000,0.000000,0.000000,0.000000,,,,,,,,,,,,
186243,,,,,,,,,,,0.000000,0.000000,0.000000,0.000000,0.000000,0.000000,,,,,,,,,,,,
186248,,,,,,,,,,,0.000000,0.000000,0.000000,0.000000,0.000000,0.000000,,,,,,,,,,,,
186253,,,,,,,,,,,0.000000,0.000000,0.000000,0.000000,0.000000,0.000000,,,,,,,,,,,,
186258,,,,,,,,,,,0.000000,0.000000,0.000000,0.000000,0.000000,0.000000,,,,,,,,,,,,
186263,,,,,,,,,,,0.000000,0.000000,0.000000,0.000000,0.000000,0.000000,,,,,,,,,,,,
186275,,,,,,,,,,,0.000000,0.000000,0.000000,0.000000,0.000000,0.000000,,,,,,,,,,,,
186278,,,,,,,,,,,0.000000,0.000000,0.000000,0.000000,0.000000,0.000000,,,,,,,,,,,,
186283,,,,,,,,,,,0.000000,0.000000,0.000000,0.000000,0.000000,0.000000,,,,,,,,,,,,
186288,,,,,,,,,,,0.000000,0.000000,0.000000,0.000000,0.000000,0.000000,,,,,,,,,,,,
186293,,,,,,,,,,,0.000000,0.000000,0.000000,0.000000,0.000000,0.000000,,,,,,,,,,,,
186298,,,,,,,,,,,0.000000,0.000000,0.000000,0.000000,0.000000,0.000000,,,,,,,,,,,,
186303,,,,,,,,,,,0.000000,0.000000,0.000000,0.000000,0.000000,0.000000,,,,,,,,,,,,
186308,,,,,,,,,,,0.000000,0.000000,0.000000,0.000000,0.000000,0.000000,,,,,,,,,,,,
186313,,,,,,,,,,,0.000000,0.000000,0.000000,0.000000,0.000000,0.000000,,,,,,,,,,,,
186318,,,,,,,,,,,0.000000,0.000000,0.000000,0.000000,0.000000,0.000000,,,,,,,,,,,,
186323,,,,,,,,,,,0.000000,0.000000,0.000000,0.000000,0.000000,0.000000,,,,,,,,,,,,
186328,,,,,,,,,,,0.000000,0.000000,0.000000,0.000000,0.000000,0.000000,,,,,,,,,,,,
186333,,,,,,,,,,,0.000000,0.000000,0.000000,0.000000,0.000000,0.000000,,,,,,,,,,,,
186338,,,,,,,,,,,0.000000,0.000000,0.000000,0.000000,0.000000,0.000000,,,,,,,,,,,,
186343,,,,,,,,,,,0.000000,0.000000,0.000000,0.000000,0.000000,0.000000,,,,,,,,,,,,
186355,,,,,,,,,,,0.000000,0.000000,0.000000,0.000000,0.000000,0.000000,,,,,,,,,,,,
186358,,,,,,,,,,,0.000000,0.000000,0.000000,0.000000,0.000000,0.000000,,,,,,,,,,,,
186363,,,,,,,,,,,0.000000,0.000000,0.000000,0.000000,0.000000,0.000000,,,,,,,,,,,,
186368,,,,,,,,,,,0.000000,0.000000,0.000000,0.000000,0.000000,0.000000,,,,,,,,,,,,
186373,,,,,,,,,,,0.000000,0.000000,0.000000,0.000000,0.000000,0.000000,,,,,,,,,,,,
186378,,,,,,,,,,,0.000000,0.000000,0.000000,0.000000,0.000000,0.000000,,,,,,,,,,,,
186383,,,,,,,,,,,0.000000,0.000000,0.000000,0.000000,0.000000,0.000000,,,,,,,,,,,,
186388,,,,,,,,,,,0.000000,0.000000,0.000000,0.000000,0.000000,0.000000,,,,,,,,,,,,
186393,,,,,,,,,,,0.000000,0.000000,0.000000,0.000000,0.000000,0.000000,,,,,,,,,,,,
186398,,,,,,,,,,,0.000000,0.000000,0.000000,0.000000,0.000000,0.000000,,,,,,,,,,,,
186403,,,,,,,,,,,0.000000,0.000000,0.000000,0.000000,0.000000,0.000000,,,,,,,,,,,,
186415,,,,,,,,,,,0.000000,0.000000,0.000000,0.000000,0.000000,0.000000,,,,,,,,,,,,
186418,,,,,,,,,,,0.000000,0.000000,0.000000,0.000000,0.000000,0.000000,,,,,,,,,,,,
186423,,,,,,,,,,,0.000000,0.000000,0.000000,0.000000,0.000000,0.000000,,,,,,,,,,,,
186428,,,,,,,,,,,0.000000,0.000000,0.000000,0.000000,0.000000,0.000000,,,,,,,,,,,,
186433,,,,,,,,,,,0.000000,0.000000,0.000000,0.000000,0.000000,0.000000,,,,,,,,,,,,
186438,,,,,,,,,,,0.000000,0.000000,0.000000,0.000000,0.000000,0.000000,,,,,,,,,,,,
186443,,,,,,,,,,,0.000000,0.000000,0.000000,0.000000,0.000000,0.000000,,,,,,,,,,,,
186448,,,,,,,,,,,0.000000,0.000000,0.000000,0.000000,0.000000,0.000000,,,,,,,,,,,,
186453,,,,,,,,,,,0.000000,0.000000,0.000000,0.000000,0.000000,0.000000,,,,,,,,,,,,
186458,,,,,,,,,,,0.000000,0.000000,0.000000,0.000000,0.000000,0.000000,,,,,,,,,,,,
186463,,,,,,,,,,,0.000000,0.000000,0.000000,0.000000,0.000000,0.000000,,,,,,,,,,,,
186475,,,,,,,,,,,0.000000,0.000000,0.000000,0.000000,0.000000,0.000000,,,,,,,,,,,,
186478,,,,,,,,,,,0.000000,0.000000,0.000000,0.000000,0.000000,0.000000,,,,,,,,,,,,
186483,,,,,,,,,,,0.000000,0.000000,0.000000,0.000000,0.000000,0.000000,,,,,,,,,,,,
186488,,,,,,,,,,,0.000000,0.000000,0.000000,0.000000,0.000000,0.000000,,,,,,,,,,,,
186493,,,,,,,,,,,0.000000,0.000000,0.000000,0.000000,0.000000,0.000000,,,,,,,,,,,,
186498,,,,,,,,,,,0.000000,0.000000,0.000000,0.000000,0.000000,0.000000,,,,,,,,,,,,
186503,,,,,,,,,,,0.000000,0.000000,0.000000,0.000000,0.000000,0.000000,,,,,,,,,,,,
186508,,,,,,,,,,,0.000000,0.000000,0.000000,0.000000,0.000000,0.000000,,,,,,,,,,,,
186513,,,,,,,,,,,0.000000,0.000000,0.000000,0.000000,0.000000,0.000000,,,,,,,,,,,,
186518,,,,,,,,,,,0.000000,0.000000,0.000000,0.000000,0.000000,0.000000,,,,,,,,,,,,
186523,,,,,,,,,,,0.000000,0.000000,0.000000,0.000000,0.000000,0.000000,,,,,,,,,,,,
186528,,,,,,,,,,,0.000000,0.000000,0.000000,0.000000,0.000000,0.000000,,,,,,,,,,,,
186533,,,,,,,,,,,0.000000,0.000000,0.000000,0.000000,0.000000,0.000000,,,,,,,,,,,,
186538,,,,,,,,,,,0.000000,0.000000,0.000000,0.000000,0.000000,0.000000,,,,,,,,,,,,
186543,,,,,,,,,,,0.000000,0.000000,0.000000,0.000000,0.000000,0.000000,,,,,,,,,,,,
186555,,,,,,,,,,,0.000000,0.000000,0.000000,0.000000,0.000000,0.000000,,,,,,,,,,,,
186558,,,,,,,,,,,0.000000,0.000000,0.000000,0.000000,0.000000,0.000000,,,,,,,,,,,,
186563,,,,,,,,,,,0.000000,0.000000,0.000000,0.000000,0.000000,0.000000,,,,,,,,,,,,
186568,,,,,,,,,,,0.000000,0.000000,0.000000,0.000000,0.000000,0.000000,,,,,,,,,,,,
186573,,,,,,,,,,,0.000000,0.000000,0.000000,0.000000,0.000000,0.000000,,,,,,,,,,,,
186578,,,,,,,,,,,0.000000,0.000000,0.000000,0.000000,0.000000,0.000000,,,,,,,,,,,,
186583,,,,,,,,,,,0.000000,0.000000,0.000000,0.000000,0.000000,0.000000,,,,,,,,,,,,
186588,,,,,,,,,,,0.000000,0.000000,0.000000,0.000000,0.000000,0.000000,,,,,,,,,,,,
186593,,,,,,,,,,,0.000000,0.000000,0.000000,0.000000,0.000000,0.000000,,,,,,,,,,,,
186598,,,,,,,,,,,0.000000,0.000000,0.000000,0.000000,0.000000,0.000000,,,,,,,,,,,,
186603,,,,,,,,,,,0.000000,0.000000,0.000000,0.000000,0.000000,0.000000,,,,,,,,,,,,
186615,,,,,,,,,,,0.000000,0.000000,0.000000,0.000000,0.000000,0.000000,,,,,,,,,,,,
186618,,,,,,,,,,,0.000000,0.000000,0.000000,0.000000,0.000000,0.000000,,,,,,,,,,,,
186623,,,,,,,,,,,0.000000,0.000000,0.000000,0.000000,0.000000,0.000000,,,,,,,,,,,,
186628,,,,,,,,,,,0.000000,0.000000,0.000000,0.000000,0.000000,0.000000,,,,,,,,,,,,
186633,,,,,,,,,,,0.000000,0.000000,0.000000,0.000000,0.000000,0.000000,,,,,,,,,,,,
186638,,,,,,,,,,,0.000000,0.000000,0.000000,0.000000,0.000000,0.000000,,,,,,,,,,,,
186643,,,,,,,,,,,0.000000,0.000000,0.000000,0.000000,0.000000,0.000000,,,,,,,,,,,,
186648,,,,,,,,,,,0.000000,0.000000,0.000000,0.000000,0.000000,0.000000,,,,,,,,,,,,
186653,,,,,,,,,,,0.000000,0.000000,0.000000,0.000000,0.000000,0.000000,,,,,,,,,,,,
186658,,,,,,,,,,,0.000000,0.000000,0.000000,0.000000,0.000000,0.000000,,,,,,,,,,,,
186663,,,,,,,,,,,0.000000,0.000000,0.000000,0.000000,0.000000,0.000000,,,,,,,,,,,,
186675,,,,,,,,,,,0.000000,0.000000,0.000000,0.000000,0.000000,0.000000,,,,,,,,,,,,
186678,,,,,,,,,,,0.000000,0.000000,0.000000,0.000000,0.000000,0.000000,,,,,,,,,,,,
186683,,,,,,,,,,,0.000000,0.000000,0.000000,0.000000,0.000000,0.000000,,,,,,,,,,,,
186688,,,,,,,,,,,0.000000,0.000000,0.000000,0.000000,0.000000,0.000000,,,,,,,,,,,,
186693,,,,,,,,,,,0.000000,0.000000,0.000000,0.000000,0.000000,0.000000,,,,,,,,,,,,
186698,,,,,,,,,,,0.000000,0.000000,0.000000,0.000000,0.000000,0.000000,,,,,,,,,,,,
186703,,,,,,,,,,,0.000000,0.000000,0.000000,0.000000,0.000000,0.000000,,,,,,,,,,,,
186708,,,,,,,,,,,0.000000,0.000000,0.000000,0.000000,0.000000,0.000000,,,,,,,,,,,,
186713,,,,,,,,,,,0.000000,0.000000,0.000000,0.000000,0.000000,0.000000,,,,,,,,,,,,
186718,,,,,,,,,,,0.000000,0.000000,0.000000,0.000000,0.000000,0.000000,,,,,,,,,,,,
186723,,,,,,,,,,,0.000000,0.000000,0.000000,0.000000,0.000000,0.000000,,,,,,,,,,,,
186735,,,,,,,,,,,0.000000,0.000000,0.000000,0.000000,0.000000,0.000000,,,,,,,,,,,,
186738,,,,,,,,,,,0.000000,0.000000,0.000000,0.000000,0.000000,0.000000,,,,,,,,,,,,
186743,,,,,,,,,,,0.000000,0.000000,0.000000,0.000000,0.000000,0.000000,,,,,,,,,,,,
186748,,,,,,,,,,,0.000000,0.000000,0.000000,0.000000,0.000000,0.000000,,,,,,,,,,,,
186753,,,,,,,,,,,0.000000,0.000000,0.000000,0.000000,0.000000,0.000000,,,,,,,,,,,,
186758,,,,,,,,,,,0.000000,0.000000,0.000000,0.000000,0.000000,0.000000,,,,,,,,,,,,
186763,,,,,,,,,,,0.000000,0.000000,0.000000,0.000000,0.000000,0.000000,,,,,,,,,,,,
186768,,,,,,,,,,,0.000000,0.000000,0.000000,0.000000,0.000000,0.000000,,,,,,,,,,,,
186773,,,,,,,,,,,0.000000,0.000000,0.000000,0.000000,0.000000,0.000000,,,,,,,,,,,,
186778,,,,,,,,,,,0.000000,0.000000,0.000000,0.000000,0.000000,0.000000,,,,,,,,,,,,
186783,,,,,,,,,,,0.000000,0.000000,0.000000,0.000000,0.000000,0.000000,,,,,,,,,,,,
186788,,,,,,,,,,,0.000000,0.000000,0.000000,0.000000,0.000000,0.000000,,,,,,,,,,,,
186793,,,,,,,,,,,0.000000,0.000000,0.000000,0.000000,0.000000,0.000000,,,,,,,,,,,,
186798,,,,,,,,,,,0.000000,0.000000,0.000000,0.000000,0.000000,0.000000,,,,,,,,,,,,
186803,,,,,,,,,,,0.000000,0.000000,0.000000,0.000000,0.000000,0.000000,,,,,,,,,,,,
186815,,,,,,,,,,,0.000000,0.000000,0.000000,0.000000,0.000000,0.000000,,,,,,,,,,,,
186818,,,,,,,,,,,0.000000,0.000000,0.000000,0.000000,0.000000,0.000000,,,,,,,,,,,,
186823,,,,,,,,,,,0.000000,0.000000,0.000000,0.000000,0.000000,0.000000,,,,,,,,,,,,
186828,,,,,,,,,,,0.000000,0.000000,0.000000,0.000000,0.000000,0.000000,,,,,,,,,,,,
186833,,,,,,,,,,,0.000000,0.000000,0.000000,0.000000,0.000000,0.000000,,,,,,,,,,,,
186838,,,,,,,,,,,0.000000,0.000000,0.000000,0.000000,0.000000,0.000000,,,,,,,,,,,,
186843,,,,,,,,,,,0.000000,0.000000,0.000000,0.000000,0.000000,0.000000,,,,,,,,,,,,
186848,,,,,,,,,,,0.000000,0.000000,0.000000,0.000000,0.000000,0.000000,,,,,,,,,,,,
186853,,,,,,,,,,,0.000000,0.000000,0.000000,0.000000,0.000000,0.000000,,,,,,,,,,,,
186858,,,,,,,,,,,0.000000,0.000000,0.000000,0.000000,0.000000,0.000000,,,,,,,,,,,,
186863,,,,,,,,,,,0.000000,0.000000,0.000000,0.000000,0.000000,0.000000,,,,,,,,,,,,
186875,,,,,,,,,,,0.000000,0.000000,0.000000,0.000000,0.000000,0.000000,,,,,,,,,,,,
186878,,,,,,,,,,,0.000000,0.000000,0.000000,0.000000,0.000000,0.000000,,,,,,,,,,,,
186883,,,,,,,,,,,0.000000,0.000000,0.000000,0.000000,0.000000,0.000000,,,,,,,,,,,,
186888,,,,,,,,,,,0.000000,0.000000,0.000000,0.000000,0.000000,0.000000,,,,,,,,,,,,
186893,,,,,,,,,,,0.000000,0.000000,0.000000,0.000000,0.000000,0.000000,,,,,,,,,,,,
186898,,,,,,,,,,,0.000000,0.000000,0.000000,0.000000,0.000000,0.000000,,,,,,,,,,,,
186903,,,,,,,,,,,0.000000,0.000000,0.000000,0.000000,0.000000,0.000000,,,,,,,,,,,,
186908,,,,,,,,,,,0.000000,0.000000,0.000000,0.000000,0.000000,0.000000,,,,,,,,,,,,
186913,,,,,,,,,,,0.000000,0.000000,0.000000,0.000000,0.000000,0.000000,,,,,,,,,,,,
186918,,,,,,,,,,,0.000000,0.000000,0.000000,0.000000,0.000000,0.000000,,,,,,,,,,,,
186923,,,,,,,,,,,0.000000,0.000000,0.000000,0.000000,0.000000,0.000000,,,,,,,,,,,,
186935,,,,,,,,,,,0.000000,0.000000,0.000000,0.000000,0.000000,0.000000,,,,,,,,,,,,
186938,,,,,,,,,,,0.000000,0.000000,0.000000,0.000000,0.000000,0.000000,,,,,,,,,,,,
186943,,,,,,,,,,,0.000000,0.000000,0.000000,0.000000,0.000000,0.000000,,,,,,,,,,,,
186948,,,,,,,,,,,0.000000,0.000000,0.000000,0.000000,0.000000,0.000000,,,,,,,,,,,,
186953,,,,,,,,,,,0.000000,0.000000,0.000000,0.000000,0.000000,0.000000,,,,,,,,,,,,
186958,,,,,,,,,,,0.000000,0.000000,0.000000,0.000000,0.000000,0.000000,,,,,,,,,,,,
186963,,,,,,,,,,,0.000000,0.000000,0.000000,0.000000,0.000000,0.000000,,,,,,,,,,,,
186968,,,,,,,,,,,0.000000,0.000000,0.000000,0.000000,0.000000,0.000000,,,,,,,,,,,,
186973,,,,,,,,,,,0.000000,0.000000,0.000000,0.000000,0.000000,0.000000,,,,,,,,,,,,
186978,,,,,,,,,,,0.000000,0.000000,0.000000,0.000000,0.000000,0.000000,,,,,,,,,,,,
186983,,,,,,,,,,,0.000000,0.000000,0.000000,0.000000,0.000000,0.000000,,,,,,,,,,,,
186995,,,,,,,,,,,0.000000,0.000000,0.000000,0.000000,0.000000,0.000000,,,,,,,,,,,,
186998,,,,,,,,,,,0.000000,0.000000,0.000000,0.000000,0.000000,0.000000,,,,,,,,,,,,
187003,,,,,,,,,,,0.000000,0.000000,0.000000,0.000000,0.000000,0.000000,,,,,,,,,,,,
187008,,,,,,,,,,,0.000000,0.000000,0.000000,0.000000,0.000000,0.000000,,,,,,,,,,,,
187013,,,,,,,,,,,0.000000,0.000000,0.000000,0.000000,0.000000,0.000000,,,,,,,,,,,,
187018,,,,,,,,,,,0.000000,0.000000,0.000000,0.000000,0.000000,0.000000,,,,,,,,,,,,
187023,,,,,,,,,,,0.000000,0.000000,0.000000,0.000000,0.000000,0.000000,,,,,,,,,,,,
187028,,,,,,,,,,,0.000000,0.000000,0.000000,0.000000,0.000000,0.000000,,,,,,,,,,,,
187033,,,,,,,,,,,0.000000,0.000000,0.000000,0.000000,0.000000,0.000000,,,,,,,,,,,,
187038,,,,,,,,,,,0.000000,0.000000,0.000000,0.000000,0.000000,0.000000,,,,,,,,,,,,
187043,,,,,,,,,,,0.000000,0.000000,0.000000,0.000000,0.000000,0.000000,,,,,,,,,,,,
187048,,,,,,,,,,,0.000000,0.000000,0.000000,0.000000,0.000000,0.000000,,,,,,,,,,,,
187053,,,,,,,,,,,0.000000,0.000000,0.000000,0.000000,0.000000,0.000000,,,,,,,,,,,,
187058,,,,,,,,,,,0.000000,0.000000,0.000000,0.000000,0.000000,0.000000,,,,,,,,,,,,
187063,,,,,,,,,,,0.000000,0.000000,0.000000,0.000000,0.000000,0.000000,,,,,,,,,,,,
187075,,,,,,,,,,,0.000000,0.000000,0.000000,0.000000,0.000000,0.000000,,,,,,,,,,,,
187078,,,,,,,,,,,0.000000,0.000000,0.000000,0.000000,0.000000,0.000000,,,,,,,,,,,,
187083,,,,,,,,,,,0.000000,0.000000,0.000000,0.000000,0.000000,0.000000,,,,,,,,,,,,
187088,,,,,,,,,,,0.000000,0.000000,0.000000,0.000000,0.000000,0.000000,,,,,,,,,,,,
187093,,,,,,,,,,,0.000000,0.000000,0.000000,0.000000,0.000000,0.000000,,,,,,,,,,,,
187098,,,,,,,,,,,0.000000,0.000000,0.000000,0.000000,0.000000,0.000000,,,,,,,,,,,,
187103,,,,,,,,,,,0.000000,0.000000,0.000000,0.000000,0.000000,0.000000,,,,,,,,,,,,
187108,,,,,,,,,,,0.000000,0.000000,0.000000,0.000000,0.000000,0.000000,,,,,,,,,,,,
187113,,,,,,,,,,,0.000000,0.000000,0.000000,0.000000,0.000000,0.000000,,,,,,,,,,,,
187118,,,,,,,,,,,0.000000,0.000000,0.000000,0.000000,0.000000,0.000000,,,,,,,,,,,,
187123,,,,,,,,,,,0.000000,0.000000,0.000000,0.000000,0.000000,0.000000,,,,,,,,,,,,
187135,,,,,,,,,,,0.000000,0.000000,0.000000,0.000000,0.000000,0.000000,,,,,,,,,,,,
187138,,,,,,,,,,,0.000000,0.000000,0.000000,0.000000,0.000000,0.000000,,,,,,,,,,,,
187143,,,,,,,,,,,0.000000,0.000000,0.000000,0.000000,0.000000,0.000000,,,,,,,,,,,,
187148,,,,,,,,,,,0.000000,0.000000,0.000000,0.000000,0.000000,0.000000,,,,,,,,,,,,
187153,,,,,,,,,,,0.000000,0.000000,0.000000,0.000000,0.000000,0.000000,,,,,,,,,,,,
187158,,,,,,,,,,,0.000000,0.000000,0.000000,0.000000,0.000000,0.000000,,,,,,,,,,,,
187163,,,,,,,,,,,0.000000,0.000000,0.000000,0.000000,0.000000,0.000000,,,,,,,,,,,,
187168,,,,,,,,,,,0.000000,0.000000,0.000000,0.000000,0.000000,0.000000,,,,,,,,,,,,
187173,,,,,,,,,,,0.000000,0.000000,0.000000,0.000000,0.000000,0.000000,,,,,,,,,,,,
187178,,,,,,,,,,,0.000000,0.000000,0.000000,0.000000,0.000000,0.000000,,,,,,,,,,,,
187183,,,,,,,,,,,0.000000,0.000000,0.000000,0.000000,0.000000,0.000000,,,,,,,,,,,,
187195,,,,,,,,,,,0.000000,0.000000,0.000000,0.000000,0.000000,0.000000,,,,,,,,,,,,
187198,,,,,,,,,,,0.000000,0.000000,0.000000,0.000000,0.000000,0.000000,,,,,,,,,,,,
187203,,,,,,,,,,,0.000000,0.000000,0.000000,0.000000,0.000000,0.000000,,,,,,,,,,,,
187208,,,,,,,,,,,0.000000,0.000000,0.000000,0.000000,0.000000,0.000000,,,,,,,,,,,,
187213,,,,,,,,,,,0.000000,0.000000,0.000000,0.000000,0.000000,0.000000,,,,,,,,,,,,
187218,,,,,,,,,,,0.000000,0.000000,0.000000,0.000000,0.000000,0.000000,,,,,,,,,,,,
187223,,,,,,,,,,,0.000000,0.000000,0.000000,0.000000,0.000000,0.000000,,,,,,,,,,,,
187228,,,,,,,,,,,0.000000,0.000000,0.000000,0.000000,0.000000,0.000000,,,,,,,,,,,,
187233,,,,,,,,,,,0.000000,0.000000,0.000000,0.000000,0.000000,0.000000,,,,,,,,,,,,
187238,,,,,,,,,,,0.000000,0.000000,0.000000,0.000000,0.000000,0.000000,,,,,,,,,,,,
187243,,,,,,,,,,,0.000000,0.000000,0.000000,0.000000,0.000000,0.000000,,,,,,,,,,,,
187248,,,,,,,,,,,0.000000,0.000000,0.000000,0.000000,0.000000,0.000000,,,,,,,,,,,,
187253,,,,,,,,,,,0.000000,0.000000,0.000000,0.000000,0.000000,0.000000,,,,,,,,,,,,
187258,,,,,,,,,,,0.000000,0.000000,0.000000,0.000000,0.000000,0.000000,,,,,,,,,,,,
187263,,,,,,,,,,,0.000000,0.000000,0.000000,0.000000,0.000000,0.000000,,,,,,,,,,,,
187275,,,,,,,,,,,0.000000,0.000000,0.000000,0.000000,0.000000,0.000000,,,,,,,,,,,,
187278,,,,,,,,,,,0.000000,0.000000,0.000000,0.000000,0.000000,0.000000,,,,,,,,,,,,
187283,,,,,,,,,,,0.000000,0.000000,0.000000,0.000000,0.000000,0.000000,,,,,,,,,,,,
187288,,,,,,,,,,,0.000000,0.000000,0.000000,0.000000,0.000000,0.000000,,,,,,,,,,,,
187293,,,,,,,,,,,0.000000,0.000000,0.000000,0.000000,0.000000,0.000000,,,,,,,,,,,,
187298,,,,,,,,,,,0.000000,0.000000,0.000000,0.000000,0.000000,0.000000,,,,,,,,,,,,
187303,,,,,,,,,,,0.000000,0.000000,0.000000,0.000000,0.000000,0.000000,,,,,,,,,,,,
187308,,,,,,,,,,,0.000000,0.000000,0.000000,0.000000,0.000000,0.000000,,,,,,,,,,,,
187313,,,,,,,,,,,0.000000,0.000000,0.000000,0.000000,0.000000,0.000000,,,,,,,,,,,,
187318,,,,,,,,,,,0.000000,0.000000,0.000000,0.000000,0.000000,0.000000,,,,,,,,,,,,
187323,,,,,,,,,,,0.000000,0.000000,0.000000,0.000000,0.000000,0.000000,,,,,,,,,,,,
187335,,,,,,,,,,,0.000000,0.000000,0.000000,0.000000,0.000000,0.000000,,,,,,,,,,,,
187338,,,,,,,,,,,0.000000,0.000000,0.000000,0.000000,0.000000,0.000000,,,,,,,,,,,,
187343,,,,,,,,,,,0.000000,0.000000,0.000000,0.000000,0.000000,0.000000,,,,,,,,,,,,
187348,,,,,,,,,,,0.000000,0.000000,0.000000,0.000000,0.000000,0.000000,,,,,,,,,,,,
187353,,,,,,,,,,,0.000000,0.000000,0.000000,0.000000,0.000000,0.000000,,,,,,,,,,,,
187358,,,,,,,,,,,0.000000,0.000000,0.000000,0.000000,0.000000,0.000000,,,,,,,,,,,,
187363,,,,,,,,,,,0.000000,0.000000,0.000000,0.000000,0.000000,0.000000,,,,,,,,,,,,
187368,,,,,,,,,,,0.000000,0.000000,0.000000,0.000000,0.000000,0.000000,,,,,,,,,,,,
187373,,,,,,,,,,,0.000000,0.000000,0.000000,0.000000,0.000000,0.000000,,,,,,,,,,,,
187378,,,,,,,,,,,0.000000,0.000000,0.000000,0.000000,0.000000,0.000000,,,,,,,,,,,,
187383,,,,,,,,,,,0.000000,0.000000,0.000000,0.000000,0.000000,0.000000,,,,,,,,,,,,
187395,,,,,,,,,,,0.000000,0.000000,0.000000,0.000000,0.000000,0.000000,,,,,,,,,,,,
187398,,,,,,,,,,,0.000000,0.000000,0.000000,0.000000,0.000000,0.000000,,,,,,,,,,,,
187403,,,,,,,,,,,0.000000,0.000000,0.000000,0.000000,0.000000,0.000000,,,,,,,,,,,,
187408,,,,,,,,,,,0.000000,0.000000,0.000000,0.000000,0.000000,0.000000,,,,,,,,,,,,
187413,,,,,,,,,,,0.000000,0.000000,0.000000,0.000000,0.000000,0.000000,,,,,,,,,,,,
187418,,,,,,,,,,,0.000000,0.000000,0.000000,0.000000,0.000000,0.000000,,,,,,,,,,,,
187423,,,,,,,,,,,0.000000,0.000000,0.000000,0.000000,0.000000,0.000000,,,,,,,,,,,,
187428,,,,,,,,,,,0.000000,0.000000,0.000000,0.000000,0.000000,0.000000,,,,,,,,,,,,
187433,,,,,,,,,,,0.000000,0.000000,0.000000,0.000000,0.000000,0.000000,,,,,,,,,,,,
187438,,,,,,,,,,,0.000000,0.000000,0.000000,0.000000,0.000000,0.000000,,,,,,,,,,,,
187443,,,,,,,,,,,0.000000,0.000000,0.000000,0.000000,0.000000,0.000000,,,,,,,,,,,,
187455,,,,,,,,,,,0.000000,0.000000,0.000000,0.000000,0.000000,0.000000,,,,,,,,,,,,
187458,,,,,,,,,,,0.000000,0.000000,0.000000,0.000000,0.000000,0.000000,,,,,,,,,,,,
187463,,,,,,,,,,,0.000000,0.000000,0.000000,0.000000,0.000000,0.000000,,,,,,,,,,,,
187468,,,,,,,,,,,0.000000,0.000000,0.000000,0.000000,0.000000,0.000000,,,,,,,,,,,,
187473,,,,,,,,,,,0.000000,0.000000,0.000000,0.000000,0.000000,0.000000,,,,,,,,,,,,
187478,,,,,,,,,,,0.000000,0.000000,0.000000,0.000000,0.000000,0.000000,,,,,,,,,,,,
187483,,,,,,,,,,,0.000000,0.000000,0.000000,0.000000,0.000000,0.000000,,,,,,,,,,,,
187488,,,,,,,,,,,0.000000,0.000000,0.000000,0.000000,0.000000,0.000000,,,,,,,,,,,,
187493,,,,,,,,,,,0.000000,0.000000,0.000000,0.000000,0.000000,0.000000,,,,,,,,,,,,
187498,,,,,,,,,,,0.000000,0.000000,0.000000,0.000000,0.000000,0.000000,,,,,,,,,,,,
187503,,,,,,,,,,,0.000000,0.000000,0.000000,0.000000,0.000000,0.000000,,,,,,,,,,,,
187508,,,,,,,,,,,0.000000,0.000000,0.000000,0.000000,0.000000,0.000000,,,,,,,,,,,,
187513,,,,,,,,,,,0.000000,0.000000,0.000000,0.000000,0.000000,0.000000,,,,,,,,,,,,
187518,,,,,,,,,,,0.000000,0.000000,0.000000,0.000000,0.000000,0.000000,,,,,,,,,,,,
187523,,,,,,,,,,,0.000000,0.000000,0.000000,0.000000,0.000000,0.000000,,,,,,,,,,,,
187535,,,,,,,,,,,0.000000,0.000000,0.000000,0.000000,0.000000,0.000000,,,,,,,,,,,,
187538,,,,,,,,,,,0.000000,0.000000,0.000000,0.000000,0.000000,0.000000,,,,,,,,,,,,
187543,,,,,,,,,,,0.000000,0.000000,0.000000,0.000000,0.000000,0.000000,,,,,,,,,,,,
187548,,,,,,,,,,,0.000000,0.000000,0.000000,0.000000,0.000000,0.000000,,,,,,,,,,,,
187553,,,,,,,,,,,0.000000,0.000000,0.000000,0.000000,0.000000,0.000000,,,,,,,,,,,,
187558,,,,,,,,,,,0.000000,0.000000,0.000000,0.000000,0.000000,0.000000,,,,,,,,,,,,
187563,,,,,,,,,,,0.000000,0.000000,0.000000,0.000000,0.000000,0.000000,,,,,,,,,,,,
187568,,,,,,,,,,,0.000000,0.000000,0.000000,0.000000,0.000000,0.000000,,,,,,,,,,,,
187573,,,,,,,,,,,0.000000,0.000000,0.000000,0.000000,0.000000,0.000000,,,,,,,,,,,,
187578,,,,,,,,,,,0.000000,0.000000,0.000000,0.000000,0.000000,0.000000,,,,,,,,,,,,
187583,,,,,,,,,,,0.000000,0.000000,0.000000,0.000000,0.000000,0.000000,,,,,,,,,,,,
187595,,,,,,,,,,,0.000000,0.000000,0.000000,0.000000,0.000000,0.000000,,,,,,,,,,,,
187598,,,,,,,,,,,0.000000,0.000000,0.000000,0.000000,0.000000,0.000000,,,,,,,,,,,,
187603,,,,,,,,,,,0.000000,0.000000,0.000000,0.000000,0.000000,0.000000,,,,,,,,,,,,
187608,,,,,,,,,,,0.000000,0.000000,0.000000,0.000000,0.000000,0.000000,,,,,,,,,,,,
187613,,,,,,,,,,,0.000000,0.000000,0.000000,0.000000,0.000000,0.000000,,,,,,,,,,,,
187618,,,,,,,,,,,0.000000,0.000000,0.000000,0.000000,0.000000,0.000000,,,,,,,,,,,,
187623,,,,,,,,,,,0.000000,0.000000,0.000000,0.000000,0.000000,0.000000,,,,,,,,,,,,
187628,,,,,,,,,,,0.000000,0.000000,0.000000,0.000000,0.000000,0.000000,,,,,,,,,,,,
187633,,,,,,,,,,,0.000000,0.000000,0.000000,0.000000,0.000000,0.000000,,,,,,,,,,,,
187638,,,,,,,,,,,0.000000,0.000000,0.000000,0.000000,0.000000,0.000000,,,,,,,,,,,,
187643,,,,,,,,,,,0.000000,0.000000,0.000000,0.000000,0.000000,0.000000,,,,,,,,,,,,
187658,,,,,,,,,,,0.000000,0.000000,0.000000,0.000000,0.000000,0.000000,,,,,,,,,,,,
187659,,,,,,,,,,,0.000000,0.000000,0.000000,0.000000,0.000000,0.000000,,,,,,,,,,,,
187663,,,,,,,,,,,0.000000,0.000000,0.000000,0.000000,0.000000,0.000000,,,,,,,,,,,,
187668,,,,,,,,,,,0.000000,0.000000,0.000000,0.000000,0.000000,0.000000,,,,,,,,,,,,
187673,,,,,,,,,,,0.000000,0.000000,0.000000,0.000000,0.000000,0.000000,,,,,,,,,,,,
187678,,,,,,,,,,,0.000000,0.000000,0.000000,0.000000,0.000000,0.000000,,,,,,,,,,,,
187683,,,,,,,,,,,0.000000,0.000000,0.000000,0.000000,0.000000,0.000000,,,,,,,,,,,,
187688,,,,,,,,,,,0.000000,0.000000,0.000000,0.000000,0.000000,0.000000,,,,,,,,,,,,
187693,,,,,,,,,,,0.000000,0.000000,0.000000,0.000000,0.000000,0.000000,,,,,,,,,,,,
187698,,,,,,,,,,,0.000000,0.000000,0.000000,0.000000,0.000000,0.000000,,,,,,,,,,,,
187703,,,,,,,,,,,0.000000,0.000000,0.000000,0.000000,0.000000,0.000000,,,,,,,,,,,,
187708,,,,,,,,,,,0.000000,0.000000,0.000000,0.000000,0.000000,0.000000,,,,,,,,,,,,
187713,,,,,,,,,,,0.000000,0.000000,0.000000,0.000000,0.000000,0.000000,,,,,,,,,,,,
187718,,,,,,,,,,,0.000000,0.000000,0.000000,0.000000,0.000000,0.000000,,,,,,,,,,,,
187723,,,,,,,,,,,0.000000,0.000000,0.000000,0.000000,0.000000,0.000000,,,,,,,,,,,,
187735,,,,,,,,,,,0.000000,0.000000,0.000000,0.000000,0.000000,0.000000,,,,,,,,,,,,
187738,,,,,,,,,,,0.000000,0.000000,0.000000,0.000000,0.000000,0.000000,,,,,,,,,,,,
187743,,,,,,,,,,,0.000000,0.000000,0.000000,0.000000,0.000000,0.000000,,,,,,,,,,,,
187748,,,,,,,,,,,0.000000,0.000000,0.000000,0.000000,0.000000,0.000000,,,,,,,,,,,,
187753,,,,,,,,,,,0.000000,0.000000,0.000000,0.000000,0.000000,0.000000,,,,,,,,,,,,
187758,,,,,,,,,,,0.000000,0.000000,0.000000,0.000000,0.000000,0.000000,,,,,,,,,,,,
187763,,,,,,,,,,,0.000000,0.000000,0.000000,0.000000,0.000000,0.000000,,,,,,,,,,,,
187768,,,,,,,,,,,0.000000,0.000000,0.000000,0.000000,0.000000,0.000000,,,,,,,,,,,,
187773,,,,,,,,,,,0.000000,0.000000,0.000000,0.000000,0.000000,0.000000,,,,,,,,,,,,
187778,,,,,,,,,,,0.000000,0.000000,0.000000,0.000000,0.000000,0.000000,,,,,,,,,,,,
187783,,,,,,,,,,,0.000000,0.000000,0.000000,0.000000,0.000000,0.000000,,,,,,,,,,,,
187795,,,,,,,,,,,0.000000,0.000000,0.000000,0.000000,0.000000,0.000000,,,,,,,,,,,,
187798,,,,,,,,,,,0.000000,0.000000,0.000000,0.000000,0.000000,0.000000,,,,,,,,,,,,
187803,,,,,,,,,,,0.000000,0.000000,0.000000,0.000000,0.000000,0.000000,,,,,,,,,,,,
187808,,,,,,,,,,,0.000000,0.000000,0.000000,0.000000,0.000000,0.000000,,,,,,,,,,,,
187813,,,,,,,,,,,0.000000,0.000000,0.000000,0.000000,0.000000,0.000000,,,,,,,,,,,,
187818,,,,,,,,,,,0.000000,0.000000,0.000000,0.000000,0.000000,0.000000,,,,,,,,,,,,
187823,,,,,,,,,,,0.000000,0.000000,0.000000,0.000000,0.000000,0.000000,,,,,,,,,,,,
187828,,,,,,,,,,,0.000000,0.000000,0.000000,0.000000,0.000000,0.000000,,,,,,,,,,,,
187833,,,,,,,,,,,0.000000,0.000000,0.000000,0.000000,0.000000,0.000000,,,,,,,,,,,,
187838,,,,,,,,,,,0.000000,0.000000,0.000000,0.000000,0.000000,0.000000,,,,,,,,,,,,
187843,,,,,,,,,,,0.000000,0.000000,0.000000,0.000000,0.000000,0.000000,,,,,,,,,,,,
187855,,,,,,,,,,,0.000000,0.000000,0.000000,0.000000,0.000000,0.000000,,,,,,,,,,,,
187858,,,,,,,,,,,0.000000,0.000000,0.000000,0.000000,0.000000,0.000000,,,,,,,,,,,,
187863,,,,,,,,,,,0.000000,0.000000,0.000000,0.000000,0.000000,0.000000,,,,,,,,,,,,
187868,,,,,,,,,,,0.000000,0.000000,0.000000,0.000000,0.000000,0.000000,,,,,,,,,,,,
187873,,,,,,,,,,,0.000000,0.000000,0.000000,0.000000,0.000000,0.000000,,,,,,,,,,,,
187878,,,,,,,,,,,0.000000,0.000000,0.000000,0.000000,0.000000,0.000000,,,,,,,,,,,,
187883,,,,,,,,,,,0.000000,0.000000,0.000000,0.000000,0.000000,0.000000,,,,,,,,,,,,
187888,,,,,,,,,,,0.000000,0.000000,0.000000,0.000000,0.000000,0.000000,,,,,,,,,,,,
187893,,,,,,,,,,,0.000000,0.000000,0.000000,0.000000,0.000000,0.000000,,,,,,,,,,,,
187898,,,,,,,,,,,0.000000,0.000000,0.000000,0.000000,0.000000,0.000000,,,,,,,,,,,,
187903,,,,,,,,,,,0.000000,0.000000,0.000000,0.000000,0.000000,0.000000,,,,,,,,,,,,
187915,,,,,,,,,,,0.000000,0.000000,0.000000,0.000000,0.000000,0.000000,,,,,,,,,,,,
187918,,,,,,,,,,,0.000000,0.000000,0.000000,0.000000,0.000000,0.000000,,,,,,,,,,,,
187923,,,,,,,,,,,0.000000,0.000000,0.000000,0.000000,0.000000,0.000000,,,,,,,,,,,,
187928,,,,,,,,,,,0.000000,0.000000,0.000000,0.000000,0.000000,0.000000,,,,,,,,,,,,
187933,,,,,,,,,,,0.000000,0.000000,0.000000,0.000000,0.000000,0.000000,,,,,,,,,,,,
187938,,,,,,,,,,,0.000000,0.000000,0.000000,0.000000,0.000000,0.000000,,,,,,,,,,,,
187943,,,,,,,,,,,0.000000,0.000000,0.000000,0.000000,0.000000,0.000000,,,,,,,,,,,,
187948,,,,,,,,,,,0.000000,0.000000,0.000000,0.000000,0.000000,0.000000,,,,,,,,,,,,
187953,,,,,,,,,,,0.000000,0.000000,0.000000,0.000000,0.000000,0.000000,,,,,,,,,,,,
187958,,,,,,,,,,,0.000000,0.000000,0.000000,0.000000,0.000000,0.000000,,,,,,,,,,,,
187963,,,,,,,,,,,0.000000,0.000000,0.000000,0.000000,0.000000,0.000000,,,,,,,,,,,,
187968,,,,,,,,,,,0.000000,0.000000,0.000000,0.000000,0.000000,0.000000,,,,,,,,,,,,
187973,,,,,,,,,,,0.000000,0.000000,0.000000,0.000000,0.000000,0.000000,,,,,,,,,,,,
187978,,,,,,,,,,,0.000000,0.000000,0.000000,0.000000,0.000000,0.000000,,,,,,,,,,,,
187983,,,,,,,,,,,0.000000,0.000000,0.000000,0.000000,0.000000,0.000000,,,,,,,,,,,,
187995,,,,,,,,,,,0.000000,0.000000,0.000000,0.000000,0.000000,0.000000,,,,,,,,,,,,
187998,,,,,,,,,,,0.000000,0.000000,0.000000,0.000000,0.000000,0.000000,,,,,,,,,,,,
188003,,,,,,,,,,,0.000000,0.000000,0.000000,0.000000,0.000000,0.000000,,,,,,,,,,,,
188008,,,,,,,,,,,0.000000,0.000000,0.000000,0.000000,0.000000,0.000000,,,,,,,,,,,,
188013,,,,,,,,,,,0.000000,0.000000,0.000000,0.000000,0.000000,0.000000,,,,,,,,,,,,
188018,,,,,,,,,,,0.000000,0.000000,0.000000,0.000000,0.000000,0.000000,,,,,,,,,,,,
188023,,,,,,,,,,,0.000000,0.000000,0.000000,0.000000,0.000000,0.000000,,,,,,,,,,,,
188028,,,,,,,,,,,0.000000,0.000000,0.000000,0.000000,0.000000,0.000000,,,,,,,,,,,,
188033,,,,,,,,,,,0.000000,0.000000,0.000000,0.000000,0.000000,0.000000,,,,,,,,,,,,
188038,,,,,,,,,,,0.000000,0.000000,0.000000,0.000000,0.000000,0.000000,,,,,,,,,,,,
188043,,,,,,,,,,,0.000000,0.000000,0.000000,0.000000,0.000000,0.000000,,,,,,,,,,,,
188055,,,,,,,,,,,0.000000,0.000000,0.000000,0.000000,0.000000,0.000000,,,,,,,,,,,,
188058,,,,,,,,,,,0.000000,0.000000,0.000000,0.000000,0.000000,0.000000,,,,,,,,,,,,
188063,,,,,,,,,,,0.000000,0.000000,0.000000,0.000000,0.000000,0.000000,,,,,,,,,,,,
188068,,,,,,,,,,,0.000000,0.000000,0.000000,0.000000,0.000000,0.000000,,,,,,,,,,,,
188073,,,,,,,,,,,0.000000,0.000000,0.000000,0.000000,0.000000,0.000000,,,,,,,,,,,,
188078,,,,,,,,,,,0.000000,0.000000,0.000000,0.000000,0.000000,0.000000,,,,,,,,,,,,
188083,,,,,,,,,,,0.000000,0.000000,0.000000,0.000000,0.000000,0.000000,,,,,,,,,,,,
188088,,,,,,,,,,,0.000000,0.000000,0.000000,0.000000,0.000000,0.000000,,,,,,,,,,,,
188093,,,,,,,,,,,0.000000,0.000000,0.000000,0.000000,0.000000,0.000000,,,,,,,,,,,,
188098,,,,,,,,,,,0.000000,0.000000,0.000000,0.000000,0.000000,0.000000,,,,,,,,,,,,
188103,,,,,,,,,,,0.000000,0.000000,0.000000,0.000000,0.000000,0.000000,,,,,,,,,,,,
188115,,,,,,,,,,,0.000000,0.000000,0.000000,0.000000,0.000000,0.000000,,,,,,,,,,,,
188116,,,,,,,,,,,0.000000,0.000000,0.000000,0.000000,0.000000,0.000000,,,,,,,,,,,,
188118,,,,,,,,,,,0.000000,0.000000,0.000000,0.000000,0.000000,0.000000,,,,,,,,,,,,
188123,,,,,,,,,,,0.000000,0.000000,0.000000,0.000000,0.000000,0.000000,,,,,,,,,,,,
188128,,,,,,,,,,,0.000000,0.000000,0.000000,0.000000,0.000000,0.000000,,,,,,,,,,,,
188133,,,,,,,,,,,0.000000,0.000000,0.000000,0.000000,0.000000,0.000000,,,,,,,,,,,,
188138,,,,,,,,,,,0.000000,0.000000,0.000000,0.000000,0.000000,0.000000,,,,,,,,,,,,
188143,,,,,,,,,,,0.000000,0.000000,0.000000,0.000000,0.000000,0.000000,,,,,,,,,,,,
188148,,,,,,,,,,,0.000000,0.000000,0.000000,0.000000,0.000000,0.000000,,,,,,,,,,,,
188153,,,,,,,,,,,0.000000,0.000000,0.000000,0.000000,0.000000,0.000000,,,,,,,,,,,,
188158,,,,,,,,,,,0.000000,0.000000,0.000000,0.000000,0.000000,0.000000,,,,,,,,,,,,
188163,,,,,,,,,,,0.000000,0.000000,0.000000,0.000000,0.000000,0.000000,,,,,,,,,,,,
188168,,,,,,,,,,,0.000000,0.000000,0.000000,0.000000,0.000000,0.000000,,,,,,,,,,,,
188173,,,,,,,,,,,0.000000,0.000000,0.000000,0.000000,0.000000,0.000000,,,,,,,,,,,,
188178,,,,,,,,,,,0.000000,0.000000,0.000000,0.000000,0.000000,0.000000,,,,,,,,,,,,
188183,,,,,,,,,,,0.000000,0.000000,0.000000,0.000000,0.000000,0.000000,,,,,,,,,,,,
188195,,,,,,,,,,,0.000000,0.000000,0.000000,0.000000,0.000000,0.000000,,,,,,,,,,,,
188198,,,,,,,,,,,0.000000,0.000000,0.000000,0.000000,0.000000,0.000000,,,,,,,,,,,,
188203,,,,,,,,,,,0.000000,0.000000,0.000000,0.000000,0.000000,0.000000,,,,,,,,,,,,
188208,,,,,,,,,,,0.000000,0.000000,0.000000,0.000000,0.000000,0.000000,,,,,,,,,,,,
188213,,,,,,,,,,,0.000000,0.000000,0.000000,0.000000,0.000000,0.000000,,,,,,,,,,,,
188218,,,,,,,,,,,0.000000,0.000000,0.000000,0.000000,0.000000,0.000000,,,,,,,,,,,,
188223,,,,,,,,,,,0.000000,0.000000,0.000000,0.000000,0.000000,0.000000,,,,,,,,,,,,
188228,,,,,,,,,,,0.000000,0.000000,0.000000,0.000000,0.000000,0.000000,,,,,,,,,,,,
188233,,,,,,,,,,,0.000000,0.000000,0.000000,0.000000,0.000000,0.000000,,,,,,,,,,,,
188238,,,,,,,,,,,0.000000,0.000000,0.000000,0.000000,0.000000,0.000000,,,,,,,,,,,,
188243,,,,,,,,,,,0.000000,0.000000,0.000000,0.000000,0.000000,0.000000,,,,,,,,,,,,
188255,,,,,,,,,,,0.000000,0.000000,0.000000,0.000000,0.000000,0.000000,,,,,,,,,,,,
188258,,,,,,,,,,,0.000000,0.000000,0.000000,0.000000,0.000000,0.000000,,,,,,,,,,,,
188263,,,,,,,,,,,0.000000,0.000000,0.000000,0.000000,0.000000,0.000000,,,,,,,,,,,,
188268,,,,,,,,,,,0.000000,0.000000,0.000000,0.000000,0.000000,0.000000,,,,,,,,,,,,
188273,,,,,,,,,,,0.000000,0.000000,0.000000,0.000000,0.000000,0.000000,,,,,,,,,,,,
188278,,,,,,,,,,,0.000000,0.000000,0.000000,0.000000,0.000000,0.000000,,,,,,,,,,,,
188283,,,,,,,,,,,0.000000,0.000000,0.000000,0.000000,0.000000,0.000000,,,,,,,,,,,,
188288,,,,,,,,,,,0.000000,0.000000,0.000000,0.000000,0.000000,0.000000,,,,,,,,,,,,
188293,,,,,,,,,,,0.000000,0.000000,0.000000,0.000000,0.000000,0.000000,,,,,,,,,,,,
188298,,,,,,,,,,,0.000000,0.000000,0.000000,0.000000,0.000000,0.000000,,,,,,,,,,,,
188303,,,,,,,,,,,0.000000,0.000000,0.000000,0.000000,0.000000,0.000000,,,,,,,,,,,,
188315,,,,,,,,,,,0.000000,0.000000,0.000000,0.000000,0.000000,0.000000,,,,,,,,,,,,
188318,,,,,,,,,,,0.000000,0.000000,0.000000,0.000000,0.000000,0.000000,,,,,,,,,,,,
188323,,,,,,,,,,,0.000000,0.000000,0.000000,0.000000,0.000000,0.000000,,,,,,,,,,,,
188328,,,,,,,,,,,0.000000,0.000000,0.000000,0.000000,0.000000,0.000000,,,,,,,,,,,,
188333,,,,,,,,,,,0.000000,0.000000,0.000000,0.000000,0.000000,0.000000,,,,,,,,,,,,
188338,,,,,,,,,,,0.000000,0.000000,0.000000,0.000000,0.000000,0.000000,,,,,,,,,,,,
188343,,,,,,,,,,,0.000000,0.000000,0.000000,0.000000,0.000000,0.000000,,,,,,,,,,,,
188348,,,,,,,,,,,0.000000,0.000000,0.000000,0.000000,0.000000,0.000000,,,,,,,,,,,,
188353,,,,,,,,,,,0.000000,0.000000,0.000000,0.000000,0.000000,0.000000,,,,,,,,,,,,
188358,,,,,,,,,,,0.000000,0.000000,0.000000,0.000000,0.000000,0.000000,,,,,,,,,,,,
188363,,,,,,,,,,,0.000000,0.000000,0.000000,0.000000,0.000000,0.000000,,,,,,,,,,,,
188375,,,,,,,,,,,0.000000,0.000000,0.000000,0.000000,0.000000,0.000000,,,,,,,,,,,,
188378,,,,,,,,,,,0.000000,0.000000,0.000000,0.000000,0.000000,0.000000,,,,,,,,,,,,
188383,,,,,,,,,,,0.000000,0.000000,0.000000,0.000000,0.000000,0.000000,,,,,,,,,,,,
188388,,,,,,,,,,,0.000000,0.000000,0.000000,0.000000,0.000000,0.000000,,,,,,,,,,,,
188393,,,,,,,,,,,0.000000,0.000000,0.000000,0.000000,0.000000,0.000000,,,,,,,,,,,,
188398,,,,,,,,,,,0.000000,0.000000,0.000000,0.000000,0.000000,0.000000,,,,,,,,,,,,
188403,,,,,,,,,,,0.000000,0.000000,0.000000,0.000000,0.000000,0.000000,,,,,,,,,,,,
188408,,,,,,,,,,,0.000000,0.000000,0.000000,0.000000,0.000000,0.000000,,,,,,,,,,,,
188413,,,,,,,,,,,0.000000,0.000000,0.000000,0.000000,0.000000,0.000000,,,,,,,,,,,,
188418,,,,,,,,,,,0.000000,0.000000,0.000000,0.000000,0.000000,0.000000,,,,,,,,,,,,
188423,,,,,,,,,,,0.000000,0.000000,0.000000,0.000000,0.000000,0.000000,,,,,,,,,,,,
188428,,,,,,,,,,,0.000000,0.000000,0.000000,0.000000,0.000000,0.000000,,,,,,,,,,,,
188433,,,,,,,,,,,0.000000,0.000000,0.000000,0.000000,0.000000,0.000000,,,,,,,,,,,,
188438,,,,,,,,,,,0.000000,0.000000,0.000000,0.000000,0.000000,0.000000,,,,,,,,,,,,
188443,,,,,,,,,,,0.000000,0.000000,0.000000,0.000000,0.000000,0.000000,,,,,,,,,,,,
188455,,,,,,,,,,,0.000000,0.000000,0.000000,0.000000,0.000000,0.000000,,,,,,,,,,,,
188458,,,,,,,,,,,0.000000,0.000000,0.000000,0.000000,0.000000,0.000000,,,,,,,,,,,,
188463,,,,,,,,,,,0.000000,0.000000,0.000000,0.000000,0.000000,0.000000,,,,,,,,,,,,
188468,,,,,,,,,,,0.000000,0.000000,0.000000,0.000000,0.000000,0.000000,,,,,,,,,,,,
188473,,,,,,,,,,,0.000000,0.000000,0.000000,0.000000,0.000000,0.000000,,,,,,,,,,,,
188478,,,,,,,,,,,0.000000,0.000000,0.000000,0.000000,0.000000,0.000000,,,,,,,,,,,,
188483,,,,,,,,,,,0.000000,0.000000,0.000000,0.000000,0.000000,0.000000,,,,,,,,,,,,
188488,,,,,,,,,,,0.000000,0.000000,0.000000,0.000000,0.000000,0.000000,,,,,,,,,,,,
188493,,,,,,,,,,,0.000000,0.000000,0.000000,0.000000,0.000000,0.000000,,,,,,,,,,,,
188498,,,,,,,,,,,0.000000,0.000000,0.000000,0.000000,0.000000,0.000000,,,,,,,,,,,,
188503,,,,,,,,,,,0.000000,0.000000,0.000000,0.000000,0.000000,0.000000,,,,,,,,,,,,
188526,,,,,,,,,,,0.000000,0.000000,0.000000,0.000000,0.000000,0.000000,,,,,,,,,,,,
188528,,,,,,,,,,,0.000000,0.000000,0.000000,0.000000,0.000000,0.000000,,,,,,,,,,,,
188533,,,,,,,,,,,0.000000,0.000000,0.000000,0.000000,0.000000,0.000000,,,,,,,,,,,,
188538,,,,,,,,,,,0.000000,0.000000,0.000000,0.000000,0.000000,0.000000,,,,,,,,,,,,
188543,,,,,,,,,,,0.000000,0.000000,0.000000,0.000000,0.000000,0.000000,,,,,,,,,,,,
188548,,,,,,,,,,,0.000000,0.000000,0.000000,0.000000,0.000000,0.000000,,,,,,,,,,,,
188553,,,,,,,,,,,0.000000,0.000000,0.000000,0.000000,0.000000,0.000000,,,,,,,,,,,,
188558,,,,,,,,,,,0.000000,0.000000,0.000000,0.000000,0.000000,0.000000,,,,,,,,,,,,
188563,,,,,,,,,,,0.000000,0.000000,0.000000,0.000000,0.000000,0.000000,,,,,,,,,,,,
188575,,,,,,,,,,,0.000000,0.000000,0.000000,0.000000,0.000000,0.000000,,,,,,,,,,,,
188578,,,,,,,,,,,0.000000,0.000000,0.000000,0.000000,0.000000,0.000000,,,,,,,,,,,,
188583,,,,,,,,,,,0.000000,0.000000,0.000000,0.000000,0.000000,0.000000,,,,,,,,,,,,
188588,,,,,,,,,,,0.000000,0.000000,0.000000,0.000000,0.000000,0.000000,,,,,,,,,,,,
188593,,,,,,,,,,,0.000000,0.000000,0.000000,0.000000,0.000000,0.000000,,,,,,,,,,,,
188598,,,,,,,,,,,0.000000,0.000000,0.000000,0.000000,0.000000,0.000000,,,,,,,,,,,,
188603,,,,,,,,,,,0.000000,0.000000,0.000000,0.000000,0.000000,0.000000,,,,,,,,,,,,
188608,,,,,,,,,,,0.000000,0.000000,0.000000,0.000000,0.000000,0.000000,,,,,,,,,,,,
188613,,,,,,,,,,,0.000000,0.000000,0.000000,0.000000,0.000000,0.000000,,,,,,,,,,,,
188618,,,,,,,,,,,0.000000,0.000000,0.000000,0.000000,0.000000,0.000000,,,,,,,,,,,,
188623,,,,,,,,,,,0.000000,0.000000,0.000000,0.000000,0.000000,0.000000,,,,,,,,,,,,
188628,,,,,,,,,,,0.000000,0.000000,0.000000,0.000000,0.000000,0.000000,,,,,,,,,,,,
188633,,,,,,,,,,,0.000000,0.000000,0.000000,0.000000,0.000000,0.000000,,,,,,,,,,,,
188638,,,,,,,,,,,0.000000,0.000000,0.000000,0.000000,0.000000,0.000000,,,,,,,,,,,,
188643,,,,,,,,,,,0.000000,0.000000,0.000000,0.000000,0.000000,0.000000,,,,,,,,,,,,
188655,,,,,,,,,,,0.000000,0.000000,0.000000,0.000000,0.000000,0.000000,,,,,,,,,,,,
188658,,,,,,,,,,,0.000000,0.000000,0.000000,0.000000,0.000000,0.000000,,,,,,,,,,,,
188663,,,,,,,,,,,0.000000,0.000000,0.000000,0.000000,0.000000,0.000000,,,,,,,,,,,,
188668,,,,,,,,,,,0.000000,0.000000,0.000000,0.000000,0.000000,0.000000,,,,,,,,,,,,
188673,,,,,,,,,,,0.000000,0.000000,0.000000,0.000000,0.000000,0.000000,,,,,,,,,,,,
188678,,,,,,,,,,,0.000000,0.000000,0.000000,0.000000,0.000000,0.000000,,,,,,,,,,,,
188683,,,,,,,,,,,0.000000,0.000000,0.000000,0.000000,0.000000,0.000000,,,,,,,,,,,,
188688,,,,,,,,,,,0.000000,0.000000,0.000000,0.000000,0.000000,0.000000,,,,,,,,,,,,
188693,,,,,,,,,,,0.000000,0.000000,0.000000,0.000000,0.000000,0.000000,,,,,,,,,,,,
188698,,,,,,,,,,,0.000000,0.000000,0.000000,0.000000,0.000000,0.000000,,,,,,,,,,,,
188703,,,,,,,,,,,0.000000,0.000000,0.000000,0.000000,0.000000,0.000000,,,,,,,,,,,,
188715,,,,,,,,,,,0.000000,0.000000,0.000000,0.000000,0.000000,0.000000,,,,,,,,,,,,
188718,,,,,,,,,,,0.000000,0.000000,0.000000,0.000000,0.000000,0.000000,,,,,,,,,,,,
188723,,,,,,,,,,,0.000000,0.000000,0.000000,0.000000,0.000000,0.000000,,,,,,,,,,,,
188728,,,,,,,,,,,0.000000,0.000000,0.000000,0.000000,0.000000,0.000000,,,,,,,,,,,,
188733,,,,,,,,,,,0.000000,0.000000,0.000000,0.000000,0.000000,0.000000,,,,,,,,,,,,
188738,,,,,,,,,,,0.000000,0.000000,0.000000,0.000000,0.000000,0.000000,,,,,,,,,,,,
188743,,,,,,,,,,,0.000000,0.000000,0.000000,0.000000,0.000000,0.000000,,,,,,,,,,,,
188748,,,,,,,,,,,0.000000,0.000000,0.000000,0.000000,0.000000,0.000000,,,,,,,,,,,,
188753,,,,,,,,,,,0.000000,0.000000,0.000000,0.000000,0.000000,0.000000,,,,,,,,,,,,
188758,,,,,,,,,,,0.000000,0.000000,0.000000,0.000000,0.000000,0.000000,,,,,,,,,,,,
188763,,,,,,,,,,,0.000000,0.000000,0.000000,0.000000,0.000000,0.000000,,,,,,,,,,,,
188775,,,,,,,,,,,0.000000,0.000000,0.000000,0.000000,0.000000,0.000000,,,,,,,,,,,,
188778,,,,,,,,,,,0.000000,0.000000,0.000000,0.000000,0.000000,0.000000,,,,,,,,,,,,
188783,,,,,,,,,,,0.000000,0.000000,0.000000,0.000000,0.000000,0.000000,,,,,,,,,,,,
188788,,,,,,,,,,,0.000000,0.000000,0.000000,0.000000,0.000000,0.000000,,,,,,,,,,,,
188793,,,,,,,,,,,0.000000,0.000000,0.000000,0.000000,0.000000,0.000000,,,,,,,,,,,,
188798,,,,,,,,,,,0.000000,0.000000,0.000000,0.000000,0.000000,0.000000,,,,,,,,,,,,
188803,,,,,,,,,,,0.000000,0.000000,0.000000,0.000000,0.000000,0.000000,,,,,,,,,,,,
188808,,,,,,,,,,,0.000000,0.000000,0.000000,0.000000,0.000000,0.000000,,,,,,,,,,,,
188813,,,,,,,,,,,0.000000,0.000000,0.000000,0.000000,0.000000,0.000000,,,,,,,,,,,,
188818,,,,,,,,,,,0.000000,0.000000,0.000000,0.000000,0.000000,0.000000,,,,,,,,,,,,
188823,,,,,,,,,,,0.000000,0.000000,0.000000,0.000000,0.000000,0.000000,,,,,,,,,,,,
188835,,,,,,,,,,,0.000000,0.000000,0.000000,0.000000,0.000000,0.000000,,,,,,,,,,,,
188838,,,,,,,,,,,0.000000,0.000000,0.000000,0.000000,0.000000,0.000000,,,,,,,,,,,,
188843,,,,,,,,,,,0.000000,0.000000,0.000000,0.000000,0.000000,0.000000,,,,,,,,,,,,
188848,,,,,,,,,,,0.000000,0.000000,0.000000,0.000000,0.000000,0.000000,,,,,,,,,,,,
188853,,,,,,,,,,,0.000000,0.000000,0.000000,0.000000,0.000000,0.000000,,,,,,,,,,,,
188858,,,,,,,,,,,0.000000,0.000000,0.000000,0.000000,0.000000,0.000000,,,,,,,,,,,,
188863,,,,,,,,,,,0.000000,0.000000,0.000000,0.000000,0.000000,0.000000,,,,,,,,,,,,
188868,,,,,,,,,,,0.000000,0.000000,0.000000,0.000000,0.000000,0.000000,,,,,,,,,,,,
188873,,,,,,,,,,,0.000000,0.000000,0.000000,0.000000,0.000000,0.000000,,,,,,,,,,,,
188878,,,,,,,,,,,0.000000,0.000000,0.000000,0.000000,0.000000,0.000000,,,,,,,,,,,,
188883,,,,,,,,,,,0.000000,0.000000,0.000000,0.000000,0.000000,0.000000,,,,,,,,,,,,
188888,,,,,,,,,,,0.000000,0.000000,0.000000,0.000000,0.000000,0.000000,,,,,,,,,,,,
188893,,,,,,,,,,,0.000000,0.000000,0.000000,0.000000,0.000000,0.000000,,,,,,,,,,,,
188898,,,,,,,,,,,0.000000,0.000000,0.000000,0.000000,0.000000,0.000000,,,,,,,,,,,,
188903,,,,,,,,,,,0.000000,0.000000,0.000000,0.000000,0.000000,0.000000,,,,,,,,,,,,
188915,,,,,,,,,,,0.000000,0.000000,0.000000,0.000000,0.000000,0.000000,,,,,,,,,,,,
188918,,,,,,,,,,,0.000000,0.000000,0.000000,0.000000,0.000000,0.000000,,,,,,,,,,,,
188923,,,,,,,,,,,0.000000,0.000000,0.000000,0.000000,0.000000,0.000000,,,,,,,,,,,,
188928,,,,,,,,,,,0.000000,0.000000,0.000000,0.000000,0.000000,0.000000,,,,,,,,,,,,
188933,,,,,,,,,,,0.000000,0.000000,0.000000,0.000000,0.000000,0.000000,,,,,,,,,,,,
188938,,,,,,,,,,,0.000000,0.000000,0.000000,0.000000,0.000000,0.000000,,,,,,,,,,,,
188943,,,,,,,,,,,0.000000,0.000000,0.000000,0.000000,0.000000,0.000000,,,,,,,,,,,,
188948,,,,,,,,,,,0.000000,0.000000,0.000000,0.000000,0.000000,0.000000,,,,,,,,,,,,
188953,,,,,,,,,,,0.000000,0.000000,0.000000,0.000000,0.000000,0.000000,,,,,,,,,,,,
188958,,,,,,,,,,,0.000000,0.000000,0.000000,0.000000,0.000000,0.000000,,,,,,,,,,,,
188963,,,,,,,,,,,0.000000,0.000000,0.000000,0.000000,0.000000,0.000000,,,,,,,,,,,,
188975,,,,,,,,,,,0.000000,0.000000,0.000000,0.000000,0.000000,0.000000,,,,,,,,,,,,
188978,,,,,,,,,,,0.000000,0.000000,0.000000,0.000000,0.000000,0.000000,,,,,,,,,,,,
188983,,,,,,,,,,,0.000000,0.000000,0.000000,0.000000,0.000000,0.000000,,,,,,,,,,,,
188988,,,,,,,,,,,0.000000,0.000000,0.000000,0.000000,0.000000,0.000000,,,,,,,,,,,,
188993,,,,,,,,,,,0.000000,0.000000,0.000000,0.000000,0.000000,0.000000,,,,,,,,,,,,
188998,,,,,,,,,,,0.000000,0.000000,0.000000,0.000000,0.000000,0.000000,,,,,,,,,,,,
189003,,,,,,,,,,,0.000000,0.000000,0.000000,0.000000,0.000000,0.000000,,,,,,,,,,,,
189008,,,,,,,,,,,0.000000,0.000000,0.000000,0.000000,0.000000,0.000000,,,,,,,,,,,,
189013,,,,,,,,,,,0.000000,0.000000,0.000000,0.000000,0.000000,0.000000,,,,,,,,,,,,
189018,,,,,,,,,,,0.000000,0.000000,0.000000,0.000000,0.000000,0.000000,,,,,,,,,,,,
189023,,,,,,,,,,,0.000000,0.000000,0.000000,0.000000,0.000000,0.000000,,,,,,,,,,,,
189035,,,,,,,,,,,0.000000,0.000000,0.000000,0.000000,0.000000,0.000000,,,,,,,,,,,,
189038,,,,,,,,,,,0.000000,0.000000,0.000000,0.000000,0.000000,0.000000,,,,,,,,,,,,
189043,,,,,,,,,,,0.000000,0.000000,0.000000,0.000000,0.000000,0.000000,,,,,,,,,,,,
189048,,,,,,,,,,,0.000000,0.000000,0.000000,0.000000,0.000000,0.000000,,,,,,,,,,,,
189053,,,,,,,,,,,0.000000,0.000000,0.000000,0.000000,0.000000,0.000000,,,,,,,,,,,,
189058,,,,,,,,,,,0.000000,0.000000,0.000000,0.000000,0.000000,0.000000,,,,,,,,,,,,
189063,,,,,,,,,,,0.000000,0.000000,0.000000,0.000000,0.000000,0.000000,,,,,,,,,,,,
189068,,,,,,,,,,,0.000000,0.000000,0.000000,0.000000,0.000000,0.000000,,,,,,,,,,,,
189073,,,,,,,,,,,0.000000,0.000000,0.000000,0.000000,0.000000,0.000000,,,,,,,,,,,,
189078,,,,,,,,,,,0.000000,0.000000,0.000000,0.000000,0.000000,0.000000,,,,,,,,,,,,
189083,,,,,,,,,,,0.000000,0.000000,0.000000,0.000000,0.000000,0.000000,,,,,,,,,,,,
189088,,,,,,,,,,,0.000000,0.000000,0.000000,0.000000,0.000000,0.000000,,,,,,,,,,,,
189093,,,,,,,,,,,0.000000,0.000000,0.000000,0.000000,0.000000,0.000000,,,,,,,,,,,,
189098,,,,,,,,,,,0.000000,0.000000,0.000000,0.000000,0.000000,0.000000,,,,,,,,,,,,
189103,,,,,,,,,,,0.000000,0.000000,0.000000,0.000000,0.000000,0.000000,,,,,,,,,,,,
189115,,,,,,,,,,,0.000000,0.000000,0.000000,0.000000,0.000000,0.000000,,,,,,,,,,,,
189118,,,,,,,,,,,0.000000,0.000000,0.000000,0.000000,0.000000,0.000000,,,,,,,,,,,,
189123,,,,,,,,,,,0.000000,0.000000,0.000000,0.000000,0.000000,0.000000,,,,,,,,,,,,
189128,,,,,,,,,,,0.000000,0.000000,0.000000,0.000000,0.000000,0.000000,,,,,,,,,,,,
189133,,,,,,,,,,,0.000000,0.000000,0.000000,0.000000,0.000000,0.000000,,,,,,,,,,,,
189138,,,,,,,,,,,0.000000,0.000000,0.000000,0.000000,0.000000,0.000000,,,,,,,,,,,,
189143,,,,,,,,,,,0.000000,0.000000,0.000000,0.000000,0.000000,0.000000,,,,,,,,,,,,
189148,,,,,,,,,,,0.000000,0.000000,0.000000,0.000000,0.000000,0.000000,,,,,,,,,,,,
189153,,,,,,,,,,,0.000000,0.000000,0.000000,0.000000,0.000000,0.000000,,,,,,,,,,,,
189158,,,,,,,,,,,0.000000,0.000000,0.000000,0.000000,0.000000,0.000000,,,,,,,,,,,,
189163,,,,,,,,,,,0.000000,0.000000,0.000000,0.000000,0.000000,0.000000,,,,,,,,,,,,
189175,,,,,,,,,,,0.000000,0.000000,0.000000,0.000000,0.000000,0.000000,,,,,,,,,,,,
189178,,,,,,,,,,,0.000000,0.000000,0.000000,0.000000,0.000000,0.000000,,,,,,,,,,,,
189183,,,,,,,,,,,0.000000,0.000000,0.000000,0.000000,0.000000,0.000000,,,,,,,,,,,,
189188,,,,,,,,,,,0.000000,0.000000,0.000000,0.000000,0.000000,0.000000,,,,,,,,,,,,
189193,,,,,,,,,,,0.000000,0.000000,0.000000,0.000000,0.000000,0.000000,,,,,,,,,,,,
189198,,,,,,,,,,,0.000000,0.000000,0.000000,0.000000,0.000000,0.000000,,,,,,,,,,,,
189203,,,,,,,,,,,0.000000,0.000000,0.000000,0.000000,0.000000,0.000000,,,,,,,,,,,,
189208,,,,,,,,,,,0.000000,0.000000,0.000000,0.000000,0.000000,0.000000,,,,,,,,,,,,
189213,,,,,,,,,,,0.000000,0.000000,0.000000,0.000000,0.000000,0.000000,,,,,,,,,,,,
189218,,,,,,,,,,,0.000000,0.000000,0.000000,0.000000,0.000000,0.000000,,,,,,,,,,,,
189223,,,,,,,,,,,0.000000,0.000000,0.000000,0.000000,0.000000,0.000000,,,,,,,,,,,,
189235,,,,,,,,,,,0.000000,0.000000,0.000000,0.000000,0.000000,0.000000,,,,,,,,,,,,
189238,,,,,,,,,,,0.000000,0.000000,0.000000,0.000000,0.000000,0.000000,,,,,,,,,,,,
189243,,,,,,,,,,,0.000000,0.000000,0.000000,0.000000,0.000000,0.000000,,,,,,,,,,,,
189248,,,,,,,,,,,0.000000,0.000000,0.000000,0.000000,0.000000,0.000000,,,,,,,,,,,,
189253,,,,,,,,,,,0.000000,0.000000,0.000000,0.000000,0.000000,0.000000,,,,,,,,,,,,
189258,,,,,,,,,,,0.000000,0.000000,0.000000,0.000000,0.000000,0.000000,,,,,,,,,,,,
189263,,,,,,,,,,,0.000000,0.000000,0.000000,0.000000,0.000000,0.000000,,,,,,,,,,,,
189268,,,,,,,,,,,0.000000,0.000000,0.000000,0.000000,0.000000,0.000000,,,,,,,,,,,,
189273,,,,,,,,,,,0.000000,0.000000,0.000000,0.000000,0.000000,0.000000,,,,,,,,,,,,
189278,,,,,,,,,,,0.000000,0.000000,0.000000,0.000000,0.000000,0.000000,,,,,,,,,,,,
189283,,,,,,,,,,,0.000000,0.000000,0.000000,0.000000,0.000000,0.000000,,,,,,,,,,,,
189295,,,,,,,,,,,0.000000,0.000000,0.000000,0.000000,0.000000,0.000000,,,,,,,,,,,,
189298,,,,,,,,,,,0.000000,0.000000,0.000000,0.000000,0.000000,0.000000,,,,,,,,,,,,
189303,,,,,,,,,,,0.000000,0.000000,0.000000,0.000000,0.000000,0.000000,,,,,,,,,,,,
189308,,,,,,,,,,,0.000000,0.000000,0.000000,0.000000,0.000000,0.000000,,,,,,,,,,,,
189313,,,,,,,,,,,0.000000,0.000000,0.000000,0.000000,0.000000,0.000000,,,,,,,,,,,,
189318,,,,,,,,,,,0.000000,0.000000,0.000000,0.000000,0.000000,0.000000,,,,,,,,,,,,
189323,,,,,,,,,,,0.000000,0.000000,0.000000,0.000000,0.000000,0.000000,,,,,,,,,,,,
189328,,,,,,,,,,,0.000000,0.000000,0.000000,0.000000,0.000000,0.000000,,,,,,,,,,,,
189333,,,,,,,,,,,0.000000,0.000000,0.000000,0.000000,0.000000,0.000000,,,,,,,,,,,,
189338,,,,,,,,,,,0.000000,0.000000,0.000000,0.000000,0.000000,0.000000,,,,,,,,,,,,
189343,,,,,,,,,,,0.000000,0.000000,0.000000,0.000000,0.000000,0.000000,,,,,,,,,,,,
189348,,,,,,,,,,,0.000000,0.000000,0.000000,0.000000,0.000000,0.000000,,,,,,,,,,,,
189353,,,,,,,,,,,0.000000,0.000000,0.000000,0.000000,0.000000,0.000000,,,,,,,,,,,,
189358,,,,,,,,,,,0.000000,0.000000,0.000000,0.000000,0.000000,0.000000,,,,,,,,,,,,
189363,,,,,,,,,,,0.000000,0.000000,0.000000,0.000000,0.000000,0.000000,,,,,,,,,,,,
189375,,,,,,,,,,,0.000000,0.000000,0.000000,0.000000,0.000000,0.000000,,,,,,,,,,,,
189378,,,,,,,,,,,0.000000,0.000000,0.000000,0.000000,0.000000,0.000000,,,,,,,,,,,,
189383,,,,,,,,,,,0.000000,0.000000,0.000000,0.000000,0.000000,0.000000,,,,,,,,,,,,
189388,,,,,,,,,,,0.000000,0.000000,0.000000,0.000000,0.000000,0.000000,,,,,,,,,,,,
189393,,,,,,,,,,,0.000000,0.000000,0.000000,0.000000,0.000000,0.000000,,,,,,,,,,,,
189398,,,,,,,,,,,0.000000,0.000000,0.000000,0.000000,0.000000,0.000000,,,,,,,,,,,,
189403,,,,,,,,,,,0.000000,0.000000,0.000000,0.000000,0.000000,0.000000,,,,,,,,,,,,
189408,,,,,,,,,,,0.000000,0.000000,0.000000,0.000000,0.000000,0.000000,,,,,,,,,,,,
189413,,,,,,,,,,,0.000000,0.000000,0.000000,0.000000,0.000000,0.000000,,,,,,,,,,,,
189418,,,,,,,,,,,0.000000,0.000000,0.000000,0.000000,0.000000,0.000000,,,,,,,,,,,,
189423,,,,,,,,,,,0.000000,0.000000,0.000000,0.000000,0.000000,0.000000,,,,,,,,,,,,
189435,,,,,,,,,,,0.000000,0.000000,0.000000,0.000000,0.000000,0.000000,,,,,,,,,,,,
189438,,,,,,,,,,,0.000000,0.000000,0.000000,0.000000,0.000000,0.000000,,,,,,,,,,,,
189443,,,,,,,,,,,0.000000,0.000000,0.000000,0.000000,0.000000,0.000000,,,,,,,,,,,,
189448,,,,,,,,,,,0.000000,0.000000,0.000000,0.000000,0.000000,0.000000,,,,,,,,,,,,
189453,,,,,,,,,,,0.000000,0.000000,0.000000,0.000000,0.000000,0.000000,,,,,,,,,,,,
189458,,,,,,,,,,,0.000000,0.000000,0.000000,0.000000,0.000000,0.000000,,,,,,,,,,,,
189463,,,,,,,,,,,0.000000,0.000000,0.000000,0.000000,0.000000,0.000000,,,,,,,,,,,,
189468,,,,,,,,,,,0.000000,0.000000,0.000000,0.000000,0.000000,0.000000,,,,,,,,,,,,
189473,,,,,,,,,,,0.000000,0.000000,0.000000,0.000000,0.000000,0.000000,,,,,,,,,,,,
189478,,,,,,,,,,,0.000000,0.000000,0.000000,0.000000,0.000000,0.000000,,,,,,,,,,,,
189483,,,,,,,,,,,0.000000,0.000000,0.000000,0.000000,0.000000,0.000000,,,,,,,,,,,,
189495,,,,,,,,,,,0.000000,0.000000,0.000000,0.000000,0.000000,0.000000,,,,,,,,,,,,
189498,,,,,,,,,,,0.000000,0.000000,0.000000,0.000000,0.000000,0.000000,,,,,,,,,,,,
189503,,,,,,,,,,,0.000000,0.000000,0.000000,0.000000,0.000000,0.000000,,,,,,,,,,,,
189508,,,,,,,,,,,0.000000,0.000000,0.000000,0.000000,0.000000,0.000000,,,,,,,,,,,,
189513,,,,,,,,,,,0.000000,0.000000,0.000000,0.000000,0.000000,0.000000,,,,,,,,,,,,
189518,,,,,,,,,,,0.000000,0.000000,0.000000,0.000000,0.000000,0.000000,,,,,,,,,,,,
189523,,,,,,,,,,,0.000000,0.000000,0.000000,0.000000,0.000000,0.000000,,,,,,,,,,,,
189528,,,,,,,,,,,0.000000,0.000000,0.000000,0.000000,0.000000,0.000000,,,,,,,,,,,,
189533,,,,,,,,,,,0.000000,0.000000,0.000000,0.000000,0.000000,0.000000,,,,,,,,,,,,
189538,,,,,,,,,,,0.000000,0.000000,0.000000,0.000000,0.000000,0.000000,,,,,,,,,,,,
189543,,,,,,,,,,,0.000000,0.000000,0.000000,0.000000,0.000000,0.000000,,,,,,,,,,,,
189555,,,,,,,,,,,0.000000,0.000000,0.000000,0.000000,0.000000,0.000000,,,,,,,,,,,,
189558,,,,,,,,,,,0.000000,0.000000,0.000000,0.000000,0.000000,0.000000,,,,,,,,,,,,
189563,,,,,,,,,,,0.000000,0.000000,0.000000,0.000000,0.000000,0.000000,,,,,,,,,,,,
189568,,,,,,,,,,,0.000000,0.000000,0.000000,0.000000,0.000000,0.000000,,,,,,,,,,,,
189573,,,,,,,,,,,0.000000,0.000000,0.000000,0.000000,0.000000,0.000000,,,,,,,,,,,,
189578,,,,,,,,,,,0.000000,0.000000,0.000000,0.000000,0.000000,0.000000,,,,,,,,,,,,
189583,,,,,,,,,,,0.000000,0.000000,0.000000,0.000000,0.000000,0.000000,,,,,,,,,,,,
189588,,,,,,,,,,,0.000000,0.000000,0.000000,0.000000,0.000000,0.000000,,,,,,,,,,,,
189593,,,,,,,,,,,0.000000,0.000000,0.000000,0.000000,0.000000,0.000000,,,,,,,,,,,,
189598,,,,,,,,,,,0.000000,0.000000,0.000000,0.000000,0.000000,0.000000,,,,,,,,,,,,
189603,,,,,,,,,,,0.000000,0.000000,0.000000,0.000000,0.000000,0.000000,,,,,,,,,,,,
189608,,,,,,,,,,,0.000000,0.000000,0.000000,0.000000,0.000000,0.000000,,,,,,,,,,,,
189613,,,,,,,,,,,0.000000,0.000000,0.000000,0.000000,0.000000,0.000000,,,,,,,,,,,,
189618,,,,,,,,,,,0.000000,0.000000,0.000000,0.000000,0.000000,0.000000,,,,,,,,,,,,
189623,,,,,,,,,,,0.000000,0.000000,0.000000,0.000000,0.000000,0.000000,,,,,,,,,,,,
189635,,,,,,,,,,,0.000000,0.000000,0.000000,0.000000,0.000000,0.000000,,,,,,,,,,,,
189638,,,,,,,,,,,0.000000,0.000000,0.000000,0.000000,0.000000,0.000000,,,,,,,,,,,,
189643,,,,,,,,,,,0.000000,0.000000,0.000000,0.000000,0.000000,0.000000,,,,,,,,,,,,
189648,,,,,,,,,,,0.000000,0.000000,0.000000,0.000000,0.000000,0.000000,,,,,,,,,,,,
189653,,,,,,,,,,,0.000000,0.000000,0.000000,0.000000,0.000000,0.000000,,,,,,,,,,,,
189658,,,,,,,,,,,0.000000,0.000000,0.000000,0.000000,0.000000,0.000000,,,,,,,,,,,,
189663,,,,,,,,,,,0.000000,0.000000,0.000000,0.000000,0.000000,0.000000,,,,,,,,,,,,
189668,,,,,,,,,,,0.000000,0.000000,0.000000,0.000000,0.000000,0.000000,,,,,,,,,,,,
189673,,,,,,,,,,,0.000000,0.000000,0.000000,0.000000,0.000000,0.000000,,,,,,,,,,,,
189678,,,,,,,,,,,0.000000,0.000000,0.000000,0.000000,0.000000,0.000000,,,,,,,,,,,,
189683,,,,,,,,,,,0.000000,0.000000,0.000000,0.000000,0.000000,0.000000,,,,,,,,,,,,
189699,,,,,,,,,,,0.000000,0.000000,0.000000,0.000000,0.000000,0.000000,,,,,,,,,,,,
189703,,,,,,,,,,,0.000000,0.000000,0.000000,0.000000,0.000000,0.000000,,,,,,,,,,,,
189708,,,,,,,,,,,0.000000,0.000000,0.000000,0.000000,0.000000,0.000000,,,,,,,,,,,,
189713,,,,,,,,,,,0.000000,0.000000,0.000000,0.000000,0.000000,0.000000,,,,,,,,,,,,
189718,,,,,,,,,,,0.000000,0.000000,0.000000,0.000000,0.000000,0.000000,,,,,,,,,,,,
189723,,,,,,,,,,,0.000000,0.000000,0.000000,0.000000,0.000000,0.000000,,,,,,,,,,,,
189728,,,,,,,,,,,0.000000,0.000000,0.000000,0.000000,0.000000,0.000000,,,,,,,,,,,,
189733,,,,,,,,,,,0.000000,0.000000,0.000000,0.000000,0.000000,0.000000,,,,,,,,,,,,
189738,,,,,,,,,,,0.000000,0.000000,0.000000,0.000000,0.000000,0.000000,,,,,,,,,,,,
189743,,,,,,,,,,,0.000000,0.000000,0.000000,0.000000,0.000000,0.000000,,,,,,,,,,,,
189755,,,,,,,,,,,0.000000,0.000000,0.000000,0.000000,0.000000,0.000000,,,,,,,,,,,,
189758,,,,,,,,,,,0.000000,0.000000,0.000000,0.000000,0.000000,0.000000,,,,,,,,,,,,
189763,,,,,,,,,,,0.000000,0.000000,0.000000,0.000000,0.000000,0.000000,,,,,,,,,,,,
189768,,,,,,,,,,,0.000000,0.000000,0.000000,0.000000,0.000000,0.000000,,,,,,,,,,,,
189773,,,,,,,,,,,0.000000,0.000000,0.000000,0.000000,0.000000,0.000000,,,,,,,,,,,,
189778,,,,,,,,,,,0.000000,0.000000,0.000000,0.000000,0.000000,0.000000,,,,,,,,,,,,
189783,,,,,,,,,,,0.000000,0.000000,0.000000,0.000000,0.000000,0.000000,,,,,,,,,,,,
189788,,,,,,,,,,,0.000000,0.000000,0.000000,0.000000,0.000000,0.000000,,,,,,,,,,,,
189793,,,,,,,,,,,0.000000,0.000000,0.000000,0.000000,0.000000,0.000000,,,,,,,,,,,,
189798,,,,,,,,,,,0.000000,0.000000,0.000000,0.000000,0.000000,0.000000,,,,,,,,,,,,
189803,,,,,,,,,,,0.000000,0.000000,0.000000,0.000000,0.000000,0.000000,,,,,,,,,,,,
189808,,,,,,,,,,,0.000000,0.000000,0.000000,0.000000,0.000000,0.000000,,,,,,,,,,,,
189813,,,,,,,,,,,0.000000,0.000000,0.000000,0.000000,0.000000,0.000000,,,,,,,,,,,,
189818,,,,,,,,,,,0.000000,0.000000,0.000000,0.000000,0.000000,0.000000,,,,,,,,,,,,
189823,,,,,,,,,,,0.000000,0.000000,0.000000,0.000000,0.000000,0.000000,,,,,,,,,,,,
189835,,,,,,,,,,,0.000000,0.000000,0.000000,0.000000,0.000000,0.000000,,,,,,,,,,,,
189838,,,,,,,,,,,0.000000,0.000000,0.000000,0.000000,0.000000,0.000000,,,,,,,,,,,,
189843,,,,,,,,,,,0.000000,0.000000,0.000000,0.000000,0.000000,0.000000,,,,,,,,,,,,
189848,,,,,,,,,,,0.000000,0.000000,0.000000,0.000000,0.000000,0.000000,,,,,,,,,,,,
189853,,,,,,,,,,,0.000000,0.000000,0.000000,0.000000,0.000000,0.000000,,,,,,,,,,,,
189858,,,,,,,,,,,0.000000,0.000000,0.000000,0.000000,0.000000,0.000000,,,,,,,,,,,,
189863,,,,,,,,,,,0.000000,0.000000,0.000000,0.000000,0.000000,0.000000,,,,,,,,,,,,
189868,,,,,,,,,,,0.000000,0.000000,0.000000,0.000000,0.000000,0.000000,,,,,,,,,,,,
189873,,,,,,,,,,,0.000000,0.000000,0.000000,0.000000,0.000000,0.000000,,,,,,,,,,,,
189878,,,,,,,,,,,0.000000,0.000000,0.000000,0.000000,0.000000,0.000000,,,,,,,,,,,,
189883,,,,,,,,,,,0.000000,0.000000,0.000000,0.000000,0.000000,0.000000,,,,,,,,,,,,
189895,,,,,,,,,,,0.000000,0.000000,0.000000,0.000000,0.000000,0.000000,,,,,,,,,,,,
189898,,,,,,,,,,,0.000000,0.000000,0.000000,0.000000,0.000000,0.000000,,,,,,,,,,,,
189903,,,,,,,,,,,0.000000,0.000000,0.000000,0.000000,0.000000,0.000000,,,,,,,,,,,,
189908,,,,,,,,,,,0.000000,0.000000,0.000000,0.000000,0.000000,0.000000,,,,,,,,,,,,
189913,,,,,,,,,,,0.000000,0.000000,0.000000,0.000000,0.000000,0.000000,,,,,,,,,,,,
189918,,,,,,,,,,,0.000000,0.000000,0.000000,0.000000,0.000000,0.000000,,,,,,,,,,,,
189923,,,,,,,,,,,0.000000,0.000000,0.000000,0.000000,0.000000,0.000000,,,,,,,,,,,,
189928,,,,,,,,,,,0.000000,0.000000,0.000000,0.000000,0.000000,0.000000,,,,,,,,,,,,
189933,,,,,,,,,,,0.000000,0.000000,0.000000,0.000000,0.000000,0.000000,,,,,,,,,,,,
189938,,,,,,,,,,,0.000000,0.000000,0.000000,0.000000,0.000000,0.000000,,,,,,,,,,,,
189943,,,,,,,,,,,0.000000,0.000000,0.000000,0.000000,0.000000,0.000000,,,,,,,,,,,,
189955,,,,,,,,,,,0.000000,0.000000,0.000000,0.000000,0.000000,0.000000,,,,,,,,,,,,
189958,,,,,,,,,,,0.000000,0.000000,0.000000,0.000000,0.000000,0.000000,,,,,,,,,,,,
189963,,,,,,,,,,,0.000000,0.000000,0.000000,0.000000,0.000000,0.000000,,,,,,,,,,,,
189968,,,,,,,,,,,0.000000,0.000000,0.000000,0.000000,0.000000,0.000000,,,,,,,,,,,,
189973,,,,,,,,,,,0.000000,0.000000,0.000000,0.000000,0.000000,0.000000,,,,,,,,,,,,
189978,,,,,,,,,,,0.000000,0.000000,0.000000,0.000000,0.000000,0.000000,,,,,,,,,,,,
189983,,,,,,,,,,,0.000000,0.000000,0.000000,0.000000,0.000000,0.000000,,,,,,,,,,,,
189988,,,,,,,,,,,0.000000,0.000000,0.000000,0.000000,0.000000,0.000000,,,,,,,,,,,,
189993,,,,,,,,,,,0.000000,0.000000,0.000000,0.000000,0.000000,0.000000,,,,,,,,,,,,
189998,,,,,,,,,,,0.000000,0.000000,0.000000,0.000000,0.000000,0.000000,,,,,,,,,,,,
190003,,,,,,,,,,,0.000000,0.000000,0.000000,0.000000,0.000000,0.000000,,,,,,,,,,,,
190017,,,,,,,,,,,0.000000,0.000000,0.000000,0.000000,0.000000,0.000000,,,,,,,,,,,,
190018,,,,,,,,,,,0.000000,0.000000,0.000000,0.000000,0.000000,0.000000,,,,,,,,,,,,
190023,,,,,,,,,,,0.000000,0.000000,0.000000,0.000000,0.000000,0.000000,,,,,,,,,,,,
190028,,,,,,,,,,,0.000000,0.000000,0.000000,0.000000,0.000000,0.000000,,,,,,,,,,,,
190033,,,,,,,,,,,0.000000,0.000000,0.000000,0.000000,0.000000,0.000000,,,,,,,,,,,,
190038,,,,,,,,,,,0.000000,0.000000,0.000000,0.000000,0.000000,0.000000,,,,,,,,,,,,
190043,,,,,,,,,,,0.000000,0.000000,0.000000,0.000000,0.000000,0.000000,,,,,,,,,,,,
190048,,,,,,,,,,,0.000000,0.000000,0.000000,0.000000,0.000000,0.000000,,,,,,,,,,,,
190053,,,,,,,,,,,0.000000,0.000000,0.000000,0.000000,0.000000,0.000000,,,,,,,,,,,,
190058,,,,,,,,,,,0.000000,0.000000,0.000000,0.000000,0.000000,0.000000,,,,,,,,,,,,
190063,,,,,,,,,,,0.000000,0.000000,0.000000,0.000000,0.000000,0.000000,,,,,,,,,,,,
190068,,,,,,,,,,,0.000000,0.000000,0.000000,0.000000,0.000000,0.000000,,,,,,,,,,,,
190073,,,,,,,,,,,0.000000,0.000000,0.000000,0.000000,0.000000,0.000000,,,,,,,,,,,,
190078,,,,,,,,,,,0.000000,0.000000,0.000000,0.000000,0.000000,0.000000,,,,,,,,,,,,
190083,,,,,,,,,,,0.000000,0.000000,0.000000,0.000000,0.000000,0.000000,,,,,,,,,,,,
190095,,,,,,,,,,,0.000000,0.000000,0.000000,0.000000,0.000000,0.000000,,,,,,,,,,,,
190098,,,,,,,,,,,0.000000,0.000000,0.000000,0.000000,0.000000,0.000000,,,,,,,,,,,,
190103,,,,,,,,,,,0.000000,0.000000,0.000000,0.000000,0.000000,0.000000,,,,,,,,,,,,
190108,,,,,,,,,,,0.000000,0.000000,0.000000,0.000000,0.000000,0.000000,,,,,,,,,,,,
190113,,,,,,,,,,,0.000000,0.000000,0.000000,0.000000,0.000000,0.000000,,,,,,,,,,,,
190118,,,,,,,,,,,0.000000,0.000000,0.000000,0.000000,0.000000,0.000000,,,,,,,,,,,,
190123,,,,,,,,,,,0.000000,0.000000,0.000000,0.000000,0.000000,0.000000,,,,,,,,,,,,
190128,,,,,,,,,,,0.000000,0.000000,0.000000,0.000000,0.000000,0.000000,,,,,,,,,,,,
190133,,,,,,,,,,,0.000000,0.000000,0.000000,0.000000,0.000000,0.000000,,,,,,,,,,,,
190138,,,,,,,,,,,0.000000,0.000000,0.000000,0.000000,0.000000,0.000000,,,,,,,,,,,,
190143,,,,,,,,,,,0.000000,0.000000,0.000000,0.000000,0.000000,0.000000,,,,,,,,,,,,
190155,,,,,,,,,,,0.000000,0.000000,0.000000,0.000000,0.000000,0.000000,,,,,,,,,,,,
190158,,,,,,,,,,,0.000000,0.000000,0.000000,0.000000,0.000000,0.000000,,,,,,,,,,,,
190163,,,,,,,,,,,0.000000,0.000000,0.000000,0.000000,0.000000,0.000000,,,,,,,,,,,,
190168,,,,,,,,,,,0.000000,0.000000,0.000000,0.000000,0.000000,0.000000,,,,,,,,,,,,
190173,,,,,,,,,,,0.000000,0.000000,0.000000,0.000000,0.000000,0.000000,,,,,,,,,,,,
190178,,,,,,,,,,,0.000000,0.000000,0.000000,0.000000,0.000000,0.000000,,,,,,,,,,,,
190183,,,,,,,,,,,0.000000,0.000000,0.000000,0.000000,0.000000,0.000000,,,,,,,,,,,,
190188,,,,,,,,,,,0.000000,0.000000,0.000000,0.000000,0.000000,0.000000,,,,,,,,,,,,
190193,,,,,,,,,,,0.000000,0.000000,0.000000,0.000000,0.000000,0.000000,,,,,,,,,,,,
190198,,,,,,,,,,,0.000000,0.000000,0.000000,0.000000,0.000000,0.000000,,,,,,,,,,,,
190203,,,,,,,,,,,0.000000,0.000000,0.000000,0.000000,0.000000,0.000000,,,,,,,,,,,,
190215,,,,,,,,,,,0.000000,0.000000,0.000000,0.000000,0.000000,0.000000,,,,,,,,,,,,
190218,,,,,,,,,,,0.000000,0.000000,0.000000,0.000000,0.000000,0.000000,,,,,,,,,,,,
190223,,,,,,,,,,,0.000000,0.000000,0.000000,0.000000,0.000000,0.000000,,,,,,,,,,,,
190228,,,,,,,,,,,0.000000,0.000000,0.000000,0.000000,0.000000,0.000000,,,,,,,,,,,,
190233,,,,,,,,,,,0.000000,0.000000,0.000000,0.000000,0.000000,0.000000,,,,,,,,,,,,
190238,,,,,,,,,,,0.000000,0.000000,0.000000,0.000000,0.000000,0.000000,,,,,,,,,,,,
190243,,,,,,,,,,,0.000000,0.000000,0.000000,0.000000,0.000000,0.000000,,,,,,,,,,,,
190248,,,,,,,,,,,0.000000,0.000000,0.000000,0.000000,0.000000,0.000000,,,,,,,,,,,,
190253,,,,,,,,,,,0.000000,0.000000,0.000000,0.000000,0.000000,0.000000,,,,,,,,,,,,
190258,,,,,,,,,,,0.000000,0.000000,0.000000,0.000000,0.000000,0.000000,,,,,,,,,,,,
190263,,,,,,,,,,,0.000000,0.000000,0.000000,0.000000,0.000000,0.000000,,,,,,,,,,,,
190268,,,,,,,,,,,0.000000,0.000000,0.000000,0.000000,0.000000,0.000000,,,,,,,,,,,,
190273,,,,,,,,,,,0.000000,0.000000,0.000000,0.000000,0.000000,0.000000,,,,,,,,,,,,
190278,,,,,,,,,,,0.000000,0.000000,0.000000,0.000000,0.000000,0.000000,,,,,,,,,,,,
190283,,,,,,,,,,,0.000000,0.000000,0.000000,0.000000,0.000000,0.000000,,,,,,,,,,,,
190295,,,,,,,,,,,0.000000,0.000000,0.000000,0.000000,0.000000,0.000000,,,,,,,,,,,,
190298,,,,,,,,,,,0.000000,0.000000,0.000000,0.000000,0.000000,0.000000,,,,,,,,,,,,
190303,,,,,,,,,,,0.000000,0.000000,0.000000,0.000000,0.000000,0.000000,,,,,,,,,,,,
190308,,,,,,,,,,,0.000000,0.000000,0.000000,0.000000,0.000000,0.000000,,,,,,,,,,,,
190313,,,,,,,,,,,0.000000,0.000000,0.000000,0.000000,0.000000,0.000000,,,,,,,,,,,,
190318,,,,,,,,,,,0.000000,0.000000,0.000000,0.000000,0.000000,0.000000,,,,,,,,,,,,
190323,,,,,,,,,,,0.000000,0.000000,0.000000,0.000000,0.000000,0.000000,,,,,,,,,,,,
190328,,,,,,,,,,,0.000000,0.000000,0.000000,0.000000,0.000000,0.000000,,,,,,,,,,,,
190333,,,,,,,,,,,0.000000,0.000000,0.000000,0.000000,0.000000,0.000000,,,,,,,,,,,,
190338,,,,,,,,,,,0.000000,0.000000,0.000000,0.000000,0.000000,0.000000,,,,,,,,,,,,
190343,,,,,,,,,,,0.000000,0.000000,0.000000,0.000000,0.000000,0.000000,,,,,,,,,,,,
190355,,,,,,,,,,,0.000000,0.000000,0.000000,0.000000,0.000000,0.000000,,,,,,,,,,,,
190358,,,,,,,,,,,0.000000,0.000000,0.000000,0.000000,0.000000,0.000000,,,,,,,,,,,,
190363,,,,,,,,,,,0.000000,0.000000,0.000000,0.000000,0.000000,0.000000,,,,,,,,,,,,
190368,,,,,,,,,,,0.000000,0.000000,0.000000,0.000000,0.000000,0.000000,,,,,,,,,,,,
190373,,,,,,,,,,,0.000000,0.000000,0.000000,0.000000,0.000000,0.000000,,,,,,,,,,,,
190378,,,,,,,,,,,0.000000,0.000000,0.000000,0.000000,0.000000,0.000000,,,,,,,,,,,,
190383,,,,,,,,,,,0.000000,0.000000,0.000000,0.000000,0.000000,0.000000,,,,,,,,,,,,
190388,,,,,,,,,,,0.000000,0.000000,0.000000,0.000000,0.000000,0.000000,,,,,,,,,,,,
190393,,,,,,,,,,,0.000000,0.000000,0.000000,0.000000,0.000000,0.000000,,,,,,,,,,,,
190398,,,,,,,,,,,0.000000,0.000000,0.000000,0.000000,0.000000,0.000000,,,,,,,,,,,,
190403,,,,,,,,,,,0.000000,0.000000,0.000000,0.000000,0.000000,0.000000,,,,,,,,,,,,
190415,,,,,,,,,,,0.000000,0.000000,0.000000,0.000000,0.000000,0.000000,,,,,,,,,,,,
190418,,,,,,,,,,,0.000000,0.000000,0.000000,0.000000,0.000000,0.000000,,,,,,,,,,,,
190423,,,,,,,,,,,0.000000,0.000000,0.000000,0.000000,0.000000,0.000000,,,,,,,,,,,,
190428,,,,,,,,,,,0.000000,0.000000,0.000000,0.000000,0.000000,0.000000,,,,,,,,,,,,
190433,,,,,,,,,,,0.000000,0.000000,0.000000,0.000000,0.000000,0.000000,,,,,,,,,,,,
190438,,,,,,,,,,,0.000000,0.000000,0.000000,0.000000,0.000000,0.000000,,,,,,,,,,,,
190443,,,,,,,,,,,0.000000,0.000000,0.000000,0.000000,0.000000,0.000000,,,,,,,,,,,,
190448,,,,,,,,,,,0.000000,0.000000,0.000000,0.000000,0.000000,0.000000,,,,,,,,,,,,
190453,,,,,,,,,,,0.000000,0.000000,0.000000,0.000000,0.000000,0.000000,,,,,,,,,,,,
190458,,,,,,,,,,,0.000000,0.000000,0.000000,0.000000,0.000000,0.000000,,,,,,,,,,,,
190463,,,,,,,,,,,0.000000,0.000000,0.000000,0.000000,0.000000,0.000000,,,,,,,,,,,,
190475,,,,,,,,,,,0.000000,0.000000,0.000000,0.000000,0.000000,0.000000,,,,,,,,,,,,
190478,,,,,,,,,,,0.000000,0.000000,0.000000,0.000000,0.000000,0.000000,,,,,,,,,,,,
190483,,,,,,,,,,,0.000000,0.000000,0.000000,0.000000,0.000000,0.000000,,,,,,,,,,,,
190488,,,,,,,,,,,0.000000,0.000000,0.000000,0.000000,0.000000,0.000000,,,,,,,,,,,,
190493,,,,,,,,,,,0.000000,0.000000,0.000000,0.000000,0.000000,0.000000,,,,,,,,,,,,
190498,,,,,,,,,,,0.000000,0.000000,0.000000,0.000000,0.000000,0.000000,,,,,,,,,,,,
190503,,,,,,,,,,,0.000000,0.000000,0.000000,0.000000,0.000000,0.000000,,,,,,,,,,,,
190508,,,,,,,,,,,0.000000,0.000000,0.000000,0.000000,0.000000,0.000000,,,,,,,,,,,,
190513,,,,,,,,,,,0.000000,0.000000,0.000000,0.000000,0.000000,0.000000,,,,,,,,,,,,
190518,,,,,,,,,,,0.000000,0.000000,0.000000,0.000000,0.000000,0.000000,,,,,,,,,,,,
190523,,,,,,,,,,,0.000000,0.000000,0.000000,0.000000,0.000000,0.000000,,,,,,,,,,,,
190528,,,,,,,,,,,0.000000,0.000000,0.000000,0.000000,0.000000,0.000000,,,,,,,,,,,,
190533,,,,,,,,,,,0.000000,0.000000,0.000000,0.000000,0.000000,0.000000,,,,,,,,,,,,
190538,,,,,,,,,,,0.000000,0.000000,0.000000,0.000000,0.000000,0.000000,,,,,,,,,,,,
190543,,,,,,,,,,,0.000000,0.000000,0.000000,0.000000,0.000000,0.000000,,,,,,,,,,,,
190556,,,,,,,,,,,0.000000,0.000000,0.000000,0.000000,0.000000,0.000000,,,,,,,,,,,,
190558,,,,,,,,,,,0.000000,0.000000,0.000000,0.000000,0.000000,0.000000,,,,,,,,,,,,
190563,,,,,,,,,,,0.000000,0.000000,0.000000,0.000000,0.000000,0.000000,,,,,,,,,,,,
190568,,,,,,,,,,,0.000000,0.000000,0.000000,0.000000,0.000000,0.000000,,,,,,,,,,,,
190573,,,,,,,,,,,0.000000,0.000000,0.000000,0.000000,0.000000,0.000000,,,,,,,,,,,,
190578,,,,,,,,,,,0.000000,0.000000,0.000000,0.000000,0.000000,0.000000,,,,,,,,,,,,
190583,,,,,,,,,,,0.000000,0.000000,0.000000,0.000000,0.000000,0.000000,,,,,,,,,,,,
190588,,,,,,,,,,,0.000000,0.000000,0.000000,0.000000,0.000000,0.000000,,,,,,,,,,,,
190593,,,,,,,,,,,0.000000,0.000000,0.000000,0.000000,0.000000,0.000000,,,,,,,,,,,,
190598,,,,,,,,,,,0.000000,0.000000,0.000000,0.000000,0.000000,0.000000,,,,,,,,,,,,
190603,,,,,,,,,,,0.000000,0.000000,0.000000,0.000000,0.000000,0.000000,,,,,,,,,,,,
190615,,,,,,,,,,,0.000000,0.000000,0.000000,0.000000,0.000000,0.000000,,,,,,,,,,,,
190618,,,,,,,,,,,0.000000,0.000000,0.000000,0.000000,0.000000,0.000000,,,,,,,,,,,,
190623,,,,,,,,,,,0.000000,0.000000,0.000000,0.000000,0.000000,0.000000,,,,,,,,,,,,
190628,,,,,,,,,,,0.000000,0.000000,0.000000,0.000000,0.000000,0.000000,,,,,,,,,,,,
190633,,,,,,,,,,,0.000000,0.000000,0.000000,0.000000,0.000000,0.000000,,,,,,,,,,,,
190638,,,,,,,,,,,0.000000,0.000000,0.000000,0.000000,0.000000,0.000000,,,,,,,,,,,,
190643,,,,,,,,,,,0.000000,0.000000,0.000000,0.000000,0.000000,0.000000,,,,,,,,,,,,
190648,,,,,,,,,,,0.000000,0.000000,0.000000,0.000000,0.000000,0.000000,,,,,,,,,,,,
190653,,,,,,,,,,,0.000000,0.000000,0.000000,0.000000,0.000000,0.000000,,,,,,,,,,,,
190658,,,,,,,,,,,0.000000,0.000000,0.000000,0.000000,0.000000,0.000000,,,,,,,,,,,,
190663,,,,,,,,,,,0.000000,0.000000,0.000000,0.000000,0.000000,0.000000,,,,,,,,,,,,
190675,,,,,,,,,,,0.000000,0.000000,0.000000,0.000000,0.000000,0.000000,,,,,,,,,,,,
190678,,,,,,,,,,,0.000000,0.000000,0.000000,0.000000,0.000000,0.000000,,,,,,,,,,,,
190683,,,,,,,,,,,0.000000,0.000000,0.000000,0.000000,0.000000,0.000000,,,,,,,,,,,,
190688,,,,,,,,,,,0.000000,0.000000,0.000000,0.000000,0.000000,0.000000,,,,,,,,,,,,
190693,,,,,,,,,,,0.000000,0.000000,0.000000,0.000000,0.000000,0.000000,,,,,,,,,,,,
190698,,,,,,,,,,,0.000000,0.000000,0.000000,0.000000,0.000000,0.000000,,,,,,,,,,,,
190703,,,,,,,,,,,0.000000,0.000000,0.000000,0.000000,0.000000,0.000000,,,,,,,,,,,,
190708,,,,,,,,,,,0.000000,0.000000,0.000000,0.000000,0.000000,0.000000,,,,,,,,,,,,
190713,,,,,,,,,,,0.000000,0.000000,0.000000,0.000000,0.000000,0.000000,,,,,,,,,,,,
190718,,,,,,,,,,,0.000000,0.000000,0.000000,0.000000,0.000000,0.000000,,,,,,,,,,,,
190723,,,,,,,,,,,0.000000,0.000000,0.000000,0.000000,0.000000,0.000000,,,,,,,,,,,,
190728,,,,,,,,,,,0.000000,0.000000,0.000000,0.000000,0.000000,0.000000,,,,,,,,,,,,
190733,,,,,,,,,,,0.000000,0.000000,0.000000,0.000000,0.000000,0.000000,,,,,,,,,,,,
190738,,,,,,,,,,,0.000000,0.000000,0.000000,0.000000,0.000000,0.000000,,,,,,,,,,,,
190743,,,,,,,,,,,0.000000,0.000000,0.000000,0.000000,0.000000,0.000000,,,,,,,,,,,,
190755,,,,,,,,,,,0.000000,0.000000,0.000000,0.000000,0.000000,0.000000,,,,,,,,,,,,
190758,,,,,,,,,,,0.000000,0.000000,0.000000,0.000000,0.000000,0.000000,,,,,,,,,,,,
190763,,,,,,,,,,,0.000000,0.000000,0.000000,0.000000,0.000000,0.000000,,,,,,,,,,,,
190768,,,,,,,,,,,0.000000,0.000000,0.000000,0.000000,0.000000,0.000000,,,,,,,,,,,,
190773,,,,,,,,,,,0.000000,0.000000,0.000000,0.000000,0.000000,0.000000,,,,,,,,,,,,
190778,,,,,,,,,,,0.000000,0.000000,0.000000,0.000000,0.000000,0.000000,,,,,,,,,,,,
190783,,,,,,,,,,,0.000000,0.000000,0.000000,0.000000,0.000000,0.000000,,,,,,,,,,,,
190788,,,,,,,,,,,0.000000,0.000000,0.000000,0.000000,0.000000,0.000000,,,,,,,,,,,,
190793,,,,,,,,,,,0.000000,0.000000,0.000000,0.000000,0.000000,0.000000,,,,,,,,,,,,
190798,,,,,,,,,,,0.000000,0.000000,0.000000,0.000000,0.000000,0.000000,,,,,,,,,,,,
190803,,,,,,,,,,,0.000000,0.000000,0.000000,0.000000,0.000000,0.000000,,,,,,,,,,,,
190815,,,,,,,,,,,0.000000,0.000000,0.000000,0.000000,0.000000,0.000000,,,,,,,,,,,,
190818,,,,,,,,,,,0.000000,0.000000,0.000000,0.000000,0.000000,0.000000,,,,,,,,,,,,
190823,,,,,,,,,,,0.000000,0.000000,0.000000,0.000000,0.000000,0.000000,,,,,,,,,,,,
190828,,,,,,,,,,,0.000000,0.000000,0.000000,0.000000,0.000000,0.000000,,,,,,,,,,,,
190833,,,,,,,,,,,0.000000,0.000000,0.000000,0.000000,0.000000,0.000000,,,,,,,,,,,,
190838,,,,,,,,,,,0.000000,0.000000,0.000000,0.000000,0.000000,0.000000,,,,,,,,,,,,
190843,,,,,,,,,,,0.000000,0.000000,0.000000,0.000000,0.000000,0.000000,,,,,,,,,,,,
190848,,,,,,,,,,,0.000000,0.000000,0.000000,0.000000,0.000000,0.000000,,,,,,,,,,,,
190853,,,,,,,,,,,0.000000,0.000000,0.000000,0.000000,0.000000,0.000000,,,,,,,,,,,,
190858,,,,,,,,,,,0.000000,0.000000,0.000000,0.000000,0.000000,0.000000,,,,,,,,,,,,
190863,,,,,,,,,,,0.000000,0.000000,0.000000,0.000000,0.000000,0.000000,,,,,,,,,,,,
190875,,,,,,,,,,,0.000000,0.000000,0.000000,0.000000,0.000000,0.000000,,,,,,,,,,,,
190878,,,,,,,,,,,0.000000,0.000000,0.000000,0.000000,0.000000,0.000000,,,,,,,,,,,,
190883,,,,,,,,,,,0.000000,0.000000,0.000000,0.000000,0.000000,0.000000,,,,,,,,,,,,
190888,,,,,,,,,,,0.000000,0.000000,0.000000,0.000000,0.000000,0.000000,,,,,,,,,,,,
190893,,,,,,,,,,,0.000000,0.000000,0.000000,0.000000,0.000000,0.000000,,,,,,,,,,,,
190898,,,,,,,,,,,0.000000,0.000000,0.000000,0.000000,0.000000,0.000000,,,,,,,,,,,,
190903,,,,,,,,,,,0.000000,0.000000,0.000000,0.000000,0.000000,0.000000,,,,,,,,,,,,
190908,,,,,,,,,,,0.000000,0.000000,0.000000,0.000000,0.000000,0.000000,,,,,,,,,,,,
190913,,,,,,,,,,,0.000000,0.000000,0.000000,0.000000,0.000000,0.000000,,,,,,,,,,,,
190918,,,,,,,,,,,0.000000,0.000000,0.000000,0.000000,0.000000,0.000000,,,,,,,,,,,,
190923,,,,,,,,,,,0.000000,0.000000,0.000000,0.000000,0.000000,0.000000,,,,,,,,,,,,
190935,,,,,,,,,,,0.000000,0.000000,0.000000,0.000000,0.000000,0.000000,,,,,,,,,,,,
190938,,,,,,,,,,,0.000000,0.000000,0.000000,0.000000,0.000000,0.000000,,,,,,,,,,,,
190943,,,,,,,,,,,0.000000,0.000000,0.000000,0.000000,0.000000,0.000000,,,,,,,,,,,,
190948,,,,,,,,,,,0.000000,0.000000,0.000000,0.000000,0.000000,0.000000,,,,,,,,,,,,
190953,,,,,,,,,,,0.000000,0.000000,0.000000,0.000000,0.000000,0.000000,,,,,,,,,,,,
190958,,,,,,,,,,,0.000000,0.000000,0.000000,0.000000,0.000000,0.000000,,,,,,,,,,,,
190963,,,,,,,,,,,0.000000,0.000000,0.000000,0.000000,0.000000,0.000000,,,,,,,,,,,,
190968,,,,,,,,,,,0.000000,0.000000,0.000000,0.000000,0.000000,0.000000,,,,,,,,,,,,
190973,,,,,,,,,,,0.000000,0.000000,0.000000,0.000000,0.000000,0.000000,,,,,,,,,,,,
190978,,,,,,,,,,,0.000000,0.000000,0.000000,0.000000,0.000000,0.000000,,,,,,,,,,,,
190983,,,,,,,,,,,0.000000,0.000000,0.000000,0.000000,0.000000,0.000000,,,,,,,,,,,,
190988,,,,,,,,,,,0.000000,0.000000,0.000000,0.000000,0.000000,0.000000,,,,,,,,,,,,
190993,,,,,,,,,,,0.000000,0.000000,0.000000,0.000000,0.000000,0.000000,,,,,,,,,,,,
190998,,,,,,,,,,,0.000000,0.000000,0.000000,0.000000,0.000000,0.000000,,,,,,,,,,,,
191003,,,,,,,,,,,0.000000,0.000000,0.000000,0.000000,0.000000,0.000000,,,,,,,,,,,,
191015,,,,,,,,,,,0.000000,0.000000,0.000000,0.000000,0.000000,0.000000,,,,,,,,,,,,
191018,,,,,,,,,,,0.000000,0.000000,0.000000,0.000000,0.000000,0.000000,,,,,,,,,,,,
191023,,,,,,,,,,,0.000000,0.000000,0.000000,0.000000,0.000000,0.000000,,,,,,,,,,,,
191028,,,,,,,,,,,0.000000,0.000000,0.000000,0.000000,0.000000,0.000000,,,,,,,,,,,,
191033,,,,,,,,,,,0.000000,0.000000,0.000000,0.000000,0.000000,0.000000,,,,,,,,,,,,
191038,,,,,,,,,,,0.000000,0.000000,0.000000,0.000000,0.000000,0.000000,,,,,,,,,,,,
191043,,,,,,,,,,,0.000000,0.000000,0.000000,0.000000,0.000000,0.000000,,,,,,,,,,,,
191048,,,,,,,,,,,0.000000,0.000000,0.000000,0.000000,0.000000,0.000000,,,,,,,,,,,,
191053,,,,,,,,,,,0.000000,0.000000,0.000000,0.000000,0.000000,0.000000,,,,,,,,,,,,
191058,,,,,,,,,,,0.000000,0.000000,0.000000,0.000000,0.000000,0.000000,,,,,,,,,,,,
191063,,,,,,,,,,,0.000000,0.000000,0.000000,0.000000,0.000000,0.000000,,,,,,,,,,,,
191075,,,,,,,,,,,0.000000,0.000000,0.000000,0.000000,0.000000,0.000000,,,,,,,,,,,,
191078,,,,,,,,,,,0.000000,0.000000,0.000000,0.000000,0.000000,0.000000,,,,,,,,,,,,
191083,,,,,,,,,,,0.000000,0.000000,0.000000,0.000000,0.000000,0.000000,,,,,,,,,,,,
191088,,,,,,,,,,,0.000000,0.000000,0.000000,0.000000,0.000000,0.000000,,,,,,,,,,,,
191093,,,,,,,,,,,0.000000,0.000000,0.000000,0.000000,0.000000,0.000000,,,,,,,,,,,,
191098,,,,,,,,,,,0.000000,0.000000,0.000000,0.000000,0.000000,0.000000,,,,,,,,,,,,
191103,,,,,,,,,,,0.000000,0.000000,0.000000,0.000000,0.000000,0.000000,,,,,,,,,,,,
191108,,,,,,,,,,,0.000000,0.000000,0.000000,0.000000,0.000000,0.000000,,,,,,,,,,,,
191113,,,,,,,,,,,0.000000,0.000000,0.000000,0.000000,0.000000,0.000000,,,,,,,,,,,,
191118,,,,,,,,,,,0.000000,0.000000,0.000000,0.000000,0.000000,0.000000,,,,,,,,,,,,
191123,,,,,,,,,,,0.000000,0.000000,0.000000,0.000000,0.000000,0.000000,,,,,,,,,,,,
191135,,,,,,,,,,,0.000000,0.000000,0.000000,0.000000,0.000000,0.000000,,,,,,,,,,,,
191138,,,,,,,,,,,0.000000,0.000000,0.000000,0.000000,0.000000,0.000000,,,,,,,,,,,,
191143,,,,,,,,,,,0.000000,0.000000,0.000000,0.000000,0.000000,0.000000,,,,,,,,,,,,
191148,,,,,,,,,,,0.000000,0.000000,0.000000,0.000000,0.000000,0.000000,,,,,,,,,,,,
191153,,,,,,,,,,,0.000000,0.000000,0.000000,0.000000,0.000000,0.000000,,,,,,,,,,,,
191158,,,,,,,,,,,0.000000,0.000000,0.000000,0.000000,0.000000,0.000000,,,,,,,,,,,,
191163,,,,,,,,,,,0.000000,0.000000,0.000000,0.000000,0.000000,0.000000,,,,,,,,,,,,
191168,,,,,,,,,,,0.000000,0.000000,0.000000,0.000000,0.000000,0.000000,,,,,,,,,,,,
191173,,,,,,,,,,,0.000000,0.000000,0.000000,0.000000,0.000000,0.000000,,,,,,,,,,,,
191178,,,,,,,,,,,0.000000,0.000000,0.000000,0.000000,0.000000,0.000000,,,,,,,,,,,,
191183,,,,,,,,,,,0.000000,0.000000,0.000000,0.000000,0.000000,0.000000,,,,,,,,,,,,
191188,,,,,,,,,,,0.000000,0.000000,0.000000,0.000000,0.000000,0.000000,,,,,,,,,,,,
191193,,,,,,,,,,,0.000000,0.000000,0.000000,0.000000,0.000000,0.000000,,,,,,,,,,,,
191198,,,,,,,,,,,0.000000,0.000000,0.000000,0.000000,0.000000,0.000000,,,,,,,,,,,,
191203,,,,,,,,,,,0.000000,0.000000,0.000000,0.000000,0.000000,0.000000,,,,,,,,,,,,
191215,,,,,,,,,,,0.000000,0.000000,0.000000,0.000000,0.000000,0.000000,,,,,,,,,,,,
191218,,,,,,,,,,,0.000000,0.000000,0.000000,0.000000,0.000000,0.000000,,,,,,,,,,,,
191223,,,,,,,,,,,0.000000,0.000000,0.000000,0.000000,0.000000,0.000000,,,,,,,,,,,,
191228,,,,,,,,,,,0.000000,0.000000,0.000000,0.000000,0.000000,0.000000,,,,,,,,,,,,
191233,,,,,,,,,,,0.000000,0.000000,0.000000,0.000000,0.000000,0.000000,,,,,,,,,,,,
191238,,,,,,,,,,,0.000000,0.000000,0.000000,0.000000,0.000000,0.000000,,,,,,,,,,,,
191243,,,,,,,,,,,0.000000,0.000000,0.000000,0.000000,0.000000,0.000000,,,,,,,,,,,,
191248,,,,,,,,,,,0.000000,0.000000,0.000000,0.000000,0.000000,0.000000,,,,,,,,,,,,
191253,,,,,,,,,,,0.000000,0.000000,0.000000,0.000000,0.000000,0.000000,,,,,,,,,,,,
191258,,,,,,,,,,,0.000000,0.000000,0.000000,0.000000,0.000000,0.000000,,,,,,,,,,,,
191263,,,,,,,,,,,0.000000,0.000000,0.000000,0.000000,0.000000,0.000000,,,,,,,,,,,,
191275,,,,,,,,,,,0.000000,0.000000,0.000000,0.000000,0.000000,0.000000,,,,,,,,,,,,
191278,,,,,,,,,,,0.000000,0.000000,0.000000,0.000000,0.000000,0.000000,,,,,,,,,,,,
191283,,,,,,,,,,,0.000000,0.000000,0.000000,0.000000,0.000000,0.000000,,,,,,,,,,,,
191288,,,,,,,,,,,0.000000,0.000000,0.000000,0.000000,0.000000,0.000000,,,,,,,,,,,,
191293,,,,,,,,,,,0.000000,0.000000,0.000000,0.000000,0.000000,0.000000,,,,,,,,,,,,
191298,,,,,,,,,,,0.000000,0.000000,0.000000,0.000000,0.000000,0.000000,,,,,,,,,,,,
191303,,,,,,,,,,,0.000000,0.000000,0.000000,0.000000,0.000000,0.000000,,,,,,,,,,,,
191308,,,,,,,,,,,0.000000,0.000000,0.000000,0.000000,0.000000,0.000000,,,,,,,,,,,,
191313,,,,,,,,,,,0.000000,0.000000,0.000000,0.000000,0.000000,0.000000,,,,,,,,,,,,
191318,,,,,,,,,,,0.000000,0.000000,0.000000,0.000000,0.000000,0.000000,,,,,,,,,,,,
191323,,,,,,,,,,,0.000000,0.000000,0.000000,0.000000,0.000000,0.000000,,,,,,,,,,,,
191335,,,,,,,,,,,0.000000,0.000000,0.000000,0.000000,0.000000,0.000000,,,,,,,,,,,,
191338,,,,,,,,,,,0.000000,0.000000,0.000000,0.000000,0.000000,0.000000,,,,,,,,,,,,
191343,,,,,,,,,,,0.000000,0.000000,0.000000,0.000000,0.000000,0.000000,,,,,,,,,,,,
191348,,,,,,,,,,,0.000000,0.000000,0.000000,0.000000,0.000000,0.000000,,,,,,,,,,,,
191353,,,,,,,,,,,0.000000,0.000000,0.000000,0.000000,0.000000,0.000000,,,,,,,,,,,,
191358,,,,,,,,,,,0.000000,0.000000,0.000000,0.000000,0.000000,0.000000,,,,,,,,,,,,
191363,,,,,,,,,,,0.000000,0.000000,0.000000,0.000000,0.000000,0.000000,,,,,,,,,,,,
191368,,,,,,,,,,,0.000000,0.000000,0.000000,0.000000,0.000000,0.000000,,,,,,,,,,,,
191373,,,,,,,,,,,0.000000,0.000000,0.000000,0.000000,0.000000,0.000000,,,,,,,,,,,,
191378,,,,,,,,,,,0.000000,0.000000,0.000000,0.000000,0.000000,0.000000,,,,,,,,,,,,
191383,,,,,,,,,,,0.000000,0.000000,0.000000,0.000000,0.000000,0.000000,,,,,,,,,,,,
191395,,,,,,,,,,,0.000000,0.000000,0.000000,0.000000,0.000000,0.000000,,,,,,,,,,,,
191398,,,,,,,,,,,0.000000,0.000000,0.000000,0.000000,0.000000,0.000000,,,,,,,,,,,,
191403,,,,,,,,,,,0.000000,0.000000,0.000000,0.000000,0.000000,0.000000,,,,,,,,,,,,
191408,,,,,,,,,,,0.000000,0.000000,0.000000,0.000000,0.000000,0.000000,,,,,,,,,,,,
191413,,,,,,,,,,,0.000000,0.000000,0.000000,0.000000,0.000000,0.000000,,,,,,,,,,,,
191418,,,,,,,,,,,0.000000,0.000000,0.000000,0.000000,0.000000,0.000000,,,,,,,,,,,,
191423,,,,,,,,,,,0.000000,0.000000,0.000000,0.000000,0.000000,0.000000,,,,,,,,,,,,
191428,,,,,,,,,,,0.000000,0.000000,0.000000,0.000000,0.000000,0.000000,,,,,,,,,,,,
191433,,,,,,,,,,,0.000000,0.000000,0.000000,0.000000,0.000000,0.000000,,,,,,,,,,,,
191438,,,,,,,,,,,0.000000,0.000000,0.000000,0.000000,0.000000,0.000000,,,,,,,,,,,,
191443,,,,,,,,,,,0.000000,0.000000,0.000000,0.000000,0.000000,0.000000,,,,,,,,,,,,
191448,,,,,,,,,,,0.000000,0.000000,0.000000,0.000000,0.000000,0.000000,,,,,,,,,,,,
191453,,,,,,,,,,,0.000000,0.000000,0.000000,0.000000,0.000000,0.000000,,,,,,,,,,,,
191458,,,,,,,,,,,0.000000,0.000000,0.000000,0.000000,0.000000,0.000000,,,,,,,,,,,,
191463,,,,,,,,,,,0.000000,0.000000,0.000000,0.000000,0.000000,0.000000,,,,,,,,,,,,
191475,,,,,,,,,,,0.000000,0.000000,0.000000,0.000000,0.000000,0.000000,,,,,,,,,,,,
191478,,,,,,,,,,,0.000000,0.000000,0.000000,0.000000,0.000000,0.000000,,,,,,,,,,,,
191483,,,,,,,,,,,0.000000,0.000000,0.000000,0.000000,0.000000,0.000000,,,,,,,,,,,,
191488,,,,,,,,,,,0.000000,0.000000,0.000000,0.000000,0.000000,0.000000,,,,,,,,,,,,
191493,,,,,,,,,,,0.000000,0.000000,0.000000,0.000000,0.000000,0.000000,,,,,,,,,,,,
191498,,,,,,,,,,,0.000000,0.000000,0.000000,0.000000,0.000000,0.000000,,,,,,,,,,,,
191503,,,,,,,,,,,0.000000,0.000000,0.000000,0.000000,0.000000,0.000000,,,,,,,,,,,,
191508,,,,,,,,,,,0.000000,0.000000,0.000000,0.000000,0.000000,0.000000,,,,,,,,,,,,
191513,,,,,,,,,,,0.000000,0.000000,0.000000,0.000000,0.000000,0.000000,,,,,,,,,,,,
191518,,,,,,,,,,,0.000000,0.000000,0.000000,0.000000,0.000000,0.000000,,,,,,,,,,,,
191523,,,,,,,,,,,0.000000,0.000000,0.000000,0.000000,0.000000,0.000000,,,,,,,,,,,,
191535,,,,,,,,,,,0.000000,0.000000,0.000000,0.000000,0.000000,0.000000,,,,,,,,,,,,
191538,,,,,,,,,,,0.000000,0.000000,0.000000,0.000000,0.000000,0.000000,,,,,,,,,,,,
191543,,,,,,,,,,,0.000000,0.000000,0.000000,0.000000,0.000000,0.000000,,,,,,,,,,,,
191548,,,,,,,,,,,0.000000,0.000000,0.000000,0.000000,0.000000,0.000000,,,,,,,,,,,,
191553,,,,,,,,,,,0.000000,0.000000,0.000000,0.000000,0.000000,0.000000,,,,,,,,,,,,
191558,,,,,,,,,,,0.000000,0.000000,0.000000,0.000000,0.000000,0.000000,,,,,,,,,,,,
191563,,,,,,,,,,,0.000000,0.000000,0.000000,0.000000,0.000000,0.000000,,,,,,,,,,,,
191568,,,,,,,,,,,0.000000,0.000000,0.000000,0.000000,0.000000,0.000000,,,,,,,,,,,,
191573,,,,,,,,,,,0.000000,0.000000,0.000000,0.000000,0.000000,0.000000,,,,,,,,,,,,
191578,,,,,,,,,,,0.000000,0.000000,0.000000,0.000000,0.000000,0.000000,,,,,,,,,,,,
191583,,,,,,,,,,,0.000000,0.000000,0.000000,0.000000,0.000000,0.000000,,,,,,,,,,,,
191595,,,,,,,,,,,0.000000,0.000000,0.000000,0.000000,0.000000,0.000000,,,,,,,,,,,,
191598,,,,,,,,,,,0.000000,0.000000,0.000000,0.000000,0.000000,0.000000,,,,,,,,,,,,
191603,,,,,,,,,,,0.000000,0.000000,0.000000,0.000000,0.000000,0.000000,,,,,,,,,,,,
191608,,,,,,,,,,,0.000000,0.000000,0.000000,0.000000,0.000000,0.000000,,,,,,,,,,,,
191613,,,,,,,,,,,0.000000,0.000000,0.000000,0.000000,0.000000,0.000000,,,,,,,,,,,,
191618,,,,,,,,,,,0.000000,0.000000,0.000000,0.000000,0.000000,0.000000,,,,,,,,,,,,
191623,,,,,,,,,,,0.000000,0.000000,0.000000,0.000000,0.000000,0.000000,,,,,,,,,,,,
191628,,,,,,,,,,,0.000000,0.000000,0.000000,0.000000,0.000000,0.000000,,,,,,,,,,,,
191633,,,,,,,,,,,0.000000,0.000000,0.000000,0.000000,0.000000,0.000000,,,,,,,,,,,,
191638,,,,,,,,,,,0.000000,0.000000,0.000000,0.000000,0.000000,0.000000,,,,,,,,,,,,
191643,,,,,,,,,,,0.000000,0.000000,0.000000,0.000000,0.000000,0.000000,,,,,,,,,,,,
191648,,,,,,,,,,,0.000000,0.000000,0.000000,0.000000,0.000000,0.000000,,,,,,,,,,,,
191653,,,,,,,,,,,0.000000,0.000000,0.000000,0.000000,0.000000,0.000000,,,,,,,,,,,,
191658,,,,,,,,,,,0.000000,0.000000,0.000000,0.000000,0.000000,0.000000,,,,,,,,,,,,
191663,,,,,,,,,,,0.000000,0.000000,0.000000,0.000000,0.000000,0.000000,,,,,,,,,,,,
191675,,,,,,,,,,,0.000000,0.000000,0.000000,0.000000,0.000000,0.000000,,,,,,,,,,,,
191678,,,,,,,,,,,0.000000,0.000000,0.000000,0.000000,0.000000,0.000000,,,,,,,,,,,,
191683,,,,,,,,,,,0.000000,0.000000,0.000000,0.000000,0.000000,0.000000,,,,,,,,,,,,
191688,,,,,,,,,,,0.000000,0.000000,0.000000,0.000000,0.000000,0.000000,,,,,,,,,,,,
191693,,,,,,,,,,,0.000000,0.000000,0.000000,0.000000,0.000000,0.000000,,,,,,,,,,,,
191698,,,,,,,,,,,0.000000,0.000000,0.000000,0.000000,0.000000,0.000000,,,,,,,,,,,,
191703,,,,,,,,,,,0.000000,0.000000,0.000000,0.000000,0.000000,0.000000,,,,,,,,,,,,
191708,,,,,,,,,,,0.000000,0.000000,0.000000,0.000000,0.000000,0.000000,,,,,,,,,,,,
191713,,,,,,,,,,,0.000000,0.000000,0.000000,0.000000,0.000000,0.000000,,,,,,,,,,,,
191718,,,,,,,,,,,0.000000,0.000000,0.000000,0.000000,0.000000,0.000000,,,,,,,,,,,,
191723,,,,,,,,,,,0.000000,0.000000,0.000000,0.000000,0.000000,0.000000,,,,,,,,,,,,
191735,,,,,,,,,,,0.000000,0.000000,0.000000,0.000000,0.000000,0.000000,,,,,,,,,,,,
191738,,,,,,,,,,,0.000000,0.000000,0.000000,0.000000,0.000000,0.000000,,,,,,,,,,,,
191743,,,,,,,,,,,0.000000,0.000000,0.000000,0.000000,0.000000,0.000000,,,,,,,,,,,,
191748,,,,,,,,,,,0.000000,0.000000,0.000000,0.000000,0.000000,0.000000,,,,,,,,,,,,
191753,,,,,,,,,,,0.000000,0.000000,0.000000,0.000000,0.000000,0.000000,,,,,,,,,,,,
191758,,,,,,,,,,,0.000000,0.000000,0.000000,0.000000,0.000000,0.000000,,,,,,,,,,,,
191763,,,,,,,,,,,0.000000,0.000000,0.000000,0.000000,0.000000,0.000000,,,,,,,,,,,,
191768,,,,,,,,,,,0.000000,0.000000,0.000000,0.000000,0.000000,0.000000,,,,,,,,,,,,
191773,,,,,,,,,,,0.000000,0.000000,0.000000,0.000000,0.000000,0.000000,,,,,,,,,,,,
191778,,,,,,,,,,,0.000000,0.000000,0.000000,0.000000,0.000000,0.000000,,,,,,,,,,,,
191783,,,,,,,,,,,0.000000,0.000000,0.000000,0.000000,0.000000,0.000000,,,,,,,,,,,,
191795,,,,,,,,,,,0.000000,0.000000,0.000000,0.000000,0.000000,0.000000,,,,,,,,,,,,
191798,,,,,,,,,,,0.000000,0.000000,0.000000,0.000000,0.000000,0.000000,,,,,,,,,,,,
191803,,,,,,,,,,,0.000000,0.000000,0.000000,0.000000,0.000000,0.000000,,,,,,,,,,,,
191808,,,,,,,,,,,0.000000,0.000000,0.000000,0.000000,0.000000,0.000000,,,,,,,,,,,,
191813,,,,,,,,,,,0.000000,0.000000,0.000000,0.000000,0.000000,0.000000,,,,,,,,,,,,
191818,,,,,,,,,,,0.000000,0.000000,0.000000,0.000000,0.000000,0.000000,,,,,,,,,,,,
191823,,,,,,,,,,,0.000000,0.000000,0.000000,0.000000,0.000000,0.000000,,,,,,,,,,,,
191828,,,,,,,,,,,0.000000,0.000000,0.000000,0.000000,0.000000,0.000000,,,,,,,,,,,,
191833,,,,,,,,,,,0.000000,0.000000,0.000000,0.000000,0.000000,0.000000,,,,,,,,,,,,
191838,,,,,,,,,,,0.000000,0.000000,0.000000,0.000000,0.000000,0.000000,,,,,,,,,,,,
191843,,,,,,,,,,,0.000000,0.000000,0.000000,0.000000,0.000000,0.000000,,,,,,,,,,,,
191860,,,,,,,,,,,0.000000,0.000000,,,,,,,,,,,,,,,,
191861,,,,,,,,,,,0.000000,0.000000,0.000000,0.000000,0.000000,0.000000,,,,,,,,,,,,
191863,,,,,,,,,,,0.000000,0.000000,0.000000,0.000000,0.000000,0.000000,,,,,,,,,,,,
191868,,,,,,,,,,,0.000000,0.000000,0.000000,0.000000,0.000000,0.000000,,,,,,,,,,,,
191873,,,,,,,,,,,0.000000,0.000000,0.000000,0.000000,0.000000,0.000000,,,,,,,,,,,,
191878,,,,,,,,,,,0.000000,0.000000,0.000000,0.000000,0.000000,0.000000,,,,,,,,,,,,
191883,,,,,,,,,,,0.000000,0.000000,0.000000,0.000000,0.000000,0.000000,,,,,,,,,,,,
191888,,,,,,,,,,,0.000000,0.000000,0.000000,0.000000,0.000000,0.000000,,,,,,,,,,,,
191893,,,,,,,,,,,0.000000,0.000000,0.000000,0.000000,0.000000,0.000000,,,,,,,,,,,,
191898,,,,,,,,,,,0.000000,0.000000,0.000000,0.000000,0.000000,0.000000,,,,,,,,,,,,
191903,,,,,,,,,,,0.000000,0.000000,0.000000,0.000000,0.000000,0.000000,,,,,,,,,,,,
191908,,,,,,,,,,,0.000000,0.000000,0.000000,0.000000,0.000000,0.000000,,,,,,,,,,,,
191913,,,,,,,,,,,0.000000,0.000000,0.000000,0.000000,0.000000,0.000000,,,,,,,,,,,,
191918,,,,,,,,,,,0.000000,0.000000,0.000000,0.000000,0.000000,0.000000,,,,,,,,,,,,
191923,,,,,,,,,,,0.000000,0.000000,0.000000,0.000000,0.000000,0.000000,,,,,,,,,,,,
191935,,,,,,,,,,,0.000000,0.000000,0.000000,0.000000,0.000000,0.000000,,,,,,,,,,,,
191938,,,,,,,,,,,0.000000,0.000000,0.000000,0.000000,0.000000,0.000000,,,,,,,,,,,,
191943,,,,,,,,,,,0.000000,0.000000,0.000000,0.000000,0.000000,0.000000,,,,,,,,,,,,
191948,,,,,,,,,,,0.000000,0.000000,0.000000,0.000000,0.000000,0.000000,,,,,,,,,,,,
191953,,,,,,,,,,,0.000000,0.000000,0.000000,0.000000,0.000000,0.000000,,,,,,,,,,,,
191958,,,,,,,,,,,0.000000,0.000000,0.000000,0.000000,0.000000,0.000000,,,,,,,,,,,,
191963,,,,,,,,,,,0.000000,0.000000,0.000000,0.000000,0.000000,0.000000,,,,,,,,,,,,
191968,,,,,,,,,,,0.000000,0.000000,0.000000,0.000000,0.000000,0.000000,,,,,,,,,,,,
191973,,,,,,,,,,,0.000000,0.000000,0.000000,0.000000,0.000000,0.000000,,,,,,,,,,,,
191978,,,,,,,,,,,0.000000,0.000000,0.000000,0.000000,0.000000,0.000000,,,,,,,,,,,,
191983,,,,,,,,,,,0.000000,0.000000,0.000000,0.000000,0.000000,0.000000,,,,,,,,,,,,
191995,,,,,,,,,,,0.000000,0.000000,0.000000,0.000000,0.000000,0.000000,,,,,,,,,,,,
191998,,,,,,,,,,,0.000000,0.000000,0.000000,0.000000,0.000000,0.000000,,,,,,,,,,,,
192003,,,,,,,,,,,0.000000,0.000000,0.000000,0.000000,0.000000,0.000000,,,,,,,,,,,,
192008,,,,,,,,,,,0.000000,0.000000,0.000000,0.000000,0.000000,0.000000,,,,,,,,,,,,
192013,,,,,,,,,,,0.000000,0.000000,0.000000,0.000000,0.000000,0.000000,,,,,,,,,,,,
192018,,,,,,,,,,,0.000000,0.000000,0.000000,0.000000,0.000000,0.000000,,,,,,,,,,,,
192023,,,,,,,,,,,0.000000,0.000000,0.000000,0.000000,0.000000,0.000000,,,,,,,,,,,,
192028,,,,,,,,,,,0.000000,0.000000,0.000000,0.000000,0.000000,0.000000,,,,,,,,,,,,
192033,,,,,,,,,,,0.000000,0.000000,0.000000,0.000000,0.000000,0.000000,,,,,,,,,,,,
192038,,,,,,,,,,,0.000000,0.000000,0.000000,0.000000,0.000000,0.000000,,,,,,,,,,,,
192043,,,,,,,,,,,0.000000,0.000000,0.000000,0.000000,0.000000,0.000000,,,,,,,,,,,,
192055,,,,,,,,,,,0.000000,0.000000,0.000000,0.000000,0.000000,0.000000,,,,,,,,,,,,
192058,,,,,,,,,,,0.000000,0.000000,0.000000,0.000000,0.000000,0.000000,,,,,,,,,,,,
192063,,,,,,,,,,,0.000000,0.000000,0.000000,0.000000,0.000000,0.000000,,,,,,,,,,,,
192068,,,,,,,,,,,0.000000,0.000000,0.000000,0.000000,0.000000,0.000000,,,,,,,,,,,,
192073,,,,,,,,,,,0.000000,0.000000,0.000000,0.000000,0.000000,0.000000,,,,,,,,,,,,
192078,,,,,,,,,,,0.000000,0.000000,0.000000,0.000000,0.000000,0.000000,,,,,,,,,,,,
192083,,,,,,,,,,,0.000000,0.000000,0.000000,0.000000,0.000000,0.000000,,,,,,,,,,,,
192088,,,,,,,,,,,0.000000,0.000000,0.000000,0.000000,0.000000,0.000000,,,,,,,,,,,,
192093,,,,,,,,,,,0.000000,0.000000,0.000000,0.000000,0.000000,0.000000,,,,,,,,,,,,
192098,,,,,,,,,,,0.000000,0.000000,0.000000,0.000000,0.000000,0.000000,,,,,,,,,,,,
192103,,,,,,,,,,,0.000000,0.000000,0.000000,0.000000,0.000000,0.000000,,,,,,,,,,,,
192115,,,,,,,,,,,0.000000,0.000000,0.000000,0.000000,0.000000,0.000000,,,,,,,,,,,,
192118,,,,,,,,,,,0.000000,0.000000,0.000000,0.000000,0.000000,0.000000,,,,,,,,,,,,
192123,,,,,,,,,,,0.000000,0.000000,0.000000,0.000000,0.000000,0.000000,,,,,,,,,,,,
192128,,,,,,,,,,,0.000000,0.000000,0.000000,0.000000,0.000000,0.000000,,,,,,,,,,,,
192133,,,,,,,,,,,0.000000,0.000000,0.000000,0.000000,0.000000,0.000000,,,,,,,,,,,,
192138,,,,,,,,,,,0.000000,0.000000,0.000000,0.000000,0.000000,0.000000,,,,,,,,,,,,
192143,,,,,,,,,,,0.000000,0.000000,0.000000,0.000000,0.000000,0.000000,,,,,,,,,,,,
192148,,,,,,,,,,,0.000000,0.000000,0.000000,0.000000,0.000000,0.000000,,,,,,,,,,,,
192153,,,,,,,,,,,0.000000,0.000000,0.000000,0.000000,0.000000,0.000000,,,,,,,,,,,,
192158,,,,,,,,,,,0.000000,0.000000,0.000000,0.000000,0.000000,0.000000,,,,,,,,,,,,
192163,,,,,,,,,,,0.000000,0.000000,0.000000,0.000000,0.000000,0.000000,,,,,,,,,,,,
192168,,,,,,,,,,,0.000000,0.000000,0.000000,0.000000,0.000000,0.000000,,,,,,,,,,,,
192173,,,,,,,,,,,0.000000,0.000000,0.000000,0.000000,0.000000,0.000000,,,,,,,,,,,,
192178,,,,,,,,,,,0.000000,0.000000,0.000000,0.000000,0.000000,0.000000,,,,,,,,,,,,
192183,,,,,,,,,,,0.000000,0.000000,0.000000,0.000000,0.000000,0.000000,,,,,,,,,,,,
192195,,,,,,,,,,,0.000000,0.000000,0.000000,0.000000,0.000000,0.000000,,,,,,,,,,,,
192198,,,,,,,,,,,0.000000,0.000000,0.000000,0.000000,0.000000,0.000000,,,,,,,,,,,,
192203,,,,,,,,,,,0.000000,0.000000,0.000000,0.000000,0.000000,0.000000,,,,,,,,,,,,
192208,,,,,,,,,,,0.000000,0.000000,0.000000,0.000000,0.000000,0.000000,,,,,,,,,,,,
192213,,,,,,,,,,,0.000000,0.000000,0.000000,0.000000,0.000000,0.000000,,,,,,,,,,,,
192218,,,,,,,,,,,0.000000,0.000000,0.000000,0.000000,0.000000,0.000000,,,,,,,,,,,,
192223,,,,,,,,,,,0.000000,0.000000,0.000000,0.000000,0.000000,0.000000,,,,,,,,,,,,
192228,,,,,,,,,,,0.000000,0.000000,0.000000,0.000000,0.000000,0.000000,,,,,,,,,,,,
192233,,,,,,,,,,,0.000000,0.000000,0.000000,0.000000,0.000000,0.000000,,,,,,,,,,,,
192238,,,,,,,,,,,0.000000,0.000000,0.000000,0.000000,0.000000,0.000000,,,,,,,,,,,,
192243,,,,,,,,,,,0.000000,0.000000,0.000000,0.000000,0.000000,0.000000,,,,,,,,,,,,
192255,,,,,,,,,,,0.000000,0.000000,0.000000,0.000000,0.000000,0.000000,,,,,,,,,,,,
192258,,,,,,,,,,,0.000000,0.000000,0.000000,0.000000,0.000000,0.000000,,,,,,,,,,,,
192263,,,,,,,,,,,0.000000,0.000000,0.000000,0.000000,0.000000,0.000000,,,,,,,,,,,,
192268,,,,,,,,,,,0.000000,0.000000,0.000000,0.000000,0.000000,0.000000,,,,,,,,,,,,
192273,,,,,,,,,,,0.000000,0.000000,0.000000,0.000000,0.000000,0.000000,,,,,,,,,,,,
192278,,,,,,,,,,,0.000000,0.000000,0.000000,0.000000,0.000000,0.000000,,,,,,,,,,,,
192283,,,,,,,,,,,0.000000,0.000000,0.000000,0.000000,0.000000,0.000000,,,,,,,,,,,,
192288,,,,,,,,,,,0.000000,0.000000,0.000000,0.000000,0.000000,0.000000,,,,,,,,,,,,
192293,,,,,,,,,,,0.000000,0.000000,0.000000,0.000000,0.000000,0.000000,,,,,,,,,,,,
192298,,,,,,,,,,,0.000000,0.000000,0.000000,0.000000,0.000000,0.000000,,,,,,,,,,,,
192303,,,,,,,,,,,0.000000,0.000000,0.000000,0.000000,0.000000,0.000000,,,,,,,,,,,,
192315,,,,,,,,,,,0.000000,0.000000,0.000000,0.000000,0.000000,0.000000,,,,,,,,,,,,
192318,,,,,,,,,,,0.000000,0.000000,0.000000,0.000000,0.000000,0.000000,,,,,,,,,,,,
192323,,,,,,,,,,,0.000000,0.000000,0.000000,0.000000,0.000000,0.000000,,,,,,,,,,,,
192328,,,,,,,,,,,0.000000,0.000000,0.000000,0.000000,0.000000,0.000000,,,,,,,,,,,,
192333,,,,,,,,,,,0.000000,0.000000,0.000000,0.000000,0.000000,0.000000,,,,,,,,,,,,
192338,,,,,,,,,,,0.000000,0.000000,0.000000,0.000000,0.000000,0.000000,,,,,,,,,,,,
192343,,,,,,,,,,,0.000000,0.000000,0.000000,0.000000,0.000000,0.000000,,,,,,,,,,,,
192348,,,,,,,,,,,0.000000,0.000000,0.000000,0.000000,0.000000,0.000000,,,,,,,,,,,,
192353,,,,,,,,,,,0.000000,0.000000,0.000000,0.000000,0.000000,0.000000,,,,,,,,,,,,
192358,,,,,,,,,,,0.000000,0.000000,0.000000,0.000000,0.000000,0.000000,,,,,,,,,,,,
192363,,,,,,,,,,,0.000000,0.000000,0.000000,0.000000,0.000000,0.000000,,,,,,,,,,,,
192368,,,,,,,,,,,0.000000,0.000000,0.000000,0.000000,0.000000,0.000000,,,,,,,,,,,,
192373,,,,,,,,,,,0.000000,0.000000,0.000000,0.000000,0.000000,0.000000,,,,,,,,,,,,
192378,,,,,,,,,,,0.000000,0.000000,0.000000,0.000000,0.000000,0.000000,,,,,,,,,,,,
192383,,,,,,,,,,,0.000000,0.000000,0.000000,0.000000,0.000000,0.000000,,,,,,,,,,,,
192396,,,,,,,,,,,0.000000,0.000000,0.000000,0.000000,0.000000,0.000000,,,,,,,,,,,,
192398,,,,,,,,,,,0.000000,0.000000,0.000000,0.000000,0.000000,0.000000,,,,,,,,,,,,
192403,,,,,,,,,,,0.000000,0.000000,0.000000,0.000000,0.000000,0.000000,,,,,,,,,,,,
192408,,,,,,,,,,,0.000000,0.000000,0.000000,0.000000,0.000000,0.000000,,,,,,,,,,,,
192413,,,,,,,,,,,0.000000,0.000000,0.000000,0.000000,0.000000,0.000000,,,,,,,,,,,,
192418,,,,,,,,,,,0.000000,0.000000,0.000000,0.000000,0.000000,0.000000,,,,,,,,,,,,
192423,,,,,,,,,,,0.000000,0.000000,0.000000,0.000000,0.000000,0.000000,,,,,,,,,,,,
192428,,,,,,,,,,,0.000000,0.000000,0.000000,0.000000,0.000000,0.000000,,,,,,,,,,,,
192433,,,,,,,,,,,0.000000,0.000000,0.000000,0.000000,0.000000,0.000000,,,,,,,,,,,,
192438,,,,,,,,,,,0.000000,0.000000,0.000000,0.000000,0.000000,0.000000,,,,,,,,,,,,
192443,,,,,,,,,,,0.000000,0.000000,0.000000,0.000000,0.000000,0.000000,,,,,,,,,,,,
192455,,,,,,,,,,,0.000000,0.000000,0.000000,0.000000,0.000000,0.000000,,,,,,,,,,,,
192458,,,,,,,,,,,0.000000,0.000000,0.000000,0.000000,0.000000,0.000000,,,,,,,,,,,,
192463,,,,,,,,,,,0.000000,0.000000,0.000000,0.000000,0.000000,0.000000,,,,,,,,,,,,
192468,,,,,,,,,,,0.000000,0.000000,0.000000,0.000000,0.000000,0.000000,,,,,,,,,,,,
192473,,,,,,,,,,,0.000000,0.000000,0.000000,0.000000,0.000000,0.000000,,,,,,,,,,,,
192478,,,,,,,,,,,0.000000,0.000000,0.000000,0.000000,0.000000,0.000000,,,,,,,,,,,,
192483,,,,,,,,,,,0.000000,0.000000,0.000000,0.000000,0.000000,0.000000,,,,,,,,,,,,
192488,,,,,,,,,,,0.000000,0.000000,0.000000,0.000000,0.000000,0.000000,,,,,,,,,,,,
192493,,,,,,,,,,,0.000000,0.000000,0.000000,0.000000,0.000000,0.000000,,,,,,,,,,,,
192498,,,,,,,,,,,0.000000,0.000000,0.000000,0.000000,0.000000,0.000000,,,,,,,,,,,,
192503,,,,,,,,,,,0.000000,0.000000,0.000000,0.000000,0.000000,0.000000,,,,,,,,,,,,
192515,,,,,,,,,,,0.000000,0.000000,0.000000,0.000000,0.000000,0.000000,,,,,,,,,,,,
192518,,,,,,,,,,,0.000000,0.000000,0.000000,0.000000,0.000000,0.000000,,,,,,,,,,,,
192523,,,,,,,,,,,0.000000,0.000000,0.000000,0.000000,0.000000,0.000000,,,,,,,,,,,,
192528,,,,,,,,,,,0.000000,0.000000,0.000000,0.000000,0.000000,0.000000,,,,,,,,,,,,
192533,,,,,,,,,,,0.000000,0.000000,0.000000,0.000000,0.000000,0.000000,,,,,,,,,,,,
192538,,,,,,,,,,,0.000000,0.000000,0.000000,0.000000,0.000000,0.000000,,,,,,,,,,,,
192543,,,,,,,,,,,0.000000,0.000000,0.000000,0.000000,0.000000,0.000000,,,,,,,,,,,,
192548,,,,,,,,,,,0.000000,0.000000,0.000000,0.000000,0.000000,0.000000,,,,,,,,,,,,
192553,,,,,,,,,,,0.000000,0.000000,0.000000,0.000000,0.000000,0.000000,,,,,,,,,,,,
192558,,,,,,,,,,,0.000000,0.000000,0.000000,0.000000,0.000000,0.000000,,,,,,,,,,,,
192563,,,,,,,,,,,0.000000,0.000000,0.000000,0.000000,0.000000,0.000000,,,,,,,,,,,,
192575,,,,,,,,,,,0.000000,0.000000,0.000000,0.000000,0.000000,0.000000,,,,,,,,,,,,
192578,,,,,,,,,,,0.000000,0.000000,0.000000,0.000000,0.000000,0.000000,,,,,,,,,,,,
192583,,,,,,,,,,,0.000000,0.000000,0.000000,0.000000,0.000000,0.000000,,,,,,,,,,,,
192588,,,,,,,,,,,0.000000,0.000000,0.000000,0.000000,0.000000,0.000000,,,,,,,,,,,,
192593,,,,,,,,,,,0.000000,0.000000,0.000000,0.000000,0.000000,0.000000,,,,,,,,,,,,
192598,,,,,,,,,,,0.000000,0.000000,0.000000,0.000000,0.000000,0.000000,,,,,,,,,,,,
192603,,,,,,,,,,,0.000000,0.000000,0.000000,0.000000,0.000000,0.000000,,,,,,,,,,,,
192608,,,,,,,,,,,0.000000,0.000000,0.000000,0.000000,0.000000,0.000000,,,,,,,,,,,,
192613,,,,,,,,,,,0.000000,0.000000,0.000000,0.000000,0.000000,0.000000,,,,,,,,,,,,
192618,,,,,,,,,,,0.000000,0.000000,0.000000,0.000000,0.000000,0.000000,,,,,,,,,,,,
192623,,,,,,,,,,,0.000000,0.000000,0.000000,0.000000,0.000000,0.000000,,,,,,,,,,,,
192628,,,,,,,,,,,0.000000,0.000000,0.000000,0.000000,0.000000,0.000000,,,,,,,,,,,,
192633,,,,,,,,,,,0.000000,0.000000,0.000000,0.000000,0.000000,0.000000,,,,,,,,,,,,
192638,,,,,,,,,,,0.000000,0.000000,0.000000,0.000000,0.000000,0.000000,,,,,,,,,,,,
192643,,,,,,,,,,,0.000000,0.000000,0.000000,0.000000,0.000000,0.000000,,,,,,,,,,,,
192655,,,,,,,,,,,0.000000,0.000000,0.000000,0.000000,0.000000,0.000000,,,,,,,,,,,,
192658,,,,,,,,,,,0.000000,0.000000,0.000000,0.000000,0.000000,0.000000,,,,,,,,,,,,
192663,,,,,,,,,,,0.000000,0.000000,0.000000,0.000000,0.000000,0.000000,,,,,,,,,,,,
192668,,,,,,,,,,,0.000000,0.000000,0.000000,0.000000,0.000000,0.000000,,,,,,,,,,,,
192673,,,,,,,,,,,0.000000,0.000000,0.000000,0.000000,0.000000,0.000000,,,,,,,,,,,,
192678,,,,,,,,,,,0.000000,0.000000,0.000000,0.000000,0.000000,0.000000,,,,,,,,,,,,
192683,,,,,,,,,,,0.000000,0.000000,0.000000,0.000000,0.000000,0.000000,,,,,,,,,,,,
192688,,,,,,,,,,,0.000000,0.000000,0.000000,0.000000,0.000000,0.000000,,,,,,,,,,,,
192693,,,,,,,,,,,0.000000,0.000000,0.000000,0.000000,0.000000,0.000000,,,,,,,,,,,,
192698,,,,,,,,,,,0.000000,0.000000,0.000000,0.000000,0.000000,0.000000,,,,,,,,,,,,
192703,,,,,,,,,,,0.000000,0.000000,0.000000,0.000000,0.000000,0.000000,,,,,,,,,,,,
192726,,,,,,,,,,,0.000000,0.000000,0.000000,0.000000,0.000000,0.000000,,,,,,,,,,,,
192728,,,,,,,,,,,0.000000,0.000000,0.000000,0.000000,0.000000,0.000000,,,,,,,,,,,,
192733,,,,,,,,,,,0.000000,0.000000,0.000000,0.000000,0.000000,0.000000,,,,,,,,,,,,
192738,,,,,,,,,,,0.000000,0.000000,0.000000,0.000000,0.000000,0.000000,,,,,,,,,,,,
192743,,,,,,,,,,,0.000000,0.000000,0.000000,0.000000,0.000000,0.000000,,,,,,,,,,,,
192748,,,,,,,,,,,0.000000,0.000000,0.000000,0.000000,0.000000,0.000000,,,,,,,,,,,,
192753,,,,,,,,,,,0.000000,0.000000,0.000000,0.000000,0.000000,0.000000,,,,,,,,,,,,
192758,,,,,,,,,,,0.000000,0.000000,0.000000,0.000000,0.000000,0.000000,,,,,,,,,,,,
192763,,,,,,,,,,,0.000000,0.000000,0.000000,0.000000,0.000000,0.000000,,,,,,,,,,,,
192775,,,,,,,,,,,0.000000,0.000000,0.000000,0.000000,0.000000,0.000000,,,,,,,,,,,,
192778,,,,,,,,,,,0.000000,0.000000,0.000000,0.000000,0.000000,0.000000,,,,,,,,,,,,
192783,,,,,,,,,,,0.000000,0.000000,0.000000,0.000000,0.000000,0.000000,,,,,,,,,,,,
192788,,,,,,,,,,,0.000000,0.000000,0.000000,0.000000,0.000000,0.000000,,,,,,,,,,,,
192793,,,,,,,,,,,0.000000,0.000000,0.000000,0.000000,0.000000,0.000000,,,,,,,,,,,,
192798,,,,,,,,,,,0.000000,0.000000,0.000000,0.000000,0.000000,0.000000,,,,,,,,,,,,
192803,,,,,,,,,,,0.000000,0.000000,0.000000,0.000000,0.000000,0.000000,,,,,,,,,,,,
192808,,,,,,,,,,,0.000000,0.000000,0.000000,0.000000,0.000000,0.000000,,,,,,,,,,,,
192813,,,,,,,,,,,0.000000,0.000000,0.000000,0.000000,0.000000,0.000000,,,,,,,,,,,,
192818,,,,,,,,,,,0.000000,0.000000,0.000000,0.000000,0.000000,0.000000,,,,,,,,,,,,
192823,,,,,,,,,,,0.000000,0.000000,0.000000,0.000000,0.000000,0.000000,,,,,,,,,,,,
192828,,,,,,,,,,,0.000000,0.000000,0.000000,0.000000,0.000000,0.000000,,,,,,,,,,,,
192833,,,,,,,,,,,0.000000,0.000000,0.000000,0.000000,0.000000,0.000000,,,,,,,,,,,,
192838,,,,,,,,,,,0.000000,0.000000,0.000000,0.000000,0.000000,0.000000,,,,,,,,,,,,
192843,,,,,,,,,,,0.000000,0.000000,0.000000,0.000000,0.000000,0.000000,,,,,,,,,,,,
192855,,,,,,,,,,,0.000000,0.000000,0.000000,0.000000,0.000000,0.000000,,,,,,,,,,,,
192858,,,,,,,,,,,0.000000,0.000000,0.000000,0.000000,0.000000,0.000000,,,,,,,,,,,,
192863,,,,,,,,,,,0.000000,0.000000,0.000000,0.000000,0.000000,0.000000,,,,,,,,,,,,
192868,,,,,,,,,,,0.000000,0.000000,0.000000,0.000000,0.000000,0.000000,,,,,,,,,,,,
192873,,,,,,,,,,,0.000000,0.000000,0.000000,0.000000,0.000000,0.000000,,,,,,,,,,,,
192878,,,,,,,,,,,0.000000,0.000000,0.000000,0.000000,0.000000,0.000000,,,,,,,,,,,,
192883,,,,,,,,,,,0.000000,0.000000,0.000000,0.000000,0.000000,0.000000,,,,,,,,,,,,
192888,,,,,,,,,,,0.000000,0.000000,0.000000,0.000000,0.000000,0.000000,,,,,,,,,,,,
192893,,,,,,,,,,,0.000000,0.000000,0.000000,0.000000,0.000000,0.000000,,,,,,,,,,,,
192898,,,,,,,,,,,0.000000,0.000000,0.000000,0.000000,0.000000,0.000000,,,,,,,,,,,,
192903,,,,,,,,,,,0.000000,0.000000,0.000000,0.000000,0.000000,0.000000,,,,,,,,,,,,
192915,,,,,,,,,,,0.000000,0.000000,0.000000,0.000000,0.000000,0.000000,,,,,,,,,,,,
192918,,,,,,,,,,,0.000000,0.000000,0.000000,0.000000,0.000000,0.000000,,,,,,,,,,,,
192923,,,,,,,,,,,0.000000,0.000000,0.000000,0.000000,0.000000,0.000000,,,,,,,,,,,,
192928,,,,,,,,,,,0.000000,0.000000,0.000000,0.000000,0.000000,0.000000,,,,,,,,,,,,
192933,,,,,,,,,,,0.000000,0.000000,0.000000,0.000000,0.000000,0.000000,,,,,,,,,,,,
192938,,,,,,,,,,,0.000000,0.000000,0.000000,0.000000,0.000000,0.000000,,,,,,,,,,,,
192943,,,,,,,,,,,0.000000,0.000000,0.000000,0.000000,0.000000,0.000000,,,,,,,,,,,,
192948,,,,,,,,,,,0.000000,0.000000,0.000000,0.000000,0.000000,0.000000,,,,,,,,,,,,
192953,,,,,,,,,,,0.000000,0.000000,0.000000,0.000000,0.000000,0.000000,,,,,,,,,,,,
192958,,,,,,,,,,,0.000000,0.000000,0.000000,0.000000,0.000000,0.000000,,,,,,,,,,,,
192963,,,,,,,,,,,0.000000,0.000000,0.000000,0.000000,0.000000,0.000000,,,,,,,,,,,,
192975,,,,,,,,,,,0.000000,0.000000,0.000000,0.000000,0.000000,0.000000,,,,,,,,,,,,
192978,,,,,,,,,,,0.000000,0.000000,0.000000,0.000000,0.000000,0.000000,,,,,,,,,,,,
192983,,,,,,,,,,,0.000000,0.000000,0.000000,0.000000,0.000000,0.000000,,,,,,,,,,,,
192988,,,,,,,,,,,0.000000,0.000000,0.000000,0.000000,0.000000,0.000000,,,,,,,,,,,,
192993,,,,,,,,,,,0.000000,0.000000,0.000000,0.000000,0.000000,0.000000,,,,,,,,,,,,
192998,,,,,,,,,,,0.000000,0.000000,0.000000,0.000000,0.000000,0.000000,,,,,,,,,,,,
193003,,,,,,,,,,,0.000000,0.000000,0.000000,0.000000,0.000000,0.000000,,,,,,,,,,,,
193008,,,,,,,,,,,0.000000,0.000000,0.000000,0.000000,0.000000,0.000000,,,,,,,,,,,,
193013,,,,,,,,,,,0.000000,0.000000,0.000000,0.000000,0.000000,0.000000,,,,,,,,,,,,
193018,,,,,,,,,,,0.000000,0.000000,0.000000,0.000000,0.000000,0.000000,,,,,,,,,,,,
193023,,,,,,,,,,,0.000000,0.000000,0.000000,0.000000,0.000000,0.000000,,,,,,,,,,,,
193035,,,,,,,,,,,0.000000,0.000000,0.000000,0.000000,0.000000,0.000000,,,,,,,,,,,,
193038,,,,,,,,,,,0.000000,0.000000,0.000000,0.000000,0.000000,0.000000,,,,,,,,,,,,
193043,,,,,,,,,,,0.000000,0.000000,0.000000,0.000000,0.000000,0.000000,,,,,,,,,,,,
193048,,,,,,,,,,,0.000000,0.000000,0.000000,0.000000,0.000000,0.000000,,,,,,,,,,,,
193053,,,,,,,,,,,0.000000,0.000000,0.000000,0.000000,0.000000,0.000000,,,,,,,,,,,,
193058,,,,,,,,,,,0.000000,0.000000,0.000000,0.000000,0.000000,0.000000,,,,,,,,,,,,
193063,,,,,,,,,,,0.000000,0.000000,0.000000,0.000000,0.000000,0.000000,,,,,,,,,,,,
193068,,,,,,,,,,,0.000000,0.000000,0.000000,0.000000,0.000000,0.000000,,,,,,,,,,,,
193073,,,,,,,,,,,0.000000,0.000000,0.000000,0.000000,0.000000,0.000000,,,,,,,,,,,,
193078,,,,,,,,,,,0.000000,0.000000,0.000000,0.000000,0.000000,0.000000,,,,,,,,,,,,
193083,,,,,,,,,,,0.000000,0.000000,0.000000,0.000000,0.000000,0.000000,,,,,,,,,,,,
193088,,,,,,,,,,,0.000000,0.000000,0.000000,0.000000,0.000000,0.000000,,,,,,,,,,,,
193093,,,,,,,,,,,0.000000,0.000000,0.000000,0.000000,0.000000,0.000000,,,,,,,,,,,,
193098,,,,,,,,,,,0.000000,0.000000,0.000000,0.000000,0.000000,0.000000,,,,,,,,,,,,
193103,,,,,,,,,,,0.000000,0.000000,0.000000,0.000000,0.000000,0.000000,,,,,,,,,,,,
193115,,,,,,,,,,,0.000000,0.000000,0.000000,0.000000,0.000000,0.000000,,,,,,,,,,,,
193118,,,,,,,,,,,0.000000,0.000000,0.000000,0.000000,0.000000,0.000000,,,,,,,,,,,,
193123,,,,,,,,,,,0.000000,0.000000,0.000000,0.000000,0.000000,0.000000,,,,,,,,,,,,
193128,,,,,,,,,,,0.000000,0.000000,0.000000,0.000000,0.000000,0.000000,,,,,,,,,,,,
193133,,,,,,,,,,,0.000000,0.000000,0.000000,0.000000,0.000000,0.000000,,,,,,,,,,,,
193138,,,,,,,,,,,0.000000,0.000000,0.000000,0.000000,0.000000,0.000000,,,,,,,,,,,,
193143,,,,,,,,,,,0.000000,0.000000,0.000000,0.000000,0.000000,0.000000,,,,,,,,,,,,
193148,,,,,,,,,,,0.000000,0.000000,0.000000,0.000000,0.000000,0.000000,,,,,,,,,,,,
193153,,,,,,,,,,,0.000000,0.000000,0.000000,0.000000,0.000000,0.000000,,,,,,,,,,,,
193158,,,,,,,,,,,0.000000,0.000000,0.000000,0.000000,0.000000,0.000000,,,,,,,,,,,,
193163,,,,,,,,,,,0.000000,0.000000,0.000000,0.000000,0.000000,0.000000,,,,,,,,,,,,
193175,,,,,,,,,,,0.000000,0.000000,0.000000,0.000000,0.000000,0.000000,,,,,,,,,,,,
193178,,,,,,,,,,,0.000000,0.000000,0.000000,0.000000,0.000000,0.000000,,,,,,,,,,,,
193183,,,,,,,,,,,0.000000,0.000000,0.000000,0.000000,0.000000,0.000000,,,,,,,,,,,,
193188,,,,,,,,,,,0.000000,0.000000,0.000000,0.000000,0.000000,0.000000,,,,,,,,,,,,
193193,,,,,,,,,,,0.000000,0.000000,0.000000,0.000000,0.000000,0.000000,,,,,,,,,,,,
193198,,,,,,,,,,,0.000000,0.000000,0.000000,0.000000,0.000000,0.000000,,,,,,,,,,,,
193203,,,,,,,,,,,0.000000,0.000000,0.000000,0.000000,0.000000,0.000000,,,,,,,,,,,,
193208,,,,,,,,,,,0.000000,0.000000,0.000000,0.000000,0.000000,0.000000,,,,,,,,,,,,
193213,,,,,,,,,,,0.000000,0.000000,0.000000,0.000000,0.000000,0.000000,,,,,,,,,,,,
193218,,,,,,,,,,,0.000000,0.000000,0.000000,0.000000,0.000000,0.000000,,,,,,,,,,,,
193223,,,,,,,,,,,0.000000,0.000000,0.000000,0.000000,0.000000,0.000000,,,,,,,,,,,,
193235,,,,,,,,,,,0.000000,0.000000,0.000000,0.000000,0.000000,0.000000,,,,,,,,,,,,
193238,,,,,,,,,,,0.000000,0.000000,0.000000,0.000000,0.000000,0.000000,,,,,,,,,,,,
193243,,,,,,,,,,,0.000000,0.000000,0.000000,0.000000,0.000000,0.000000,,,,,,,,,,,,
193248,,,,,,,,,,,0.000000,0.000000,0.000000,0.000000,0.000000,0.000000,,,,,,,,,,,,
193253,,,,,,,,,,,0.000000,0.000000,0.000000,0.000000,0.000000,0.000000,,,,,,,,,,,,
193258,,,,,,,,,,,0.000000,0.000000,0.000000,0.000000,0.000000,0.000000,,,,,,,,,,,,
193263,,,,,,,,,,,0.000000,0.000000,0.000000,0.000000,0.000000,0.000000,,,,,,,,,,,,
193268,,,,,,,,,,,0.000000,0.000000,0.000000,0.000000,0.000000,0.000000,,,,,,,,,,,,
193273,,,,,,,,,,,0.000000,0.000000,0.000000,0.000000,0.000000,0.000000,,,,,,,,,,,,
193278,,,,,,,,,,,0.000000,0.000000,0.000000,0.000000,0.000000,0.000000,,,,,,,,,,,,
193283,,,,,,,,,,,0.000000,0.000000,0.000000,0.000000,0.000000,0.000000,,,,,,,,,,,,
193288,,,,,,,,,,,0.000000,0.000000,0.000000,0.000000,0.000000,0.000000,,,,,,,,,,,,
193293,,,,,,,,,,,0.000000,0.000000,0.000000,0.000000,0.000000,0.000000,,,,,,,,,,,,
193298,,,,,,,,,,,0.000000,0.000000,0.000000,0.000000,0.000000,0.000000,,,,,,,,,,,,
193303,,,,,,,,,,,0.000000,0.000000,0.000000,0.000000,0.000000,0.000000,,,,,,,,,,,,
193315,,,,,,,,,,,0.000000,0.000000,0.000000,0.000000,0.000000,0.000000,,,,,,,,,,,,
193318,,,,,,,,,,,0.000000,0.000000,0.000000,0.000000,0.000000,0.000000,,,,,,,,,,,,
193323,,,,,,,,,,,0.000000,0.000000,0.000000,0.000000,0.000000,0.000000,,,,,,,,,,,,
193328,,,,,,,,,,,0.000000,0.000000,0.000000,0.000000,0.000000,0.000000,,,,,,,,,,,,
193333,,,,,,,,,,,0.000000,0.000000,0.000000,0.000000,0.000000,0.000000,,,,,,,,,,,,
193338,,,,,,,,,,,0.000000,0.000000,0.000000,0.000000,0.000000,0.000000,,,,,,,,,,,,
193343,,,,,,,,,,,0.000000,0.000000,0.000000,0.000000,0.000000,0.000000,,,,,,,,,,,,
193348,,,,,,,,,,,0.000000,0.000000,0.000000,0.000000,0.000000,0.000000,,,,,,,,,,,,
193353,,,,,,,,,,,0.000000,0.000000,0.000000,0.000000,0.000000,0.000000,,,,,,,,,,,,
193358,,,,,,,,,,,0.000000,0.000000,0.000000,0.000000,0.000000,0.000000,,,,,,,,,,,,
193363,,,,,,,,,,,0.000000,0.000000,0.000000,0.000000,0.000000,0.000000,,,,,,,,,,,,
193375,,,,,,,,,,,0.000000,0.000000,0.000000,0.000000,0.000000,0.000000,,,,,,,,,,,,
193378,,,,,,,,,,,0.000000,0.000000,0.000000,0.000000,0.000000,0.000000,,,,,,,,,,,,
193383,,,,,,,,,,,0.000000,0.000000,0.000000,0.000000,0.000000,0.000000,,,,,,,,,,,,
193388,,,,,,,,,,,0.000000,0.000000,0.000000,0.000000,0.000000,0.000000,,,,,,,,,,,,
193393,,,,,,,,,,,0.000000,0.000000,0.000000,0.000000,0.000000,0.000000,,,,,,,,,,,,
193398,,,,,,,,,,,0.000000,0.000000,0.000000,0.000000,0.000000,0.000000,,,,,,,,,,,,
193403,,,,,,,,,,,0.000000,0.000000,0.000000,0.000000,0.000000,0.000000,,,,,,,,,,,,
193408,,,,,,,,,,,0.000000,0.000000,0.000000,0.000000,0.000000,0.000000,,,,,,,,,,,,
193413,,,,,,,,,,,0.000000,0.000000,0.000000,0.000000,0.000000,0.000000,,,,,,,,,,,,
193418,,,,,,,,,,,0.000000,0.000000,0.000000,0.000000,0.000000,0.000000,,,,,,,,,,,,
193423,,,,,,,,,,,0.000000,0.000000,0.000000,0.000000,0.000000,0.000000,,,,,,,,,,,,
193435,,,,,,,,,,,0.000000,0.000000,0.000000,0.000000,0.000000,0.000000,,,,,,,,,,,,
193438,,,,,,,,,,,0.000000,0.000000,0.000000,0.000000,0.000000,0.000000,,,,,,,,,,,,
193443,,,,,,,,,,,0.000000,0.000000,0.000000,0.000000,0.000000,0.000000,,,,,,,,,,,,
193448,,,,,,,,,,,0.000000,0.000000,0.000000,0.000000,0.000000,0.000000,,,,,,,,,,,,
193453,,,,,,,,,,,0.000000,0.000000,0.000000,0.000000,0.000000,0.000000,,,,,,,,,,,,
193458,,,,,,,,,,,0.000000,0.000000,0.000000,0.000000,0.000000,0.000000,,,,,,,,,,,,
193463,,,,,,,,,,,0.000000,0.000000,0.000000,0.000000,0.000000,0.000000,,,,,,,,,,,,
193468,,,,,,,,,,,0.000000,0.000000,0.000000,0.000000,0.000000,0.000000,,,,,,,,,,,,
193473,,,,,,,,,,,0.000000,0.000000,0.000000,0.000000,0.000000,0.000000,,,,,,,,,,,,
193478,,,,,,,,,,,0.000000,0.000000,0.000000,0.000000,0.000000,0.000000,,,,,,,,,,,,
193483,,,,,,,,,,,0.000000,0.000000,0.000000,0.000000,0.000000,0.000000,,,,,,,,,,,,
193495,,,,,,,,,,,0.000000,0.000000,0.000000,0.000000,0.000000,0.000000,,,,,,,,,,,,
193498,,,,,,,,,,,0.000000,0.000000,0.000000,0.000000,0.000000,0.000000,,,,,,,,,,,,
193503,,,,,,,,,,,0.000000,0.000000,0.000000,0.000000,0.000000,0.000000,,,,,,,,,,,,
193508,,,,,,,,,,,0.000000,0.000000,0.000000,0.000000,0.000000,0.000000,,,,,,,,,,,,
193513,,,,,,,,,,,0.000000,0.000000,0.000000,0.000000,0.000000,0.000000,,,,,,,,,,,,
193518,,,,,,,,,,,0.000000,0.000000,0.000000,0.000000,0.000000,0.000000,,,,,,,,,,,,
193523,,,,,,,,,,,0.000000,0.000000,0.000000,0.000000,0.000000,0.000000,,,,,,,,,,,,
193528,,,,,,,,,,,0.000000,0.000000,0.000000,0.000000,0.000000,0.000000,,,,,,,,,,,,
193533,,,,,,,,,,,0.000000,0.000000,0.000000,0.000000,0.000000,0.000000,,,,,,,,,,,,
193538,,,,,,,,,,,0.000000,0.000000,0.000000,0.000000,0.000000,0.000000,,,,,,,,,,,,
193543,,,,,,,,,,,0.000000,0.000000,0.000000,0.000000,0.000000,0.000000,,,,,,,,,,,,
193548,,,,,,,,,,,0.000000,0.000000,0.000000,0.000000,0.000000,0.000000,,,,,,,,,,,,
193553,,,,,,,,,,,0.000000,0.000000,0.000000,0.000000,0.000000,0.000000,,,,,,,,,,,,
193558,,,,,,,,,,,0.000000,0.000000,0.000000,0.000000,0.000000,0.000000,,,,,,,,,,,,
193563,,,,,,,,,,,0.000000,0.000000,0.000000,0.000000,0.000000,0.000000,,,,,,,,,,,,
193575,,,,,,,,,,,0.000000,0.000000,0.000000,0.000000,0.000000,0.000000,,,,,,,,,,,,
193578,,,,,,,,,,,0.000000,0.000000,0.000000,0.000000,0.000000,0.000000,,,,,,,,,,,,
193583,,,,,,,,,,,0.000000,0.000000,0.000000,0.000000,0.000000,0.000000,,,,,,,,,,,,
193588,,,,,,,,,,,0.000000,0.000000,0.000000,0.000000,0.000000,0.000000,,,,,,,,,,,,
193593,,,,,,,,,,,0.000000,0.000000,0.000000,0.000000,0.000000,0.000000,,,,,,,,,,,,
193598,,,,,,,,,,,0.000000,0.000000,0.000000,0.000000,0.000000,0.000000,,,,,,,,,,,,
193603,,,,,,,,,,,0.000000,0.000000,0.000000,0.000000,0.000000,0.000000,,,,,,,,,,,,
193608,,,,,,,,,,,0.000000,0.000000,0.000000,0.000000,0.000000,0.000000,,,,,,,,,,,,
193613,,,,,,,,,,,0.000000,0.000000,0.000000,0.000000,0.000000,0.000000,,,,,,,,,,,,
193618,,,,,,,,,,,0.000000,0.000000,0.000000,0.000000,0.000000,0.000000,,,,,,,,,,,,
193623,,,,,,,,,,,0.000000,0.000000,0.000000,0.000000,0.000000,0.000000,,,,,,,,,,,,
193635,,,,,,,,,,,0.000000,0.000000,0.000000,0.000000,0.000000,0.000000,,,,,,,,,,,,
193638,,,,,,,,,,,0.000000,0.000000,0.000000,0.000000,0.000000,0.000000,,,,,,,,,,,,
193643,,,,,,,,,,,0.000000,0.000000,0.000000,0.000000,0.000000,0.000000,,,,,,,,,,,,
193648,,,,,,,,,,,0.000000,0.000000,0.000000,0.000000,0.000000,0.000000,,,,,,,,,,,,
193653,,,,,,,,,,,0.000000,0.000000,0.000000,0.000000,0.000000,0.000000,,,,,,,,,,,,
193658,,,,,,,,,,,0.000000,0.000000,0.000000,0.000000,0.000000,0.000000,,,,,,,,,,,,
193663,,,,,,,,,,,0.000000,0.000000,0.000000,0.000000,0.000000,0.000000,,,,,,,,,,,,
193668,,,,,,,,,,,0.000000,0.000000,0.000000,0.000000,0.000000,0.000000,,,,,,,,,,,,
193673,,,,,,,,,,,0.000000,0.000000,0.000000,0.000000,0.000000,0.000000,,,,,,,,,,,,
193678,,,,,,,,,,,0.000000,0.000000,0.000000,0.000000,0.000000,0.000000,,,,,,,,,,,,
193683,,,,,,,,,,,0.000000,0.000000,0.000000,0.000000,0.000000,0.000000,,,,,,,,,,,,
193695,,,,,,,,,,,0.000000,0.000000,0.000000,0.000000,0.000000,0.000000,,,,,,,,,,,,
193698,,,,,,,,,,,0.000000,0.000000,0.000000,0.000000,0.000000,0.000000,,,,,,,,,,,,
193703,,,,,,,,,,,0.000000,0.000000,0.000000,0.000000,0.000000,0.000000,,,,,,,,,,,,
193708,,,,,,,,,,,0.000000,0.000000,0.000000,0.000000,0.000000,0.000000,,,,,,,,,,,,
193713,,,,,,,,,,,0.000000,0.000000,0.000000,0.000000,0.000000,0.000000,,,,,,,,,,,,
193718,,,,,,,,,,,0.000000,0.000000,0.000000,0.000000,0.000000,0.000000,,,,,,,,,,,,
193723,,,,,,,,,,,0.000000,0.000000,0.000000,0.000000,0.000000,0.000000,,,,,,,,,,,,
193728,,,,,,,,,,,0.000000,0.000000,0.000000,0.000000,0.000000,0.000000,,,,,,,,,,,,
193733,,,,,,,,,,,0.000000,0.000000,0.000000,0.000000,0.000000,0.000000,,,,,,,,,,,,
193738,,,,,,,,,,,0.000000,0.000000,0.000000,0.000000,0.000000,0.000000,,,,,,,,,,,,
193743,,,,,,,,,,,0.000000,0.000000,0.000000,0.000000,0.000000,0.000000,,,,,,,,,,,,
193748,,,,,,,,,,,0.000000,0.000000,0.000000,0.000000,0.000000,0.000000,,,,,,,,,,,,
193753,,,,,,,,,,,0.000000,0.000000,0.000000,0.000000,0.000000,0.000000,,,,,,,,,,,,
193758,,,,,,,,,,,0.000000,0.000000,0.000000,0.000000,0.000000,0.000000,,,,,,,,,,,,
193763,,,,,,,,,,,0.000000,0.000000,0.000000,0.000000,0.000000,0.000000,,,,,,,,,,,,
193773,,,,,,,,,,,0.000000,0.000000,0.000000,0.000000,0.000000,0.000000,,,,,,,,,,,,
193774,,,,,,,,,,,0.000000,0.000000,0.000000,0.000000,0.000000,0.000000,,,,,,,,,,,,
193778,,,,,,,,,,,0.000000,0.000000,0.000000,0.000000,0.000000,0.000000,,,,,,,,,,,,
193783,,,,,,,,,,,0.000000,0.000000,0.000000,0.000000,0.000000,0.000000,,,,,,,,,,,,
193788,,,,,,,,,,,0.000000,0.000000,0.000000,0.000000,0.000000,0.000000,,,,,,,,,,,,
193793,,,,,,,,,,,0.000000,0.000000,0.000000,0.000000,0.000000,0.000000,,,,,,,,,,,,
193798,,,,,,,,,,,0.000000,0.000000,0.000000,0.000000,0.000000,0.000000,,,,,,,,,,,,
193803,,,,,,,,,,,0.000000,0.000000,0.000000,0.000000,0.000000,0.000000,,,,,,,,,,,,
193808,,,,,,,,,,,0.000000,0.000000,0.000000,0.000000,0.000000,0.000000,,,,,,,,,,,,
193813,,,,,,,,,,,0.000000,0.000000,0.000000,0.000000,0.000000,0.000000,,,,,,,,,,,,
193818,,,,,,,,,,,0.000000,0.000000,0.000000,0.000000,0.000000,0.000000,,,,,,,,,,,,
193823,,,,,,,,,,,0.000000,0.000000,0.000000,0.000000,0.000000,0.000000,,,,,,,,,,,,
193839,,,,,,,,,,,0.000000,0.000000,0.000000,0.000000,0.000000,0.000000,,,,,,,,,,,,
193843,,,,,,,,,,,0.000000,0.000000,0.000000,0.000000,0.000000,0.000000,,,,,,,,,,,,
193848,,,,,,,,,,,0.000000,0.000000,0.000000,0.000000,0.000000,0.000000,,,,,,,,,,,,
193853,,,,,,,,,,,0.000000,0.000000,0.000000,0.000000,0.000000,0.000000,,,,,,,,,,,,
193858,,,,,,,,,,,0.000000,0.000000,0.000000,0.000000,0.000000,0.000000,,,,,,,,,,,,
193863,,,,,,,,,,,0.000000,0.000000,0.000000,0.000000,0.000000,0.000000,,,,,,,,,,,,
193868,,,,,,,,,,,0.000000,0.000000,0.000000,0.000000,0.000000,0.000000,,,,,,,,,,,,
193873,,,,,,,,,,,0.000000,0.000000,0.000000,0.000000,0.000000,0.000000,,,,,,,,,,,,
193878,,,,,,,,,,,0.000000,0.000000,0.000000,0.000000,0.000000,0.000000,,,,,,,,,,,,
193883,,,,,,,,,,,0.000000,0.000000,0.000000,0.000000,0.000000,0.000000,,,,,,,,,,,,
193895,,,,,,,,,,,0.000000,0.000000,0.000000,0.000000,0.000000,0.000000,,,,,,,,,,,,
193898,,,,,,,,,,,0.000000,0.000000,0.000000,0.000000,0.000000,0.000000,,,,,,,,,,,,
193903,,,,,,,,,,,0.000000,0.000000,0.000000,0.000000,0.000000,0.000000,,,,,,,,,,,,
193908,,,,,,,,,,,0.000000,0.000000,0.000000,0.000000,0.000000,0.000000,,,,,,,,,,,,
193913,,,,,,,,,,,0.000000,0.000000,0.000000,0.000000,0.000000,0.000000,,,,,,,,,,,,
193918,,,,,,,,,,,0.000000,0.000000,0.000000,0.000000,0.000000,0.000000,,,,,,,,,,,,
193923,,,,,,,,,,,0.000000,0.000000,0.000000,0.000000,0.000000,0.000000,,,,,,,,,,,,
193928,,,,,,,,,,,0.000000,0.000000,0.000000,0.000000,0.000000,0.000000,,,,,,,,,,,,
193933,,,,,,,,,,,0.000000,0.000000,0.000000,0.000000,0.000000,0.000000,,,,,,,,,,,,
193938,,,,,,,,,,,0.000000,0.000000,0.000000,0.000000,0.000000,0.000000,,,,,,,,,,,,
193943,,,,,,,,,,,0.000000,0.000000,0.000000,0.000000,0.000000,0.000000,,,,,,,,,,,,
193955,,,,,,,,,,,0.000000,0.000000,0.000000,0.000000,0.000000,0.000000,,,,,,,,,,,,
193958,,,,,,,,,,,0.000000,0.000000,0.000000,0.000000,0.000000,0.000000,,,,,,,,,,,,
193963,,,,,,,,,,,0.000000,0.000000,0.000000,0.000000,0.000000,0.000000,,,,,,,,,,,,
193968,,,,,,,,,,,0.000000,0.000000,0.000000,0.000000,0.000000,0.000000,,,,,,,,,,,,
193973,,,,,,,,,,,0.000000,0.000000,0.000000,0.000000,0.000000,0.000000,,,,,,,,,,,,
193978,,,,,,,,,,,0.000000,0.000000,0.000000,0.000000,0.000000,0.000000,,,,,,,,,,,,
193983,,,,,,,,,,,0.000000,0.000000,0.000000,0.000000,0.000000,0.000000,,,,,,,,,,,,
193988,,,,,,,,,,,0.000000,0.000000,0.000000,0.000000,0.000000,0.000000,,,,,,,,,,,,
193993,,,,,,,,,,,0.000000,0.000000,0.000000,0.000000,0.000000,0.000000,,,,,,,,,,,,
193998,,,,,,,,,,,0.000000,0.000000,0.000000,0.000000,0.000000,0.000000,,,,,,,,,,,,
194003,,,,,,,,,,,0.000000,0.000000,0.000000,0.000000,0.000000,0.000000,,,,,,,,,,,,
194008,,,,,,,,,,,0.000000,0.000000,0.000000,0.000000,0.000000,0.000000,,,,,,,,,,,,
194013,,,,,,,,,,,0.000000,0.000000,0.000000,0.000000,0.000000,0.000000,,,,,,,,,,,,
194018,,,,,,,,,,,0.000000,0.000000,0.000000,0.000000,0.000000,0.000000,,,,,,,,,,,,
194023,,,,,,,,,,,0.000000,0.000000,0.000000,0.000000,0.000000,0.000000,,,,,,,,,,,,
194035,,,,,,,,,,,0.000000,0.000000,0.000000,0.000000,0.000000,0.000000,,,,,,,,,,,,
194038,,,,,,,,,,,0.000000,0.000000,0.000000,0.000000,0.000000,0.000000,,,,,,,,,,,,
194043,,,,,,,,,,,0.000000,0.000000,0.000000,0.000000,0.000000,0.000000,,,,,,,,,,,,
194048,,,,,,,,,,,0.000000,0.000000,0.000000,0.000000,0.000000,0.000000,,,,,,,,,,,,
194053,,,,,,,,,,,0.000000,0.000000,0.000000,0.000000,0.000000,0.000000,,,,,,,,,,,,
194058,,,,,,,,,,,0.000000,0.000000,0.000000,0.000000,0.000000,0.000000,,,,,,,,,,,,
194063,,,,,,,,,,,0.000000,0.000000,0.000000,0.000000,0.000000,0.000000,,,,,,,,,,,,
194068,,,,,,,,,,,0.000000,0.000000,0.000000,0.000000,0.000000,0.000000,,,,,,,,,,,,
194073,,,,,,,,,,,0.000000,0.000000,0.000000,0.000000,0.000000,0.000000,,,,,,,,,,,,
194078,,,,,,,,,,,0.000000,0.000000,0.000000,0.000000,0.000000,0.000000,,,,,,,,,,,,
194083,,,,,,,,,,,0.000000,0.000000,0.000000,0.000000,0.000000,0.000000,,,,,,,,,,,,
194095,,,,,,,,,,,0.000000,0.000000,0.000000,0.000000,0.000000,0.000000,,,,,,,,,,,,
194098,,,,,,,,,,,0.000000,0.000000,0.000000,0.000000,0.000000,0.000000,,,,,,,,,,,,
194103,,,,,,,,,,,0.000000,0.000000,0.000000,0.000000,0.000000,0.000000,,,,,,,,,,,,
194108,,,,,,,,,,,0.000000,0.000000,0.000000,0.000000,0.000000,0.000000,,,,,,,,,,,,
194113,,,,,,,,,,,0.000000,0.000000,0.000000,0.000000,0.000000,0.000000,,,,,,,,,,,,
194118,,,,,,,,,,,0.000000,0.000000,0.000000,0.000000,0.000000,0.000000,,,,,,,,,,,,
194123,,,,,,,,,,,0.000000,0.000000,0.000000,0.000000,0.000000,0.000000,,,,,,,,,,,,
194128,,,,,,,,,,,0.000000,0.000000,0.000000,0.000000,0.000000,0.000000,,,,,,,,,,,,
194133,,,,,,,,,,,0.000000,0.000000,0.000000,0.000000,0.000000,0.000000,,,,,,,,,,,,
194138,,,,,,,,,,,0.000000,0.000000,0.000000,0.000000,0.000000,0.000000,,,,,,,,,,,,
194143,,,,,,,,,,,0.000000,0.000000,0.000000,0.000000,0.000000,0.000000,,,,,,,,,,,,
194155,,,,,,,,,,,0.000000,0.000000,0.000000,0.000000,0.000000,0.000000,,,,,,,,,,,,
194158,,,,,,,,,,,0.000000,0.000000,0.000000,0.000000,0.000000,0.000000,,,,,,,,,,,,
194163,,,,,,,,,,,0.000000,0.000000,0.000000,0.000000,0.000000,0.000000,,,,,,,,,,,,
194168,,,,,,,,,,,0.000000,0.000000,0.000000,0.000000,0.000000,0.000000,,,,,,,,,,,,
194173,,,,,,,,,,,0.000000,0.000000,0.000000,0.000000,0.000000,0.000000,,,,,,,,,,,,
194178,,,,,,,,,,,0.000000,0.000000,0.000000,0.000000,0.000000,0.000000,,,,,,,,,,,,
194183,,,,,,,,,,,0.000000,0.000000,0.000000,0.000000,0.000000,0.000000,,,,,,,,,,,,
194188,,,,,,,,,,,0.000000,0.000000,0.000000,0.000000,0.000000,0.000000,,,,,,,,,,,,
194193,,,,,,,,,,,0.000000,0.000000,0.000000,0.000000,0.000000,0.000000,,,,,,,,,,,,
194198,,,,,,,,,,,0.000000,0.000000,0.000000,0.000000,0.000000,0.000000,,,,,,,,,,,,
194203,,,,,,,,,,,0.000000,0.000000,0.000000,0.000000,0.000000,0.000000,,,,,,,,,,,,
194208,,,,,,,,,,,0.000000,0.000000,0.000000,0.000000,0.000000,0.000000,,,,,,,,,,,,
194213,,,,,,,,,,,0.000000,0.000000,0.000000,0.000000,0.000000,0.000000,,,,,,,,,,,,
194218,,,,,,,,,,,0.000000,0.000000,0.000000,0.000000,0.000000,0.000000,,,,,,,,,,,,
194223,,,,,,,,,,,0.000000,0.000000,0.000000,0.000000,0.000000,0.000000,,,,,,,,,,,,
194235,,,,,,,,,,,0.000000,0.000000,0.000000,0.000000,0.000000,0.000000,,,,,,,,,,,,
194238,,,,,,,,,,,0.000000,0.000000,0.000000,0.000000,0.000000,0.000000,,,,,,,,,,,,
194243,,,,,,,,,,,0.000000,0.000000,0.000000,0.000000,0.000000,0.000000,,,,,,,,,,,,
194248,,,,,,,,,,,0.000000,0.000000,0.000000,0.000000,0.000000,0.000000,,,,,,,,,,,,
194253,,,,,,,,,,,0.000000,0.000000,0.000000,0.000000,0.000000,0.000000,,,,,,,,,,,,
194258,,,,,,,,,,,0.000000,0.000000,0.000000,0.000000,0.000000,0.000000,,,,,,,,,,,,
194263,,,,,,,,,,,0.000000,0.000000,0.000000,0.000000,0.000000,0.000000,,,,,,,,,,,,
194268,,,,,,,,,,,0.000000,0.000000,0.000000,0.000000,0.000000,0.000000,,,,,,,,,,,,
194273,,,,,,,,,,,0.000000,0.000000,0.000000,0.000000,0.000000,0.000000,,,,,,,,,,,,
194278,,,,,,,,,,,0.000000,0.000000,0.000000,0.000000,0.000000,0.000000,,,,,,,,,,,,
194283,,,,,,,,,,,0.000000,0.000000,0.000000,0.000000,0.000000,0.000000,,,,,,,,,,,,
194296,,,,,,,,,,,0.000000,0.000000,0.000000,0.000000,0.000000,0.000000,,,,,,,,,,,,
194298,,,,,,,,,,,0.000000,0.000000,0.000000,0.000000,0.000000,0.000000,,,,,,,,,,,,
194303,,,,,,,,,,,0.000000,0.000000,0.000000,0.000000,0.000000,0.000000,,,,,,,,,,,,
194308,,,,,,,,,,,0.000000,0.000000,0.000000,0.000000,0.000000,0.000000,,,,,,,,,,,,
194313,,,,,,,,,,,0.000000,0.000000,0.000000,0.000000,0.000000,0.000000,,,,,,,,,,,,
194318,,,,,,,,,,,0.000000,0.000000,0.000000,0.000000,0.000000,0.000000,,,,,,,,,,,,
194323,,,,,,,,,,,0.000000,0.000000,0.000000,0.000000,0.000000,0.000000,,,,,,,,,,,,
194328,,,,,,,,,,,0.000000,0.000000,0.000000,0.000000,0.000000,0.000000,,,,,,,,,,,,
194333,,,,,,,,,,,0.000000,0.000000,0.000000,0.000000,0.000000,0.000000,,,,,,,,,,,,
194338,,,,,,,,,,,0.000000,0.000000,0.000000,0.000000,0.000000,0.000000,,,,,,,,,,,,
194343,,,,,,,,,,,0.000000,0.000000,0.000000,0.000000,0.000000,0.000000,,,,,,,,,,,,
194355,,,,,,,,,,,0.000000,0.000000,0.000000,0.000000,0.000000,0.000000,,,,,,,,,,,,
194358,,,,,,,,,,,0.000000,0.000000,0.000000,0.000000,0.000000,0.000000,,,,,,,,,,,,
194363,,,,,,,,,,,0.000000,0.000000,0.000000,0.000000,0.000000,0.000000,,,,,,,,,,,,
194368,,,,,,,,,,,0.000000,0.000000,0.000000,0.000000,0.000000,0.000000,,,,,,,,,,,,
194373,,,,,,,,,,,0.000000,0.000000,0.000000,0.000000,0.000000,0.000000,,,,,,,,,,,,
194378,,,,,,,,,,,0.000000,0.000000,0.000000,0.000000,0.000000,0.000000,,,,,,,,,,,,
194383,,,,,,,,,,,0.000000,0.000000,0.000000,0.000000,0.000000,0.000000,,,,,,,,,,,,
194388,,,,,,,,,,,0.000000,0.000000,0.000000,0.000000,0.000000,0.000000,,,,,,,,,,,,
194393,,,,,,,,,,,0.000000,0.000000,0.000000,0.000000,0.000000,0.000000,,,,,,,,,,,,
194398,,,,,,,,,,,0.000000,0.000000,0.000000,0.000000,0.000000,0.000000,,,,,,,,,,,,
194403,,,,,,,,,,,0.000000,0.000000,0.000000,0.000000,0.000000,0.000000,,,,,,,,,,,,
194415,,,,,,,,,,,0.000000,0.000000,0.000000,0.000000,0.000000,0.000000,,,,,,,,,,,,
194418,,,,,,,,,,,0.000000,0.000000,0.000000,0.000000,0.000000,0.000000,,,,,,,,,,,,
194423,,,,,,,,,,,0.000000,0.000000,0.000000,0.000000,0.000000,0.000000,,,,,,,,,,,,
194428,,,,,,,,,,,0.000000,0.000000,0.000000,0.000000,0.000000,0.000000,,,,,,,,,,,,
194433,,,,,,,,,,,0.000000,0.000000,0.000000,0.000000,0.000000,0.000000,,,,,,,,,,,,
194438,,,,,,,,,,,0.000000,0.000000,0.000000,0.000000,0.000000,0.000000,,,,,,,,,,,,
194443,,,,,,,,,,,0.000000,0.000000,0.000000,0.000000,0.000000,0.000000,,,,,,,,,,,,
194448,,,,,,,,,,,0.000000,0.000000,0.000000,0.000000,0.000000,0.000000,,,,,,,,,,,,
194453,,,,,,,,,,,0.000000,0.000000,0.000000,0.000000,0.000000,0.000000,,,,,,,,,,,,
194458,,,,,,,,,,,0.000000,0.000000,0.000000,0.000000,0.000000,0.000000,,,,,,,,,,,,
194463,,,,,,,,,,,0.000000,0.000000,0.000000,0.000000,0.000000,0.000000,,,,,,,,,,,,
194468,,,,,,,,,,,0.000000,0.000000,0.000000,0.000000,0.000000,0.000000,,,,,,,,,,,,
194473,,,,,,,,,,,0.000000,0.000000,0.000000,0.000000,0.000000,0.000000,,,,,,,,,,,,
194478,,,,,,,,,,,0.000000,0.000000,0.000000,0.000000,0.000000,0.000000,,,,,,,,,,,,
194483,,,,,,,,,,,0.000000,0.000000,0.000000,0.000000,0.000000,0.000000,,,,,,,,,,,,
194495,,,,,,,,,,,0.000000,0.000000,0.000000,0.000000,0.000000,0.000000,,,,,,,,,,,,
194498,,,,,,,,,,,0.000000,0.000000,0.000000,0.000000,0.000000,0.000000,,,,,,,,,,,,
194503,,,,,,,,,,,0.000000,0.000000,0.000000,0.000000,0.000000,0.000000,,,,,,,,,,,,
194508,,,,,,,,,,,0.000000,0.000000,0.000000,0.000000,0.000000,0.000000,,,,,,,,,,,,
194513,,,,,,,,,,,0.000000,0.000000,0.000000,0.000000,0.000000,0.000000,,,,,,,,,,,,
194518,,,,,,,,,,,0.000000,0.000000,0.000000,0.000000,0.000000,0.000000,,,,,,,,,,,,
194523,,,,,,,,,,,0.000000,0.000000,0.000000,0.000000,0.000000,0.000000,,,,,,,,,,,,
194528,,,,,,,,,,,0.000000,0.000000,0.000000,0.000000,0.000000,0.000000,,,,,,,,,,,,
194533,,,,,,,,,,,0.000000,0.000000,0.000000,0.000000,0.000000,0.000000,,,,,,,,,,,,
194538,,,,,,,,,,,0.000000,0.000000,0.000000,0.000000,0.000000,0.000000,,,,,,,,,,,,
194543,,,,,,,,,,,0.000000,0.000000,0.000000,0.000000,0.000000,0.000000,,,,,,,,,,,,
194555,,,,,,,,,,,0.000000,0.000000,0.000000,0.000000,0.000000,0.000000,,,,,,,,,,,,
194558,,,,,,,,,,,0.000000,0.000000,0.000000,0.000000,0.000000,0.000000,,,,,,,,,,,,
194563,,,,,,,,,,,0.000000,0.000000,0.000000,0.000000,0.000000,0.000000,,,,,,,,,,,,
194568,,,,,,,,,,,0.000000,0.000000,0.000000,0.000000,0.000000,0.000000,,,,,,,,,,,,
194573,,,,,,,,,,,0.000000,0.000000,0.000000,0.000000,0.000000,0.000000,,,,,,,,,,,,
194578,,,,,,,,,,,0.000000,0.000000,0.000000,0.000000,0.000000,0.000000,,,,,,,,,,,,
194583,,,,,,,,,,,0.000000,0.000000,0.000000,0.000000,0.000000,0.000000,,,,,,,,,,,,
194588,,,,,,,,,,,0.000000,0.000000,0.000000,0.000000,0.000000,0.000000,,,,,,,,,,,,
194593,,,,,,,,,,,0.000000,0.000000,0.000000,0.000000,0.000000,0.000000,,,,,,,,,,,,
194598,,,,,,,,,,,0.000000,0.000000,0.000000,0.000000,0.000000,0.000000,,,,,,,,,,,,
194603,,,,,,,,,,,0.000000,0.000000,0.000000,0.000000,0.000000,0.000000,,,,,,,,,,,,
194615,,,,,,,,,,,0.000000,0.000000,0.000000,0.000000,0.000000,0.000000,,,,,,,,,,,,
194618,,,,,,,,,,,0.000000,0.000000,0.000000,0.000000,0.000000,0.000000,,,,,,,,,,,,
194623,,,,,,,,,,,0.000000,0.000000,0.000000,0.000000,0.000000,0.000000,,,,,,,,,,,,
194628,,,,,,,,,,,0.000000,0.000000,0.000000,0.000000,0.000000,0.000000,,,,,,,,,,,,
194633,,,,,,,,,,,0.000000,0.000000,0.000000,0.000000,0.000000,0.000000,,,,,,,,,,,,
194638,,,,,,,,,,,0.000000,0.000000,0.000000,0.000000,0.000000,0.000000,,,,,,,,,,,,
194643,,,,,,,,,,,0.000000,0.000000,0.000000,0.000000,0.000000,0.000000,,,,,,,,,,,,
194648,,,,,,,,,,,0.000000,0.000000,0.000000,0.000000,0.000000,0.000000,,,,,,,,,,,,
194653,,,,,,,,,,,0.000000,0.000000,0.000000,0.000000,0.000000,0.000000,,,,,,,,,,,,
194658,,,,,,,,,,,0.000000,0.000000,0.000000,0.000000,0.000000,0.000000,,,,,,,,,,,,
194663,,,,,,,,,,,0.000000,0.000000,0.000000,0.000000,0.000000,0.000000,,,,,,,,,,,,
194675,,,,,,,,,,,0.000000,0.000000,0.000000,0.000000,0.000000,0.000000,,,,,,,,,,,,
194678,,,,,,,,,,,0.000000,0.000000,0.000000,0.000000,0.000000,0.000000,,,,,,,,,,,,
194683,,,,,,,,,,,0.000000,0.000000,0.000000,0.000000,0.000000,0.000000,,,,,,,,,,,,
194688,,,,,,,,,,,0.000000,0.000000,0.000000,0.000000,0.000000,0.000000,,,,,,,,,,,,
194693,,,,,,,,,,,0.000000,0.000000,0.000000,0.000000,0.000000,0.000000,,,,,,,,,,,,
194698,,,,,,,,,,,0.000000,0.000000,0.000000,0.000000,0.000000,0.000000,,,,,,,,,,,,
194703,,,,,,,,,,,0.000000,0.000000,0.000000,0.000000,0.000000,0.000000,,,,,,,,,,,,
194708,,,,,,,,,,,0.000000,0.000000,0.000000,0.000000,0.000000,0.000000,,,,,,,,,,,,
194713,,,,,,,,,,,0.000000,0.000000,0.000000,0.000000,0.000000,0.000000,,,,,,,,,,,,
194718,,,,,,,,,,,0.000000,0.000000,0.000000,0.000000,0.000000,0.000000,,,,,,,,,,,,
194723,,,,,,,,,,,0.000000,0.000000,0.000000,0.000000,0.000000,0.000000,,,,,,,,,,,,
194728,,,,,,,,,,,0.000000,0.000000,0.000000,0.000000,0.000000,0.000000,,,,,,,,,,,,
194733,,,,,,,,,,,0.000000,0.000000,0.000000,0.000000,0.000000,0.000000,,,,,,,,,,,,
194738,,,,,,,,,,,0.000000,0.000000,0.000000,0.000000,0.000000,0.000000,,,,,,,,,,,,
194743,,,,,,,,,,,0.000000,0.000000,0.000000,0.000000,0.000000,0.000000,,,,,,,,,,,,
194755,,,,,,,,,,,0.000000,0.000000,0.000000,0.000000,0.000000,0.000000,,,,,,,,,,,,
194758,,,,,,,,,,,0.000000,0.000000,0.000000,0.000000,0.000000,0.000000,,,,,,,,,,,,
194763,,,,,,,,,,,0.000000,0.000000,0.000000,0.000000,0.000000,0.000000,,,,,,,,,,,,
194768,,,,,,,,,,,0.000000,0.000000,0.000000,0.000000,0.000000,0.000000,,,,,,,,,,,,
194773,,,,,,,,,,,0.000000,0.000000,0.000000,0.000000,0.000000,0.000000,,,,,,,,,,,,
194778,,,,,,,,,,,0.000000,0.000000,0.000000,0.000000,0.000000,0.000000,,,,,,,,,,,,
194783,,,,,,,,,,,0.000000,0.000000,0.000000,0.000000,0.000000,0.000000,,,,,,,,,,,,
194788,,,,,,,,,,,0.000000,0.000000,0.000000,0.000000,0.000000,0.000000,,,,,,,,,,,,
194793,,,,,,,,,,,0.000000,0.000000,0.000000,0.000000,0.000000,0.000000,,,,,,,,,,,,
194798,,,,,,,,,,,0.000000,0.000000,0.000000,0.000000,0.000000,0.000000,,,,,,,,,,,,
194803,,,,,,,,,,,0.000000,0.000000,0.000000,0.000000,0.000000,0.000000,,,,,,,,,,,,
194815,,,,,,,,,,,0.000000,0.000000,0.000000,0.000000,0.000000,0.000000,,,,,,,,,,,,
194818,,,,,,,,,,,0.000000,0.000000,0.000000,0.000000,0.000000,0.000000,,,,,,,,,,,,
194823,,,,,,,,,,,0.000000,0.000000,0.000000,0.000000,0.000000,0.000000,,,,,,,,,,,,
194828,,,,,,,,,,,0.000000,0.000000,0.000000,0.000000,0.000000,0.000000,,,,,,,,,,,,
194833,,,,,,,,,,,0.000000,0.000000,0.000000,0.000000,0.000000,0.000000,,,,,,,,,,,,
194838,,,,,,,,,,,0.000000,0.000000,0.000000,0.000000,0.000000,0.000000,,,,,,,,,,,,
194843,,,,,,,,,,,0.000000,0.000000,0.000000,0.000000,0.000000,0.000000,,,,,,,,,,,,
194848,,,,,,,,,,,0.000000,0.000000,0.000000,0.000000,0.000000,0.000000,,,,,,,,,,,,
194853,,,,,,,,,,,0.000000,0.000000,0.000000,0.000000,0.000000,0.000000,,,,,,,,,,,,
194858,,,,,,,,,,,0.000000,0.000000,0.000000,0.000000,0.000000,0.000000,,,,,,,,,,,,
194863,,,,,,,,,,,0.000000,0.000000,0.000000,0.000000,0.000000,0.000000,,,,,,,,,,,,
194875,,,,,,,,,,,0.000000,0.000000,0.000000,0.000000,0.000000,0.000000,,,,,,,,,,,,
194878,,,,,,,,,,,0.000000,0.000000,0.000000,0.000000,0.000000,0.000000,,,,,,,,,,,,
194883,,,,,,,,,,,0.000000,0.000000,0.000000,0.000000,0.000000,0.000000,,,,,,,,,,,,
194888,,,,,,,,,,,0.000000,0.000000,0.000000,0.000000,0.000000,0.000000,,,,,,,,,,,,
194893,,,,,,,,,,,0.000000,0.000000,0.000000,0.000000,0.000000,0.000000,,,,,,,,,,,,
194898,,,,,,,,,,,0.000000,0.000000,0.000000,0.000000,0.000000,0.000000,,,,,,,,,,,,
194903,,,,,,,,,,,0.000000,0.000000,0.000000,0.000000,0.000000,0.000000,,,,,,,,,,,,
194908,,,,,,,,,,,0.000000,0.000000,0.000000,0.000000,0.000000,0.000000,,,,,,,,,,,,
194913,,,,,,,,,,,0.000000,0.000000,0.000000,0.000000,0.000000,0.000000,,,,,,,,,,,,
194918,,,,,,,,,,,0.000000,0.000000,0.000000,0.000000,0.000000,0.000000,,,,,,,,,,,,
194923,,,,,,,,,,,0.000000,0.000000,0.000000,0.000000,0.000000,0.000000,,,,,,,,,,,,
194928,,,,,,,,,,,0.000000,0.000000,0.000000,0.000000,0.000000,0.000000,,,,,,,,,,,,
194933,,,,,,,,,,,0.000000,0.000000,0.000000,0.000000,0.000000,0.000000,,,,,,,,,,,,
194938,,,,,,,,,,,0.000000,0.000000,0.000000,0.000000,0.000000,0.000000,,,,,,,,,,,,
194943,,,,,,,,,,,0.000000,0.000000,0.000000,0.000000,0.000000,0.000000,,,,,,,,,,,,
194955,,,,,,,,,,,0.000000,0.000000,0.000000,0.000000,0.000000,0.000000,,,,,,,,,,,,
194958,,,,,,,,,,,0.000000,0.000000,0.000000,0.000000,0.000000,0.000000,,,,,,,,,,,,
194963,,,,,,,,,,,0.000000,0.000000,0.000000,0.000000,0.000000,0.000000,,,,,,,,,,,,
194968,,,,,,,,,,,0.000000,0.000000,0.000000,0.000000,0.000000,0.000000,,,,,,,,,,,,
194973,,,,,,,,,,,0.000000,0.000000,0.000000,0.000000,0.000000,0.000000,,,,,,,,,,,,
194978,,,,,,,,,,,0.000000,0.000000,0.000000,0.000000,0.000000,0.000000,,,,,,,,,,,,
194983,,,,,,,,,,,0.000000,0.000000,0.000000,0.000000,0.000000,0.000000,,,,,,,,,,,,
194988,,,,,,,,,,,0.000000,0.000000,0.000000,0.000000,0.000000,0.000000,,,,,,,,,,,,
194993,,,,,,,,,,,0.000000,0.000000,0.000000,0.000000,0.000000,0.000000,,,,,,,,,,,,
194998,,,,,,,,,,,0.000000,0.000000,0.000000,0.000000,0.000000,0.000000,,,,,,,,,,,,
195003,,,,,,,,,,,0.000000,0.000000,0.000000,0.000000,0.000000,0.000000,,,,,,,,,,,,
195015,,,,,,,,,,,0.000000,0.000000,0.000000,0.000000,0.000000,0.000000,,,,,,,,,,,,
195018,,,,,,,,,,,0.000000,0.000000,0.000000,0.000000,0.000000,0.000000,,,,,,,,,,,,
195023,,,,,,,,,,,0.000000,0.000000,0.000000,0.000000,0.000000,0.000000,,,,,,,,,,,,
195028,,,,,,,,,,,0.000000,0.000000,0.000000,0.000000,0.000000,0.000000,,,,,,,,,,,,
195033,,,,,,,,,,,0.000000,0.000000,0.000000,0.000000,0.000000,0.000000,,,,,,,,,,,,
195038,,,,,,,,,,,0.000000,0.000000,0.000000,0.000000,0.000000,0.000000,,,,,,,,,,,,
195043,,,,,,,,,,,0.000000,0.000000,0.000000,0.000000,0.000000,0.000000,,,,,,,,,,,,
195048,,,,,,,,,,,0.000000,0.000000,0.000000,0.000000,0.000000,0.000000,,,,,,,,,,,,
195053,,,,,,,,,,,0.000000,0.000000,0.000000,0.000000,0.000000,0.000000,,,,,,,,,,,,
195058,,,,,,,,,,,0.000000,0.000000,0.000000,0.000000,0.000000,0.000000,,,,,,,,,,,,
195063,,,,,,,,,,,0.000000,0.000000,0.000000,0.000000,0.000000,0.000000,,,,,,,,,,,,
195075,,,,,,,,,,,0.000000,0.000000,0.000000,0.000000,0.000000,0.000000,,,,,,,,,,,,
195078,,,,,,,,,,,0.000000,0.000000,0.000000,0.000000,0.000000,0.000000,,,,,,,,,,,,
195083,,,,,,,,,,,0.000000,0.000000,0.000000,0.000000,0.000000,0.000000,,,,,,,,,,,,
195088,,,,,,,,,,,0.000000,0.000000,0.000000,0.000000,0.000000,0.000000,,,,,,,,,,,,
195093,,,,,,,,,,,0.000000,0.000000,0.000000,0.000000,0.000000,0.000000,,,,,,,,,,,,
195098,,,,,,,,,,,0.000000,0.000000,0.000000,0.000000,0.000000,0.000000,,,,,,,,,,,,
195103,,,,,,,,,,,0.000000,0.000000,0.000000,0.000000,0.000000,0.000000,,,,,,,,,,,,
195108,,,,,,,,,,,0.000000,0.000000,0.000000,0.000000,0.000000,0.000000,,,,,,,,,,,,
195113,,,,,,,,,,,0.000000,0.000000,0.000000,0.000000,0.000000,0.000000,,,,,,,,,,,,
195118,,,,,,,,,,,0.000000,0.000000,0.000000,0.000000,0.000000,0.000000,,,,,,,,,,,,
195123,,,,,,,,,,,0.000000,0.000000,0.000000,0.000000,0.000000,0.000000,,,,,,,,,,,,
195135,,,,,,,,,,,0.000000,0.000000,0.000000,0.000000,0.000000,0.000000,,,,,,,,,,,,
195138,,,,,,,,,,,0.000000,0.000000,0.000000,0.000000,0.000000,0.000000,,,,,,,,,,,,
195143,,,,,,,,,,,0.000000,0.000000,0.000000,0.000000,0.000000,0.000000,,,,,,,,,,,,
195148,,,,,,,,,,,0.000000,0.000000,0.000000,0.000000,0.000000,0.000000,,,,,,,,,,,,
195153,,,,,,,,,,,0.000000,0.000000,0.000000,0.000000,0.000000,0.000000,,,,,,,,,,,,
195158,,,,,,,,,,,0.000000,0.000000,0.000000,0.000000,0.000000,0.000000,,,,,,,,,,,,
195163,,,,,,,,,,,0.000000,0.000000,0.000000,0.000000,0.000000,0.000000,,,,,,,,,,,,
195168,,,,,,,,,,,0.000000,0.000000,0.000000,0.000000,0.000000,0.000000,,,,,,,,,,,,
195173,,,,,,,,,,,0.000000,0.000000,0.000000,0.000000,0.000000,0.000000,,,,,,,,,,,,
195178,,,,,,,,,,,0.000000,0.000000,0.000000,0.000000,0.000000,0.000000,,,,,,,,,,,,
195183,,,,,,,,,,,0.000000,0.000000,0.000000,0.000000,0.000000,0.000000,,,,,,,,,,,,
195188,,,,,,,,,,,0.000000,0.000000,0.000000,0.000000,0.000000,0.000000,,,,,,,,,,,,
195193,,,,,,,,,,,0.000000,0.000000,0.000000,0.000000,0.000000,0.000000,,,,,,,,,,,,
195198,,,,,,,,,,,0.000000,0.000000,0.000000,0.000000,0.000000,0.000000,,,,,,,,,,,,
195203,,,,,,,,,,,0.000000,0.000000,0.000000,0.000000,0.000000,0.000000,,,,,,,,,,,,
195215,,,,,,,,,,,0.000000,0.000000,0.000000,0.000000,0.000000,0.000000,,,,,,,,,,,,
195218,,,,,,,,,,,0.000000,0.000000,0.000000,0.000000,0.000000,0.000000,,,,,,,,,,,,
195223,,,,,,,,,,,0.000000,0.000000,0.000000,0.000000,0.000000,0.000000,,,,,,,,,,,,
195228,,,,,,,,,,,0.000000,0.000000,0.000000,0.000000,0.000000,0.000000,,,,,,,,,,,,
195233,,,,,,,,,,,0.000000,0.000000,0.000000,0.000000,0.000000,0.000000,,,,,,,,,,,,
195238,,,,,,,,,,,0.000000,0.000000,0.000000,0.000000,0.000000,0.000000,,,,,,,,,,,,
195243,,,,,,,,,,,0.000000,0.000000,0.000000,0.000000,0.000000,0.000000,,,,,,,,,,,,
195248,,,,,,,,,,,0.000000,0.000000,0.000000,0.000000,0.000000,0.000000,,,,,,,,,,,,
195253,,,,,,,,,,,0.000000,0.000000,0.000000,0.000000,0.000000,0.000000,,,,,,,,,,,,
195258,,,,,,,,,,,0.000000,0.000000,0.000000,0.000000,0.000000,0.000000,,,,,,,,,,,,
195263,,,,,,,,,,,0.000000,0.000000,0.000000,0.000000,0.000000,0.000000,,,,,,,,,,,,
195274,,,,,,,,,,,0.000000,0.000000,,,,,,,,,,,,,,,,
195275,,,,,,,,,,,0.000000,0.000000,0.000000,0.000000,0.000000,0.000000,,,,,,,,,,,,
195278,,,,,,,,,,,0.000000,0.000000,0.000000,0.000000,0.000000,0.000000,,,,,,,,,,,,
195283,,,,,,,,,,,0.000000,0.000000,0.000000,0.000000,0.000000,0.000000,,,,,,,,,,,,
195288,,,,,,,,,,,0.000000,0.000000,0.000000,0.000000,0.000000,0.000000,,,,,,,,,,,,
195293,,,,,,,,,,,0.000000,0.000000,0.000000,0.000000,0.000000,0.000000,,,,,,,,,,,,
195298,,,,,,,,,,,0.000000,0.000000,0.000000,0.000000,0.000000,0.000000,,,,,,,,,,,,
195303,,,,,,,,,,,0.000000,0.000000,0.000000,0.000000,0.000000,0.000000,,,,,,,,,,,,
195308,,,,,,,,,,,0.000000,0.000000,0.000000,0.000000,0.000000,0.000000,,,,,,,,,,,,
195313,,,,,,,,,,,0.000000,0.000000,0.000000,0.000000,0.000000,0.000000,,,,,,,,,,,,
195318,,,,,,,,,,,0.000000,0.000000,0.000000,0.000000,0.000000,0.000000,,,,,,,,,,,,
195323,,,,,,,,,,,0.000000,0.000000,0.000000,0.000000,0.000000,0.000000,,,,,,,,,,,,
195335,,,,,,,,,,,0.000000,0.000000,0.000000,0.000000,0.000000,0.000000,,,,,,,,,,,,
195338,,,,,,,,,,,0.000000,0.000000,0.000000,0.000000,0.000000,0.000000,,,,,,,,,,,,
195343,,,,,,,,,,,0.000000,0.000000,0.000000,0.000000,0.000000,0.000000,,,,,,,,,,,,
195348,,,,,,,,,,,0.000000,0.000000,0.000000,0.000000,0.000000,0.000000,,,,,,,,,,,,
195353,,,,,,,,,,,0.000000,0.000000,0.000000,0.000000,0.000000,0.000000,,,,,,,,,,,,
195358,,,,,,,,,,,0.000000,0.000000,0.000000,0.000000,0.000000,0.000000,,,,,,,,,,,,
195363,,,,,,,,,,,0.000000,0.000000,0.000000,0.000000,0.000000,0.000000,,,,,,,,,,,,
195368,,,,,,,,,,,0.000000,0.000000,0.000000,0.000000,0.000000,0.000000,,,,,,,,,,,,
195373,,,,,,,,,,,0.000000,0.000000,0.000000,0.000000,0.000000,0.000000,,,,,,,,,,,,
195378,,,,,,,,,,,0.000000,0.000000,0.000000,0.000000,0.000000,0.000000,,,,,,,,,,,,
195383,,,,,,,,,,,0.000000,0.000000,0.000000,0.000000,0.000000,0.000000,,,,,,,,,,,,
195388,,,,,,,,,,,0.000000,0.000000,0.000000,0.000000,0.000000,0.000000,,,,,,,,,,,,
195393,,,,,,,,,,,0.000000,0.000000,0.000000,0.000000,0.000000,0.000000,,,,,,,,,,,,
195398,,,,,,,,,,,0.000000,0.000000,0.000000,0.000000,0.000000,0.000000,,,,,,,,,,,,
195403,,,,,,,,,,,0.000000,0.000000,0.000000,0.000000,0.000000,0.000000,,,,,,,,,,,,
195415,,,,,,,,,,,0.000000,0.000000,0.000000,0.000000,0.000000,0.000000,,,,,,,,,,,,
195418,,,,,,,,,,,0.000000,0.000000,0.000000,0.000000,0.000000,0.000000,,,,,,,,,,,,
195423,,,,,,,,,,,0.000000,0.000000,0.000000,0.000000,0.000000,0.000000,,,,,,,,,,,,
195428,,,,,,,,,,,0.000000,0.000000,0.000000,0.000000,0.000000,0.000000,,,,,,,,,,,,
195433,,,,,,,,,,,0.000000,0.000000,0.000000,0.000000,0.000000,0.000000,,,,,,,,,,,,
195438,,,,,,,,,,,0.000000,0.000000,0.000000,0.000000,0.000000,0.000000,,,,,,,,,,,,
195443,,,,,,,,,,,0.000000,0.000000,0.000000,0.000000,0.000000,0.000000,,,,,,,,,,,,
195448,,,,,,,,,,,0.000000,0.000000,0.000000,0.000000,0.000000,0.000000,,,,,,,,,,,,
195453,,,,,,,,,,,0.000000,0.000000,0.000000,0.000000,0.000000,0.000000,,,,,,,,,,,,
195458,,,,,,,,,,,0.000000,0.000000,0.000000,0.000000,0.000000,0.000000,,,,,,,,,,,,
195463,,,,,,,,,,,0.000000,0.000000,0.000000,0.000000,0.000000,0.000000,,,,,,,,,,,,
195475,,,,,,,,,,,0.000000,0.000000,0.000000,0.000000,0.000000,0.000000,,,,,,,,,,,,
195478,,,,,,,,,,,0.000000,0.000000,0.000000,0.000000,0.000000,0.000000,,,,,,,,,,,,
195483,,,,,,,,,,,0.000000,0.000000,0.000000,0.000000,0.000000,0.000000,,,,,,,,,,,,
195488,,,,,,,,,,,0.000000,0.000000,0.000000,0.000000,0.000000,0.000000,,,,,,,,,,,,
195493,,,,,,,,,,,0.000000,0.000000,0.000000,0.000000,0.000000,0.000000,,,,,,,,,,,,
195498,,,,,,,,,,,0.000000,0.000000,0.000000,0.000000,0.000000,0.000000,,,,,,,,,,,,
195503,,,,,,,,,,,0.000000,0.000000,0.000000,0.000000,0.000000,0.000000,,,,,,,,,,,,
195508,,,,,,,,,,,0.000000,0.000000,0.000000,0.000000,0.000000,0.000000,,,,,,,,,,,,
195513,,,,,,,,,,,0.000000,0.000000,0.000000,0.000000,0.000000,0.000000,,,,,,,,,,,,
195518,,,,,,,,,,,0.000000,0.000000,0.000000,0.000000,0.000000,0.000000,,,,,,,,,,,,
195523,,,,,,,,,,,0.000000,0.000000,0.000000,0.000000,0.000000,0.000000,,,,,,,,,,,,
195535,,,,,,,,,,,0.000000,0.000000,0.000000,0.000000,0.000000,0.000000,,,,,,,,,,,,
195538,,,,,,,,,,,0.000000,0.000000,0.000000,0.000000,0.000000,0.000000,,,,,,,,,,,,
195543,,,,,,,,,,,0.000000,0.000000,0.000000,0.000000,0.000000,0.000000,,,,,,,,,,,,
195548,,,,,,,,,,,0.000000,0.000000,0.000000,0.000000,0.000000,0.000000,,,,,,,,,,,,
195553,,,,,,,,,,,0.000000,0.000000,0.000000,0.000000,0.000000,0.000000,,,,,,,,,,,,
195558,,,,,,,,,,,0.000000,0.000000,0.000000,0.000000,0.000000,0.000000,,,,,,,,,,,,
195563,,,,,,,,,,,0.000000,0.000000,0.000000,0.000000,0.000000,0.000000,,,,,,,,,,,,
195568,,,,,,,,,,,0.000000,0.000000,0.000000,0.000000,0.000000,0.000000,,,,,,,,,,,,
195573,,,,,,,,,,,0.000000,0.000000,0.000000,0.000000,0.000000,0.000000,,,,,,,,,,,,
195578,,,,,,,,,,,0.000000,0.000000,0.000000,0.000000,0.000000,0.000000,,,,,,,,,,,,
195583,,,,,,,,,,,0.000000,0.000000,0.000000,0.000000,0.000000,0.000000,,,,,,,,,,,,
195595,,,,,,,,,,,0.000000,0.000000,0.000000,0.000000,0.000000,0.000000,,,,,,,,,,,,
195598,,,,,,,,,,,0.000000,0.000000,0.000000,0.000000,0.000000,0.000000,,,,,,,,,,,,
195603,,,,,,,,,,,0.000000,0.000000,0.000000,0.000000,0.000000,0.000000,,,,,,,,,,,,
195608,,,,,,,,,,,0.000000,0.000000,0.000000,0.000000,0.000000,0.000000,,,,,,,,,,,,
195613,,,,,,,,,,,0.000000,0.000000,0.000000,0.000000,0.000000,0.000000,,,,,,,,,,,,
195618,,,,,,,,,,,0.000000,0.000000,0.000000,0.000000,0.000000,0.000000,,,,,,,,,,,,
195623,,,,,,,,,,,0.000000,0.000000,0.000000,0.000000,0.000000,0.000000,,,,,,,,,,,,
195628,,,,,,,,,,,0.000000,0.000000,0.000000,0.000000,0.000000,0.000000,,,,,,,,,,,,
195633,,,,,,,,,,,0.000000,0.000000,0.000000,0.000000,0.000000,0.000000,,,,,,,,,,,,
195638,,,,,,,,,,,0.000000,0.000000,0.000000,0.000000,0.000000,0.000000,,,,,,,,,,,,
195643,,,,,,,,,,,0.000000,0.000000,0.000000,0.000000,0.000000,0.000000,,,,,,,,,,,,
195648,,,,,,,,,,,0.000000,0.000000,0.000000,0.000000,0.000000,0.000000,,,,,,,,,,,,
195653,,,,,,,,,,,0.000000,0.000000,0.000000,0.000000,0.000000,0.000000,,,,,,,,,,,,
195658,,,,,,,,,,,0.000000,0.000000,0.000000,0.000000,0.000000,0.000000,,,,,,,,,,,,
195663,,,,,,,,,,,0.000000,0.000000,0.000000,0.000000,0.000000,0.000000,,,,,,,,,,,,
195675,,,,,,,,,,,0.000000,0.000000,0.000000,0.000000,0.000000,0.000000,,,,,,,,,,,,
195678,,,,,,,,,,,0.000000,0.000000,0.000000,0.000000,0.000000,0.000000,,,,,,,,,,,,
195683,,,,,,,,,,,0.000000,0.000000,0.000000,0.000000,0.000000,0.000000,,,,,,,,,,,,
195688,,,,,,,,,,,0.000000,0.000000,0.000000,0.000000,0.000000,0.000000,,,,,,,,,,,,
195693,,,,,,,,,,,0.000000,0.000000,0.000000,0.000000,0.000000,0.000000,,,,,,,,,,,,
195698,,,,,,,,,,,0.000000,0.000000,0.000000,0.000000,0.000000,0.000000,,,,,,,,,,,,
195703,,,,,,,,,,,0.000000,0.000000,0.000000,0.000000,0.000000,0.000000,,,,,,,,,,,,
195708,,,,,,,,,,,0.000000,0.000000,0.000000,0.000000,0.000000,0.000000,,,,,,,,,,,,
195713,,,,,,,,,,,0.000000,0.000000,0.000000,0.000000,0.000000,0.000000,,,,,,,,,,,,
195718,,,,,,,,,,,0.000000,0.000000,0.000000,0.000000,0.000000,0.000000,,,,,,,,,,,,
195723,,,,,,,,,,,0.000000,0.000000,0.000000,0.000000,0.000000,0.000000,,,,,,,,,,,,
195735,,,,,,,,,,,0.000000,0.000000,0.000000,0.000000,0.000000,0.000000,,,,,,,,,,,,
195738,,,,,,,,,,,0.000000,0.000000,0.000000,0.000000,0.000000,0.000000,,,,,,,,,,,,
195743,,,,,,,,,,,0.000000,0.000000,0.000000,0.000000,0.000000,0.000000,,,,,,,,,,,,
195748,,,,,,,,,,,0.000000,0.000000,0.000000,0.000000,0.000000,0.000000,,,,,,,,,,,,
195753,,,,,,,,,,,0.000000,0.000000,0.000000,0.000000,0.000000,0.000000,,,,,,,,,,,,
195758,,,,,,,,,,,0.000000,0.000000,0.000000,0.000000,0.000000,0.000000,,,,,,,,,,,,
195763,,,,,,,,,,,0.000000,0.000000,0.000000,0.000000,0.000000,0.000000,,,,,,,,,,,,
195768,,,,,,,,,,,0.000000,0.000000,0.000000,0.000000,0.000000,0.000000,,,,,,,,,,,,
195773,,,,,,,,,,,0.000000,0.000000,0.000000,0.000000,0.000000,0.000000,,,,,,,,,,,,
195778,,,,,,,,,,,0.000000,0.000000,0.000000,0.000000,0.000000,0.000000,,,,,,,,,,,,
195783,,,,,,,,,,,0.000000,0.000000,0.000000,0.000000,0.000000,0.000000,,,,,,,,,,,,
195795,,,,,,,,,,,0.000000,0.000000,0.000000,0.000000,0.000000,0.000000,,,,,,,,,,,,
195798,,,,,,,,,,,0.000000,0.000000,0.000000,0.000000,0.000000,0.000000,,,,,,,,,,,,
195803,,,,,,,,,,,0.000000,0.000000,0.000000,0.000000,0.000000,0.000000,,,,,,,,,,,,
195808,,,,,,,,,,,0.000000,0.000000,0.000000,0.000000,0.000000,0.000000,,,,,,,,,,,,
195813,,,,,,,,,,,0.000000,0.000000,0.000000,0.000000,0.000000,0.000000,,,,,,,,,,,,
195818,,,,,,,,,,,0.000000,0.000000,0.000000,0.000000,0.000000,0.000000,,,,,,,,,,,,
195823,,,,,,,,,,,0.000000,0.000000,0.000000,0.000000,0.000000,0.000000,,,,,,,,,,,,
195828,,,,,,,,,,,0.000000,0.000000,0.000000,0.000000,0.000000,0.000000,,,,,,,,,,,,
195833,,,,,,,,,,,0.000000,0.000000,0.000000,0.000000,0.000000,0.000000,,,,,,,,,,,,
195838,,,,,,,,,,,0.000000,0.000000,0.000000,0.000000,0.000000,0.000000,,,,,,,,,,,,
195843,,,,,,,,,,,0.000000,0.000000,0.000000,0.000000,0.000000,0.000000,,,,,,,,,,,,
195848,,,,,,,,,,,0.000000,0.000000,0.000000,0.000000,0.000000,0.000000,,,,,,,,,,,,
195853,,,,,,,,,,,0.000000,0.000000,0.000000,0.000000,0.000000,0.000000,,,,,,,,,,,,
195858,,,,,,,,,,,0.000000,0.000000,0.000000,0.000000,0.000000,0.000000,,,,,,,,,,,,
195863,,,,,,,,,,,0.000000,0.000000,0.000000,0.000000,0.000000,0.000000,,,,,,,,,,,,
195875,,,,,,,,,,,0.000000,0.000000,0.000000,0.000000,0.000000,0.000000,,,,,,,,,,,,
195878,,,,,,,,,,,0.000000,0.000000,0.000000,0.000000,0.000000,0.000000,,,,,,,,,,,,
195883,,,,,,,,,,,0.000000,0.000000,0.000000,0.000000,0.000000,0.000000,,,,,,,,,,,,
195888,,,,,,,,,,,0.000000,0.000000,0.000000,0.000000,0.000000,0.000000,,,,,,,,,,,,
195893,,,,,,,,,,,0.000000,0.000000,0.000000,0.000000,0.000000,0.000000,,,,,,,,,,,,
195898,,,,,,,,,,,0.000000,0.000000,0.000000,0.000000,0.000000,0.000000,,,,,,,,,,,,
195903,,,,,,,,,,,0.000000,0.000000,0.000000,0.000000,0.000000,0.000000,,,,,,,,,,,,
195908,,,,,,,,,,,0.000000,0.000000,0.000000,0.000000,0.000000,0.000000,,,,,,,,,,,,
195913,,,,,,,,,,,0.000000,0.000000,0.000000,0.000000,0.000000,0.000000,,,,,,,,,,,,
195918,,,,,,,,,,,0.000000,0.000000,0.000000,0.000000,0.000000,0.000000,,,,,,,,,,,,
195923,,,,,,,,,,,0.000000,0.000000,0.000000,0.000000,0.000000,0.000000,,,,,,,,,,,,
195935,,,,,,,,,,,0.000000,0.000000,0.000000,0.000000,0.000000,0.000000,,,,,,,,,,,,
195938,,,,,,,,,,,0.000000,0.000000,0.000000,0.000000,0.000000,0.000000,,,,,,,,,,,,
195943,,,,,,,,,,,0.000000,0.000000,0.000000,0.000000,0.000000,0.000000,,,,,,,,,,,,
195948,,,,,,,,,,,0.000000,0.000000,0.000000,0.000000,0.000000,0.000000,,,,,,,,,,,,
195953,,,,,,,,,,,0.000000,0.000000,0.000000,0.000000,0.000000,0.000000,,,,,,,,,,,,
195958,,,,,,,,,,,0.000000,0.000000,0.000000,0.000000,0.000000,0.000000,,,,,,,,,,,,
195963,,,,,,,,,,,0.000000,0.000000,0.000000,0.000000,0.000000,0.000000,,,,,,,,,,,,
195968,,,,,,,,,,,0.000000,0.000000,0.000000,0.000000,0.000000,0.000000,,,,,,,,,,,,
195973,,,,,,,,,,,0.000000,0.000000,0.000000,0.000000,0.000000,0.000000,,,,,,,,,,,,
195978,,,,,,,,,,,0.000000,0.000000,0.000000,0.000000,0.000000,0.000000,,,,,,,,,,,,
195983,,,,,,,,,,,0.000000,0.000000,0.000000,0.000000,0.000000,0.000000,,,,,,,,,,,,
195998,,,,,,,,,,,0.000000,0.000000,0.000000,0.000000,0.000000,0.000000,,,,,,,,,,,,
195999,,,,,,,,,,,0.000000,0.000000,0.000000,0.000000,0.000000,0.000000,,,,,,,,,,,,
196003,,,,,,,,,,,0.000000,0.000000,0.000000,0.000000,0.000000,0.000000,,,,,,,,,,,,
196008,,,,,,,,,,,0.000000,0.000000,0.000000,0.000000,0.000000,0.000000,,,,,,,,,,,,
196013,,,,,,,,,,,0.000000,0.000000,0.000000,0.000000,0.000000,0.000000,,,,,,,,,,,,
196018,,,,,,,,,,,0.000000,0.000000,0.000000,0.000000,0.000000,0.000000,,,,,,,,,,,,
196023,,,,,,,,,,,0.000000,0.000000,0.000000,0.000000,0.000000,0.000000,,,,,,,,,,,,
196028,,,,,,,,,,,0.000000,0.000000,0.000000,0.000000,0.000000,0.000000,,,,,,,,,,,,
196033,,,,,,,,,,,0.000000,0.000000,0.000000,0.000000,0.000000,0.000000,,,,,,,,,,,,
196038,,,,,,,,,,,0.000000,0.000000,0.000000,0.000000,0.000000,0.000000,,,,,,,,,,,,
196043,,,,,,,,,,,0.000000,0.000000,0.000000,0.000000,0.000000,0.000000,,,,,,,,,,,,
196055,,,,,,,,,,,0.000000,0.000000,0.000000,0.000000,0.000000,0.000000,,,,,,,,,,,,
196058,,,,,,,,,,,0.000000,0.000000,0.000000,0.000000,0.000000,0.000000,,,,,,,,,,,,
196063,,,,,,,,,,,0.000000,0.000000,0.000000,0.000000,0.000000,0.000000,,,,,,,,,,,,
196068,,,,,,,,,,,0.000000,0.000000,0.000000,0.000000,0.000000,0.000000,,,,,,,,,,,,
196073,,,,,,,,,,,0.000000,0.000000,0.000000,0.000000,0.000000,0.000000,,,,,,,,,,,,
196078,,,,,,,,,,,0.000000,0.000000,0.000000,0.000000,0.000000,0.000000,,,,,,,,,,,,
196083,,,,,,,,,,,0.000000,0.000000,0.000000,0.000000,0.000000,0.000000,,,,,,,,,,,,
196088,,,,,,,,,,,0.000000,0.000000,0.000000,0.000000,0.000000,0.000000,,,,,,,,,,,,
196093,,,,,,,,,,,0.000000,0.000000,0.000000,0.000000,0.000000,0.000000,,,,,,,,,,,,
196098,,,,,,,,,,,0.000000,0.000000,0.000000,0.000000,0.000000,0.000000,,,,,,,,,,,,
196103,,,,,,,,,,,0.000000,0.000000,0.000000,0.000000,0.000000,0.000000,,,,,,,,,,,,
196108,,,,,,,,,,,0.000000,0.000000,0.000000,0.000000,0.000000,0.000000,,,,,,,,,,,,
196113,,,,,,,,,,,0.000000,0.000000,0.000000,0.000000,0.000000,0.000000,,,,,,,,,,,,
196118,,,,,,,,,,,0.000000,0.000000,0.000000,0.000000,0.000000,0.000000,,,,,,,,,,,,
196123,,,,,,,,,,,0.000000,0.000000,0.000000,0.000000,0.000000,0.000000,,,,,,,,,,,,
196135,,,,,,,,,,,0.000000,0.000000,0.000000,0.000000,0.000000,0.000000,,,,,,,,,,,,
196138,,,,,,,,,,,0.000000,0.000000,0.000000,0.000000,0.000000,0.000000,,,,,,,,,,,,
196143,,,,,,,,,,,0.000000,0.000000,0.000000,0.000000,0.000000,0.000000,,,,,,,,,,,,
196148,,,,,,,,,,,0.000000,0.000000,0.000000,0.000000,0.000000,0.000000,,,,,,,,,,,,
196153,,,,,,,,,,,0.000000,0.000000,0.000000,0.000000,0.000000,0.000000,,,,,,,,,,,,
196158,,,,,,,,,,,0.000000,0.000000,0.000000,0.000000,0.000000,0.000000,,,,,,,,,,,,
196163,,,,,,,,,,,0.000000,0.000000,0.000000,0.000000,0.000000,0.000000,,,,,,,,,,,,
196168,,,,,,,,,,,0.000000,0.000000,0.000000,0.000000,0.000000,0.000000,,,,,,,,,,,,
196173,,,,,,,,,,,0.000000,0.000000,0.000000,0.000000,0.000000,0.000000,,,,,,,,,,,,
196178,,,,,,,,,,,0.000000,0.000000,0.000000,0.000000,0.000000,0.000000,,,,,,,,,,,,
196183,,,,,,,,,,,0.000000,0.000000,0.000000,0.000000,0.000000,0.000000,,,,,,,,,,,,
196195,,,,,,,,,,,0.000000,0.000000,0.000000,0.000000,0.000000,0.000000,,,,,,,,,,,,
196198,,,,,,,,,,,0.000000,0.000000,0.000000,0.000000,0.000000,0.000000,,,,,,,,,,,,
196203,,,,,,,,,,,0.000000,0.000000,0.000000,0.000000,0.000000,0.000000,,,,,,,,,,,,
196208,,,,,,,,,,,0.000000,0.000000,0.000000,0.000000,0.000000,0.000000,,,,,,,,,,,,
196213,,,,,,,,,,,0.000000,0.000000,0.000000,0.000000,0.000000,0.000000,,,,,,,,,,,,
196218,,,,,,,,,,,0.000000,0.000000,0.000000,0.000000,0.000000,0.000000,,,,,,,,,,,,
196223,,,,,,,,,,,0.000000,0.000000,0.000000,0.000000,0.000000,0.000000,,,,,,,,,,,,
196228,,,,,,,,,,,0.000000,0.000000,0.000000,0.000000,0.000000,0.000000,,,,,,,,,,,,
196233,,,,,,,,,,,0.000000,0.000000,0.000000,0.000000,0.000000,0.000000,,,,,,,,,,,,
196238,,,,,,,,,,,0.000000,0.000000,0.000000,0.000000,0.000000,0.000000,,,,,,,,,,,,
196243,,,,,,,,,,,0.000000,0.000000,0.000000,0.000000,0.000000,0.000000,,,,,,,,,,,,
196255,,,,,,,,,,,0.000000,0.000000,0.000000,0.000000,0.000000,0.000000,,,,,,,,,,,,
196258,,,,,,,,,,,0.000000,0.000000,0.000000,0.000000,0.000000,0.000000,,,,,,,,,,,,
196263,,,,,,,,,,,0.000000,0.000000,0.000000,0.000000,0.000000,0.000000,,,,,,,,,,,,
196268,,,,,,,,,,,0.000000,0.000000,0.000000,0.000000,0.000000,0.000000,,,,,,,,,,,,
196273,,,,,,,,,,,0.000000,0.000000,0.000000,0.000000,0.000000,0.000000,,,,,,,,,,,,
196278,,,,,,,,,,,0.000000,0.000000,0.000000,0.000000,0.000000,0.000000,,,,,,,,,,,,
196283,,,,,,,,,,,0.000000,0.000000,0.000000,0.000000,0.000000,0.000000,,,,,,,,,,,,
196288,,,,,,,,,,,0.000000,0.000000,0.000000,0.000000,0.000000,0.000000,,,,,,,,,,,,
196293,,,,,,,,,,,0.000000,0.000000,0.000000,0.000000,0.000000,0.000000,,,,,,,,,,,,
196298,,,,,,,,,,,0.000000,0.000000,0.000000,0.000000,0.000000,0.000000,,,,,,,,,,,,
196303,,,,,,,,,,,0.000000,0.000000,0.000000,0.000000,0.000000,0.000000,,,,,,,,,,,,
196308,,,,,,,,,,,0.000000,0.000000,0.000000,0.000000,0.000000,0.000000,,,,,,,,,,,,
196313,,,,,,,,,,,0.000000,0.000000,0.000000,0.000000,0.000000,0.000000,,,,,,,,,,,,
196318,,,,,,,,,,,0.000000,0.000000,0.000000,0.000000,0.000000,0.000000,,,,,,,,,,,,
196323,,,,,,,,,,,0.000000,0.000000,0.000000,0.000000,0.000000,0.000000,,,,,,,,,,,,
196335,,,,,,,,,,,0.000000,0.000000,0.000000,0.000000,0.000000,0.000000,,,,,,,,,,,,
196338,,,,,,,,,,,0.000000,0.000000,0.000000,0.000000,0.000000,0.000000,,,,,,,,,,,,
196343,,,,,,,,,,,0.000000,0.000000,0.000000,0.000000,0.000000,0.000000,,,,,,,,,,,,
196348,,,,,,,,,,,0.000000,0.000000,0.000000,0.000000,0.000000,0.000000,,,,,,,,,,,,
196353,,,,,,,,,,,0.000000,0.000000,0.000000,0.000000,0.000000,0.000000,,,,,,,,,,,,
196358,,,,,,,,,,,0.000000,0.000000,0.000000,0.000000,0.000000,0.000000,,,,,,,,,,,,
196363,,,,,,,,,,,0.000000,0.000000,0.000000,0.000000,0.000000,0.000000,,,,,,,,,,,,
196368,,,,,,,,,,,0.000000,0.000000,0.000000,0.000000,0.000000,0.000000,,,,,,,,,,,,
196373,,,,,,,,,,,0.000000,0.000000,0.000000,0.000000,0.000000,0.000000,,,,,,,,,,,,
196378,,,,,,,,,,,0.000000,0.000000,0.000000,0.000000,0.000000,0.000000,,,,,,,,,,,,
196383,,,,,,,,,,,0.000000,0.000000,0.000000,0.000000,0.000000,0.000000,,,,,,,,,,,,
196395,,,,,,,,,,,0.000000,0.000000,0.000000,0.000000,0.000000,0.000000,,,,,,,,,,,,
196398,,,,,,,,,,,0.000000,0.000000,0.000000,0.000000,0.000000,0.000000,,,,,,,,,,,,
196403,,,,,,,,,,,0.000000,0.000000,0.000000,0.000000,0.000000,0.000000,,,,,,,,,,,,
196408,,,,,,,,,,,0.000000,0.000000,0.000000,0.000000,0.000000,0.000000,,,,,,,,,,,,
196413,,,,,,,,,,,0.000000,0.000000,0.000000,0.000000,0.000000,0.000000,,,,,,,,,,,,
196418,,,,,,,,,,,0.000000,0.000000,0.000000,0.000000,0.000000,0.000000,,,,,,,,,,,,
196423,,,,,,,,,,,0.000000,0.000000,0.000000,0.000000,0.000000,0.000000,,,,,,,,,,,,
196428,,,,,,,,,,,0.000000,0.000000,0.000000,0.000000,0.000000,0.000000,,,,,,,,,,,,
196433,,,,,,,,,,,0.000000,0.000000,0.000000,0.000000,0.000000,0.000000,,,,,,,,,,,,
196438,,,,,,,,,,,0.000000,0.000000,0.000000,0.000000,0.000000,0.000000,,,,,,,,,,,,
196443,,,,,,,,,,,0.000000,0.000000,0.000000,0.000000,0.000000,0.000000,,,,,,,,,,,,
196455,,,,,,,,,,,0.000000,0.000000,0.000000,0.000000,0.000000,0.000000,,,,,,,,,,,,
196458,,,,,,,,,,,0.000000,0.000000,0.000000,0.000000,0.000000,0.000000,,,,,,,,,,,,
196463,,,,,,,,,,,0.000000,0.000000,0.000000,0.000000,0.000000,0.000000,,,,,,,,,,,,
196468,,,,,,,,,,,0.000000,0.000000,0.000000,0.000000,0.000000,0.000000,,,,,,,,,,,,
196473,,,,,,,,,,,0.000000,0.000000,0.000000,0.000000,0.000000,0.000000,,,,,,,,,,,,
196478,,,,,,,,,,,0.000000,0.000000,0.000000,0.000000,0.000000,0.000000,,,,,,,,,,,,
196483,,,,,,,,,,,0.000000,0.000000,0.000000,0.000000,0.000000,0.000000,,,,,,,,,,,,
196488,,,,,,,,,,,0.000000,0.000000,0.000000,0.000000,0.000000,0.000000,,,,,,,,,,,,
196493,,,,,,,,,,,0.000000,0.000000,0.000000,0.000000,0.000000,0.000000,,,,,,,,,,,,
196498,,,,,,,,,,,0.000000,0.000000,0.000000,0.000000,0.000000,0.000000,,,,,,,,,,,,
196503,,,,,,,,,,,0.000000,0.000000,0.000000,0.000000,0.000000,0.000000,,,,,,,,,,,,
196515,,,,,,,,,,,0.000000,0.000000,0.000000,0.000000,0.000000,0.000000,,,,,,,,,,,,
196518,,,,,,,,,,,0.000000,0.000000,0.000000,0.000000,0.000000,0.000000,,,,,,,,,,,,
196523,,,,,,,,,,,0.000000,0.000000,0.000000,0.000000,0.000000,0.000000,,,,,,,,,,,,
196528,,,,,,,,,,,0.000000,0.000000,0.000000,0.000000,0.000000,0.000000,,,,,,,,,,,,
196533,,,,,,,,,,,0.000000,0.000000,0.000000,0.000000,0.000000,0.000000,,,,,,,,,,,,
196538,,,,,,,,,,,0.000000,0.000000,0.000000,0.000000,0.000000,0.000000,,,,,,,,,,,,
196543,,,,,,,,,,,0.000000,0.000000,0.000000,0.000000,0.000000,0.000000,,,,,,,,,,,,
196548,,,,,,,,,,,0.000000,0.000000,0.000000,0.000000,0.000000,0.000000,,,,,,,,,,,,
196553,,,,,,,,,,,0.000000,0.000000,0.000000,0.000000,0.000000,0.000000,,,,,,,,,,,,
196558,,,,,,,,,,,0.000000,0.000000,0.000000,0.000000,0.000000,0.000000,,,,,,,,,,,,
196563,,,,,,,,,,,0.000000,0.000000,0.000000,0.000000,0.000000,0.000000,,,,,,,,,,,,
196568,,,,,,,,,,,0.000000,0.000000,0.000000,0.000000,0.000000,0.000000,,,,,,,,,,,,
196573,,,,,,,,,,,0.000000,0.000000,0.000000,0.000000,0.000000,0.000000,,,,,,,,,,,,
196578,,,,,,,,,,,0.000000,0.000000,0.000000,0.000000,0.000000,0.000000,,,,,,,,,,,,
196583,,,,,,,,,,,0.000000,0.000000,0.000000,0.000000,0.000000,0.000000,,,,,,,,,,,,
196596,,,,,,,,,,,0.000000,0.000000,0.000000,0.000000,0.000000,0.000000,,,,,,,,,,,,
196598,,,,,,,,,,,0.000000,0.000000,0.000000,0.000000,0.000000,0.000000,,,,,,,,,,,,
196603,,,,,,,,,,,0.000000,0.000000,0.000000,0.000000,0.000000,0.000000,,,,,,,,,,,,
196608,,,,,,,,,,,0.000000,0.000000,0.000000,0.000000,0.000000,0.000000,,,,,,,,,,,,
196613,,,,,,,,,,,0.000000,0.000000,0.000000,0.000000,0.000000,0.000000,,,,,,,,,,,,
196618,,,,,,,,,,,0.000000,0.000000,0.000000,0.000000,0.000000,0.000000,,,,,,,,,,,,
196623,,,,,,,,,,,0.000000,0.000000,0.000000,0.000000,0.000000,0.000000,,,,,,,,,,,,
196628,,,,,,,,,,,0.000000,0.000000,0.000000,0.000000,0.000000,0.000000,,,,,,,,,,,,
196633,,,,,,,,,,,0.000000,0.000000,0.000000,0.000000,0.000000,0.000000,,,,,,,,,,,,
196638,,,,,,,,,,,0.000000,0.000000,0.000000,0.000000,0.000000,0.000000,,,,,,,,,,,,
196643,,,,,,,,,,,0.000000,0.000000,0.000000,0.000000,0.000000,0.000000,,,,,,,,,,,,
196655,,,,,,,,,,,0.000000,0.000000,0.000000,0.000000,0.000000,0.000000,,,,,,,,,,,,
196658,,,,,,,,,,,0.000000,0.000000,0.000000,0.000000,0.000000,0.000000,,,,,,,,,,,,
196663,,,,,,,,,,,0.000000,0.000000,0.000000,0.000000,0.000000,0.000000,,,,,,,,,,,,
196668,,,,,,,,,,,0.000000,0.000000,0.000000,0.000000,0.000000,0.000000,,,,,,,,,,,,
196673,,,,,,,,,,,0.000000,0.000000,0.000000,0.000000,0.000000,0.000000,,,,,,,,,,,,
196678,,,,,,,,,,,0.000000,0.000000,0.000000,0.000000,0.000000,0.000000,,,,,,,,,,,,
196683,,,,,,,,,,,0.000000,0.000000,0.000000,0.000000,0.000000,0.000000,,,,,,,,,,,,
196688,,,,,,,,,,,0.000000,0.000000,0.000000,0.000000,0.000000,0.000000,,,,,,,,,,,,
196693,,,,,,,,,,,0.000000,0.000000,0.000000,0.000000,0.000000,0.000000,,,,,,,,,,,,
196698,,,,,,,,,,,0.000000,0.000000,0.000000,0.000000,0.000000,0.000000,,,,,,,,,,,,
196703,,,,,,,,,,,0.000000,0.000000,0.000000,0.000000,0.000000,0.000000,,,,,,,,,,,,
196715,,,,,,,,,,,0.000000,0.000000,0.000000,0.000000,0.000000,0.000000,,,,,,,,,,,,
196718,,,,,,,,,,,0.000000,0.000000,0.000000,0.000000,0.000000,0.000000,,,,,,,,,,,,
196723,,,,,,,,,,,0.000000,0.000000,0.000000,0.000000,0.000000,0.000000,,,,,,,,,,,,
196728,,,,,,,,,,,0.000000,0.000000,0.000000,0.000000,0.000000,0.000000,,,,,,,,,,,,
196733,,,,,,,,,,,0.000000,0.000000,0.000000,0.000000,0.000000,0.000000,,,,,,,,,,,,
196738,,,,,,,,,,,0.000000,0.000000,0.000000,0.000000,0.000000,0.000000,,,,,,,,,,,,
196743,,,,,,,,,,,0.000000,0.000000,0.000000,0.000000,0.000000,0.000000,,,,,,,,,,,,
196748,,,,,,,,,,,0.000000,0.000000,0.000000,0.000000,0.000000,0.000000,,,,,,,,,,,,
196753,,,,,,,,,,,0.000000,0.000000,0.000000,0.000000,0.000000,0.000000,,,,,,,,,,,,
196758,,,,,,,,,,,0.000000,0.000000,0.000000,0.000000,0.000000,0.000000,,,,,,,,,,,,
196763,,,,,,,,,,,0.000000,0.000000,0.000000,0.000000,0.000000,0.000000,,,,,,,,,,,,
196768,,,,,,,,,,,0.000000,0.000000,0.000000,0.000000,0.000000,0.000000,,,,,,,,,,,,
196773,,,,,,,,,,,0.000000,0.000000,0.000000,0.000000,0.000000,0.000000,,,,,,,,,,,,
196778,,,,,,,,,,,0.000000,0.000000,0.000000,0.000000,0.000000,0.000000,,,,,,,,,,,,
196783,,,,,,,,,,,0.000000,0.000000,0.000000,0.000000,0.000000,0.000000,,,,,,,,,,,,
196795,,,,,,,,,,,0.000000,0.000000,0.000000,0.000000,0.000000,0.000000,,,,,,,,,,,,
196798,,,,,,,,,,,0.000000,0.000000,0.000000,0.000000,0.000000,0.000000,,,,,,,,,,,,
196803,,,,,,,,,,,0.000000,0.000000,0.000000,0.000000,0.000000,0.000000,,,,,,,,,,,,
196808,,,,,,,,,,,0.000000,0.000000,0.000000,0.000000,0.000000,0.000000,,,,,,,,,,,,
196813,,,,,,,,,,,0.000000,0.000000,0.000000,0.000000,0.000000,0.000000,,,,,,,,,,,,
196818,,,,,,,,,,,0.000000,0.000000,0.000000,0.000000,0.000000,0.000000,,,,,,,,,,,,
196823,,,,,,,,,,,0.000000,0.000000,0.000000,0.000000,0.000000,0.000000,,,,,,,,,,,,
196828,,,,,,,,,,,0.000000,0.000000,0.000000,0.000000,0.000000,0.000000,,,,,,,,,,,,
196833,,,,,,,,,,,0.000000,0.000000,0.000000,0.000000,0.000000,0.000000,,,,,,,,,,,,
196838,,,,,,,,,,,0.000000,0.000000,0.000000,0.000000,0.000000,0.000000,,,,,,,,,,,,
196843,,,,,,,,,,,0.000000,0.000000,0.000000,0.000000,0.000000,0.000000,,,,,,,,,,,,
196855,,,,,,,,,,,0.000000,0.000000,0.000000,0.000000,0.000000,0.000000,,,,,,,,,,,,
196858,,,,,,,,,,,0.000000,0.000000,0.000000,0.000000,0.000000,0.000000,,,,,,,,,,,,
196863,,,,,,,,,,,0.000000,0.000000,0.000000,0.000000,0.000000,0.000000,,,,,,,,,,,,
196868,,,,,,,,,,,0.000000,0.000000,0.000000,0.000000,0.000000,0.000000,,,,,,,,,,,,
196873,,,,,,,,,,,0.000000,0.000000,0.000000,0.000000,0.000000,0.000000,,,,,,,,,,,,
196878,,,,,,,,,,,0.000000,0.000000,0.000000,0.000000,0.000000,0.000000,,,,,,,,,,,,
196883,,,,,,,,,,,0.000000,0.000000,0.000000,0.000000,0.000000,0.000000,,,,,,,,,,,,
196888,,,,,,,,,,,0.000000,0.000000,0.000000,0.000000,0.000000,0.000000,,,,,,,,,,,,
196893,,,,,,,,,,,0.000000,0.000000,0.000000,0.000000,0.000000,0.000000,,,,,,,,,,,,
196898,,,,,,,,,,,0.000000,0.000000,0.000000,0.000000,0.000000,0.000000,,,,,,,,,,,,
196903,,,,,,,,,,,0.000000,0.000000,0.000000,0.000000,0.000000,0.000000,,,,,,,,,,,,
196926,,,,,,,,,,,0.000000,0.000000,0.000000,0.000000,0.000000,0.000000,,,,,,,,,,,,
196928,,,,,,,,,,,0.000000,0.000000,0.000000,0.000000,0.000000,0.000000,,,,,,,,,,,,
196933,,,,,,,,,,,0.000000,0.000000,0.000000,0.000000,0.000000,0.000000,,,,,,,,,,,,
196938,,,,,,,,,,,0.000000,0.000000,0.000000,0.000000,0.000000,0.000000,,,,,,,,,,,,
196943,,,,,,,,,,,0.000000,0.000000,0.000000,0.000000,0.000000,0.000000,,,,,,,,,,,,
196948,,,,,,,,,,,0.000000,0.000000,0.000000,0.000000,0.000000,0.000000,,,,,,,,,,,,
196953,,,,,,,,,,,0.000000,0.000000,0.000000,0.000000,0.000000,0.000000,,,,,,,,,,,,
196958,,,,,,,,,,,0.000000,0.000000,0.000000,0.000000,0.000000,0.000000,,,,,,,,,,,,
196963,,,,,,,,,,,0.000000,0.000000,0.000000,0.000000,0.000000,0.000000,,,,,,,,,,,,
196975,,,,,,,,,,,0.000000,0.000000,0.000000,0.000000,0.000000,0.000000,,,,,,,,,,,,
196978,,,,,,,,,,,0.000000,0.000000,0.000000,0.000000,0.000000,0.000000,,,,,,,,,,,,
196983,,,,,,,,,,,0.000000,0.000000,0.000000,0.000000,0.000000,0.000000,,,,,,,,,,,,
196988,,,,,,,,,,,0.000000,0.000000,0.000000,0.000000,0.000000,0.000000,,,,,,,,,,,,
196993,,,,,,,,,,,0.000000,0.000000,0.000000,0.000000,0.000000,0.000000,,,,,,,,,,,,
196998,,,,,,,,,,,0.000000,0.000000,0.000000,0.000000,0.000000,0.000000,,,,,,,,,,,,
197003,,,,,,,,,,,0.000000,0.000000,0.000000,0.000000,0.000000,0.000000,,,,,,,,,,,,
197008,,,,,,,,,,,0.000000,0.000000,0.000000,0.000000,0.000000,0.000000,,,,,,,,,,,,
197013,,,,,,,,,,,0.000000,0.000000,0.000000,0.000000,0.000000,0.000000,,,,,,,,,,,,
197018,,,,,,,,,,,0.000000,0.000000,0.000000,0.000000,0.000000,0.000000,,,,,,,,,,,,
197023,,,,,,,,,,,0.000000,0.000000,0.000000,0.000000,0.000000,0.000000,,,,,,,,,,,,
197028,,,,,,,,,,,0.000000,0.000000,0.000000,0.000000,0.000000,0.000000,,,,,,,,,,,,
197033,,,,,,,,,,,0.000000,0.000000,0.000000,0.000000,0.000000,0.000000,,,,,,,,,,,,
197038,,,,,,,,,,,0.000000,0.000000,0.000000,0.000000,0.000000,0.000000,,,,,,,,,,,,
197043,,,,,,,,,,,0.000000,0.000000,0.000000,0.000000,0.000000,0.000000,,,,,,,,,,,,
197055,,,,,,,,,,,0.000000,0.000000,0.000000,0.000000,0.000000,0.000000,,,,,,,,,,,,
197058,,,,,,,,,,,0.000000,0.000000,0.000000,0.000000,0.000000,0.000000,,,,,,,,,,,,
197063,,,,,,,,,,,0.000000,0.000000,0.000000,0.000000,0.000000,0.000000,,,,,,,,,,,,
197068,,,,,,,,,,,0.000000,0.000000,0.000000,0.000000,0.000000,0.000000,,,,,,,,,,,,
197073,,,,,,,,,,,0.000000,0.000000,0.000000,0.000000,0.000000,0.000000,,,,,,,,,,,,
197078,,,,,,,,,,,0.000000,0.000000,0.000000,0.000000,0.000000,0.000000,,,,,,,,,,,,
197083,,,,,,,,,,,0.000000,0.000000,0.000000,0.000000,0.000000,0.000000,,,,,,,,,,,,
197088,,,,,,,,,,,0.000000,0.000000,0.000000,0.000000,0.000000,0.000000,,,,,,,,,,,,
197093,,,,,,,,,,,0.000000,0.000000,0.000000,0.000000,0.000000,0.000000,,,,,,,,,,,,
197098,,,,,,,,,,,0.000000,0.000000,0.000000,0.000000,0.000000,0.000000,,,,,,,,,,,,
197103,,,,,,,,,,,0.000000,0.000000,0.000000,0.000000,0.000000,0.000000,,,,,,,,,,,,
197115,,,,,,,,,,,0.000000,0.000000,0.000000,0.000000,0.000000,0.000000,,,,,,,,,,,,
197118,,,,,,,,,,,0.000000,0.000000,0.000000,0.000000,0.000000,0.000000,,,,,,,,,,,,
197123,,,,,,,,,,,0.000000,0.000000,0.000000,0.000000,0.000000,0.000000,,,,,,,,,,,,
197128,,,,,,,,,,,0.000000,0.000000,0.000000,0.000000,0.000000,0.000000,,,,,,,,,,,,
197133,,,,,,,,,,,0.000000,0.000000,0.000000,0.000000,0.000000,0.000000,,,,,,,,,,,,
197138,,,,,,,,,,,0.000000,0.000000,0.000000,0.000000,0.000000,0.000000,,,,,,,,,,,,
197143,,,,,,,,,,,0.000000,0.000000,0.000000,0.000000,0.000000,0.000000,,,,,,,,,,,,
197148,,,,,,,,,,,0.000000,0.000000,0.000000,0.000000,0.000000,0.000000,,,,,,,,,,,,
197153,,,,,,,,,,,0.000000,0.000000,0.000000,0.000000,0.000000,0.000000,,,,,,,,,,,,
197158,,,,,,,,,,,0.000000,0.000000,0.000000,0.000000,0.000000,0.000000,,,,,,,,,,,,
197163,,,,,,,,,,,0.000000,0.000000,0.000000,0.000000,0.000000,0.000000,,,,,,,,,,,,
197175,,,,,,,,,,,0.000000,0.000000,0.000000,0.000000,0.000000,0.000000,,,,,,,,,,,,
197178,,,,,,,,,,,0.000000,0.000000,0.000000,0.000000,0.000000,0.000000,,,,,,,,,,,,
197183,,,,,,,,,,,0.000000,0.000000,0.000000,0.000000,0.000000,0.000000,,,,,,,,,,,,
197188,,,,,,,,,,,0.000000,0.000000,0.000000,0.000000,0.000000,0.000000,,,,,,,,,,,,
197193,,,,,,,,,,,0.000000,0.000000,0.000000,0.000000,0.000000,0.000000,,,,,,,,,,,,
197198,,,,,,,,,,,0.000000,0.000000,0.000000,0.000000,0.000000,0.000000,,,,,,,,,,,,
197203,,,,,,,,,,,0.000000,0.000000,0.000000,0.000000,0.000000,0.000000,,,,,,,,,,,,
197208,,,,,,,,,,,0.000000,0.000000,0.000000,0.000000,0.000000,0.000000,,,,,,,,,,,,
197213,,,,,,,,,,,0.000000,0.000000,0.000000,0.000000,0.000000,0.000000,,,,,,,,,,,,
197218,,,,,,,,,,,0.000000,0.000000,0.000000,0.000000,0.000000,0.000000,,,,,,,,,,,,
197223,,,,,,,,,,,0.000000,0.000000,0.000000,0.000000,0.000000,0.000000,,,,,,,,,,,,
197235,,,,,,,,,,,0.000000,0.000000,0.000000,0.000000,0.000000,0.000000,,,,,,,,,,,,
197238,,,,,,,,,,,0.000000,0.000000,0.000000,0.000000,0.000000,0.000000,,,,,,,,,,,,
197243,,,,,,,,,,,0.000000,0.000000,0.000000,0.000000,0.000000,0.000000,,,,,,,,,,,,
197248,,,,,,,,,,,0.000000,0.000000,0.000000,0.000000,0.000000,0.000000,,,,,,,,,,,,
197253,,,,,,,,,,,0.000000,0.000000,0.000000,0.000000,0.000000,0.000000,,,,,,,,,,,,
197258,,,,,,,,,,,0.000000,0.000000,0.000000,0.000000,0.000000,0.000000,,,,,,,,,,,,
197263,,,,,,,,,,,0.000000,0.000000,0.000000,0.000000,0.000000,0.000000,,,,,,,,,,,,
197268,,,,,,,,,,,0.000000,0.000000,0.000000,0.000000,0.000000,0.000000,,,,,,,,,,,,
197273,,,,,,,,,,,0.000000,0.000000,0.000000,0.000000,0.000000,0.000000,,,,,,,,,,,,
197278,,,,,,,,,,,0.000000,0.000000,0.000000,0.000000,0.000000,0.000000,,,,,,,,,,,,
197283,,,,,,,,,,,0.000000,0.000000,0.000000,0.000000,0.000000,0.000000,,,,,,,,,,,,
197288,,,,,,,,,,,0.000000,0.000000,0.000000,0.000000,0.000000,0.000000,,,,,,,,,,,,
197293,,,,,,,,,,,0.000000,0.000000,0.000000,0.000000,0.000000,0.000000,,,,,,,,,,,,
197298,,,,,,,,,,,0.000000,0.000000,0.000000,0.000000,0.000000,0.000000,,,,,,,,,,,,
197303,,,,,,,,,,,0.000000,0.000000,0.000000,0.000000,0.000000,0.000000,,,,,,,,,,,,
197315,,,,,,,,,,,0.000000,0.000000,0.000000,0.000000,0.000000,0.000000,,,,,,,,,,,,
197318,,,,,,,,,,,0.000000,0.000000,0.000000,0.000000,0.000000,0.000000,,,,,,,,,,,,
197323,,,,,,,,,,,0.000000,0.000000,0.000000,0.000000,0.000000,0.000000,,,,,,,,,,,,
197328,,,,,,,,,,,0.000000,0.000000,0.000000,0.000000,0.000000,0.000000,,,,,,,,,,,,
197333,,,,,,,,,,,0.000000,0.000000,0.000000,0.000000,0.000000,0.000000,,,,,,,,,,,,
197338,,,,,,,,,,,0.000000,0.000000,0.000000,0.000000,0.000000,0.000000,,,,,,,,,,,,
197343,,,,,,,,,,,0.000000,0.000000,0.000000,0.000000,0.000000,0.000000,,,,,,,,,,,,
197348,,,,,,,,,,,0.000000,0.000000,0.000000,0.000000,0.000000,0.000000,,,,,,,,,,,,
197353,,,,,,,,,,,0.000000,0.000000,0.000000,0.000000,0.000000,0.000000,,,,,,,,,,,,
197358,,,,,,,,,,,0.000000,0.000000,0.000000,0.000000,0.000000,0.000000,,,,,,,,,,,,
197363,,,,,,,,,,,0.000000,0.000000,0.000000,0.000000,0.000000,0.000000,,,,,,,,,,,,
197375,,,,,,,,,,,0.000000,0.000000,0.000000,0.000000,0.000000,0.000000,,,,,,,,,,,,
197378,,,,,,,,,,,0.000000,0.000000,0.000000,0.000000,0.000000,0.000000,,,,,,,,,,,,
197383,,,,,,,,,,,0.000000,0.000000,0.000000,0.000000,0.000000,0.000000,,,,,,,,,,,,
197388,,,,,,,,,,,0.000000,0.000000,0.000000,0.000000,0.000000,0.000000,,,,,,,,,,,,
197393,,,,,,,,,,,0.000000,0.000000,0.000000,0.000000,0.000000,0.000000,,,,,,,,,,,,
197398,,,,,,,,,,,0.000000,0.000000,0.000000,0.000000,0.000000,0.000000,,,,,,,,,,,,
197403,,,,,,,,,,,0.000000,0.000000,0.000000,0.000000,0.000000,0.000000,,,,,,,,,,,,
197408,,,,,,,,,,,0.000000,0.000000,0.000000,0.000000,0.000000,0.000000,,,,,,,,,,,,
197413,,,,,,,,,,,0.000000,0.000000,0.000000,0.000000,0.000000,0.000000,,,,,,,,,,,,
197418,,,,,,,,,,,0.000000,0.000000,0.000000,0.000000,0.000000,0.000000,,,,,,,,,,,,
197423,,,,,,,,,,,0.000000,0.000000,0.000000,0.000000,0.000000,0.000000,,,,,,,,,,,,
197435,,,,,,,,,,,0.000000,0.000000,0.000000,0.000000,0.000000,0.000000,,,,,,,,,,,,
197438,,,,,,,,,,,0.000000,0.000000,0.000000,0.000000,0.000000,0.000000,,,,,,,,,,,,
197443,,,,,,,,,,,0.000000,0.000000,0.000000,0.000000,0.000000,0.000000,,,,,,,,,,,,
197448,,,,,,,,,,,0.000000,0.000000,0.000000,0.000000,0.000000,0.000000,,,,,,,,,,,,
197453,,,,,,,,,,,0.000000,0.000000,0.000000,0.000000,0.000000,0.000000,,,,,,,,,,,,
197458,,,,,,,,,,,0.000000,0.000000,0.000000,0.000000,0.000000,0.000000,,,,,,,,,,,,
197463,,,,,,,,,,,0.000000,0.000000,0.000000,0.000000,0.000000,0.000000,,,,,,,,,,,,
197468,,,,,,,,,,,0.000000,0.000000,0.000000,0.000000,0.000000,0.000000,,,,,,,,,,,,
197473,,,,,,,,,,,0.000000,0.000000,0.000000,0.000000,0.000000,0.000000,,,,,,,,,,,,
197478,,,,,,,,,,,0.000000,0.000000,0.000000,0.000000,0.000000,0.000000,,,,,,,,,,,,
197483,,,,,,,,,,,0.000000,0.000000,0.000000,0.000000,0.000000,0.000000,,,,,,,,,,,,
197488,,,,,,,,,,,0.000000,0.000000,0.000000,0.000000,0.000000,0.000000,,,,,,,,,,,,
197493,,,,,,,,,,,0.000000,0.000000,0.000000,0.000000,0.000000,0.000000,,,,,,,,,,,,
197498,,,,,,,,,,,0.000000,0.000000,0.000000,0.000000,0.000000,0.000000,,,,,,,,,,,,
197503,,,,,,,,,,,0.000000,0.000000,0.000000,0.000000,0.000000,0.000000,,,,,,,,,,,,
197515,,,,,,,,,,,0.000000,0.000000,0.000000,0.000000,0.000000,0.000000,,,,,,,,,,,,
197518,,,,,,,,,,,0.000000,0.000000,0.000000,0.000000,0.000000,0.000000,,,,,,,,,,,,
197523,,,,,,,,,,,0.000000,0.000000,0.000000,0.000000,0.000000,0.000000,,,,,,,,,,,,
197528,,,,,,,,,,,0.000000,0.000000,0.000000,0.000000,0.000000,0.000000,,,,,,,,,,,,
197533,,,,,,,,,,,0.000000,0.000000,0.000000,0.000000,0.000000,0.000000,,,,,,,,,,,,
197538,,,,,,,,,,,0.000000,0.000000,0.000000,0.000000,0.000000,0.000000,,,,,,,,,,,,
197543,,,,,,,,,,,0.000000,0.000000,0.000000,0.000000,0.000000,0.000000,,,,,,,,,,,,
197548,,,,,,,,,,,0.000000,0.000000,0.000000,0.000000,0.000000,0.000000,,,,,,,,,,,,
197553,,,,,,,,,,,0.000000,0.000000,0.000000,0.000000,0.000000,0.000000,,,,,,,,,,,,
197558,,,,,,,,,,,0.000000,0.000000,0.000000,0.000000,0.000000,0.000000,,,,,,,,,,,,
197563,,,,,,,,,,,0.000000,0.000000,0.000000,0.000000,0.000000,0.000000,,,,,,,,,,,,
197575,,,,,,,,,,,0.000000,0.000000,0.000000,0.000000,0.000000,0.000000,,,,,,,,,,,,
197578,,,,,,,,,,,0.000000,0.000000,0.000000,0.000000,0.000000,0.000000,,,,,,,,,,,,
197583,,,,,,,,,,,0.000000,0.000000,0.000000,0.000000,0.000000,0.000000,,,,,,,,,,,,
197588,,,,,,,,,,,0.000000,0.000000,0.000000,0.000000,0.000000,0.000000,,,,,,,,,,,,
197593,,,,,,,,,,,0.000000,0.000000,0.000000,0.000000,0.000000,0.000000,,,,,,,,,,,,
197598,,,,,,,,,,,0.000000,0.000000,0.000000,0.000000,0.000000,0.000000,,,,,,,,,,,,
197603,,,,,,,,,,,0.000000,0.000000,0.000000,0.000000,0.000000,0.000000,,,,,,,,,,,,
197608,,,,,,,,,,,0.000000,0.000000,0.000000,0.000000,0.000000,0.000000,,,,,,,,,,,,
197613,,,,,,,,,,,0.000000,0.000000,0.000000,0.000000,0.000000,0.000000,,,,,,,,,,,,
197618,,,,,,,,,,,0.000000,0.000000,0.000000,0.000000,0.000000,0.000000,,,,,,,,,,,,
197623,,,,,,,,,,,0.000000,0.000000,0.000000,0.000000,0.000000,0.000000,,,,,,,,,,,,
197635,,,,,,,,,,,0.000000,0.000000,0.000000,0.000000,0.000000,0.000000,,,,,,,,,,,,
197636,,,,,,,,,,,,,0.000000,0.000000,,,,,,,,,,,,,,
197638,,,,,,,,,,,0.000000,0.000000,0.000000,0.000000,0.000000,0.000000,,,,,,,,,,,,
197643,,,,,,,,,,,0.000000,0.000000,0.000000,0.000000,0.000000,0.000000,,,,,,,,,,,,
197648,,,,,,,,,,,0.000000,0.000000,0.000000,0.000000,0.000000,0.000000,,,,,,,,,,,,
197653,,,,,,,,,,,0.000000,0.000000,0.000000,0.000000,0.000000,0.000000,,,,,,,,,,,,
197658,,,,,,,,,,,0.000000,0.000000,0.000000,0.000000,0.000000,0.000000,,,,,,,,,,,,
197663,,,,,,,,,,,0.000000,0.000000,0.000000,0.000000,0.000000,0.000000,,,,,,,,,,,,
197668,,,,,,,,,,,0.000000,0.000000,0.000000,0.000000,0.000000,0.000000,,,,,,,,,,,,
197673,,,,,,,,,,,0.000000,0.000000,0.000000,0.000000,0.000000,0.000000,,,,,,,,,,,,
197678,,,,,,,,,,,0.000000,0.000000,0.000000,0.000000,0.000000,0.000000,,,,,,,,,,,,
197683,,,,,,,,,,,0.000000,0.000000,0.000000,0.000000,0.000000,0.000000,,,,,,,,,,,,
197695,,,,,,,,,,,0.000000,0.000000,0.000000,0.000000,0.000000,0.000000,,,,,,,,,,,,
197698,,,,,,,,,,,0.000000,0.000000,0.000000,0.000000,0.000000,0.000000,,,,,,,,,,,,
197703,,,,,,,,,,,0.000000,0.000000,0.000000,0.000000,0.000000,0.000000,,,,,,,,,,,,
197708,,,,,,,,,,,0.000000,0.000000,0.000000,0.000000,0.000000,0.000000,,,,,,,,,,,,
197713,,,,,,,,,,,0.000000,0.000000,0.000000,0.000000,0.000000,0.000000,,,,,,,,,,,,
197718,,,,,,,,,,,0.000000,0.000000,0.000000,0.000000,0.000000,0.000000,,,,,,,,,,,,
197723,,,,,,,,,,,0.000000,0.000000,0.000000,0.000000,0.000000,0.000000,,,,,,,,,,,,
197728,,,,,,,,,,,0.000000,0.000000,0.000000,0.000000,0.000000,0.000000,,,,,,,,,,,,
197733,,,,,,,,,,,0.000000,0.000000,0.000000,0.000000,0.000000,0.000000,,,,,,,,,,,,
197738,,,,,,,,,,,0.000000,0.000000,0.000000,0.000000,0.000000,0.000000,,,,,,,,,,,,
197743,,,,,,,,,,,0.000000,0.000000,0.000000,0.000000,0.000000,0.000000,,,,,,,,,,,,
197748,,,,,,,,,,,0.000000,0.000000,0.000000,0.000000,0.000000,0.000000,,,,,,,,,,,,
197753,,,,,,,,,,,0.000000,0.000000,0.000000,0.000000,0.000000,0.000000,,,,,,,,,,,,
197758,,,,,,,,,,,0.000000,0.000000,0.000000,0.000000,0.000000,0.000000,,,,,,,,,,,,
197763,,,,,,,,,,,0.000000,0.000000,0.000000,0.000000,0.000000,0.000000,,,,,,,,,,,,
197775,,,,,,,,,,,0.000000,0.000000,0.000000,0.000000,0.000000,0.000000,,,,,,,,,,,,
197778,,,,,,,,,,,0.000000,0.000000,0.000000,0.000000,0.000000,0.000000,,,,,,,,,,,,
197783,,,,,,,,,,,0.000000,0.000000,0.000000,0.000000,0.000000,0.000000,,,,,,,,,,,,
197788,,,,,,,,,,,0.000000,0.000000,0.000000,0.000000,0.000000,0.000000,,,,,,,,,,,,
197793,,,,,,,,,,,0.000000,0.000000,0.000000,0.000000,0.000000,0.000000,,,,,,,,,,,,
197798,,,,,,,,,,,0.000000,0.000000,0.000000,0.000000,0.000000,0.000000,,,,,,,,,,,,
197803,,,,,,,,,,,0.000000,0.000000,0.000000,0.000000,0.000000,0.000000,,,,,,,,,,,,
197808,,,,,,,,,,,0.000000,0.000000,0.000000,0.000000,0.000000,0.000000,,,,,,,,,,,,
197813,,,,,,,,,,,0.000000,0.000000,0.000000,0.000000,0.000000,0.000000,,,,,,,,,,,,
197818,,,,,,,,,,,0.000000,0.000000,0.000000,0.000000,0.000000,0.000000,,,,,,,,,,,,
197823,,,,,,,,,,,0.000000,0.000000,0.000000,0.000000,0.000000,0.000000,,,,,,,,,,,,
197835,,,,,,,,,,,0.000000,0.000000,0.000000,0.000000,0.000000,0.000000,,,,,,,,,,,,
197838,,,,,,,,,,,0.000000,0.000000,0.000000,0.000000,0.000000,0.000000,,,,,,,,,,,,
197843,,,,,,,,,,,0.000000,0.000000,0.000000,0.000000,0.000000,0.000000,,,,,,,,,,,,
197848,,,,,,,,,,,0.000000,0.000000,0.000000,0.000000,0.000000,0.000000,,,,,,,,,,,,
197853,,,,,,,,,,,0.000000,0.000000,0.000000,0.000000,0.000000,0.000000,,,,,,,,,,,,
197858,,,,,,,,,,,0.000000,0.000000,0.000000,0.000000,0.000000,0.000000,,,,,,,,,,,,
197863,,,,,,,,,,,0.000000,0.000000,0.000000,0.000000,0.000000,0.000000,,,,,,,,,,,,
197868,,,,,,,,,,,0.000000,0.000000,0.000000,0.000000,0.000000,0.000000,,,,,,,,,,,,
197873,,,,,,,,,,,0.000000,0.000000,0.000000,0.000000,0.000000,0.000000,,,,,,,,,,,,
197878,,,,,,,,,,,0.000000,0.000000,0.000000,0.000000,0.000000,0.000000,,,,,,,,,,,,
197883,,,,,,,,,,,0.000000,0.000000,0.000000,0.000000,0.000000,0.000000,,,,,,,,,,,,
197895,,,,,,,,,,,0.000000,0.000000,0.000000,0.000000,0.000000,0.000000,,,,,,,,,,,,
197898,,,,,,,,,,,0.000000,0.000000,0.000000,0.000000,0.000000,0.000000,,,,,,,,,,,,
197903,,,,,,,,,,,0.000000,0.000000,0.000000,0.000000,0.000000,0.000000,,,,,,,,,,,,
197908,,,,,,,,,,,0.000000,0.000000,0.000000,0.000000,0.000000,0.000000,,,,,,,,,,,,
197913,,,,,,,,,,,0.000000,0.000000,0.000000,0.000000,0.000000,0.000000,,,,,,,,,,,,
197918,,,,,,,,,,,0.000000,0.000000,0.000000,0.000000,0.000000,0.000000,,,,,,,,,,,,
197923,,,,,,,,,,,0.000000,0.000000,0.000000,0.000000,0.000000,0.000000,,,,,,,,,,,,
197928,,,,,,,,,,,0.000000,0.000000,0.000000,0.000000,0.000000,0.000000,,,,,,,,,,,,
197933,,,,,,,,,,,0.000000,0.000000,0.000000,0.000000,0.000000,0.000000,,,,,,,,,,,,
197938,,,,,,,,,,,0.000000,0.000000,0.000000,0.000000,0.000000,0.000000,,,,,,,,,,,,
197943,,,,,,,,,,,0.000000,0.000000,0.000000,0.000000,0.000000,0.000000,,,,,,,,,,,,
197948,,,,,,,,,,,0.000000,0.000000,0.000000,0.000000,0.000000,0.000000,,,,,,,,,,,,
197953,,,,,,,,,,,0.000000,0.000000,0.000000,0.000000,0.000000,0.000000,,,,,,,,,,,,
197958,,,,,,,,,,,0.000000,0.000000,0.000000,0.000000,0.000000,0.000000,,,,,,,,,,,,
197963,,,,,,,,,,,0.000000,0.000000,0.000000,0.000000,0.000000,0.000000,,,,,,,,,,,,
197978,,,,,,,,,,,0.000000,0.000000,0.000000,0.000000,0.000000,0.000000,,,,,,,,,,,,
197983,,,,,,,,,,,0.000000,0.000000,0.000000,0.000000,0.000000,0.000000,,,,,,,,,,,,
197988,,,,,,,,,,,0.000000,0.000000,0.000000,0.000000,0.000000,0.000000,,,,,,,,,,,,
197993,,,,,,,,,,,0.000000,0.000000,0.000000,0.000000,0.000000,0.000000,,,,,,,,,,,,
197998,,,,,,,,,,,0.000000,0.000000,0.000000,0.000000,0.000000,0.000000,,,,,,,,,,,,
198003,,,,,,,,,,,0.000000,0.000000,0.000000,0.000000,0.000000,0.000000,,,,,,,,,,,,
198008,,,,,,,,,,,0.000000,0.000000,0.000000,0.000000,0.000000,0.000000,,,,,,,,,,,,
198013,,,,,,,,,,,0.000000,0.000000,0.000000,0.000000,0.000000,0.000000,,,,,,,,,,,,
198018,,,,,,,,,,,0.000000,0.000000,0.000000,0.000000,0.000000,0.000000,,,,,,,,,,,,
198023,,,,,,,,,,,0.000000,0.000000,0.000000,0.000000,0.000000,0.000000,,,,,,,,,,,,
198035,,,,,,,,,,,0.000000,0.000000,0.000000,0.000000,0.000000,0.000000,,,,,,,,,,,,
198038,,,,,,,,,,,0.000000,0.000000,0.000000,0.000000,0.000000,0.000000,,,,,,,,,,,,
198043,,,,,,,,,,,0.000000,0.000000,0.000000,0.000000,0.000000,0.000000,,,,,,,,,,,,
198048,,,,,,,,,,,0.000000,0.000000,0.000000,0.000000,0.000000,0.000000,,,,,,,,,,,,
198053,,,,,,,,,,,0.000000,0.000000,0.000000,0.000000,0.000000,0.000000,,,,,,,,,,,,
198058,,,,,,,,,,,0.000000,0.000000,0.000000,0.000000,0.000000,0.000000,,,,,,,,,,,,
198063,,,,,,,,,,,0.000000,0.000000,0.000000,0.000000,0.000000,0.000000,,,,,,,,,,,,
198068,,,,,,,,,,,0.000000,0.000000,0.000000,0.000000,0.000000,0.000000,,,,,,,,,,,,
198073,,,,,,,,,,,0.000000,0.000000,0.000000,0.000000,0.000000,0.000000,,,,,,,,,,,,
198078,,,,,,,,,,,0.000000,0.000000,0.000000,0.000000,0.000000,0.000000,,,,,,,,,,,,
198083,,,,,,,,,,,0.000000,0.000000,0.000000,0.000000,0.000000,0.000000,,,,,,,,,,,,
198095,,,,,,,,,,,0.000000,0.000000,0.000000,0.000000,0.000000,0.000000,,,,,,,,,,,,
198098,,,,,,,,,,,0.000000,0.000000,0.000000,0.000000,0.000000,0.000000,,,,,,,,,,,,
198103,,,,,,,,,,,0.000000,0.000000,0.000000,0.000000,0.000000,0.000000,,,,,,,,,,,,
198108,,,,,,,,,,,0.000000,0.000000,0.000000,0.000000,0.000000,0.000000,,,,,,,,,,,,
198113,,,,,,,,,,,0.000000,0.000000,0.000000,0.000000,0.000000,0.000000,,,,,,,,,,,,
198118,,,,,,,,,,,0.000000,0.000000,0.000000,0.000000,0.000000,0.000000,,,,,,,,,,,,
198123,,,,,,,,,,,0.000000,0.000000,0.000000,0.000000,0.000000,0.000000,,,,,,,,,,,,
198128,,,,,,,,,,,0.000000,0.000000,0.000000,0.000000,0.000000,0.000000,,,,,,,,,,,,
198133,,,,,,,,,,,0.000000,0.000000,0.000000,0.000000,0.000000,0.000000,,,,,,,,,,,,
198138,,,,,,,,,,,0.000000,0.000000,0.000000,0.000000,0.000000,0.000000,,,,,,,,,,,,
198143,,,,,,,,,,,0.000000,0.000000,0.000000,0.000000,0.000000,0.000000,,,,,,,,,,,,
198155,,,,,,,,,,,0.000000,0.000000,0.000000,0.000000,0.000000,0.000000,,,,,,,,,,,,
198158,,,,,,,,,,,0.000000,0.000000,0.000000,0.000000,0.000000,0.000000,,,,,,,,,,,,
198163,,,,,,,,,,,0.000000,0.000000,0.000000,0.000000,0.000000,0.000000,,,,,,,,,,,,
198168,,,,,,,,,,,0.000000,0.000000,0.000000,0.000000,0.000000,0.000000,,,,,,,,,,,,
198173,,,,,,,,,,,0.000000,0.000000,0.000000,0.000000,0.000000,0.000000,,,,,,,,,,,,
198178,,,,,,,,,,,0.000000,0.000000,0.000000,0.000000,0.000000,0.000000,,,,,,,,,,,,
198183,,,,,,,,,,,0.000000,0.000000,0.000000,0.000000,0.000000,0.000000,,,,,,,,,,,,
198188,,,,,,,,,,,0.000000,0.000000,0.000000,0.000000,0.000000,0.000000,,,,,,,,,,,,
198193,,,,,,,,,,,0.000000,0.000000,0.000000,0.000000,0.000000,0.000000,,,,,,,,,,,,
198198,,,,,,,,,,,0.000000,0.000000,0.000000,0.000000,0.000000,0.000000,,,,,,,,,,,,
198203,,,,,,,,,,,0.000000,0.000000,0.000000,0.000000,0.000000,0.000000,,,,,,,,,,,,
198208,,,,,,,,,,,0.000000,0.000000,0.000000,0.000000,0.000000,0.000000,,,,,,,,,,,,
198213,,,,,,,,,,,0.000000,0.000000,0.000000,0.000000,0.000000,0.000000,,,,,,,,,,,,
198218,,,,,,,,,,,0.000000,0.000000,0.000000,0.000000,0.000000,0.000000,,,,,,,,,,,,
198223,,,,,,,,,,,0.000000,0.000000,0.000000,0.000000,0.000000,0.000000,,,,,,,,,,,,
198235,,,,,,,,,,,0.000000,0.000000,0.000000,0.000000,0.000000,0.000000,,,,,,,,,,,,
198238,,,,,,,,,,,0.000000,0.000000,0.000000,0.000000,0.000000,0.000000,,,,,,,,,,,,
198243,,,,,,,,,,,0.000000,0.000000,0.000000,0.000000,0.000000,0.000000,,,,,,,,,,,,
198248,,,,,,,,,,,0.000000,0.000000,0.000000,0.000000,0.000000,0.000000,,,,,,,,,,,,
198253,,,,,,,,,,,0.000000,0.000000,0.000000,0.000000,0.000000,0.000000,,,,,,,,,,,,
198258,,,,,,,,,,,0.000000,0.000000,0.000000,0.000000,0.000000,0.000000,,,,,,,,,,,,
198263,,,,,,,,,,,0.000000,0.000000,0.000000,0.000000,0.000000,0.000000,,,,,,,,,,,,
198268,,,,,,,,,,,0.000000,0.000000,0.000000,0.000000,0.000000,0.000000,,,,,,,,,,,,
198273,,,,,,,,,,,0.000000,0.000000,0.000000,0.000000,0.000000,0.000000,,,,,,,,,,,,
198278,,,,,,,,,,,0.000000,0.000000,0.000000,0.000000,0.000000,0.000000,,,,,,,,,,,,
198283,,,,,,,,,,,0.000000,0.000000,0.000000,0.000000,0.000000,0.000000,,,,,,,,,,,,
198295,,,,,,,,,,,0.000000,0.000000,0.000000,0.000000,0.000000,0.000000,,,,,,,,,,,,
198298,,,,,,,,,,,0.000000,0.000000,0.000000,0.000000,0.000000,0.000000,,,,,,,,,,,,
198303,,,,,,,,,,,0.000000,0.000000,0.000000,0.000000,0.000000,0.000000,,,,,,,,,,,,
198308,,,,,,,,,,,0.000000,0.000000,0.000000,0.000000,0.000000,0.000000,,,,,,,,,,,,
198313,,,,,,,,,,,0.000000,0.000000,0.000000,0.000000,0.000000,0.000000,,,,,,,,,,,,
198318,,,,,,,,,,,0.000000,0.000000,0.000000,0.000000,0.000000,0.000000,,,,,,,,,,,,
198323,,,,,,,,,,,0.000000,0.000000,0.000000,0.000000,0.000000,0.000000,,,,,,,,,,,,
198328,,,,,,,,,,,0.000000,0.000000,0.000000,0.000000,0.000000,0.000000,,,,,,,,,,,,
198333,,,,,,,,,,,0.000000,0.000000,0.000000,0.000000,0.000000,0.000000,,,,,,,,,,,,
198338,,,,,,,,,,,0.000000,0.000000,0.000000,0.000000,0.000000,0.000000,,,,,,,,,,,,
198343,,,,,,,,,,,0.000000,0.000000,0.000000,0.000000,0.000000,0.000000,,,,,,,,,,,,
198355,,,,,,,,,,,0.000000,0.000000,0.000000,0.000000,0.000000,0.000000,,,,,,,,,,,,
198358,,,,,,,,,,,0.000000,0.000000,0.000000,0.000000,0.000000,0.000000,,,,,,,,,,,,
198363,,,,,,,,,,,0.000000,0.000000,0.000000,0.000000,0.000000,0.000000,,,,,,,,,,,,
198368,,,,,,,,,,,0.000000,0.000000,0.000000,0.000000,0.000000,0.000000,,,,,,,,,,,,
198373,,,,,,,,,,,0.000000,0.000000,0.000000,0.000000,0.000000,0.000000,,,,,,,,,,,,
198378,,,,,,,,,,,0.000000,0.000000,0.000000,0.000000,0.000000,0.000000,,,,,,,,,,,,
198383,,,,,,,,,,,0.000000,0.000000,0.000000,0.000000,0.000000,0.000000,,,,,,,,,,,,
198388,,,,,,,,,,,0.000000,0.000000,0.000000,0.000000,0.000000,0.000000,,,,,,,,,,,,
198393,,,,,,,,,,,0.000000,0.000000,0.000000,0.000000,0.000000,0.000000,,,,,,,,,,,,
198398,,,,,,,,,,,0.000000,0.000000,0.000000,0.000000,0.000000,0.000000,,,,,,,,,,,,
198403,,,,,,,,,,,0.000000,0.000000,0.000000,0.000000,0.000000,0.000000,,,,,,,,,,,,
198408,,,,,,,,,,,0.000000,0.000000,0.000000,0.000000,0.000000,0.000000,,,,,,,,,,,,
198413,,,,,,,,,,,0.000000,0.000000,0.000000,0.000000,0.000000,0.000000,,,,,,,,,,,,
198418,,,,,,,,,,,0.000000,0.000000,0.000000,0.000000,0.000000,0.000000,,,,,,,,,,,,
198423,,,,,,,,,,,0.000000,0.000000,0.000000,0.000000,0.000000,0.000000,,,,,,,,,,,,
198435,,,,,,,,,,,0.000000,0.000000,0.000000,0.000000,0.000000,0.000000,,,,,,,,,,,,
198438,,,,,,,,,,,0.000000,0.000000,0.000000,0.000000,0.000000,0.000000,,,,,,,,,,,,
198443,,,,,,,,,,,0.000000,0.000000,0.000000,0.000000,0.000000,0.000000,,,,,,,,,,,,
198448,,,,,,,,,,,0.000000,0.000000,0.000000,0.000000,0.000000,0.000000,,,,,,,,,,,,
198453,,,,,,,,,,,0.000000,0.000000,0.000000,0.000000,0.000000,0.000000,,,,,,,,,,,,
198458,,,,,,,,,,,0.000000,0.000000,0.000000,0.000000,0.000000,0.000000,,,,,,,,,,,,
198463,,,,,,,,,,,0.000000,0.000000,0.000000,0.000000,0.000000,0.000000,,,,,,,,,,,,
198468,,,,,,,,,,,0.000000,0.000000,0.000000,0.000000,0.000000,0.000000,,,,,,,,,,,,
198473,,,,,,,,,,,0.000000,0.000000,0.000000,0.000000,0.000000,0.000000,,,,,,,,,,,,
198478,,,,,,,,,,,0.000000,0.000000,0.000000,0.000000,0.000000,0.000000,,,,,,,,,,,,
198483,,,,,,,,,,,0.000000,0.000000,0.000000,0.000000,0.000000,0.000000,,,,,,,,,,,,
198495,,,,,,,,,,,0.000000,0.000000,0.000000,0.000000,0.000000,0.000000,,,,,,,,,,,,
198498,,,,,,,,,,,0.000000,0.000000,0.000000,0.000000,0.000000,0.000000,,,,,,,,,,,,
198503,,,,,,,,,,,0.000000,0.000000,0.000000,0.000000,0.000000,0.000000,,,,,,,,,,,,
198508,,,,,,,,,,,0.000000,0.000000,0.000000,0.000000,0.000000,0.000000,,,,,,,,,,,,
198513,,,,,,,,,,,0.000000,0.000000,0.000000,0.000000,0.000000,0.000000,,,,,,,,,,,,
198518,,,,,,,,,,,0.000000,0.000000,0.000000,0.000000,0.000000,0.000000,,,,,,,,,,,,
198523,,,,,,,,,,,0.000000,0.000000,0.000000,0.000000,0.000000,0.000000,,,,,,,,,,,,
198528,,,,,,,,,,,0.000000,0.000000,0.000000,0.000000,0.000000,0.000000,,,,,,,,,,,,
198533,,,,,,,,,,,0.000000,0.000000,0.000000,0.000000,0.000000,0.000000,,,,,,,,,,,,
198538,,,,,,,,,,,0.000000,0.000000,0.000000,0.000000,0.000000,0.000000,,,,,,,,,,,,
198543,,,,,,,,,,,0.000000,0.000000,0.000000,0.000000,0.000000,0.000000,,,,,,,,,,,,
198555,,,,,,,,,,,0.000000,0.000000,0.000000,0.000000,0.000000,0.000000,,,,,,,,,,,,
198558,,,,,,,,,,,0.000000,0.000000,0.000000,0.000000,0.000000,0.000000,,,,,,,,,,,,
198563,,,,,,,,,,,0.000000,0.000000,0.000000,0.000000,0.000000,0.000000,,,,,,,,,,,,
198568,,,,,,,,,,,0.000000,0.000000,0.000000,0.000000,0.000000,0.000000,,,,,,,,,,,,
198573,,,,,,,,,,,0.000000,0.000000,0.000000,0.000000,0.000000,0.000000,,,,,,,,,,,,
198578,,,,,,,,,,,0.000000,0.000000,0.000000,0.000000,0.000000,0.000000,,,,,,,,,,,,
198583,,,,,,,,,,,0.000000,0.000000,0.000000,0.000000,0.000000,0.000000,,,,,,,,,,,,
198588,,,,,,,,,,,0.000000,0.000000,0.000000,0.000000,0.000000,0.000000,,,,,,,,,,,,
198593,,,,,,,,,,,0.000000,0.000000,0.000000,0.000000,0.000000,0.000000,,,,,,,,,,,,
198598,,,,,,,,,,,0.000000,0.000000,0.000000,0.000000,0.000000,0.000000,,,,,,,,,,,,
198603,,,,,,,,,,,0.000000,0.000000,0.000000,0.000000,0.000000,0.000000,,,,,,,,,,,,
198615,,,,,,,,,,,0.000000,0.000000,0.000000,0.000000,0.000000,0.000000,,,,,,,,,,,,
198618,,,,,,,,,,,0.000000,0.000000,0.000000,0.000000,0.000000,0.000000,,,,,,,,,,,,
198623,,,,,,,,,,,0.000000,0.000000,0.000000,0.000000,0.000000,0.000000,,,,,,,,,,,,
198628,,,,,,,,,,,0.000000,0.000000,0.000000,0.000000,0.000000,0.000000,,,,,,,,,,,,
198633,,,,,,,,,,,0.000000,0.000000,0.000000,0.000000,0.000000,0.000000,,,,,,,,,,,,
198638,,,,,,,,,,,0.000000,0.000000,0.000000,0.000000,0.000000,0.000000,,,,,,,,,,,,
198643,,,,,,,,,,,0.000000,0.000000,0.000000,0.000000,0.000000,0.000000,,,,,,,,,,,,
198648,,,,,,,,,,,0.000000,0.000000,0.000000,0.000000,0.000000,0.000000,,,,,,,,,,,,
198653,,,,,,,,,,,0.000000,0.000000,0.000000,0.000000,0.000000,0.000000,,,,,,,,,,,,
198658,,,,,,,,,,,0.000000,0.000000,0.000000,0.000000,0.000000,0.000000,,,,,,,,,,,,
198663,,,,,,,,,,,0.000000,0.000000,0.000000,0.000000,0.000000,0.000000,,,,,,,,,,,,
198668,,,,,,,,,,,0.000000,0.000000,0.000000,0.000000,0.000000,0.000000,,,,,,,,,,,,
198673,,,,,,,,,,,0.000000,0.000000,0.000000,0.000000,0.000000,0.000000,,,,,,,,,,,,
198678,,,,,,,,,,,0.000000,0.000000,0.000000,0.000000,0.000000,0.000000,,,,,,,,,,,,
198683,,,,,,,,,,,0.000000,0.000000,0.000000,0.000000,0.000000,0.000000,,,,,,,,,,,,
198695,,,,,,,,,,,0.000000,0.000000,0.000000,0.000000,0.000000,0.000000,,,,,,,,,,,,
198698,,,,,,,,,,,0.000000,0.000000,0.000000,0.000000,0.000000,0.000000,,,,,,,,,,,,
198703,,,,,,,,,,,0.000000,0.000000,0.000000,0.000000,0.000000,0.000000,,,,,,,,,,,,
198708,,,,,,,,,,,0.000000,0.000000,0.000000,0.000000,0.000000,0.000000,,,,,,,,,,,,
198713,,,,,,,,,,,0.000000,0.000000,0.000000,0.000000,0.000000,0.000000,,,,,,,,,,,,
198718,,,,,,,,,,,0.000000,0.000000,0.000000,0.000000,0.000000,0.000000,,,,,,,,,,,,
198723,,,,,,,,,,,0.000000,0.000000,0.000000,0.000000,0.000000,0.000000,,,,,,,,,,,,
198728,,,,,,,,,,,0.000000,0.000000,0.000000,0.000000,0.000000,0.000000,,,,,,,,,,,,
198733,,,,,,,,,,,0.000000,0.000000,0.000000,0.000000,0.000000,0.000000,,,,,,,,,,,,
198738,,,,,,,,,,,0.000000,0.000000,0.000000,0.000000,0.000000,0.000000,,,,,,,,,,,,
198743,,,,,,,,,,,0.000000,0.000000,0.000000,0.000000,0.000000,0.000000,,,,,,,,,,,,
198755,,,,,,,,,,,0.000000,0.000000,0.000000,0.000000,0.000000,0.000000,,,,,,,,,,,,
198758,,,,,,,,,,,0.000000,0.000000,0.000000,0.000000,0.000000,0.000000,,,,,,,,,,,,
198763,,,,,,,,,,,0.000000,0.000000,0.000000,0.000000,0.000000,0.000000,,,,,,,,,,,,
198768,,,,,,,,,,,0.000000,0.000000,0.000000,0.000000,0.000000,0.000000,,,,,,,,,,,,
198773,,,,,,,,,,,0.000000,0.000000,0.000000,0.000000,0.000000,0.000000,,,,,,,,,,,,
198778,,,,,,,,,,,0.000000,0.000000,0.000000,0.000000,0.000000,0.000000,,,,,,,,,,,,
198783,,,,,,,,,,,0.000000,0.000000,0.000000,0.000000,0.000000,0.000000,,,,,,,,,,,,
198788,,,,,,,,,,,0.000000,0.000000,0.000000,0.000000,0.000000,0.000000,,,,,,,,,,,,
198793,,,,,,,,,,,0.000000,0.000000,0.000000,0.000000,0.000000,0.000000,,,,,,,,,,,,
198798,,,,,,,,,,,0.000000,0.000000,0.000000,0.000000,0.000000,0.000000,,,,,,,,,,,,
198803,,,,,,,,,,,0.000000,0.000000,0.000000,0.000000,0.000000,0.000000,,,,,,,,,,,,
198815,,,,,,,,,,,0.000000,0.000000,0.000000,0.000000,0.000000,0.000000,,,,,,,,,,,,
198818,,,,,,,,,,,0.000000,0.000000,0.000000,0.000000,0.000000,0.000000,,,,,,,,,,,,
198823,,,,,,,,,,,0.000000,0.000000,0.000000,0.000000,0.000000,0.000000,,,,,,,,,,,,
198828,,,,,,,,,,,0.000000,0.000000,0.000000,0.000000,0.000000,0.000000,,,,,,,,,,,,
198833,,,,,,,,,,,0.000000,0.000000,0.000000,0.000000,0.000000,0.000000,,,,,,,,,,,,
198838,,,,,,,,,,,0.000000,0.000000,0.000000,0.000000,0.000000,0.000000,,,,,,,,,,,,
198843,,,,,,,,,,,0.000000,0.000000,0.000000,0.000000,0.000000,0.000000,,,,,,,,,,,,
198848,,,,,,,,,,,0.000000,0.000000,0.000000,0.000000,0.000000,0.000000,,,,,,,,,,,,
198853,,,,,,,,,,,0.000000,0.000000,0.000000,0.000000,0.000000,0.000000,,,,,,,,,,,,
198858,,,,,,,,,,,0.000000,0.000000,0.000000,0.000000,0.000000,0.000000,,,,,,,,,,,,
198863,,,,,,,,,,,0.000000,0.000000,0.000000,0.000000,0.000000,0.000000,,,,,,,,,,,,
198868,,,,,,,,,,,0.000000,0.000000,0.000000,0.000000,0.000000,0.000000,,,,,,,,,,,,
198873,,,,,,,,,,,0.000000,0.000000,0.000000,0.000000,0.000000,0.000000,,,,,,,,,,,,
198878,,,,,,,,,,,0.000000,0.000000,0.000000,0.000000,0.000000,0.000000,,,,,,,,,,,,
198883,,,,,,,,,,,0.000000,0.000000,0.000000,0.000000,0.000000,0.000000,,,,,,,,,,,,
198895,,,,,,,,,,,0.000000,0.000000,0.000000,0.000000,0.000000,0.000000,,,,,,,,,,,,
198898,,,,,,,,,,,0.000000,0.000000,0.000000,0.000000,0.000000,0.000000,,,,,,,,,,,,
198903,,,,,,,,,,,0.000000,0.000000,0.000000,0.000000,0.000000,0.000000,,,,,,,,,,,,
198908,,,,,,,,,,,0.000000,0.000000,0.000000,0.000000,0.000000,0.000000,,,,,,,,,,,,
198913,,,,,,,,,,,0.000000,0.000000,0.000000,0.000000,0.000000,0.000000,,,,,,,,,,,,
198918,,,,,,,,,,,0.000000,0.000000,0.000000,0.000000,0.000000,0.000000,,,,,,,,,,,,
198923,,,,,,,,,,,0.000000,0.000000,0.000000,0.000000,0.000000,0.000000,,,,,,,,,,,,
198928,,,,,,,,,,,0.000000,0.000000,0.000000,0.000000,0.000000,0.000000,,,,,,,,,,,,
198933,,,,,,,,,,,0.000000,0.000000,0.000000,0.000000,0.000000,0.000000,,,,,,,,,,,,
198938,,,,,,,,,,,0.000000,0.000000,0.000000,0.000000,0.000000,0.000000,,,,,,,,,,,,
198943,,,,,,,,,,,0.000000,0.000000,0.000000,0.000000,0.000000,0.000000,,,,,,,,,,,,
198955,,,,,,,,,,,0.000000,0.000000,0.000000,0.000000,0.000000,0.000000,,,,,,,,,,,,
198958,,,,,,,,,,,0.000000,0.000000,0.000000,0.000000,0.000000,0.000000,,,,,,,,,,,,
198963,,,,,,,,,,,0.000000,0.000000,0.000000,0.000000,0.000000,0.000000,,,,,,,,,,,,
198968,,,,,,,,,,,0.000000,0.000000,0.000000,0.000000,0.000000,0.000000,,,,,,,,,,,,
198973,,,,,,,,,,,0.000000,0.000000,0.000000,0.000000,0.000000,0.000000,,,,,,,,,,,,
198978,,,,,,,,,,,0.000000,0.000000,0.000000,0.000000,0.000000,0.000000,,,,,,,,,,,,
198983,,,,,,,,,,,0.000000,0.000000,0.000000,0.000000,0.000000,0.000000,,,,,,,,,,,,
198988,,,,,,,,,,,0.000000,0.000000,0.000000,0.000000,0.000000,0.000000,,,,,,,,,,,,
198993,,,,,,,,,,,0.000000,0.000000,0.000000,0.000000,0.000000,0.000000,,,,,,,,,,,,
198998,,,,,,,,,,,0.000000,0.000000,0.000000,0.000000,0.000000,0.000000,,,,,,,,,,,,
199003,,,,,,,,,,,0.000000,0.000000,0.000000,0.000000,0.000000,0.000000,,,,,,,,,,,,
199015,,,,,,,,,,,0.000000,0.000000,0.000000,0.000000,0.000000,0.000000,,,,,,,,,,,,
199018,,,,,,,,,,,0.000000,0.000000,0.000000,0.000000,0.000000,0.000000,,,,,,,,,,,,
199023,,,,,,,,,,,0.000000,0.000000,0.000000,0.000000,0.000000,0.000000,,,,,,,,,,,,
199028,,,,,,,,,,,0.000000,0.000000,0.000000,0.000000,0.000000,0.000000,,,,,,,,,,,,
199033,,,,,,,,,,,0.000000,0.000000,0.000000,0.000000,0.000000,0.000000,,,,,,,,,,,,
199038,,,,,,,,,,,0.000000,0.000000,0.000000,0.000000,0.000000,0.000000,,,,,,,,,,,,
199043,,,,,,,,,,,0.000000,0.000000,0.000000,0.000000,0.000000,0.000000,,,,,,,,,,,,
199048,,,,,,,,,,,0.000000,0.000000,0.000000,0.000000,0.000000,0.000000,,,,,,,,,,,,
199053,,,,,,,,,,,0.000000,0.000000,0.000000,0.000000,0.000000,0.000000,,,,,,,,,,,,
199058,,,,,,,,,,,0.000000,0.000000,0.000000,0.000000,0.000000,0.000000,,,,,,,,,,,,
199063,,,,,,,,,,,0.000000,0.000000,0.000000,0.000000,0.000000,0.000000,,,,,,,,,,,,
199075,,,,,,,,,,,0.000000,0.000000,0.000000,0.000000,0.000000,0.000000,,,,,,,,,,,,
199078,,,,,,,,,,,0.000000,0.000000,0.000000,0.000000,0.000000,0.000000,,,,,,,,,,,,
199083,,,,,,,,,,,0.000000,0.000000,0.000000,0.000000,0.000000,0.000000,,,,,,,,,,,,
199088,,,,,,,,,,,0.000000,0.000000,0.000000,0.000000,0.000000,0.000000,,,,,,,,,,,,
199093,,,,,,,,,,,0.000000,0.000000,0.000000,0.000000,0.000000,0.000000,,,,,,,,,,,,
199098,,,,,,,,,,,0.000000,0.000000,0.000000,0.000000,0.000000,0.000000,,,,,,,,,,,,
199103,,,,,,,,,,,0.000000,0.000000,0.000000,0.000000,0.000000,0.000000,,,,,,,,,,,,
199108,,,,,,,,,,,0.000000,0.000000,0.000000,0.000000,0.000000,0.000000,,,,,,,,,,,,
199113,,,,,,,,,,,0.000000,0.000000,0.000000,0.000000,0.000000,0.000000,,,,,,,,,,,,
199118,,,,,,,,,,,0.000000,0.000000,0.000000,0.000000,0.000000,0.000000,,,,,,,,,,,,
199123,,,,,,,,,,,0.000000,0.000000,0.000000,0.000000,0.000000,0.000000,,,,,,,,,,,,
199128,,,,,,,,,,,0.000000,0.000000,0.000000,0.000000,0.000000,0.000000,,,,,,,,,,,,
199133,,,,,,,,,,,0.000000,0.000000,0.000000,0.000000,0.000000,0.000000,,,,,,,,,,,,
199138,,,,,,,,,,,0.000000,0.000000,0.000000,0.000000,0.000000,0.000000,,,,,,,,,,,,
199143,,,,,,,,,,,0.000000,0.000000,0.000000,0.000000,0.000000,0.000000,,,,,,,,,,,,
199155,,,,,,,,,,,0.000000,0.000000,0.000000,0.000000,0.000000,0.000000,,,,,,,,,,,,
199158,,,,,,,,,,,0.000000,0.000000,0.000000,0.000000,0.000000,0.000000,,,,,,,,,,,,
199163,,,,,,,,,,,0.000000,0.000000,0.000000,0.000000,0.000000,0.000000,,,,,,,,,,,,
199168,,,,,,,,,,,0.000000,0.000000,0.000000,0.000000,0.000000,0.000000,,,,,,,,,,,,
199173,,,,,,,,,,,0.000000,0.000000,0.000000,0.000000,0.000000,0.000000,,,,,,,,,,,,
199178,,,,,,,,,,,0.000000,0.000000,0.000000,0.000000,0.000000,0.000000,,,,,,,,,,,,
199183,,,,,,,,,,,0.000000,0.000000,0.000000,0.000000,0.000000,0.000000,,,,,,,,,,,,
199188,,,,,,,,,,,0.000000,0.000000,0.000000,0.000000,0.000000,0.000000,,,,,,,,,,,,
199193,,,,,,,,,,,0.000000,0.000000,0.000000,0.000000,0.000000,0.000000,,,,,,,,,,,,
199198,,,,,,,,,,,0.000000,0.000000,0.000000,0.000000,0.000000,0.000000,,,,,,,,,,,,
199203,,,,,,,,,,,0.000000,0.000000,0.000000,0.000000,0.000000,0.000000,,,,,,,,,,,,
199215,,,,,,,,,,,0.000000,0.000000,0.000000,0.000000,0.000000,0.000000,,,,,,,,,,,,
199218,,,,,,,,,,,0.000000,0.000000,0.000000,0.000000,0.000000,0.000000,,,,,,,,,,,,
199223,,,,,,,,,,,0.000000,0.000000,0.000000,0.000000,0.000000,0.000000,,,,,,,,,,,,
199228,,,,,,,,,,,0.000000,0.000000,0.000000,0.000000,0.000000,0.000000,,,,,,,,,,,,
199233,,,,,,,,,,,0.000000,0.000000,0.000000,0.000000,0.000000,0.000000,,,,,,,,,,,,
199238,,,,,,,,,,,0.000000,0.000000,0.000000,0.000000,0.000000,0.000000,,,,,,,,,,,,
199243,,,,,,,,,,,0.000000,0.000000,0.000000,0.000000,0.000000,0.000000,,,,,,,,,,,,
199248,,,,,,,,,,,0.000000,0.000000,0.000000,0.000000,0.000000,0.000000,,,,,,,,,,,,
199253,,,,,,,,,,,0.000000,0.000000,0.000000,0.000000,0.000000,0.000000,,,,,,,,,,,,
199258,,,,,,,,,,,0.000000,0.000000,0.000000,0.000000,0.000000,0.000000,,,,,,,,,,,,
199263,,,,,,,,,,,0.000000,0.000000,0.000000,0.000000,0.000000,0.000000,,,,,,,,,,,,
199275,,,,,,,,,,,0.000000,0.000000,0.000000,0.000000,0.000000,0.000000,,,,,,,,,,,,
199278,,,,,,,,,,,0.000000,0.000000,0.000000,0.000000,0.000000,0.000000,,,,,,,,,,,,
199283,,,,,,,,,,,0.000000,0.000000,0.000000,0.000000,0.000000,0.000000,,,,,,,,,,,,
199288,,,,,,,,,,,0.000000,0.000000,0.000000,0.000000,0.000000,0.000000,,,,,,,,,,,,
199293,,,,,,,,,,,0.000000,0.000000,0.000000,0.000000,0.000000,0.000000,,,,,,,,,,,,
199298,,,,,,,,,,,0.000000,0.000000,0.000000,0.000000,0.000000,0.000000,,,,,,,,,,,,
199303,,,,,,,,,,,0.000000,0.000000,0.000000,0.000000,0.000000,0.000000,,,,,,,,,,,,
199308,,,,,,,,,,,0.000000,0.000000,0.000000,0.000000,0.000000,0.000000,,,,,,,,,,,,
199313,,,,,,,,,,,0.000000,0.000000,0.000000,0.000000,0.000000,0.000000,,,,,,,,,,,,
199318,,,,,,,,,,,0.000000,0.000000,0.000000,0.000000,0.000000,0.000000,,,,,,,,,,,,
199323,,,,,,,,,,,0.000000,0.000000,0.000000,0.000000,0.000000,0.000000,,,,,,,,,,,,
199328,,,,,,,,,,,0.000000,0.000000,0.000000,0.000000,0.000000,0.000000,,,,,,,,,,,,
199333,,,,,,,,,,,0.000000,0.000000,0.000000,0.000000,0.000000,0.000000,,,,,,,,,,,,
199338,,,,,,,,,,,0.000000,0.000000,0.000000,0.000000,0.000000,0.000000,,,,,,,,,,,,
199343,,,,,,,,,,,0.000000,0.000000,0.000000,0.000000,0.000000,0.000000,,,,,,,,,,,,
199355,,,,,,,,,,,0.000000,0.000000,0.000000,0.000000,0.000000,0.000000,,,,,,,,,,,,
199358,,,,,,,,,,,0.000000,0.000000,0.000000,0.000000,0.000000,0.000000,,,,,,,,,,,,
199363,,,,,,,,,,,0.000000,0.000000,0.000000,0.000000,0.000000,0.000000,,,,,,,,,,,,
199368,,,,,,,,,,,0.000000,0.000000,0.000000,0.000000,0.000000,0.000000,,,,,,,,,,,,
199373,,,,,,,,,,,0.000000,0.000000,0.000000,0.000000,0.000000,0.000000,,,,,,,,,,,,
199378,,,,,,,,,,,0.000000,0.000000,0.000000,0.000000,0.000000,0.000000,,,,,,,,,,,,
199383,,,,,,,,,,,0.000000,0.000000,0.000000,0.000000,0.000000,0.000000,,,,,,,,,,,,
199388,,,,,,,,,,,0.000000,0.000000,0.000000,0.000000,0.000000,0.000000,,,,,,,,,,,,
199393,,,,,,,,,,,0.000000,0.000000,0.000000,0.000000,0.000000,0.000000,,,,,,,,,,,,
199398,,,,,,,,,,,0.000000,0.000000,0.000000,0.000000,0.000000,0.000000,,,,,,,,,,,,
199403,,,,,,,,,,,0.000000,0.000000,0.000000,0.000000,0.000000,0.000000,,,,,,,,,,,,
199415,,,,,,,,,,,0.000000,0.000000,0.000000,0.000000,0.000000,0.000000,,,,,,,,,,,,
199416,,,,,,,,,,,,,0.000000,0.000000,,,,,,,,,,,,,,
199418,,,,,,,,,,,0.000000,0.000000,0.000000,0.000000,0.000000,0.000000,,,,,,,,,,,,
199423,,,,,,,,,,,0.000000,0.000000,0.000000,0.000000,0.000000,0.000000,,,,,,,,,,,,
199428,,,,,,,,,,,0.000000,0.000000,0.000000,0.000000,0.000000,0.000000,,,,,,,,,,,,
199433,,,,,,,,,,,0.000000,0.000000,0.000000,0.000000,0.000000,0.000000,,,,,,,,,,,,
199438,,,,,,,,,,,0.000000,0.000000,0.000000,0.000000,0.000000,0.000000,,,,,,,,,,,,
199443,,,,,,,,,,,0.000000,0.000000,0.000000,0.000000,0.000000,0.000000,,,,,,,,,,,,
199448,,,,,,,,,,,0.000000,0.000000,0.000000,0.000000,0.000000,0.000000,,,,,,,,,,,,
199453,,,,,,,,,,,0.000000,0.000000,0.000000,0.000000,0.000000,0.000000,,,,,,,,,,,,
199458,,,,,,,,,,,0.000000,0.000000,0.000000,0.000000,0.000000,0.000000,,,,,,,,,,,,
199463,,,,,,,,,,,0.000000,0.000000,0.000000,0.000000,0.000000,0.000000,,,,,,,,,,,,
199475,,,,,,,,,,,0.000000,0.000000,0.000000,0.000000,0.000000,0.000000,,,,,,,,,,,,
199478,,,,,,,,,,,0.000000,0.000000,0.000000,0.000000,0.000000,0.000000,,,,,,,,,,,,
199483,,,,,,,,,,,0.000000,0.000000,0.000000,0.000000,0.000000,0.000000,,,,,,,,,,,,
199488,,,,,,,,,,,0.000000,0.000000,0.000000,0.000000,0.000000,0.000000,,,,,,,,,,,,
199493,,,,,,,,,,,0.000000,0.000000,0.000000,0.000000,0.000000,0.000000,,,,,,,,,,,,
199498,,,,,,,,,,,0.000000,0.000000,0.000000,0.000000,0.000000,0.000000,,,,,,,,,,,,
199503,,,,,,,,,,,0.000000,0.000000,0.000000,0.000000,0.000000,0.000000,,,,,,,,,,,,
199508,,,,,,,,,,,0.000000,0.000000,0.000000,0.000000,0.000000,0.000000,,,,,,,,,,,,
199513,,,,,,,,,,,0.000000,0.000000,0.000000,0.000000,0.000000,0.000000,,,,,,,,,,,,
199518,,,,,,,,,,,0.000000,0.000000,0.000000,0.000000,0.000000,0.000000,,,,,,,,,,,,
199523,,,,,,,,,,,0.000000,0.000000,0.000000,0.000000,0.000000,0.000000,,,,,,,,,,,,
199535,,,,,,,,,,,0.000000,0.000000,0.000000,0.000000,0.000000,0.000000,,,,,,,,,,,,
199538,,,,,,,,,,,0.000000,0.000000,0.000000,0.000000,0.000000,0.000000,,,,,,,,,,,,
199543,,,,,,,,,,,0.000000,0.000000,0.000000,0.000000,0.000000,0.000000,,,,,,,,,,,,
199548,,,,,,,,,,,0.000000,0.000000,0.000000,0.000000,0.000000,0.000000,,,,,,,,,,,,
199553,,,,,,,,,,,0.000000,0.000000,0.000000,0.000000,0.000000,0.000000,,,,,,,,,,,,
199558,,,,,,,,,,,0.000000,0.000000,0.000000,0.000000,0.000000,0.000000,,,,,,,,,,,,
199563,,,,,,,,,,,0.000000,0.000000,0.000000,0.000000,0.000000,0.000000,,,,,,,,,,,,
199568,,,,,,,,,,,0.000000,0.000000,0.000000,0.000000,0.000000,0.000000,,,,,,,,,,,,
199573,,,,,,,,,,,0.000000,0.000000,0.000000,0.000000,0.000000,0.000000,,,,,,,,,,,,
199578,,,,,,,,,,,0.000000,0.000000,0.000000,0.000000,0.000000,0.000000,,,,,,,,,,,,
199583,,,,,,,,,,,0.000000,0.000000,0.000000,0.000000,0.000000,0.000000,,,,,,,,,,,,
199588,,,,,,,,,,,0.000000,0.000000,0.000000,0.000000,0.000000,0.000000,,,,,,,,,,,,
199593,,,,,,,,,,,0.000000,0.000000,0.000000,0.000000,0.000000,0.000000,,,,,,,,,,,,
199598,,,,,,,,,,,0.000000,0.000000,0.000000,0.000000,0.000000,0.000000,,,,,,,,,,,,
199603,,,,,,,,,,,0.000000,0.000000,0.000000,0.000000,0.000000,0.000000,,,,,,,,,,,,
199615,,,,,,,,,,,0.000000,0.000000,0.000000,0.000000,0.000000,0.000000,,,,,,,,,,,,
199618,,,,,,,,,,,0.000000,0.000000,0.000000,0.000000,0.000000,0.000000,,,,,,,,,,,,
199623,,,,,,,,,,,0.000000,0.000000,0.000000,0.000000,0.000000,0.000000,,,,,,,,,,,,
199628,,,,,,,,,,,0.000000,0.000000,0.000000,0.000000,0.000000,0.000000,,,,,,,,,,,,
199633,,,,,,,,,,,0.000000,0.000000,0.000000,0.000000,0.000000,0.000000,,,,,,,,,,,,
199638,,,,,,,,,,,0.000000,0.000000,0.000000,0.000000,0.000000,0.000000,,,,,,,,,,,,
199643,,,,,,,,,,,0.000000,0.000000,0.000000,0.000000,0.000000,0.000000,,,,,,,,,,,,
199648,,,,,,,,,,,0.000000,0.000000,0.000000,0.000000,0.000000,0.000000,,,,,,,,,,,,
199653,,,,,,,,,,,0.000000,0.000000,0.000000,0.000000,0.000000,0.000000,,,,,,,,,,,,
199658,,,,,,,,,,,0.000000,0.000000,0.000000,0.000000,0.000000,0.000000,,,,,,,,,,,,
199663,,,,,,,,,,,0.000000,0.000000,0.000000,0.000000,0.000000,0.000000,,,,,,,,,,,,
199675,,,,,,,,,,,0.000000,0.000000,0.000000,0.000000,0.000000,0.000000,,,,,,,,,,,,
199678,,,,,,,,,,,0.000000,0.000000,0.000000,0.000000,0.000000,0.000000,,,,,,,,,,,,
199683,,,,,,,,,,,0.000000,0.000000,0.000000,0.000000,0.000000,0.000000,,,,,,,,,,,,
199688,,,,,,,,,,,0.000000,0.000000,0.000000,0.000000,0.000000,0.000000,,,,,,,,,,,,
199693,,,,,,,,,,,0.000000,0.000000,0.000000,0.000000,0.000000,0.000000,,,,,,,,,,,,
199698,,,,,,,,,,,0.000000,0.000000,0.000000,0.000000,0.000000,0.000000,,,,,,,,,,,,
199703,,,,,,,,,,,0.000000,0.000000,0.000000,0.000000,0.000000,0.000000,,,,,,,,,,,,
199708,,,,,,,,,,,0.000000,0.000000,0.000000,0.000000,0.000000,0.000000,,,,,,,,,,,,
199713,,,,,,,,,,,0.000000,0.000000,0.000000,0.000000,0.000000,0.000000,,,,,,,,,,,,
199718,,,,,,,,,,,0.000000,0.000000,0.000000,0.000000,0.000000,0.000000,,,,,,,,,,,,
199723,,,,,,,,,,,0.000000,0.000000,0.000000,0.000000,0.000000,0.000000,,,,,,,,,,,,
199735,,,,,,,,,,,0.000000,0.000000,0.000000,0.000000,0.000000,0.000000,,,,,,,,,,,,
199738,,,,,,,,,,,0.000000,0.000000,0.000000,0.000000,0.000000,0.000000,,,,,,,,,,,,
199743,,,,,,,,,,,0.000000,0.000000,0.000000,0.000000,0.000000,0.000000,,,,,,,,,,,,
199748,,,,,,,,,,,0.000000,0.000000,0.000000,0.000000,0.000000,0.000000,,,,,,,,,,,,
199753,,,,,,,,,,,0.000000,0.000000,0.000000,0.000000,0.000000,0.000000,,,,,,,,,,,,
199758,,,,,,,,,,,0.000000,0.000000,0.000000,0.000000,0.000000,0.000000,,,,,,,,,,,,
199763,,,,,,,,,,,0.000000,0.000000,0.000000,0.000000,0.000000,0.000000,,,,,,,,,,,,
199768,,,,,,,,,,,0.000000,0.000000,0.000000,0.000000,0.000000,0.000000,,,,,,,,,,,,
199773,,,,,,,,,,,0.000000,0.000000,0.000000,0.000000,0.000000,0.000000,,,,,,,,,,,,
199778,,,,,,,,,,,0.000000,0.000000,0.000000,0.000000,0.000000,0.000000,,,,,,,,,,,,
199783,,,,,,,,,,,0.000000,0.000000,0.000000,0.000000,0.000000,0.000000,,,,,,,,,,,,
199795,,,,,,,,,,,0.000000,0.000000,0.000000,0.000000,0.000000,0.000000,,,,,,,,,,,,
199798,,,,,,,,,,,0.000000,0.000000,0.000000,0.000000,0.000000,0.000000,,,,,,,,,,,,
199803,,,,,,,,,,,0.000000,0.000000,0.000000,0.000000,0.000000,0.000000,,,,,,,,,,,,
199808,,,,,,,,,,,0.000000,0.000000,0.000000,0.000000,0.000000,0.000000,,,,,,,,,,,,
199813,,,,,,,,,,,0.000000,0.000000,0.000000,0.000000,0.000000,0.000000,,,,,,,,,,,,
199818,,,,,,,,,,,0.000000,0.000000,0.000000,0.000000,0.000000,0.000000,,,,,,,,,,,,
199823,,,,,,,,,,,0.000000,0.000000,0.000000,0.000000,0.000000,0.000000,,,,,,,,,,,,
199828,,,,,,,,,,,0.000000,0.000000,0.000000,0.000000,0.000000,0.000000,,,,,,,,,,,,
199833,,,,,,,,,,,0.000000,0.000000,0.000000,0.000000,0.000000,0.000000,,,,,,,,,,,,
199838,,,,,,,,,,,0.000000,0.000000,0.000000,0.000000,0.000000,0.000000,,,,,,,,,,,,
199843,,,,,,,,,,,0.000000,0.000000,0.000000,0.000000,0.000000,0.000000,,,,,,,,,,,,
199848,,,,,,,,,,,0.000000,0.000000,0.000000,0.000000,0.000000,0.000000,,,,,,,,,,,,
199853,,,,,,,,,,,0.000000,0.000000,0.000000,0.000000,0.000000,0.000000,,,,,,,,,,,,
199858,,,,,,,,,,,0.000000,0.000000,0.000000,0.000000,0.000000,0.000000,,,,,,,,,,,,
199863,,,,,,,,,,,0.000000,0.000000,0.000000,0.000000,0.000000,0.000000,,,,,,,,,,,,
199875,,,,,,,,,,,0.000000,0.000000,0.000000,0.000000,0.000000,0.000000,,,,,,,,,,,,
199878,,,,,,,,,,,0.000000,0.000000,0.000000,0.000000,0.000000,0.000000,,,,,,,,,,,,
199883,,,,,,,,,,,0.000000,0.000000,0.000000,0.000000,0.000000,0.000000,,,,,,,,,,,,
199888,,,,,,,,,,,0.000000,0.000000,0.000000,0.000000,0.000000,0.000000,,,,,,,,,,,,
199893,,,,,,,,,,,0.000000,0.000000,0.000000,0.000000,0.000000,0.000000,,,,,,,,,,,,
199898,,,,,,,,,,,0.000000,0.000000,0.000000,0.000000,0.000000,0.000000,,,,,,,,,,,,
199903,,,,,,,,,,,0.000000,0.000000,0.000000,0.000000,0.000000,0.000000,,,,,,,,,,,,
199908,,,,,,,,,,,0.000000,0.000000,0.000000,0.000000,0.000000,0.000000,,,,,,,,,,,,
199913,,,,,,,,,,,0.000000,0.000000,0.000000,0.000000,0.000000,0.000000,,,,,,,,,,,,
199918,,,,,,,,,,,0.000000,0.000000,0.000000,0.000000,0.000000,0.000000,,,,,,,,,,,,
199923,,,,,,,,,,,0.000000,0.000000,0.000000,0.000000,0.000000,0.000000,,,,,,,,,,,,
199935,,,,,,,,,,,0.000000,0.000000,0.000000,0.000000,0.000000,0.000000,,,,,,,,,,,,
199936,,,,,,,,,,,0.000000,0.000000,0.000000,0.000000,0.000000,0.000000,,,,,,,,,,,,
199938,,,,,,,,,,,0.000000,0.000000,0.000000,0.000000,0.000000,0.000000,,,,,,,,,,,,
199943,,,,,,,,,,,0.000000,0.000000,0.000000,0.000000,0.000000,0.000000,,,,,,,,,,,,
199948,,,,,,,,,,,0.000000,0.000000,0.000000,0.000000,0.000000,0.000000,,,,,,,,,,,,
199953,,,,,,,,,,,0.000000,0.000000,0.000000,0.000000,0.000000,0.000000,,,,,,,,,,,,
199958,,,,,,,,,,,0.000000,0.000000,0.000000,0.000000,0.000000,0.000000,,,,,,,,,,,,
199963,,,,,,,,,,,0.000000,0.000000,0.000000,0.000000,0.000000,0.000000,,,,,,,,,,,,
199968,,,,,,,,,,,0.000000,0.000000,0.000000,0.000000,0.000000,0.000000,,,,,,,,,,,,
199973,,,,,,,,,,,0.000000,0.000000,0.000000,0.000000,0.000000,0.000000,,,,,,,,,,,,
199978,,,,,,,,,,,0.000000,0.000000,0.000000,0.000000,0.000000,0.000000,,,,,,,,,,,,
199983,,,,,,,,,,,0.000000,0.000000,0.000000,0.000000,0.000000,0.000000,,,,,,,,,,,,
199995,,,,,,,,,,,0.000000,0.000000,0.000000,0.000000,0.000000,0.000000,,,,,,,,,,,,
199998,,,,,,,,,,,0.000000,0.000000,0.000000,0.000000,0.000000,0.000000,,,,,,,,,,,,
200003,,,,,,,,,,,0.000000,0.000000,0.000000,0.000000,0.000000,0.000000,,,,,,,,,,,,
200008,,,,,,,,,,,0.000000,0.000000,0.000000,0.000000,0.000000,0.000000,,,,,,,,,,,,
200013,,,,,,,,,,,0.000000,0.000000,0.000000,0.000000,0.000000,0.000000,,,,,,,,,,,,
200018,,,,,,,,,,,0.000000,0.000000,0.000000,0.000000,0.000000,0.000000,,,,,,,,,,,,
200023,,,,,,,,,,,0.000000,0.000000,0.000000,0.000000,0.000000,0.000000,,,,,,,,,,,,
200028,,,,,,,,,,,0.000000,0.000000,0.000000,0.000000,0.000000,0.000000,,,,,,,,,,,,
200033,,,,,,,,,,,0.000000,0.000000,0.000000,0.000000,0.000000,0.000000,,,,,,,,,,,,
200038,,,,,,,,,,,0.000000,0.000000,0.000000,0.000000,0.000000,0.000000,,,,,,,,,,,,
200043,,,,,,,,,,,0.000000,0.000000,0.000000,0.000000,0.000000,0.000000,,,,,,,,,,,,
200048,,,,,,,,,,,0.000000,0.000000,0.000000,0.000000,0.000000,0.000000,,,,,,,,,,,,
200053,,,,,,,,,,,0.000000,0.000000,0.000000,0.000000,0.000000,0.000000,,,,,,,,,,,,
200058,,,,,,,,,,,0.000000,0.000000,0.000000,0.000000,0.000000,0.000000,,,,,,,,,,,,
200063,,,,,,,,,,,0.000000,0.000000,0.000000,0.000000,0.000000,0.000000,,,,,,,,,,,,
200075,,,,,,,,,,,0.000000,0.000000,0.000000,0.000000,0.000000,0.000000,,,,,,,,,,,,
200078,,,,,,,,,,,0.000000,0.000000,0.000000,0.000000,0.000000,0.000000,,,,,,,,,,,,
200083,,,,,,,,,,,0.000000,0.000000,0.000000,0.000000,0.000000,0.000000,,,,,,,,,,,,
200088,,,,,,,,,,,0.000000,0.000000,0.000000,0.000000,0.000000,0.000000,,,,,,,,,,,,
200093,,,,,,,,,,,0.000000,0.000000,0.000000,0.000000,0.000000,0.000000,,,,,,,,,,,,
200098,,,,,,,,,,,0.000000,0.000000,0.000000,0.000000,0.000000,0.000000,,,,,,,,,,,,
200103,,,,,,,,,,,0.000000,0.000000,0.000000,0.000000,0.000000,0.000000,,,,,,,,,,,,
200108,,,,,,,,,,,0.000000,0.000000,0.000000,0.000000,0.000000,0.000000,,,,,,,,,,,,
200113,,,,,,,,,,,0.000000,0.000000,0.000000,0.000000,0.000000,0.000000,,,,,,,,,,,,
200118,,,,,,,,,,,0.000000,0.000000,0.000000,0.000000,0.000000,0.000000,,,,,,,,,,,,
200123,,,,,,,,,,,0.000000,0.000000,0.000000,0.000000,0.000000,0.000000,,,,,,,,,,,,
200138,,,,,,,,,,,0.000000,0.000000,0.000000,0.000000,0.000000,0.000000,,,,,,,,,,,,
200143,,,,,,,,,,,0.000000,0.000000,0.000000,0.000000,0.000000,0.000000,,,,,,,,,,,,
200148,,,,,,,,,,,0.000000,0.000000,0.000000,0.000000,0.000000,0.000000,,,,,,,,,,,,
200153,,,,,,,,,,,0.000000,0.000000,0.000000,0.000000,0.000000,0.000000,,,,,,,,,,,,
200158,,,,,,,,,,,0.000000,0.000000,0.000000,0.000000,0.000000,0.000000,,,,,,,,,,,,
200163,,,,,,,,,,,0.000000,0.000000,0.000000,0.000000,0.000000,0.000000,,,,,,,,,,,,
200168,,,,,,,,,,,0.000000,0.000000,0.000000,0.000000,0.000000,0.000000,,,,,,,,,,,,
200173,,,,,,,,,,,0.000000,0.000000,0.000000,0.000000,0.000000,0.000000,,,,,,,,,,,,
200178,,,,,,,,,,,0.000000,0.000000,0.000000,0.000000,0.000000,0.000000,,,,,,,,,,,,
200183,,,,,,,,,,,0.000000,0.000000,0.000000,0.000000,0.000000,0.000000,,,,,,,,,,,,
200195,,,,,,,,,,,0.000000,0.000000,0.000000,0.000000,0.000000,0.000000,,,,,,,,,,,,
200198,,,,,,,,,,,0.000000,0.000000,0.000000,0.000000,0.000000,0.000000,,,,,,,,,,,,
200203,,,,,,,,,,,0.000000,0.000000,0.000000,0.000000,0.000000,0.000000,,,,,,,,,,,,
200208,,,,,,,,,,,0.000000,0.000000,0.000000,0.000000,0.000000,0.000000,,,,,,,,,,,,
200213,,,,,,,,,,,0.000000,0.000000,0.000000,0.000000,0.000000,0.000000,,,,,,,,,,,,
200218,,,,,,,,,,,0.000000,0.000000,0.000000,0.000000,0.000000,0.000000,,,,,,,,,,,,
200223,,,,,,,,,,,0.000000,0.000000,0.000000,0.000000,0.000000,0.000000,,,,,,,,,,,,
200228,,,,,,,,,,,0.000000,0.000000,0.000000,0.000000,0.000000,0.000000,,,,,,,,,,,,
200233,,,,,,,,,,,0.000000,0.000000,0.000000,0.000000,0.000000,0.000000,,,,,,,,,,,,
200238,,,,,,,,,,,0.000000,0.000000,0.000000,0.000000,0.000000,0.000000,,,,,,,,,,,,
200243,,,,,,,,,,,0.000000,0.000000,0.000000,0.000000,0.000000,0.000000,,,,,,,,,,,,
200255,,,,,,,,,,,0.000000,0.000000,0.000000,0.000000,0.000000,0.000000,,,,,,,,,,,,
200258,,,,,,,,,,,0.000000,0.000000,0.000000,0.000000,0.000000,0.000000,,,,,,,,,,,,
200263,,,,,,,,,,,0.000000,0.000000,0.000000,0.000000,0.000000,0.000000,,,,,,,,,,,,
200268,,,,,,,,,,,0.000000,0.000000,0.000000,0.000000,0.000000,0.000000,,,,,,,,,,,,
200273,,,,,,,,,,,0.000000,0.000000,0.000000,0.000000,0.000000,0.000000,,,,,,,,,,,,
200278,,,,,,,,,,,0.000000,0.000000,0.000000,0.000000,0.000000,0.000000,,,,,,,,,,,,
200283,,,,,,,,,,,0.000000,0.000000,0.000000,0.000000,0.000000,0.000000,,,,,,,,,,,,
200288,,,,,,,,,,,0.000000,0.000000,0.000000,0.000000,0.000000,0.000000,,,,,,,,,,,,
200293,,,,,,,,,,,0.000000,0.000000,0.000000,0.000000,0.000000,0.000000,,,,,,,,,,,,
200298,,,,,,,,,,,0.000000,0.000000,0.000000,0.000000,0.000000,0.000000,,,,,,,,,,,,
200303,,,,,,,,,,,0.000000,0.000000,0.000000,0.000000,0.000000,0.000000,,,,,,,,,,,,
200308,,,,,,,,,,,0.000000,0.000000,0.000000,0.000000,0.000000,0.000000,,,,,,,,,,,,
200313,,,,,,,,,,,0.000000,0.000000,0.000000,0.000000,0.000000,0.000000,,,,,,,,,,,,
200318,,,,,,,,,,,0.000000,0.000000,0.000000,0.000000,0.000000,0.000000,,,,,,,,,,,,
200323,,,,,,,,,,,0.000000,0.000000,0.000000,0.000000,0.000000,0.000000,,,,,,,,,,,,
200335,,,,,,,,,,,0.000000,0.000000,0.000000,0.000000,0.000000,0.000000,,,,,,,,,,,,
200338,,,,,,,,,,,0.000000,0.000000,0.000000,0.000000,0.000000,0.000000,,,,,,,,,,,,
200343,,,,,,,,,,,0.000000,0.000000,0.000000,0.000000,0.000000,0.000000,,,,,,,,,,,,
200348,,,,,,,,,,,0.000000,0.000000,0.000000,0.000000,0.000000,0.000000,,,,,,,,,,,,
200353,,,,,,,,,,,0.000000,0.000000,0.000000,0.000000,0.000000,0.000000,,,,,,,,,,,,
200358,,,,,,,,,,,0.000000,0.000000,0.000000,0.000000,0.000000,0.000000,,,,,,,,,,,,
200363,,,,,,,,,,,0.000000,0.000000,0.000000,0.000000,0.000000,0.000000,,,,,,,,,,,,
200368,,,,,,,,,,,0.000000,0.000000,0.000000,0.000000,0.000000,0.000000,,,,,,,,,,,,
200373,,,,,,,,,,,0.000000,0.000000,0.000000,0.000000,0.000000,0.000000,,,,,,,,,,,,
200378,,,,,,,,,,,0.000000,0.000000,0.000000,0.000000,0.000000,0.000000,,,,,,,,,,,,
200383,,,,,,,,,,,0.000000,0.000000,0.000000,0.000000,0.000000,0.000000,,,,,,,,,,,,
200395,,,,,,,,,,,0.000000,0.000000,0.000000,0.000000,0.000000,0.000000,,,,,,,,,,,,
200398,,,,,,,,,,,0.000000,0.000000,0.000000,0.000000,0.000000,0.000000,,,,,,,,,,,,
200403,,,,,,,,,,,0.000000,0.000000,0.000000,0.000000,0.000000,0.000000,,,,,,,,,,,,
200408,,,,,,,,,,,0.000000,0.000000,0.000000,0.000000,0.000000,0.000000,,,,,,,,,,,,
200413,,,,,,,,,,,0.000000,0.000000,0.000000,0.000000,0.000000,0.000000,,,,,,,,,,,,
200418,,,,,,,,,,,0.000000,0.000000,0.000000,0.000000,0.000000,0.000000,,,,,,,,,,,,
200423,,,,,,,,,,,0.000000,0.000000,0.000000,0.000000,0.000000,0.000000,,,,,,,,,,,,
200428,,,,,,,,,,,0.000000,0.000000,0.000000,0.000000,0.000000,0.000000,,,,,,,,,,,,
200433,,,,,,,,,,,0.000000,0.000000,0.000000,0.000000,0.000000,0.000000,,,,,,,,,,,,
200438,,,,,,,,,,,0.000000,0.000000,0.000000,0.000000,0.000000,0.000000,,,,,,,,,,,,
200443,,,,,,,,,,,0.000000,0.000000,0.000000,0.000000,0.000000,0.000000,,,,,,,,,,,,
200455,,,,,,,,,,,0.000000,0.000000,0.000000,0.000000,0.000000,0.000000,,,,,,,,,,,,
200458,,,,,,,,,,,0.000000,0.000000,0.000000,0.000000,0.000000,0.000000,,,,,,,,,,,,
200463,,,,,,,,,,,0.000000,0.000000,0.000000,0.000000,0.000000,0.000000,,,,,,,,,,,,
200468,,,,,,,,,,,0.000000,0.000000,0.000000,0.000000,0.000000,0.000000,,,,,,,,,,,,
200473,,,,,,,,,,,0.000000,0.000000,0.000000,0.000000,0.000000,0.000000,,,,,,,,,,,,
200478,,,,,,,,,,,0.000000,0.000000,0.000000,0.000000,0.000000,0.000000,,,,,,,,,,,,
200483,,,,,,,,,,,0.000000,0.000000,0.000000,0.000000,0.000000,0.000000,,,,,,,,,,,,
200488,,,,,,,,,,,0.000000,0.000000,0.000000,0.000000,0.000000,0.000000,,,,,,,,,,,,
200493,,,,,,,,,,,0.000000,0.000000,0.000000,0.000000,0.000000,0.000000,,,,,,,,,,,,
200498,,,,,,,,,,,0.000000,0.000000,0.000000,0.000000,0.000000,0.000000,,,,,,,,,,,,
200503,,,,,,,,,,,0.000000,0.000000,0.000000,0.000000,0.000000,0.000000,,,,,,,,,,,,
200508,,,,,,,,,,,0.000000,0.000000,0.000000,0.000000,0.000000,0.000000,,,,,,,,,,,,
200513,,,,,,,,,,,0.000000,0.000000,0.000000,0.000000,0.000000,0.000000,,,,,,,,,,,,
200518,,,,,,,,,,,0.000000,0.000000,0.000000,0.000000,0.000000,0.000000,,,,,,,,,,,,
200523,,,,,,,,,,,0.000000,0.000000,0.000000,0.000000,0.000000,0.000000,,,,,,,,,,,,
200535,,,,,,,,,,,0.000000,0.000000,0.000000,0.000000,0.000000,0.000000,,,,,,,,,,,,
200538,,,,,,,,,,,0.000000,0.000000,0.000000,0.000000,0.000000,0.000000,,,,,,,,,,,,
200543,,,,,,,,,,,0.000000,0.000000,0.000000,0.000000,0.000000,0.000000,,,,,,,,,,,,
200548,,,,,,,,,,,0.000000,0.000000,0.000000,0.000000,0.000000,0.000000,,,,,,,,,,,,
200553,,,,,,,,,,,0.000000,0.000000,0.000000,0.000000,0.000000,0.000000,,,,,,,,,,,,
200558,,,,,,,,,,,0.000000,0.000000,0.000000,0.000000,0.000000,0.000000,,,,,,,,,,,,
200563,,,,,,,,,,,0.000000,0.000000,0.000000,0.000000,0.000000,0.000000,,,,,,,,,,,,
200568,,,,,,,,,,,0.000000,0.000000,0.000000,0.000000,0.000000,0.000000,,,,,,,,,,,,
200573,,,,,,,,,,,0.000000,0.000000,0.000000,0.000000,0.000000,0.000000,,,,,,,,,,,,
200578,,,,,,,,,,,0.000000,0.000000,0.000000,0.000000,0.000000,0.000000,,,,,,,,,,,,
200583,,,,,,,,,,,0.000000,0.000000,0.000000,0.000000,0.000000,0.000000,,,,,,,,,,,,
200595,,,,,,,,,,,0.000000,0.000000,0.000000,0.000000,0.000000,0.000000,,,,,,,,,,,,
200598,,,,,,,,,,,0.000000,0.000000,0.000000,0.000000,0.000000,0.000000,,,,,,,,,,,,
200603,,,,,,,,,,,0.000000,0.000000,0.000000,0.000000,0.000000,0.000000,,,,,,,,,,,,
200608,,,,,,,,,,,0.000000,0.000000,0.000000,0.000000,0.000000,0.000000,,,,,,,,,,,,
200613,,,,,,,,,,,0.000000,0.000000,0.000000,0.000000,0.000000,0.000000,,,,,,,,,,,,
200618,,,,,,,,,,,0.000000,0.000000,0.000000,0.000000,0.000000,0.000000,,,,,,,,,,,,
200623,,,,,,,,,,,0.000000,0.000000,0.000000,0.000000,0.000000,0.000000,,,,,,,,,,,,
200628,,,,,,,,,,,0.000000,0.000000,0.000000,0.000000,0.000000,0.000000,,,,,,,,,,,,
200633,,,,,,,,,,,0.000000,0.000000,0.000000,0.000000,0.000000,0.000000,,,,,,,,,,,,
200638,,,,,,,,,,,0.000000,0.000000,0.000000,0.000000,0.000000,0.000000,,,,,,,,,,,,
200643,,,,,,,,,,,0.000000,0.000000,0.000000,0.000000,0.000000,0.000000,,,,,,,,,,,,
200655,,,,,,,,,,,0.000000,0.000000,0.000000,0.000000,0.000000,0.000000,,,,,,,,,,,,
200658,,,,,,,,,,,0.000000,0.000000,0.000000,0.000000,0.000000,0.000000,,,,,,,,,,,,
200663,,,,,,,,,,,0.000000,0.000000,0.000000,0.000000,0.000000,0.000000,,,,,,,,,,,,
200668,,,,,,,,,,,0.000000,0.000000,0.000000,0.000000,0.000000,0.000000,,,,,,,,,,,,
200673,,,,,,,,,,,0.000000,0.000000,0.000000,0.000000,0.000000,0.000000,,,,,,,,,,,,
200678,,,,,,,,,,,0.000000,0.000000,0.000000,0.000000,0.000000,0.000000,,,,,,,,,,,,
200683,,,,,,,,,,,0.000000,0.000000,0.000000,0.000000,0.000000,0.000000,,,,,,,,,,,,
200688,,,,,,,,,,,0.000000,0.000000,0.000000,0.000000,0.000000,0.000000,,,,,,,,,,,,
200693,,,,,,,,,,,0.000000,0.000000,0.000000,0.000000,0.000000,0.000000,,,,,,,,,,,,
200698,,,,,,,,,,,0.000000,0.000000,0.000000,0.000000,0.000000,0.000000,,,,,,,,,,,,
200703,,,,,,,,,,,0.000000,0.000000,0.000000,0.000000,0.000000,0.000000,,,,,,,,,,,,
200715,,,,,,,,,,,0.000000,0.000000,0.000000,0.000000,0.000000,0.000000,,,,,,,,,,,,
200718,,,,,,,,,,,0.000000,0.000000,0.000000,0.000000,0.000000,0.000000,,,,,,,,,,,,
200723,,,,,,,,,,,0.000000,0.000000,0.000000,0.000000,0.000000,0.000000,,,,,,,,,,,,
200728,,,,,,,,,,,0.000000,0.000000,0.000000,0.000000,0.000000,0.000000,,,,,,,,,,,,
200733,,,,,,,,,,,0.000000,0.000000,0.000000,0.000000,0.000000,0.000000,,,,,,,,,,,,
200738,,,,,,,,,,,0.000000,0.000000,0.000000,0.000000,0.000000,0.000000,,,,,,,,,,,,
200743,,,,,,,,,,,0.000000,0.000000,0.000000,0.000000,0.000000,0.000000,,,,,,,,,,,,
200748,,,,,,,,,,,0.000000,0.000000,0.000000,0.000000,0.000000,0.000000,,,,,,,,,,,,
200753,,,,,,,,,,,0.000000,0.000000,0.000000,0.000000,0.000000,0.000000,,,,,,,,,,,,
200758,,,,,,,,,,,0.000000,0.000000,0.000000,0.000000,0.000000,0.000000,,,,,,,,,,,,
200763,,,,,,,,,,,0.000000,0.000000,0.000000,0.000000,0.000000,0.000000,,,,,,,,,,,,
200768,,,,,,,,,,,0.000000,0.000000,0.000000,0.000000,0.000000,0.000000,,,,,,,,,,,,
200773,,,,,,,,,,,0.000000,0.000000,0.000000,0.000000,0.000000,0.000000,,,,,,,,,,,,
200778,,,,,,,,,,,0.000000,0.000000,0.000000,0.000000,0.000000,0.000000,,,,,,,,,,,,
200783,,,,,,,,,,,0.000000,0.000000,0.000000,0.000000,0.000000,0.000000,,,,,,,,,,,,
200795,,,,,,,,,,,0.000000,0.000000,0.000000,0.000000,0.000000,0.000000,,,,,,,,,,,,
200798,,,,,,,,,,,0.000000,0.000000,0.000000,0.000000,0.000000,0.000000,,,,,,,,,,,,
200803,,,,,,,,,,,0.000000,0.000000,0.000000,0.000000,0.000000,0.000000,,,,,,,,,,,,
200808,,,,,,,,,,,0.000000,0.000000,0.000000,0.000000,0.000000,0.000000,,,,,,,,,,,,
200813,,,,,,,,,,,0.000000,0.000000,0.000000,0.000000,0.000000,0.000000,,,,,,,,,,,,
200818,,,,,,,,,,,0.000000,0.000000,0.000000,0.000000,0.000000,0.000000,,,,,,,,,,,,
200823,,,,,,,,,,,0.000000,0.000000,0.000000,0.000000,0.000000,0.000000,,,,,,,,,,,,
200828,,,,,,,,,,,0.000000,0.000000,0.000000,0.000000,0.000000,0.000000,,,,,,,,,,,,
200833,,,,,,,,,,,0.000000,0.000000,0.000000,0.000000,0.000000,0.000000,,,,,,,,,,,,
200838,,,,,,,,,,,0.000000,0.000000,0.000000,0.000000,0.000000,0.000000,,,,,,,,,,,,
200843,,,,,,,,,,,0.000000,0.000000,0.000000,0.000000,0.000000,0.000000,,,,,,,,,,,,
200855,,,,,,,,,,,0.000000,0.000000,0.000000,0.000000,0.000000,0.000000,,,,,,,,,,,,
200858,,,,,,,,,,,0.000000,0.000000,0.000000,0.000000,0.000000,0.000000,,,,,,,,,,,,
200863,,,,,,,,,,,0.000000,0.000000,0.000000,0.000000,0.000000,0.000000,,,,,,,,,,,,
200868,,,,,,,,,,,0.000000,0.000000,0.000000,0.000000,0.000000,0.000000,,,,,,,,,,,,
200873,,,,,,,,,,,0.000000,0.000000,0.000000,0.000000,0.000000,0.000000,,,,,,,,,,,,
200878,,,,,,,,,,,0.000000,0.000000,0.000000,0.000000,0.000000,0.000000,,,,,,,,,,,,
200883,,,,,,,,,,,0.000000,0.000000,0.000000,0.000000,0.000000,0.000000,,,,,,,,,,,,
200888,,,,,,,,,,,0.000000,0.000000,0.000000,0.000000,0.000000,0.000000,,,,,,,,,,,,
200893,,,,,,,,,,,0.000000,0.000000,0.000000,0.000000,0.000000,0.000000,,,,,,,,,,,,
200898,,,,,,,,,,,0.000000,0.000000,0.000000,0.000000,0.000000,0.000000,,,,,,,,,,,,
200903,,,,,,,,,,,0.000000,0.000000,0.000000,0.000000,0.000000,0.000000,,,,,,,,,,,,
200915,,,,,,,,,,,0.000000,0.000000,0.000000,0.000000,0.000000,0.000000,,,,,,,,,,,,
200918,,,,,,,,,,,0.000000,0.000000,0.000000,0.000000,0.000000,0.000000,,,,,,,,,,,,
200923,,,,,,,,,,,0.000000,0.000000,0.000000,0.000000,0.000000,0.000000,,,,,,,,,,,,
200928,,,,,,,,,,,0.000000,0.000000,0.000000,0.000000,0.000000,0.000000,,,,,,,,,,,,
200933,,,,,,,,,,,0.000000,0.000000,0.000000,0.000000,0.000000,0.000000,,,,,,,,,,,,
200938,,,,,,,,,,,0.000000,0.000000,0.000000,0.000000,0.000000,0.000000,,,,,,,,,,,,
200943,,,,,,,,,,,0.000000,0.000000,0.000000,0.000000,0.000000,0.000000,,,,,,,,,,,,
200948,,,,,,,,,,,0.000000,0.000000,0.000000,0.000000,0.000000,0.000000,,,,,,,,,,,,
200953,,,,,,,,,,,0.000000,0.000000,0.000000,0.000000,0.000000,0.000000,,,,,,,,,,,,
200958,,,,,,,,,,,0.000000,0.000000,0.000000,0.000000,0.000000,0.000000,,,,,,,,,,,,
200963,,,,,,,,,,,0.000000,0.000000,0.000000,0.000000,0.000000,0.000000,,,,,,,,,,,,
200968,,,,,,,,,,,0.000000,0.000000,0.000000,0.000000,0.000000,0.000000,,,,,,,,,,,,
200973,,,,,,,,,,,0.000000,0.000000,0.000000,0.000000,0.000000,0.000000,,,,,,,,,,,,
200978,,,,,,,,,,,0.000000,0.000000,0.000000,0.000000,0.000000,0.000000,,,,,,,,,,,,
200983,,,,,,,,,,,0.000000,0.000000,0.000000,0.000000,0.000000,0.000000,,,,,,,,,,,,
200995,,,,,,,,,,,0.000000,0.000000,0.000000,0.000000,0.000000,0.000000,,,,,,,,,,,,
200998,,,,,,,,,,,0.000000,0.000000,0.000000,0.000000,0.000000,0.000000,,,,,,,,,,,,
201003,,,,,,,,,,,0.000000,0.000000,0.000000,0.000000,0.000000,0.000000,,,,,,,,,,,,
201008,,,,,,,,,,,0.000000,0.000000,0.000000,0.000000,0.000000,0.000000,,,,,,,,,,,,
201013,,,,,,,,,,,0.000000,0.000000,0.000000,0.000000,0.000000,0.000000,,,,,,,,,,,,
201018,,,,,,,,,,,0.000000,0.000000,0.000000,0.000000,0.000000,0.000000,,,,,,,,,,,,
201023,,,,,,,,,,,0.000000,0.000000,0.000000,0.000000,0.000000,0.000000,,,,,,,,,,,,
201028,,,,,,,,,,,0.000000,0.000000,0.000000,0.000000,0.000000,0.000000,,,,,,,,,,,,
201033,,,,,,,,,,,0.000000,0.000000,0.000000,0.000000,0.000000,0.000000,,,,,,,,,,,,
201038,,,,,,,,,,,0.000000,0.000000,0.000000,0.000000,0.000000,0.000000,,,,,,,,,,,,
201043,,,,,,,,,,,0.000000,0.000000,0.000000,0.000000,0.000000,0.000000,,,,,,,,,,,,
201055,,,,,,,,,,,0.000000,0.000000,0.000000,0.000000,0.000000,0.000000,,,,,,,,,,,,
201058,,,,,,,,,,,0.000000,0.000000,0.000000,0.000000,0.000000,0.000000,,,,,,,,,,,,
201063,,,,,,,,,,,0.000000,0.000000,0.000000,0.000000,0.000000,0.000000,,,,,,,,,,,,
201068,,,,,,,,,,,0.000000,0.000000,0.000000,0.000000,0.000000,0.000000,,,,,,,,,,,,
201073,,,,,,,,,,,0.000000,0.000000,0.000000,0.000000,0.000000,0.000000,,,,,,,,,,,,
201078,,,,,,,,,,,0.000000,0.000000,0.000000,0.000000,0.000000,0.000000,,,,,,,,,,,,
201083,,,,,,,,,,,0.000000,0.000000,0.000000,0.000000,0.000000,0.000000,,,,,,,,,,,,
201088,,,,,,,,,,,0.000000,0.000000,0.000000,0.000000,0.000000,0.000000,,,,,,,,,,,,
201093,,,,,,,,,,,0.000000,0.000000,0.000000,0.000000,0.000000,0.000000,,,,,,,,,,,,
201098,,,,,,,,,,,0.000000,0.000000,0.000000,0.000000,0.000000,0.000000,,,,,,,,,,,,
201103,,,,,,,,,,,0.000000,0.000000,0.000000,0.000000,0.000000,0.000000,,,,,,,,,,,,
201126,,,,,,,,,,,0.000000,0.000000,0.000000,0.000000,0.000000,0.000000,,,,,,,,,,,,
201127,,,,,,,,,,,0.000000,0.000000,0.000000,0.000000,0.000000,0.000000,,,,,,,,,,,,
201128,,,,,,,,,,,0.000000,0.000000,0.000000,0.000000,0.000000,0.000000,,,,,,,,,,,,
201133,,,,,,,,,,,0.000000,0.000000,0.000000,0.000000,0.000000,0.000000,,,,,,,,,,,,
201138,,,,,,,,,,,0.000000,0.000000,0.000000,0.000000,0.000000,0.000000,,,,,,,,,,,,
201143,,,,,,,,,,,0.000000,0.000000,0.000000,0.000000,0.000000,0.000000,,,,,,,,,,,,
201148,,,,,,,,,,,0.000000,0.000000,0.000000,0.000000,0.000000,0.000000,,,,,,,,,,,,
201153,,,,,,,,,,,0.000000,0.000000,0.000000,0.000000,0.000000,0.000000,,,,,,,,,,,,
201158,,,,,,,,,,,0.000000,0.000000,0.000000,0.000000,0.000000,0.000000,,,,,,,,,,,,
201163,,,,,,,,,,,0.000000,0.000000,0.000000,0.000000,0.000000,0.000000,,,,,,,,,,,,
201174,,,,,,,,,,,0.000000,0.000000,0.000000,0.000000,0.000000,0.000000,,,,,,,,,,,,
201178,,,,,,,,,,,0.000000,0.000000,0.000000,0.000000,0.000000,0.000000,,,,,,,,,,,,
201183,,,,,,,,,,,0.000000,0.000000,0.000000,0.000000,0.000000,0.000000,,,,,,,,,,,,
201188,,,,,,,,,,,0.000000,0.000000,0.000000,0.000000,0.000000,0.000000,,,,,,,,,,,,
201193,,,,,,,,,,,0.000000,0.000000,0.000000,0.000000,0.000000,0.000000,,,,,,,,,,,,
201198,,,,,,,,,,,0.000000,0.000000,0.000000,0.000000,0.000000,0.000000,,,,,,,,,,,,
201203,,,,,,,,,,,0.000000,0.000000,0.000000,0.000000,0.000000,0.000000,,,,,,,,,,,,
201208,,,,,,,,,,,0.000000,0.000000,0.000000,0.000000,0.000000,0.000000,,,,,,,,,,,,
201213,,,,,,,,,,,0.000000,0.000000,0.000000,0.000000,0.000000,0.000000,,,,,,,,,,,,
201218,,,,,,,,,,,0.000000,0.000000,0.000000,0.000000,0.000000,0.000000,,,,,,,,,,,,
201223,,,,,,,,,,,0.000000,0.000000,0.000000,0.000000,0.000000,0.000000,,,,,,,,,,,,
201228,,,,,,,,,,,0.000000,0.000000,0.000000,0.000000,0.000000,0.000000,,,,,,,,,,,,
201233,,,,,,,,,,,0.000000,0.000000,0.000000,0.000000,0.000000,0.000000,,,,,,,,,,,,
201238,,,,,,,,,,,0.000000,0.000000,0.000000,0.000000,0.000000,0.000000,,,,,,,,,,,,
201243,,,,,,,,,,,0.000000,0.000000,0.000000,0.000000,0.000000,0.000000,,,,,,,,,,,,
201255,,,,,,,,,,,0.000000,0.000000,0.000000,0.000000,0.000000,0.000000,,,,,,,,,,,,
201258,,,,,,,,,,,0.000000,0.000000,0.000000,0.000000,0.000000,0.000000,,,,,,,,,,,,
201263,,,,,,,,,,,0.000000,0.000000,0.000000,0.000000,0.000000,0.000000,,,,,,,,,,,,
201268,,,,,,,,,,,0.000000,0.000000,0.000000,0.000000,0.000000,0.000000,,,,,,,,,,,,
201273,,,,,,,,,,,0.000000,0.000000,0.000000,0.000000,0.000000,0.000000,,,,,,,,,,,,
201278,,,,,,,,,,,0.000000,0.000000,0.000000,0.000000,0.000000,0.000000,,,,,,,,,,,,
201283,,,,,,,,,,,0.000000,0.000000,0.000000,0.000000,0.000000,0.000000,,,,,,,,,,,,
201288,,,,,,,,,,,0.000000,0.000000,0.000000,0.000000,0.000000,0.000000,,,,,,,,,,,,
201293,,,,,,,,,,,0.000000,0.000000,0.000000,0.000000,0.000000,0.000000,,,,,,,,,,,,
201298,,,,,,,,,,,0.000000,0.000000,0.000000,0.000000,0.000000,0.000000,,,,,,,,,,,,
201303,,,,,,,,,,,0.000000,0.000000,0.000000,0.000000,0.000000,0.000000,,,,,,,,,,,,
201315,,,,,,,,,,,0.000000,0.000000,0.000000,0.000000,0.000000,0.000000,,,,,,,,,,,,
201316,,,,,,,,,,,,,0.000000,0.000000,,,,,,,,,,,,,,
201318,,,,,,,,,,,0.000000,0.000000,0.000000,0.000000,0.000000,0.000000,,,,,,,,,,,,
201323,,,,,,,,,,,0.000000,0.000000,0.000000,0.000000,0.000000,0.000000,,,,,,,,,,,,
201328,,,,,,,,,,,0.000000,0.000000,0.000000,0.000000,0.000000,0.000000,,,,,,,,,,,,
201333,,,,,,,,,,,0.000000,0.000000,0.000000,0.000000,0.000000,0.000000,,,,,,,,,,,,
201338,,,,,,,,,,,0.000000,0.000000,0.000000,0.000000,0.000000,0.000000,,,,,,,,,,,,
201343,,,,,,,,,,,0.000000,0.000000,0.000000,0.000000,0.000000,0.000000,,,,,,,,,,,,
201348,,,,,,,,,,,0.000000,0.000000,0.000000,0.000000,0.000000,0.000000,,,,,,,,,,,,
201353,,,,,,,,,,,0.000000,0.000000,0.000000,0.000000,0.000000,0.000000,,,,,,,,,,,,
201358,,,,,,,,,,,0.000000,0.000000,0.000000,0.000000,0.000000,0.000000,,,,,,,,,,,,
201363,,,,,,,,,,,0.000000,0.000000,0.000000,0.000000,0.000000,0.000000,,,,,,,,,,,,
201376,,,,,,,,,,,0.000000,0.000000,0.000000,0.000000,0.000000,0.000000,,,,,,,,,,,,
201378,,,,,,,,,,,0.000000,0.000000,0.000000,0.000000,0.000000,0.000000,,,,,,,,,,,,
201383,,,,,,,,,,,0.000000,0.000000,0.000000,0.000000,0.000000,0.000000,,,,,,,,,,,,
201388,,,,,,,,,,,0.000000,0.000000,0.000000,0.000000,0.000000,0.000000,,,,,,,,,,,,
201393,,,,,,,,,,,0.000000,0.000000,0.000000,0.000000,0.000000,0.000000,,,,,,,,,,,,
201398,,,,,,,,,,,0.000000,0.000000,0.000000,0.000000,0.000000,0.000000,,,,,,,,,,,,
201403,,,,,,,,,,,0.000000,0.000000,0.000000,0.000000,0.000000,0.000000,,,,,,,,,,,,
201408,,,,,,,,,,,0.000000,0.000000,0.000000,0.000000,0.000000,0.000000,,,,,,,,,,,,
201413,,,,,,,,,,,0.000000,0.000000,0.000000,0.000000,0.000000,0.000000,,,,,,,,,,,,
201418,,,,,,,,,,,0.000000,0.000000,0.000000,0.000000,0.000000,0.000000,,,,,,,,,,,,
201423,,,,,,,,,,,0.000000,0.000000,0.000000,0.000000,0.000000,0.000000,,,,,,,,,,,,
201428,,,,,,,,,,,0.000000,0.000000,0.000000,0.000000,0.000000,0.000000,,,,,,,,,,,,
201433,,,,,,,,,,,0.000000,0.000000,0.000000,0.000000,0.000000,0.000000,,,,,,,,,,,,
201438,,,,,,,,,,,0.000000,0.000000,0.000000,0.000000,0.000000,0.000000,,,,,,,,,,,,
201443,,,,,,,,,,,0.000000,0.000000,0.000000,0.000000,0.000000,0.000000,,,,,,,,,,,,
201455,,,,,,,,,,,0.000000,0.000000,0.000000,0.000000,0.000000,0.000000,,,,,,,,,,,,
201458,,,,,,,,,,,0.000000,0.000000,0.000000,0.000000,0.000000,0.000000,,,,,,,,,,,,
201463,,,,,,,,,,,0.000000,0.000000,0.000000,0.000000,0.000000,0.000000,,,,,,,,,,,,
201468,,,,,,,,,,,0.000000,0.000000,0.000000,0.000000,0.000000,0.000000,,,,,,,,,,,,
201473,,,,,,,,,,,0.000000,0.000000,0.000000,0.000000,0.000000,0.000000,,,,,,,,,,,,
201478,,,,,,,,,,,0.000000,0.000000,0.000000,0.000000,0.000000,0.000000,,,,,,,,,,,,
201483,,,,,,,,,,,0.000000,0.000000,0.000000,0.000000,0.000000,0.000000,,,,,,,,,,,,
201488,,,,,,,,,,,0.000000,0.000000,0.000000,0.000000,0.000000,0.000000,,,,,,,,,,,,
201493,,,,,,,,,,,0.000000,0.000000,0.000000,0.000000,0.000000,0.000000,,,,,,,,,,,,
201498,,,,,,,,,,,0.000000,0.000000,0.000000,0.000000,0.000000,0.000000,,,,,,,,,,,,
201503,,,,,,,,,,,0.000000,0.000000,0.000000,0.000000,0.000000,0.000000,,,,,,,,,,,,
201515,,,,,,,,,,,0.000000,0.000000,0.000000,0.000000,0.000000,0.000000,,,,,,,,,,,,
201516,,,,,,,,,,,0.000000,0.000000,0.000000,0.000000,0.000000,0.000000,,,,,,,,,,,,
201518,,,,,,,,,,,0.000000,0.000000,0.000000,0.000000,0.000000,0.000000,,,,,,,,,,,,
201523,,,,,,,,,,,0.000000,0.000000,0.000000,0.000000,0.000000,0.000000,,,,,,,,,,,,
201528,,,,,,,,,,,0.000000,0.000000,0.000000,0.000000,0.000000,0.000000,,,,,,,,,,,,
201533,,,,,,,,,,,0.000000,0.000000,0.000000,0.000000,0.000000,0.000000,,,,,,,,,,,,
201538,,,,,,,,,,,0.000000,0.000000,0.000000,0.000000,0.000000,0.000000,,,,,,,,,,,,
201543,,,,,,,,,,,0.000000,0.000000,0.000000,0.000000,0.000000,0.000000,,,,,,,,,,,,
201548,,,,,,,,,,,0.000000,0.000000,0.000000,0.000000,0.000000,0.000000,,,,,,,,,,,,
201553,,,,,,,,,,,0.000000,0.000000,0.000000,0.000000,0.000000,0.000000,,,,,,,,,,,,
201558,,,,,,,,,,,0.000000,0.000000,0.000000,0.000000,0.000000,0.000000,,,,,,,,,,,,
201563,,,,,,,,,,,0.000000,0.000000,0.000000,0.000000,0.000000,0.000000,,,,,,,,,,,,
201575,,,,,,,,,,,0.000000,0.000000,0.000000,0.000000,0.000000,0.000000,,,,,,,,,,,,
201578,,,,,,,,,,,0.000000,0.000000,0.000000,0.000000,0.000000,0.000000,,,,,,,,,,,,
201583,,,,,,,,,,,0.000000,0.000000,0.000000,0.000000,0.000000,0.000000,,,,,,,,,,,,
201588,,,,,,,,,,,0.000000,0.000000,0.000000,0.000000,0.000000,0.000000,,,,,,,,,,,,
201593,,,,,,,,,,,0.000000,0.000000,0.000000,0.000000,0.000000,0.000000,,,,,,,,,,,,
201598,,,,,,,,,,,0.000000,0.000000,0.000000,0.000000,0.000000,0.000000,,,,,,,,,,,,
201603,,,,,,,,,,,0.000000,0.000000,0.000000,0.000000,0.000000,0.000000,,,,,,,,,,,,
201608,,,,,,,,,,,0.000000,0.000000,0.000000,0.000000,0.000000,0.000000,,,,,,,,,,,,
201613,,,,,,,,,,,0.000000,0.000000,0.000000,0.000000,0.000000,0.000000,,,,,,,,,,,,
201618,,,,,,,,,,,0.000000,0.000000,0.000000,0.000000,0.000000,0.000000,,,,,,,,,,,,
201623,,,,,,,,,,,0.000000,0.000000,0.000000,0.000000,0.000000,0.000000,,,,,,,,,,,,
201635,,,,,,,,,,,0.000000,0.000000,0.000000,0.000000,0.000000,0.000000,,,,,,,,,,,,
201638,,,,,,,,,,,0.000000,0.000000,0.000000,0.000000,0.000000,0.000000,,,,,,,,,,,,
201643,,,,,,,,,,,0.000000,0.000000,0.000000,0.000000,0.000000,0.000000,,,,,,,,,,,,
201648,,,,,,,,,,,0.000000,0.000000,0.000000,0.000000,0.000000,0.000000,,,,,,,,,,,,
201653,,,,,,,,,,,0.000000,0.000000,0.000000,0.000000,0.000000,0.000000,,,,,,,,,,,,
201658,,,,,,,,,,,0.000000,0.000000,0.000000,0.000000,0.000000,0.000000,,,,,,,,,,,,
201663,,,,,,,,,,,0.000000,0.000000,0.000000,0.000000,0.000000,0.000000,,,,,,,,,,,,
201668,,,,,,,,,,,0.000000,0.000000,0.000000,0.000000,0.000000,0.000000,,,,,,,,,,,,
201673,,,,,,,,,,,0.000000,0.000000,0.000000,0.000000,0.000000,0.000000,,,,,,,,,,,,
201678,,,,,,,,,,,0.000000,0.000000,0.000000,0.000000,0.000000,0.000000,,,,,,,,,,,,
201683,,,,,,,,,,,0.000000,0.000000,0.000000,0.000000,0.000000,0.000000,,,,,,,,,,,,
201688,,,,,,,,,,,0.000000,0.000000,0.000000,0.000000,0.000000,0.000000,,,,,,,,,,,,
201693,,,,,,,,,,,0.000000,0.000000,0.000000,0.000000,0.000000,0.000000,,,,,,,,,,,,
201698,,,,,,,,,,,0.000000,0.000000,0.000000,0.000000,0.000000,0.000000,,,,,,,,,,,,
201703,,,,,,,,,,,0.000000,0.000000,0.000000,0.000000,0.000000,0.000000,,,,,,,,,,,,
201715,,,,,,,,,,,0.000000,0.000000,0.000000,0.000000,0.000000,0.000000,,,,,,,,,,,,
201718,,,,,,,,,,,0.000000,0.000000,0.000000,0.000000,0.000000,0.000000,,,,,,,,,,,,
201723,,,,,,,,,,,0.000000,0.000000,0.000000,0.000000,0.000000,0.000000,,,,,,,,,,,,
201728,,,,,,,,,,,0.000000,0.000000,0.000000,0.000000,0.000000,0.000000,,,,,,,,,,,,
201733,,,,,,,,,,,0.000000,0.000000,0.000000,0.000000,0.000000,0.000000,,,,,,,,,,,,
201738,,,,,,,,,,,0.000000,0.000000,0.000000,0.000000,0.000000,0.000000,,,,,,,,,,,,
201743,,,,,,,,,,,0.000000,0.000000,0.000000,0.000000,0.000000,0.000000,,,,,,,,,,,,
201748,,,,,,,,,,,0.000000,0.000000,0.000000,0.000000,0.000000,0.000000,,,,,,,,,,,,
201753,,,,,,,,,,,0.000000,0.000000,0.000000,0.000000,0.000000,0.000000,,,,,,,,,,,,
201758,,,,,,,,,,,0.000000,0.000000,0.000000,0.000000,0.000000,0.000000,,,,,,,,,,,,
201763,,,,,,,,,,,0.000000,0.000000,0.000000,0.000000,0.000000,0.000000,,,,,,,,,,,,
201775,,,,,,,,,,,0.000000,0.000000,0.000000,0.000000,0.000000,0.000000,,,,,,,,,,,,
201776,,,,,,,,,,,,,0.000000,0.000000,0.000000,0.000000,,,,,,,,,,,,
201778,,,,,,,,,,,0.000000,0.000000,0.000000,0.000000,0.000000,0.000000,,,,,,,,,,,,
201783,,,,,,,,,,,0.000000,0.000000,0.000000,0.000000,0.000000,0.000000,,,,,,,,,,,,
201788,,,,,,,,,,,0.000000,0.000000,0.000000,0.000000,0.000000,0.000000,,,,,,,,,,,,
201793,,,,,,,,,,,0.000000,0.000000,0.000000,0.000000,0.000000,0.000000,,,,,,,,,,,,
201798,,,,,,,,,,,0.000000,0.000000,0.000000,0.000000,0.000000,0.000000,,,,,,,,,,,,
201803,,,,,,,,,,,0.000000,0.000000,0.000000,0.000000,0.000000,0.000000,,,,,,,,,,,,
201808,,,,,,,,,,,0.000000,0.000000,0.000000,0.000000,0.000000,0.000000,,,,,,,,,,,,
201813,,,,,,,,,,,0.000000,0.000000,0.000000,0.000000,0.000000,0.000000,,,,,,,,,,,,
201818,,,,,,,,,,,0.000000,0.000000,0.000000,0.000000,0.000000,0.000000,,,,,,,,,,,,
201823,,,,,,,,,,,0.000000,0.000000,0.000000,0.000000,0.000000,0.000000,,,,,,,,,,,,
201835,,,,,,,,,,,0.000000,0.000000,0.000000,0.000000,0.000000,0.000000,,,,,,,,,,,,
201838,,,,,,,,,,,0.000000,0.000000,0.000000,0.000000,0.000000,0.000000,,,,,,,,,,,,
201843,,,,,,,,,,,0.000000,0.000000,0.000000,0.000000,0.000000,0.000000,,,,,,,,,,,,
201848,,,,,,,,,,,0.000000,0.000000,0.000000,0.000000,0.000000,0.000000,,,,,,,,,,,,
201853,,,,,,,,,,,0.000000,0.000000,0.000000,0.000000,0.000000,0.000000,,,,,,,,,,,,
201858,,,,,,,,,,,0.000000,0.000000,0.000000,0.000000,0.000000,0.000000,,,,,,,,,,,,
201863,,,,,,,,,,,0.000000,0.000000,0.000000,0.000000,0.000000,0.000000,,,,,,,,,,,,
201868,,,,,,,,,,,0.000000,0.000000,0.000000,0.000000,0.000000,0.000000,,,,,,,,,,,,
201873,,,,,,,,,,,0.000000,0.000000,0.000000,0.000000,0.000000,0.000000,,,,,,,,,,,,
201878,,,,,,,,,,,0.000000,0.000000,0.000000,0.000000,0.000000,0.000000,,,,,,,,,,,,
201883,,,,,,,,,,,0.000000,0.000000,0.000000,0.000000,0.000000,0.000000,,,,,,,,,,,,
201888,,,,,,,,,,,0.000000,0.000000,0.000000,0.000000,0.000000,0.000000,,,,,,,,,,,,
201893,,,,,,,,,,,0.000000,0.000000,0.000000,0.000000,0.000000,0.000000,,,,,,,,,,,,
201898,,,,,,,,,,,0.000000,0.000000,0.000000,0.000000,0.000000,0.000000,,,,,,,,,,,,
201903,,,,,,,,,,,0.000000,0.000000,0.000000,0.000000,0.000000,0.000000,,,,,,,,,,,,
201915,,,,,,,,,,,0.000000,0.000000,0.000000,0.000000,0.000000,0.000000,,,,,,,,,,,,
201918,,,,,,,,,,,0.000000,0.000000,0.000000,0.000000,0.000000,0.000000,,,,,,,,,,,,
201923,,,,,,,,,,,0.000000,0.000000,0.000000,0.000000,0.000000,0.000000,,,,,,,,,,,,
201928,,,,,,,,,,,0.000000,0.000000,0.000000,0.000000,0.000000,0.000000,,,,,,,,,,,,
201933,,,,,,,,,,,0.000000,0.000000,0.000000,0.000000,0.000000,0.000000,,,,,,,,,,,,
201938,,,,,,,,,,,0.000000,0.000000,0.000000,0.000000,0.000000,0.000000,,,,,,,,,,,,
201943,,,,,,,,,,,0.000000,0.000000,0.000000,0.000000,0.000000,0.000000,,,,,,,,,,,,
201948,,,,,,,,,,,0.000000,0.000000,0.000000,0.000000,0.000000,0.000000,,,,,,,,,,,,
201953,,,,,,,,,,,0.000000,0.000000,0.000000,0.000000,0.000000,0.000000,,,,,,,,,,,,
201958,,,,,,,,,,,0.000000,0.000000,0.000000,0.000000,0.000000,0.000000,,,,,,,,,,,,
201963,,,,,,,,,,,0.000000,0.000000,0.000000,0.000000,0.000000,0.000000,,,,,,,,,,,,
201975,,,,,,,,,,,0.000000,0.000000,0.000000,0.000000,0.000000,0.000000,,,,,,,,,,,,
201978,,,,,,,,,,,0.000000,0.000000,0.000000,0.000000,0.000000,0.000000,,,,,,,,,,,,
201983,,,,,,,,,,,0.000000,0.000000,0.000000,0.000000,0.000000,0.000000,,,,,,,,,,,,
201988,,,,,,,,,,,0.000000,0.000000,0.000000,0.000000,0.000000,0.000000,,,,,,,,,,,,
201993,,,,,,,,,,,0.000000,0.000000,0.000000,0.000000,0.000000,0.000000,,,,,,,,,,,,
201998,,,,,,,,,,,0.000000,0.000000,0.000000,0.000000,0.000000,0.000000,,,,,,,,,,,,
202003,,,,,,,,,,,0.000000,0.000000,0.000000,0.000000,0.000000,0.000000,,,,,,,,,,,,
202008,,,,,,,,,,,0.000000,0.000000,0.000000,0.000000,0.000000,0.000000,,,,,,,,,,,,
202013,,,,,,,,,,,0.000000,0.000000,0.000000,0.000000,0.000000,0.000000,,,,,,,,,,,,
202018,,,,,,,,,,,0.000000,0.000000,0.000000,0.000000,0.000000,0.000000,,,,,,,,,,,,
202023,,,,,,,,,,,0.000000,0.000000,0.000000,0.000000,0.000000,0.000000,,,,,,,,,,,,
202035,,,,,,,,,,,0.000000,0.000000,0.000000,0.000000,0.000000,0.000000,,,,,,,,,,,,
202038,,,,,,,,,,,0.000000,0.000000,0.000000,0.000000,0.000000,0.000000,,,,,,,,,,,,
202043,,,,,,,,,,,0.000000,0.000000,0.000000,0.000000,0.000000,0.000000,,,,,,,,,,,,
202048,,,,,,,,,,,0.000000,0.000000,0.000000,0.000000,0.000000,0.000000,,,,,,,,,,,,
202053,,,,,,,,,,,0.000000,0.000000,0.000000,0.000000,0.000000,0.000000,,,,,,,,,,,,
202058,,,,,,,,,,,0.000000,0.000000,0.000000,0.000000,0.000000,0.000000,,,,,,,,,,,,
202063,,,,,,,,,,,0.000000,0.000000,0.000000,0.000000,0.000000,0.000000,,,,,,,,,,,,
202068,,,,,,,,,,,0.000000,0.000000,0.000000,0.000000,0.000000,0.000000,,,,,,,,,,,,
202073,,,,,,,,,,,0.000000,0.000000,0.000000,0.000000,0.000000,0.000000,,,,,,,,,,,,
202078,,,,,,,,,,,0.000000,0.000000,0.000000,0.000000,0.000000,0.000000,,,,,,,,,,,,
202083,,,,,,,,,,,0.000000,0.000000,0.000000,0.000000,0.000000,0.000000,,,,,,,,,,,,
202098,,,,,,,,,,,0.000000,0.000000,0.000000,0.000000,0.000000,0.000000,,,,,,,,,,,,
202103,,,,,,,,,,,0.000000,0.000000,0.000000,0.000000,0.000000,0.000000,,,,,,,,,,,,
202108,,,,,,,,,,,0.000000,0.000000,0.000000,0.000000,0.000000,0.000000,,,,,,,,,,,,
202113,,,,,,,,,,,0.000000,0.000000,0.000000,0.000000,0.000000,0.000000,,,,,,,,,,,,
202118,,,,,,,,,,,0.000000,0.000000,0.000000,0.000000,0.000000,0.000000,,,,,,,,,,,,
202123,,,,,,,,,,,0.000000,0.000000,0.000000,0.000000,0.000000,0.000000,,,,,,,,,,,,
202128,,,,,,,,,,,0.000000,0.000000,0.000000,0.000000,0.000000,0.000000,,,,,,,,,,,,
202133,,,,,,,,,,,0.000000,0.000000,0.000000,0.000000,0.000000,0.000000,,,,,,,,,,,,
202138,,,,,,,,,,,0.000000,0.000000,0.000000,0.000000,0.000000,0.000000,,,,,,,,,,,,
202143,,,,,,,,,,,0.000000,0.000000,0.000000,0.000000,0.000000,0.000000,,,,,,,,,,,,
202148,,,,,,,,,,,0.000000,0.000000,0.000000,0.000000,0.000000,0.000000,,,,,,,,,,,,
202153,,,,,,,,,,,0.000000,0.000000,0.000000,0.000000,0.000000,0.000000,,,,,,,,,,,,
202158,,,,,,,,,,,0.000000,0.000000,0.000000,0.000000,0.000000,0.000000,,,,,,,,,,,,
202163,,,,,,,,,,,0.000000,0.000000,0.000000,0.000000,0.000000,0.000000,,,,,,,,,,,,
202175,,,,,,,,,,,0.000000,0.000000,0.000000,0.000000,0.000000,0.000000,,,,,,,,,,,,
202178,,,,,,,,,,,0.000000,0.000000,0.000000,0.000000,0.000000,0.000000,,,,,,,,,,,,
202183,,,,,,,,,,,0.000000,0.000000,0.000000,0.000000,0.000000,0.000000,,,,,,,,,,,,
202188,,,,,,,,,,,0.000000,0.000000,0.000000,0.000000,0.000000,0.000000,,,,,,,,,,,,
202193,,,,,,,,,,,0.000000,0.000000,0.000000,0.000000,0.000000,0.000000,,,,,,,,,,,,
202198,,,,,,,,,,,0.000000,0.000000,0.000000,0.000000,0.000000,0.000000,,,,,,,,,,,,
202203,,,,,,,,,,,0.000000,0.000000,0.000000,0.000000,0.000000,0.000000,,,,,,,,,,,,
202208,,,,,,,,,,,0.000000,0.000000,0.000000,0.000000,0.000000,0.000000,,,,,,,,,,,,
202213,,,,,,,,,,,0.000000,0.000000,0.000000,0.000000,0.000000,0.000000,,,,,,,,,,,,
202218,,,,,,,,,,,0.000000,0.000000,0.000000,0.000000,0.000000,0.000000,,,,,,,,,,,,
202223,,,,,,,,,,,0.000000,0.000000,0.000000,0.000000,0.000000,0.000000,,,,,,,,,,,,
202235,,,,,,,,,,,0.000000,0.000000,0.000000,0.000000,0.000000,0.000000,,,,,,,,,,,,
202238,,,,,,,,,,,0.000000,0.000000,0.000000,0.000000,0.000000,0.000000,,,,,,,,,,,,
202243,,,,,,,,,,,0.000000,0.000000,0.000000,0.000000,0.000000,0.000000,,,,,,,,,,,,
202248,,,,,,,,,,,0.000000,0.000000,0.000000,0.000000,0.000000,0.000000,,,,,,,,,,,,
202253,,,,,,,,,,,0.000000,0.000000,0.000000,0.000000,0.000000,0.000000,,,,,,,,,,,,
202258,,,,,,,,,,,0.000000,0.000000,0.000000,0.000000,0.000000,0.000000,,,,,,,,,,,,
202263,,,,,,,,,,,0.000000,0.000000,0.000000,0.000000,0.000000,0.000000,,,,,,,,,,,,
202268,,,,,,,,,,,0.000000,0.000000,0.000000,0.000000,0.000000,0.000000,,,,,,,,,,,,
202273,,,,,,,,,,,0.000000,0.000000,0.000000,0.000000,0.000000,0.000000,,,,,,,,,,,,
202278,,,,,,,,,,,0.000000,0.000000,0.000000,0.000000,0.000000,0.000000,,,,,,,,,,,,
202283,,,,,,,,,,,0.000000,0.000000,0.000000,0.000000,0.000000,0.000000,,,,,,,,,,,,
202295,,,,,,,,,,,0.000000,0.000000,0.000000,0.000000,0.000000,0.000000,,,,,,,,,,,,
202298,,,,,,,,,,,0.000000,0.000000,0.000000,0.000000,0.000000,0.000000,,,,,,,,,,,,
202303,,,,,,,,,,,0.000000,0.000000,0.000000,0.000000,0.000000,0.000000,,,,,,,,,,,,
202308,,,,,,,,,,,0.000000,0.000000,0.000000,0.000000,0.000000,0.000000,,,,,,,,,,,,
202313,,,,,,,,,,,0.000000,0.000000,0.000000,0.000000,0.000000,0.000000,,,,,,,,,,,,
202318,,,,,,,,,,,0.000000,0.000000,0.000000,0.000000,0.000000,0.000000,,,,,,,,,,,,
202323,,,,,,,,,,,0.000000,0.000000,0.000000,0.000000,0.000000,0.000000,,,,,,,,,,,,
202328,,,,,,,,,,,0.000000,0.000000,0.000000,0.000000,0.000000,0.000000,,,,,,,,,,,,
202333,,,,,,,,,,,0.000000,0.000000,0.000000,0.000000,0.000000,0.000000,,,,,,,,,,,,
202338,,,,,,,,,,,0.000000,0.000000,0.000000,0.000000,0.000000,0.000000,,,,,,,,,,,,
202343,,,,,,,,,,,0.000000,0.000000,0.000000,0.000000,0.000000,0.000000,,,,,,,,,,,,
202355,,,,,,,,,,,0.000000,0.000000,0.000000,0.000000,0.000000,0.000000,,,,,,,,,,,,
202358,,,,,,,,,,,0.000000,0.000000,0.000000,0.000000,0.000000,0.000000,,,,,,,,,,,,
202363,,,,,,,,,,,0.000000,0.000000,0.000000,0.000000,0.000000,0.000000,,,,,,,,,,,,
202368,,,,,,,,,,,0.000000,0.000000,0.000000,0.000000,0.000000,0.000000,,,,,,,,,,,,
202373,,,,,,,,,,,0.000000,0.000000,0.000000,0.000000,0.000000,0.000000,,,,,,,,,,,,
202378,,,,,,,,,,,0.000000,0.000000,0.000000,0.000000,0.000000,0.000000,,,,,,,,,,,,
202383,,,,,,,,,,,0.000000,0.000000,0.000000,0.000000,0.000000,0.000000,,,,,,,,,,,,
202388,,,,,,,,,,,0.000000,0.000000,0.000000,0.000000,0.000000,0.000000,,,,,,,,,,,,
202393,,,,,,,,,,,0.000000,0.000000,0.000000,0.000000,0.000000,0.000000,,,,,,,,,,,,
202398,,,,,,,,,,,0.000000,0.000000,0.000000,0.000000,0.000000,0.000000,,,,,,,,,,,,
202403,,,,,,,,,,,0.000000,0.000000,0.000000,0.000000,0.000000,0.000000,,,,,,,,,,,,
202408,,,,,,,,,,,0.000000,0.000000,0.000000,0.000000,0.000000,0.000000,,,,,,,,,,,,
202413,,,,,,,,,,,0.000000,0.000000,0.000000,0.000000,0.000000,0.000000,,,,,,,,,,,,
202418,,,,,,,,,,,0.000000,0.000000,0.000000,0.000000,0.000000,0.000000,,,,,,,,,,,,
202423,,,,,,,,,,,0.000000,0.000000,0.000000,0.000000,0.000000,0.000000,,,,,,,,,,,,
202435,,,,,,,,,,,0.000000,0.000000,0.000000,0.000000,0.000000,0.000000,,,,,,,,,,,,
202436,,,,,,,,,,,,,0.000000,0.000000,,,,,,,,,,,,,,
202438,,,,,,,,,,,0.000000,0.000000,0.000000,0.000000,0.000000,0.000000,,,,,,,,,,,,
202443,,,,,,,,,,,0.000000,0.000000,0.000000,0.000000,0.000000,0.000000,,,,,,,,,,,,
202448,,,,,,,,,,,0.000000,0.000000,0.000000,0.000000,0.000000,0.000000,,,,,,,,,,,,
202453,,,,,,,,,,,0.000000,0.000000,0.000000,0.000000,0.000000,0.000000,,,,,,,,,,,,
202458,,,,,,,,,,,0.000000,0.000000,0.000000,0.000000,0.000000,0.000000,,,,,,,,,,,,
202463,,,,,,,,,,,0.000000,0.000000,0.000000,0.000000,0.000000,0.000000,,,,,,,,,,,,
202468,,,,,,,,,,,0.000000,0.000000,0.000000,0.000000,0.000000,0.000000,,,,,,,,,,,,
202473,,,,,,,,,,,0.000000,0.000000,0.000000,0.000000,0.000000,0.000000,,,,,,,,,,,,
202478,,,,,,,,,,,0.000000,0.000000,0.000000,0.000000,0.000000,0.000000,,,,,,,,,,,,
202483,,,,,,,,,,,0.000000,0.000000,0.000000,0.000000,0.000000,0.000000,,,,,,,,,,,,
202496,,,,,,,,,,,0.000000,0.000000,0.000000,0.000000,0.000000,0.000000,,,,,,,,,,,,
202498,,,,,,,,,,,0.000000,0.000000,0.000000,0.000000,0.000000,0.000000,,,,,,,,,,,,
202503,,,,,,,,,,,0.000000,0.000000,0.000000,0.000000,0.000000,0.000000,,,,,,,,,,,,
202508,,,,,,,,,,,0.000000,0.000000,0.000000,0.000000,0.000000,0.000000,,,,,,,,,,,,
202513,,,,,,,,,,,0.000000,0.000000,0.000000,0.000000,0.000000,0.000000,,,,,,,,,,,,
202518,,,,,,,,,,,0.000000,0.000000,0.000000,0.000000,0.000000,0.000000,,,,,,,,,,,,
202523,,,,,,,,,,,0.000000,0.000000,0.000000,0.000000,0.000000,0.000000,,,,,,,,,,,,
202528,,,,,,,,,,,0.000000,0.000000,0.000000,0.000000,0.000000,0.000000,,,,,,,,,,,,
202533,,,,,,,,,,,0.000000,0.000000,0.000000,0.000000,0.000000,0.000000,,,,,,,,,,,,
202538,,,,,,,,,,,0.000000,0.000000,0.000000,0.000000,0.000000,0.000000,,,,,,,,,,,,
202543,,,,,,,,,,,0.000000,0.000000,0.000000,0.000000,0.000000,0.000000,,,,,,,,,,,,
202555,,,,,,,,,,,0.000000,0.000000,0.000000,0.000000,0.000000,0.000000,,,,,,,,,,,,
202558,,,,,,,,,,,0.000000,0.000000,0.000000,0.000000,0.000000,0.000000,,,,,,,,,,,,
202563,,,,,,,,,,,0.000000,0.000000,0.000000,0.000000,0.000000,0.000000,,,,,,,,,,,,
202568,,,,,,,,,,,0.000000,0.000000,0.000000,0.000000,0.000000,0.000000,,,,,,,,,,,,
202573,,,,,,,,,,,0.000000,0.000000,0.000000,0.000000,0.000000,0.000000,,,,,,,,,,,,
202578,,,,,,,,,,,0.000000,0.000000,0.000000,0.000000,0.000000,0.000000,,,,,,,,,,,,
202583,,,,,,,,,,,0.000000,0.000000,0.000000,0.000000,0.000000,0.000000,,,,,,,,,,,,
202588,,,,,,,,,,,0.000000,0.000000,0.000000,0.000000,0.000000,0.000000,,,,,,,,,,,,
202593,,,,,,,,,,,0.000000,0.000000,0.000000,0.000000,0.000000,0.000000,,,,,,,,,,,,
202598,,,,,,,,,,,0.000000,0.000000,0.000000,0.000000,0.000000,0.000000,,,,,,,,,,,,
202603,,,,,,,,,,,0.000000,0.000000,0.000000,0.000000,0.000000,0.000000,,,,,,,,,,,,
202608,,,,,,,,,,,0.000000,0.000000,0.000000,0.000000,0.000000,0.000000,,,,,,,,,,,,
202613,,,,,,,,,,,0.000000,0.000000,0.000000,0.000000,0.000000,0.000000,,,,,,,,,,,,
202618,,,,,,,,,,,0.000000,0.000000,0.000000,0.000000,0.000000,0.000000,,,,,,,,,,,,
202623,,,,,,,,,,,0.000000,0.000000,0.000000,0.000000,0.000000,0.000000,,,,,,,,,,,,
202635,,,,,,,,,,,0.000000,0.000000,0.000000,0.000000,0.000000,0.000000,,,,,,,,,,,,
202638,,,,,,,,,,,0.000000,0.000000,0.000000,0.000000,0.000000,0.000000,,,,,,,,,,,,
202643,,,,,,,,,,,0.000000,0.000000,0.000000,0.000000,0.000000,0.000000,,,,,,,,,,,,
202648,,,,,,,,,,,0.000000,0.000000,0.000000,0.000000,0.000000,0.000000,,,,,,,,,,,,
202653,,,,,,,,,,,0.000000,0.000000,0.000000,0.000000,0.000000,0.000000,,,,,,,,,,,,
202658,,,,,,,,,,,0.000000,0.000000,0.000000,0.000000,0.000000,0.000000,,,,,,,,,,,,
202663,,,,,,,,,,,0.000000,0.000000,0.000000,0.000000,0.000000,0.000000,,,,,,,,,,,,
202668,,,,,,,,,,,0.000000,0.000000,0.000000,0.000000,0.000000,0.000000,,,,,,,,,,,,
202673,,,,,,,,,,,0.000000,0.000000,0.000000,0.000000,0.000000,0.000000,,,,,,,,,,,,
202678,,,,,,,,,,,0.000000,0.000000,0.000000,0.000000,0.000000,0.000000,,,,,,,,,,,,
202683,,,,,,,,,,,0.000000,0.000000,0.000000,0.000000,0.000000,0.000000,,,,,,,,,,,,
202695,,,,,,,,,,,0.000000,0.000000,0.000000,0.000000,0.000000,0.000000,,,,,,,,,,,,
202698,,,,,,,,,,,0.000000,0.000000,0.000000,0.000000,0.000000,0.000000,,,,,,,,,,,,
202703,,,,,,,,,,,0.000000,0.000000,0.000000,0.000000,0.000000,0.000000,,,,,,,,,,,,
202708,,,,,,,,,,,0.000000,0.000000,0.000000,0.000000,0.000000,0.000000,,,,,,,,,,,,
202713,,,,,,,,,,,0.000000,0.000000,0.000000,0.000000,0.000000,0.000000,,,,,,,,,,,,
202718,,,,,,,,,,,0.000000,0.000000,0.000000,0.000000,0.000000,0.000000,,,,,,,,,,,,
202723,,,,,,,,,,,0.000000,0.000000,0.000000,0.000000,0.000000,0.000000,,,,,,,,,,,,
202728,,,,,,,,,,,0.000000,0.000000,0.000000,0.000000,0.000000,0.000000,,,,,,,,,,,,
202733,,,,,,,,,,,0.000000,0.000000,0.000000,0.000000,0.000000,0.000000,,,,,,,,,,,,
202738,,,,,,,,,,,0.000000,0.000000,0.000000,0.000000,0.000000,0.000000,,,,,,,,,,,,
202743,,,,,,,,,,,0.000000,0.000000,0.000000,0.000000,0.000000,0.000000,,,,,,,,,,,,
202755,,,,,,,,,,,0.000000,0.000000,0.000000,0.000000,0.000000,0.000000,,,,,,,,,,,,
202758,,,,,,,,,,,0.000000,0.000000,0.000000,0.000000,0.000000,0.000000,,,,,,,,,,,,
202763,,,,,,,,,,,0.000000,0.000000,0.000000,0.000000,0.000000,0.000000,,,,,,,,,,,,
202768,,,,,,,,,,,0.000000,0.000000,0.000000,0.000000,0.000000,0.000000,,,,,,,,,,,,
202773,,,,,,,,,,,0.000000,0.000000,0.000000,0.000000,0.000000,0.000000,,,,,,,,,,,,
202778,,,,,,,,,,,0.000000,0.000000,0.000000,0.000000,0.000000,0.000000,,,,,,,,,,,,
202783,,,,,,,,,,,0.000000,0.000000,0.000000,0.000000,0.000000,0.000000,,,,,,,,,,,,
202788,,,,,,,,,,,0.000000,0.000000,0.000000,0.000000,0.000000,0.000000,,,,,,,,,,,,
202793,,,,,,,,,,,0.000000,0.000000,0.000000,0.000000,0.000000,0.000000,,,,,,,,,,,,
202798,,,,,,,,,,,0.000000,0.000000,0.000000,0.000000,0.000000,0.000000,,,,,,,,,,,,
202803,,,,,,,,,,,0.000000,0.000000,0.000000,0.000000,0.000000,0.000000,,,,,,,,,,,,
202815,,,,,,,,,,,0.000000,0.000000,0.000000,0.000000,0.000000,0.000000,,,,,,,,,,,,
202816,,,,,,,,,,,0.000000,0.000000,0.000000,0.000000,0.000000,0.000000,,,,,,,,,,,,
202818,,,,,,,,,,,0.000000,0.000000,0.000000,0.000000,0.000000,0.000000,,,,,,,,,,,,
202823,,,,,,,,,,,0.000000,0.000000,0.000000,0.000000,0.000000,0.000000,,,,,,,,,,,,
202828,,,,,,,,,,,0.000000,0.000000,0.000000,0.000000,0.000000,0.000000,,,,,,,,,,,,
202833,,,,,,,,,,,0.000000,0.000000,0.000000,0.000000,0.000000,0.000000,,,,,,,,,,,,
202838,,,,,,,,,,,0.000000,0.000000,0.000000,0.000000,0.000000,0.000000,,,,,,,,,,,,
202843,,,,,,,,,,,0.000000,0.000000,0.000000,0.000000,0.000000,0.000000,,,,,,,,,,,,
202848,,,,,,,,,,,0.000000,0.000000,0.000000,0.000000,0.000000,0.000000,,,,,,,,,,,,
202853,,,,,,,,,,,0.000000,0.000000,0.000000,0.000000,0.000000,0.000000,,,,,,,,,,,,
202858,,,,,,,,,,,0.000000,0.000000,0.000000,0.000000,0.000000,0.000000,,,,,,,,,,,,
202863,,,,,,,,,,,0.000000,0.000000,0.000000,0.000000,0.000000,0.000000,,,,,,,,,,,,
202868,,,,,,,,,,,0.000000,0.000000,0.000000,0.000000,0.000000,0.000000,,,,,,,,,,,,
202873,,,,,,,,,,,0.000000,0.000000,0.000000,0.000000,0.000000,0.000000,,,,,,,,,,,,
202878,,,,,,,,,,,0.000000,0.000000,0.000000,0.000000,0.000000,0.000000,,,,,,,,,,,,
202883,,,,,,,,,,,0.000000,0.000000,0.000000,0.000000,0.000000,0.000000,,,,,,,,,,,,
202895,,,,,,,,,,,0.000000,0.000000,0.000000,0.000000,0.000000,0.000000,,,,,,,,,,,,
202898,,,,,,,,,,,0.000000,0.000000,0.000000,0.000000,0.000000,0.000000,,,,,,,,,,,,
202903,,,,,,,,,,,0.000000,0.000000,0.000000,0.000000,0.000000,0.000000,,,,,,,,,,,,
202908,,,,,,,,,,,0.000000,0.000000,0.000000,0.000000,0.000000,0.000000,,,,,,,,,,,,
202913,,,,,,,,,,,0.000000,0.000000,0.000000,0.000000,0.000000,0.000000,,,,,,,,,,,,
202918,,,,,,,,,,,0.000000,0.000000,0.000000,0.000000,0.000000,0.000000,,,,,,,,,,,,
202923,,,,,,,,,,,0.000000,0.000000,0.000000,0.000000,0.000000,0.000000,,,,,,,,,,,,
202928,,,,,,,,,,,0.000000,0.000000,0.000000,0.000000,0.000000,0.000000,,,,,,,,,,,,
202933,,,,,,,,,,,0.000000,0.000000,0.000000,0.000000,0.000000,0.000000,,,,,,,,,,,,
202938,,,,,,,,,,,0.000000,0.000000,0.000000,0.000000,0.000000,0.000000,,,,,,,,,,,,
202943,,,,,,,,,,,0.000000,0.000000,0.000000,0.000000,0.000000,0.000000,,,,,,,,,,,,
202955,,,,,,,,,,,0.000000,0.000000,0.000000,0.000000,0.000000,0.000000,,,,,,,,,,,,
202956,,,,,,,,,,,0.000000,0.000000,0.000000,0.000000,0.000000,0.000000,,,,,,,,,,,,
202958,,,,,,,,,,,0.000000,0.000000,0.000000,0.000000,0.000000,0.000000,,,,,,,,,,,,
202963,,,,,,,,,,,0.000000,0.000000,0.000000,0.000000,0.000000,0.000000,,,,,,,,,,,,
202968,,,,,,,,,,,0.000000,0.000000,0.000000,0.000000,0.000000,0.000000,,,,,,,,,,,,
202973,,,,,,,,,,,0.000000,0.000000,0.000000,0.000000,0.000000,0.000000,,,,,,,,,,,,
202978,,,,,,,,,,,0.000000,0.000000,0.000000,0.000000,0.000000,0.000000,,,,,,,,,,,,
202983,,,,,,,,,,,0.000000,0.000000,0.000000,0.000000,0.000000,0.000000,,,,,,,,,,,,
202988,,,,,,,,,,,0.000000,0.000000,0.000000,0.000000,0.000000,0.000000,,,,,,,,,,,,
202993,,,,,,,,,,,0.000000,0.000000,0.000000,0.000000,0.000000,0.000000,,,,,,,,,,,,
202998,,,,,,,,,,,0.000000,0.000000,0.000000,0.000000,0.000000,0.000000,,,,,,,,,,,,
203003,,,,,,,,,,,0.000000,0.000000,0.000000,0.000000,0.000000,0.000000,,,,,,,,,,,,
203016,,,,,,,,,,,0.000000,0.000000,0.000000,0.000000,0.000000,0.000000,,,,,,,,,,,,
203018,,,,,,,,,,,0.000000,0.000000,0.000000,0.000000,0.000000,0.000000,,,,,,,,,,,,
203023,,,,,,,,,,,0.000000,0.000000,0.000000,0.000000,0.000000,0.000000,,,,,,,,,,,,
203028,,,,,,,,,,,0.000000,0.000000,0.000000,0.000000,0.000000,0.000000,,,,,,,,,,,,
203033,,,,,,,,,,,0.000000,0.000000,0.000000,0.000000,0.000000,0.000000,,,,,,,,,,,,
203038,,,,,,,,,,,0.000000,0.000000,0.000000,0.000000,0.000000,0.000000,,,,,,,,,,,,
203043,,,,,,,,,,,0.000000,0.000000,0.000000,0.000000,0.000000,0.000000,,,,,,,,,,,,
203048,,,,,,,,,,,0.000000,0.000000,0.000000,0.000000,0.000000,0.000000,,,,,,,,,,,,
203053,,,,,,,,,,,0.000000,0.000000,0.000000,0.000000,0.000000,0.000000,,,,,,,,,,,,
203058,,,,,,,,,,,0.000000,0.000000,0.000000,0.000000,0.000000,0.000000,,,,,,,,,,,,
203063,,,,,,,,,,,0.000000,0.000000,0.000000,0.000000,0.000000,0.000000,,,,,,,,,,,,
203068,,,,,,,,,,,0.000000,0.000000,0.000000,0.000000,0.000000,0.000000,,,,,,,,,,,,
203073,,,,,,,,,,,0.000000,0.000000,0.000000,0.000000,0.000000,0.000000,,,,,,,,,,,,
203078,,,,,,,,,,,0.000000,0.000000,0.000000,0.000000,0.000000,0.000000,,,,,,,,,,,,
203083,,,,,,,,,,,0.000000,0.000000,0.000000,0.000000,0.000000,0.000000,,,,,,,,,,,,
203095,,,,,,,,,,,0.000000,0.000000,0.000000,0.000000,0.000000,0.000000,,,,,,,,,,,,
203098,,,,,,,,,,,0.000000,0.000000,0.000000,0.000000,0.000000,0.000000,,,,,,,,,,,,
203103,,,,,,,,,,,0.000000,0.000000,0.000000,0.000000,0.000000,0.000000,,,,,,,,,,,,
203108,,,,,,,,,,,0.000000,0.000000,0.000000,0.000000,0.000000,0.000000,,,,,,,,,,,,
203113,,,,,,,,,,,0.000000,0.000000,0.000000,0.000000,0.000000,0.000000,,,,,,,,,,,,
203118,,,,,,,,,,,0.000000,0.000000,0.000000,0.000000,0.000000,0.000000,,,,,,,,,,,,
203123,,,,,,,,,,,0.000000,0.000000,0.000000,0.000000,0.000000,0.000000,,,,,,,,,,,,
203128,,,,,,,,,,,0.000000,0.000000,0.000000,0.000000,0.000000,0.000000,,,,,,,,,,,,
203133,,,,,,,,,,,0.000000,0.000000,0.000000,0.000000,0.000000,0.000000,,,,,,,,,,,,
203138,,,,,,,,,,,0.000000,0.000000,0.000000,0.000000,0.000000,0.000000,,,,,,,,,,,,
203143,,,,,,,,,,,0.000000,0.000000,0.000000,0.000000,0.000000,0.000000,,,,,,,,,,,,
203155,,,,,,,,,,,0.000000,0.000000,0.000000,0.000000,0.000000,0.000000,,,,,,,,,,,,
203158,,,,,,,,,,,0.000000,0.000000,0.000000,0.000000,0.000000,0.000000,,,,,,,,,,,,
203163,,,,,,,,,,,0.000000,0.000000,0.000000,0.000000,0.000000,0.000000,,,,,,,,,,,,
203168,,,,,,,,,,,0.000000,0.000000,0.000000,0.000000,0.000000,0.000000,,,,,,,,,,,,
203173,,,,,,,,,,,0.000000,0.000000,0.000000,0.000000,0.000000,0.000000,,,,,,,,,,,,
203178,,,,,,,,,,,0.000000,0.000000,0.000000,0.000000,0.000000,0.000000,,,,,,,,,,,,
203183,,,,,,,,,,,0.000000,0.000000,0.000000,0.000000,0.000000,0.000000,,,,,,,,,,,,
203188,,,,,,,,,,,0.000000,0.000000,0.000000,0.000000,0.000000,0.000000,,,,,,,,,,,,
203193,,,,,,,,,,,0.000000,0.000000,0.000000,0.000000,0.000000,0.000000,,,,,,,,,,,,
203198,,,,,,,,,,,0.000000,0.000000,0.000000,0.000000,0.000000,0.000000,,,,,,,,,,,,
203203,,,,,,,,,,,0.000000,0.000000,0.000000,0.000000,0.000000,0.000000,,,,,,,,,,,,
203215,,,,,,,,,,,0.000000,0.000000,0.000000,0.000000,0.000000,0.000000,,,,,,,,,,,,
203218,,,,,,,,,,,0.000000,0.000000,0.000000,0.000000,0.000000,0.000000,,,,,,,,,,,,
203223,,,,,,,,,,,0.000000,0.000000,0.000000,0.000000,0.000000,0.000000,,,,,,,,,,,,
203228,,,,,,,,,,,0.000000,0.000000,0.000000,0.000000,0.000000,0.000000,,,,,,,,,,,,
203233,,,,,,,,,,,0.000000,0.000000,0.000000,0.000000,0.000000,0.000000,,,,,,,,,,,,
203238,,,,,,,,,,,0.000000,0.000000,0.000000,0.000000,0.000000,0.000000,,,,,,,,,,,,
203243,,,,,,,,,,,0.000000,0.000000,0.000000,0.000000,0.000000,0.000000,,,,,,,,,,,,
203248,,,,,,,,,,,0.000000,0.000000,0.000000,0.000000,0.000000,0.000000,,,,,,,,,,,,
203253,,,,,,,,,,,0.000000,0.000000,0.000000,0.000000,0.000000,0.000000,,,,,,,,,,,,
203258,,,,,,,,,,,0.000000,0.000000,0.000000,0.000000,0.000000,0.000000,,,,,,,,,,,,
203263,,,,,,,,,,,0.000000,0.000000,0.000000,0.000000,0.000000,0.000000,,,,,,,,,,,,
203275,,,,,,,,,,,0.000000,0.000000,0.000000,0.000000,0.000000,0.000000,,,,,,,,,,,,
203278,,,,,,,,,,,0.000000,0.000000,0.000000,0.000000,0.000000,0.000000,,,,,,,,,,,,
203283,,,,,,,,,,,0.000000,0.000000,0.000000,0.000000,0.000000,0.000000,,,,,,,,,,,,
203288,,,,,,,,,,,0.000000,0.000000,0.000000,0.000000,0.000000,0.000000,,,,,,,,,,,,
203293,,,,,,,,,,,0.000000,0.000000,0.000000,0.000000,0.000000,0.000000,,,,,,,,,,,,
203298,,,,,,,,,,,0.000000,0.000000,0.000000,0.000000,0.000000,0.000000,,,,,,,,,,,,
203303,,,,,,,,,,,0.000000,0.000000,0.000000,0.000000,0.000000,0.000000,,,,,,,,,,,,
203308,,,,,,,,,,,0.000000,0.000000,0.000000,0.000000,0.000000,0.000000,,,,,,,,,,,,
203313,,,,,,,,,,,0.000000,0.000000,0.000000,0.000000,0.000000,0.000000,,,,,,,,,,,,
203318,,,,,,,,,,,0.000000,0.000000,0.000000,0.000000,0.000000,0.000000,,,,,,,,,,,,
203323,,,,,,,,,,,0.000000,0.000000,0.000000,0.000000,0.000000,0.000000,,,,,,,,,,,,
203328,,,,,,,,,,,0.000000,0.000000,0.000000,0.000000,0.000000,0.000000,,,,,,,,,,,,
203333,,,,,,,,,,,0.000000,0.000000,0.000000,0.000000,0.000000,0.000000,,,,,,,,,,,,
203338,,,,,,,,,,,0.000000,0.000000,0.000000,0.000000,0.000000,0.000000,,,,,,,,,,,,
203343,,,,,,,,,,,0.000000,0.000000,0.000000,0.000000,0.000000,0.000000,,,,,,,,,,,,
203355,,,,,,,,,,,0.000000,0.000000,0.000000,0.000000,0.000000,0.000000,,,,,,,,,,,,
203358,,,,,,,,,,,0.000000,0.000000,0.000000,0.000000,0.000000,0.000000,,,,,,,,,,,,
203363,,,,,,,,,,,0.000000,0.000000,0.000000,0.000000,0.000000,0.000000,,,,,,,,,,,,
203368,,,,,,,,,,,0.000000,0.000000,0.000000,0.000000,0.000000,0.000000,,,,,,,,,,,,
203373,,,,,,,,,,,0.000000,0.000000,0.000000,0.000000,0.000000,0.000000,,,,,,,,,,,,
203378,,,,,,,,,,,0.000000,0.000000,0.000000,0.000000,0.000000,0.000000,,,,,,,,,,,,
203383,,,,,,,,,,,0.000000,0.000000,0.000000,0.000000,0.000000,0.000000,,,,,,,,,,,,
203388,,,,,,,,,,,0.000000,0.000000,0.000000,0.000000,0.000000,0.000000,,,,,,,,,,,,
203393,,,,,,,,,,,0.000000,0.000000,0.000000,0.000000,0.000000,0.000000,,,,,,,,,,,,
203398,,,,,,,,,,,0.000000,0.000000,0.000000,0.000000,0.000000,0.000000,,,,,,,,,,,,
203403,,,,,,,,,,,0.000000,0.000000,0.000000,0.000000,0.000000,0.000000,,,,,,,,,,,,
203415,,,,,,,,,,,0.000000,0.000000,0.000000,0.000000,0.000000,0.000000,,,,,,,,,,,,
203418,,,,,,,,,,,0.000000,0.000000,0.000000,0.000000,0.000000,0.000000,,,,,,,,,,,,
203423,,,,,,,,,,,0.000000,0.000000,0.000000,0.000000,0.000000,0.000000,,,,,,,,,,,,
203428,,,,,,,,,,,0.000000,0.000000,0.000000,0.000000,0.000000,0.000000,,,,,,,,,,,,
203433,,,,,,,,,,,0.000000,0.000000,0.000000,0.000000,0.000000,0.000000,,,,,,,,,,,,
203438,,,,,,,,,,,0.000000,0.000000,0.000000,0.000000,0.000000,0.000000,,,,,,,,,,,,
203443,,,,,,,,,,,0.000000,0.000000,0.000000,0.000000,0.000000,0.000000,,,,,,,,,,,,
203448,,,,,,,,,,,0.000000,0.000000,0.000000,0.000000,0.000000,0.000000,,,,,,,,,,,,
203453,,,,,,,,,,,0.000000,0.000000,0.000000,0.000000,0.000000,0.000000,,,,,,,,,,,,
203458,,,,,,,,,,,0.000000,0.000000,0.000000,0.000000,0.000000,0.000000,,,,,,,,,,,,
203463,,,,,,,,,,,0.000000,0.000000,0.000000,0.000000,0.000000,0.000000,,,,,,,,,,,,
203475,,,,,,,,,,,0.000000,0.000000,0.000000,0.000000,0.000000,0.000000,,,,,,,,,,,,
203476,,,,,,,,,,,0.000000,0.000000,0.000000,0.000000,0.000000,0.000000,,,,,,,,,,,,
203478,,,,,,,,,,,0.000000,0.000000,0.000000,0.000000,0.000000,0.000000,,,,,,,,,,,,
203483,,,,,,,,,,,0.000000,0.000000,0.000000,0.000000,0.000000,0.000000,,,,,,,,,,,,
203488,,,,,,,,,,,8.004827,-36.840691,0.000000,0.000000,0.080849,-0.372091,,,,,,,,,,,,
203493,,,,,,,,,,,8.004827,-36.840691,0.000000,-0.591445,0.081649,-0.369801,,,,,,,,,,,,
203498,,,,,,,,,,,7.911950,-36.934452,0.000000,-1.723393,0.081512,-0.362941,,,,,,,,,,,,
203503,,,,,,,,,,,7.911950,-36.934452,0.000000,-3.349292,0.082303,-0.350040,,,,,,,,,,,,
203508,,,,,,,,,,,7.911950,-36.934452,0.000000,-5.426596,0.083094,-0.332418,,,,,,,,,,,,
203513,,,,,,,,,,,7.911950,-36.934452,0.000000,-7.916427,0.083885,-0.310421,,,,,,,,,,,,
203518,,,,,,,,,,,8.150558,-36.684692,0.000000,-9.600363,0.087086,-0.293793,,,,,,,,,,,,
203523,,,,,,,,,,,8.150558,-36.684692,0.000000,-11.730705,0.087901,-0.274985,,,,,,,,,,,,
203528,,,,,,,,,,,8.150558,-36.684692,0.000000,-13.677562,0.088716,-0.257817,,,,,,,,,,,,
203533,,,,,,,,,,,8.150558,-36.684692,0.000000,-14.273846,0.089532,-0.254095,,,,,,,,,,,,
203538,,,,,,,,,,,8.150558,-36.684692,0.000000,-15.410215,0.090347,-0.244859,,,,,,,,,,,,
203543,,,,,,,,,,,-5.404176,-47.627296,0.000000,-16.448709,-0.045741,-0.347018,,,,,,,,,,,,
203556,,,,,,,,,,,-5.404176,-47.627296,0.000000,-21.895765,-0.046822,-0.297552,,,,,,,,,,,,
203558,,,,,,,,,,,-5.404176,-47.627296,0.000000,-22.375658,-0.047362,-0.295278,,,,,,,,,,,,
203563,,,,,,,,,,,-44.068470,-82.318291,0.000000,-24.588552,-0.438412,-0.625832,,,,,,,,,,,,
203568,,,,,,,,,,,-44.068470,-82.318291,0.000000,-26.610849,-0.442819,-0.611180,,,,,,,,,,,,
203573,,,,,,,,,,,-44.068470,-82.318291,-0.591445,-29.050411,-0.441252,-0.592111,,,,,,,,,,,,
203578,,,,,,,,,,,-44.068470,-82.318291,-2.314838,-33.054188,-0.428194,-0.557000,,,,,,,,,,,,
203583,,,,,,,,,,,-54.913338,-82.369560,-4.481240,-37.304562,-0.520022,-0.519515,,,,,,,,,,,,
203588,,,,,,,,,,,-54.913338,-82.369560,-8.235384,-42.371738,-0.487148,-0.472843,,,,,,,,,,,,
203593,,,,,,,,,,,-54.913338,-82.369560,-13.440517,-47.593925,-0.439244,-0.424099,,,,,,,,,,,,
203598,,,,,,,,,,,-54.913338,-82.369560,-17.605886,-51.774879,-0.401321,-0.385349,,,,,,,,,,,,
203603,,,,,,,,,,,-67.142128,-82.427376,-21.412491,-55.004284,-0.490116,-0.356375,,,,,,,,,,,,
203616,,,,,,,,,,,-67.142128,-82.427376,-30.905840,-59.990360,-0.402203,-0.310437,,,,,,,,,,,,
203618,,,,,,,,,,,-75.165184,-82.465309,-31.201138,-57.780602,-0.483877,-0.335382,,,,,,,,,,,,
203623,,,,,,,,,,,-75.165184,-82.465309,-35.611115,-59.309841,-0.443733,-0.322405,,,,,,,,,,,,
203628,,,,,,,,,,,-75.165184,-82.465309,-39.641262,-59.524475,-0.406983,-0.322553,,,,,,,,,,,,
203633,,,,,,,,,,,-75.165184,-82.465309,-43.915737,-60.312069,-0.367364,-0.316892,,,,,,,,,,,,
203638,,,,,,,,,,,-75.165184,-82.465309,-46.639160,-59.848938,-0.342982,-0.323785,,,,,,,,,,,,
203643,,,,,,,,,,,-75.165184,-82.465309,-49.128014,-59.425697,-0.320697,-0.330322,,,,,,,,,,,,
203648,,,,,,,,,,,-79.364304,-82.485176,-50.811058,-58.447464,-0.348713,-0.342706,,,,,,,,,,,,
203653,,,,,,,,,,,-79.364304,-82.485176,-51.757694,-58.144932,-0.342008,-0.348166,,,,,,,,,,,,
203658,,,,,,,,,,,-79.364304,-82.485176,-52.622799,-57.868454,-0.336031,-0.353392,,,,,,,,,,,,
203663,,,,,,,,,,,-82.097000,-82.498093,-53.413391,-57.615791,-0.358320,-0.358536,,,,,,,,,,,,
203675,,,,,,,,,,,-82.097000,-82.498093,-57.091141,-60.060314,-0.326070,-0.338077,,,,,,,,,,,,
203678,,,,,,,,,,,-82.097000,-82.498093,-55.131092,-57.844532,-0.348368,-0.362700,,,,,,,,,,,,
203683,,,,,,,,,,,-82.499992,-82.499992,-55.114201,-57.593929,-0.355305,-0.367716,,,,,,,,,,,,
203688,,,,,,,,,,,-82.499992,-82.499992,-55.690208,-57.956356,-0.352226,-0.366546,,,,,,,,,,,,
203693,,,,,,,,,,,-82.499992,-82.499992,-55.625160,-58.287567,-0.355564,-0.365655,,,,,,,,,,,,
203698,,,,,,,,,,,-82.499992,-82.499992,-55.565712,-58.590252,-0.358852,-0.365019,,,,,,,,,,,,
203703,,,,,,,,,,,-82.499992,-82.499992,-56.102829,-58.866867,-0.356120,-0.364617,,,,,,,,,,,,
203708,,,,,,,,,,,-82.499992,-82.499992,-56.593685,-59.119656,-0.353802,-0.364427,,,,,,,,,,,,
203713,,,,,,,,,,,-82.499992,-82.499992,-57.042263,-59.942116,-0.351862,-0.358458,,,,,,,,,,,,
203718,,,,,,,,,,,-82.499992,-82.499992,-58.043652,-60.693737,-0.344294,-0.353122,,,,,,,,,,,,
203723,,,,,,,,,,,-82.499992,-82.499992,-58.367344,-61.380623,-0.343470,-0.348365,,,,,,,,,,,,
203735,,,,,,,,,,,-82.499992,-82.499992,-60.637032,-63.694099,-0.324575,-0.328391,,,,,,,,,,,,
203738,,,,,,,,,,,-82.499992,-82.499992,-58.371574,-61.756783,-0.349642,-0.349839,,,,,,,,,,,,
203743,,,,,,,,,,,-82.499992,-82.499992,-58.667023,-61.760662,-0.349071,-0.351874,,,,,,,,,,,,
203748,,,,,,,,,,,-82.499992,-82.499992,-58.937023,-62.355652,-0.348727,-0.347939,,,,,,,,,,,,
203753,,,,,,,,,,,-82.499992,-82.499992,-58.592323,-62.307949,-0.354565,-0.350435,,,,,,,,,,,,
203758,,,,,,,,,,,-82.499992,-82.499992,-58.868759,-62.855801,-0.354164,-0.346921,,,,,,,,,,,,
203763,,,,,,,,,,,-82.499992,-82.499992,-59.121384,-63.356468,-0.353975,-0.343828,,,,,,,,,,,,
203768,,,,,,,,,,,-82.499992,-82.499992,-59.352249,-63.814011,-0.353981,-0.341122,,,,,,,,,,,,
203773,,,,,,,,,,,-82.499992,-82.499992,-59.563232,-64.232147,-0.354165,-0.338767,,,,,,,,,,,,
203778,,,,,,,,,,,-41.031704,-41.031704,-59.756042,-64.614265,0.064318,0.082095,,,,,,,,,,,,
203783,,,,,,,,,,,-41.031704,-41.031704,-59.340801,-64.372032,0.061997,0.082007,,,,,,,,,,,,
203788,,,,,,,,,,,-41.031704,-41.031704,-57.186989,-61.784882,0.042074,0.058211,,,,,,,,,,,,
203793,,,,,,,,,,,-41.031704,-41.031704,-54.035797,-59.420563,0.011863,0.036406,,,,,,,,,,,,
203798,,,,,,,,,,,12.560416,12.560416,-51.747463,-56.668438,0.531331,0.551729,,,,,,,,,,,,
203803,,,,,,,,,,,12.560416,12.560416,-47.881889,-52.379021,0.498720,0.515329,,,,,,,,,,,,
203815,,,,,,,,,,,12.560416,12.560416,-36.694984,-41.042240,0.397112,0.413069,,,,,,,,,,,,
203818,,,,,,,,,,,69.815948,69.815948,-32.351547,-35.732929,0.936450,0.943086,,,,,,,,,,,,
203823,,,,,,,,,,,69.815948,69.815948,-26.016434,-29.106575,0.882682,0.886714,,,,,,,,,,,,
203828,,,,,,,,,,,69.815948,69.815948,-17.861183,-20.093727,0.809897,0.805577,,,,,,,,,,,,
203833,,,,,,,,,,,69.815948,69.815948,-8.634012,-10.082823,0.725471,0.713458,,,,,,,,,,,,
203838,,,,,,,,,,,69.815948,69.815948,1.572755,0.840176,0.630227,0.611125,,,,,,,,,,,,
203843,,,,,,,,,,,82.500000,82.500000,12.674746,12.005263,0.653030,0.633364,,,,,,,,,,,,
203848,,,,,,,,,,,82.500000,82.500000,22.820518,22.800144,0.557541,0.531386,,,,,,,,,,,,
203853,,,,,,,,,,,82.500000,82.500000,33.275326,33.256706,0.457915,0.431744,,,,,,,,,,,,
203858,,,,,,,,,,,82.500000,82.500000,42.238213,42.812641,0.372312,0.340154,,,,,,,,,,,,
203863,,,,,,,,,,,82.500000,82.500000,49.246235,49.179741,0.305557,0.279815,,,,,,,,,,,,
203875,,,,,,,,,,,82.500000,82.500000,53.559971,53.555378,0.267703,0.241407,,,,,,,,,,,,
203878,,,,,,,,,,,82.500000,82.500000,51.312618,51.308422,0.293296,0.266996,,,,,,,,,,,,
203883,,,,,,,,,,,82.500000,82.500000,52.216057,51.620777,0.287290,0.266960,,,,,,,,,,,,
203888,,,,,,,,,,,82.500000,82.500000,52.450237,51.906227,0.287953,0.267165,,,,,,,,,,,,
203893,,,,,,,,,,,82.500000,82.500000,53.255692,52.758537,0.282823,0.261616,,,,,,,,,,,,
203898,,,,,,,,,,,82.500000,82.500000,53.991772,53.537437,0.278313,0.256724,,,,,,,,,,,,
203903,,,,,,,,,,,82.500000,82.500000,54.664452,54.249252,0.274369,0.252430,,,,,,,,,,,,
203908,,,,,,,,,,,82.500000,82.500000,55.279194,55.491203,0.270944,0.242712,,,,,,,,,,,,
203913,,,,,,,,,,,82.500000,82.500000,56.432434,54.851849,0.262018,0.251870,,,,,,,,,,,,
203918,,,,,,,,,,,73.791275,82.458817,56.303455,53.676117,0.177970,0.266094,,,,,,,,,,,,
203923,,,,,,,,,,,73.791275,82.458817,53.228363,51.418762,0.210777,0.291772,,,,,,,,,,,,
203935,,,,,,,,,,,73.791275,82.458817,51.009571,50.538723,0.235243,0.303764,,,,,,,,,,,,
203936,,,,,,,,,,,73.791275,82.458817,46.616108,46.185814,0.281895,0.350920,,,,,,,,,,,,
203938,,,,,,,,,,,73.791275,82.458817,43.783943,43.982155,0.313218,0.376805,,,,,,,,,,,,
203943,,,,,,,,,,,73.791275,82.458817,42.378601,43.151188,0.330412,0.389045,,,,,,,,,,,,
203948,,,,,,,,,,,48.289318,82.338249,41.094303,44.166126,0.088955,0.381507,,,,,,,,,,,,
203953,,,,,,,,,,,48.289318,82.338249,40.512066,45.093647,0.095555,0.375956,,,,,,,,,,,,
203958,,,,,,,,,,,48.289318,82.338249,38.205643,45.941280,0.119628,0.371120,,,,,,,,,,,,
203963,,,,,,,,,,,48.289318,82.338249,36.097874,46.124462,0.141925,0.372909,,,,,,,,,,,,
203968,,,,,,,,,,,23.711535,82.222038,32.988758,46.291866,-0.073690,0.373666,,,,,,,,,,,,
203973,,,,,,,,,,,23.711535,82.222038,30.738874,46.444851,-0.051894,0.375714,,,,,,,,,,,,
203978,,,,,,,,,,,23.711535,82.222038,28.091330,46.584660,-0.025856,0.377880,,,,,,,,,,,,
203983,,,,,,,,,,,13.126801,82.171989,25.671818,47.303871,-0.108763,0.373674,,,,,,,,,,,,
203988,,,,,,,,,,,13.126801,82.171989,22.869253,47.961140,-0.081711,0.370522,,,,,,,,,,,,
203993,,,,,,,,,,,13.126801,82.171989,20.899519,48.561794,-0.062791,0.367877,,,,,,,,,,,,
203998,,,,,,,,,,,13.126801,82.171989,19.099440,49.110718,-0.045388,0.365694,,,,,,,,,,,,
204003,,,,,,,,,,,13.126801,82.171989,17.454401,49.020916,-0.029370,0.369907,,,,,,,,,,,,
204016,,,,,,,,,,,6.225887,82.139366,14.036679,51.209778,-0.065897,0.353395,,,,,,,,,,,,
204018,,,,,,,,,,,6.225887,82.139366,12.827698,49.756294,-0.054467,0.371168,,,,,,,,,,,,
204023,,,,,,,,,,,6.225887,82.139366,11.131401,50.202332,-0.037995,0.369902,,,,,,,,,,,,
204028,,,,,,,,,,,6.225887,82.139366,10.172651,50.609955,-0.028802,0.368978,,,,,,,,,,,,
204033,,,,,,,,,,,6.225887,82.139366,8.705034,50.982468,-0.014373,0.368369,,,,,,,,,,,,
204038,,,,,,,,,,,6.225887,82.139366,7.363823,51.322895,-0.001075,0.368046,,,,,,,,,,,,
204043,,,,,,,,,,,6.225887,82.139366,6.729575,52.225449,0.005217,0.362012,,,,,,,,,,,,
204048,,,,,,,,,,,27.363388,82.239304,6.149956,52.458820,0.224509,0.363656,,,,,,,,,,,,
204053,,,,,,,,,,,27.363388,82.239304,5.028814,52.672089,0.237954,0.364480,,,,,,,,,,,,
204058,,,,,,,,,,,27.363388,82.239304,4.595681,52.866989,0.244562,0.365468,,,,,,,,,,,,
204063,,,,,,,,,,,72.314507,82.451836,4.791299,53.045105,0.698870,0.368753,,,,,,,,,,,,
204076,,,,,,,,,,,72.314507,82.451836,9.406528,55.651623,0.665210,0.347523,,,,,,,,,,,,
204078,,,,,,,,,,,82.500000,82.500000,11.553566,53.224117,0.752690,0.375208,,,,,,,,,,,,
204083,,,,,,,,,,,82.500000,82.500000,17.064348,53.962917,0.704125,0.370673,,,,,,,,,,,,
204088,,,,,,,,,,,82.500000,82.500000,23.283377,54.638084,0.647857,0.366708,,,,,,,,,,,,
204093,,,,,,,,,,,82.500000,82.500000,30.149647,55.255100,0.584429,0.363262,,,,,,,,,,,,
204098,,,,,,,,,,,82.500000,82.500000,36.424522,55.818970,0.526288,0.360292,,,,,,,,,,,,
204103,,,,,,,,,,,82.500000,82.500000,42.750389,56.334274,0.467004,0.357755,,,,,,,,,,,,
204108,,,,,,,,,,,82.500000,82.500000,47.939960,56.805195,0.418564,0.355615,,,,,,,,,,,,
204113,,,,,,,,,,,82.500000,82.500000,52.682556,57.235558,0.374120,0.353838,,,,,,,,,,,,
204118,,,,,,,,,,,82.500000,82.500000,55.833782,58.220295,0.345275,0.346419,,,,,,,,,,,,
204123,,,,,,,,,,,82.500000,82.500000,58.713593,58.528774,0.318855,0.345731,,,,,,,,,,,,
204136,,,,,,,,,,,82.500000,82.500000,63.628723,60.771854,0.272878,0.327073,,,,,,,,,,,,
204138,,,,,,,,,,,82.500000,82.500000,60.514149,58.494785,0.306223,0.352244,,,,,,,,,,,,
204143,,,,,,,,,,,82.500000,82.500000,60.625057,58.188175,0.307301,0.357742,,,,,,,,,,,,
204148,,,,,,,,,,,82.500000,82.500000,60.726414,59.090866,0.308465,0.351056,,,,,,,,,,,,
204153,,,,,,,,,,,82.500000,82.500000,59.636150,59.324360,0.321654,0.351038,,,,,,,,,,,,
204158,,,,,,,,,,,82.500000,82.500000,58.639790,59.537746,0.334004,0.351201,,,,,,,,,,,,
204163,,,,,,,,,,,82.500000,82.500000,57.729248,59.732754,0.345586,0.351527,,,,,,,,,,,,
204168,,,,,,,,,,,82.500000,82.500000,56.897129,60.502407,0.356468,0.346031,,,,,,,,,,,,
204173,,,,,,,,,,,82.500000,82.500000,56.136681,60.614326,0.366708,0.347100,,,,,,,,,,,,
204178,,,,,,,,,,,82.500000,82.500000,55.441730,60.716606,0.376364,0.348256,,,,,,,,,,,,
204183,,,,,,,,,,,82.500000,82.500000,54.806637,60.810078,0.385484,0.349490,,,,,,,,,,,,
204195,,,,,,,,,,,82.500000,82.500000,61.323582,69.175728,0.322432,0.267166,,,,,,,,,,,,
204196,,,,,,,,,,,82.500000,82.500000,56.633213,63.217609,0.371922,0.328675,,,,,,,,,,,,
204198,,,,,,,,,,,82.500000,82.500000,54.121162,60.729889,0.399881,0.355729,,,,,,,,,,,,
204203,,,,,,,,,,,82.500000,82.500000,54.191254,61.413658,0.402011,0.351000,,,,,,,,,,,,
204208,,,,,,,,,,,82.500000,82.500000,54.846752,61.447090,0.398221,0.352771,,,,,,,,,,,,
204213,,,,,,,,,,,82.500000,82.500000,55.445793,62.069088,0.394936,0.348594,,,,,,,,,,,,
204218,,,,,,,,,,,82.500000,82.500000,55.993240,62.637512,0.392112,0.344896,,,,,,,,,,,,
204223,,,,,,,,,,,82.500000,82.500000,55.902092,63.156979,0.395684,0.341636,,,,,,,,,,,,
204228,,,,,,,,,,,82.500000,82.500000,56.410236,63.631702,0.393211,0.338776,,,,,,,,,,,,
204233,,,,,,,,,,,82.500000,82.500000,56.874615,64.065536,0.391130,0.336281,,,,,,,,,,,,
204238,,,,,,,,,,,82.500000,82.500000,57.298996,63.870564,0.389406,0.340093,,,,,,,,,,,,
204243,,,,,,,,,,,59.399254,59.399254,57.686825,64.283829,0.154692,0.104465,,,,,,,,,,,,
204248,,,,,,,,,,,59.399254,59.399254,57.449806,64.070053,0.157257,0.106136,,,,,,,,,,,,
204253,,,,,,,,,,,59.399254,59.399254,56.641758,62.691799,0.165613,0.119589,,,,,,,,,,,,
204258,,,,,,,,,,,-2.439308,-2.439308,55.903305,61.432255,-0.451222,-0.492589,,,,,,,,,,,,
204263,,,,,,,,,,,-2.439308,-2.439308,52.862679,58.506863,-0.426346,-0.469429,,,,,,,,,,,,
204278,,,,,,,,,,,-2.439308,-2.439308,41.986675,47.240967,-0.326867,-0.367152,,,,,,,,,,,,
204279,,,,,,,,,,,,,38.370354,43.172092,-0.294785,-0.331024,,,,,,,,,,,,
204283,,,,,,,,,,,-82.499992,-82.499992,33.291172,37.679337,-1.000000,-1.000000,,,,,,,,,,,,
204288,,,,,,,,,,,-82.499992,-82.499992,28.058018,32.068230,-1.000000,-1.000000,,,,,,,,,,,,
204293,,,,,,,,,,,-82.499992,-82.499992,21.501263,24.574627,-0.959736,-0.979838,,,,,,,,,,,,
204298,,,,,,,,,,,-82.499992,-82.499992,13.734907,17.135006,-0.891696,-0.915406,,,,,,,,,,,,
204303,,,,,,,,,,,-77.134460,-82.474625,5.454578,7.970381,-0.763496,-0.832550,,,,,,,,,,,,
204308,,,,,,,,,,,-77.134460,-82.474625,-4.478344,-2.770673,-0.671432,-0.733110,,,,,,,,,,,,
204313,,,,,,,,,,,-77.134460,-82.474625,-14.738630,-14.360930,-0.575069,-0.624019,,,,,,,,,,,,
204318,,,,,,,,,,,-77.134460,-82.474625,-25.298086,-25.544363,-0.474658,-0.517878,,,,,,,,,,,,
204323,,,,,,,,,,,-67.931580,-82.431114,-34.948051,-36.356007,-0.289428,-0.413934,,,,,,,,,,,,
204335,,,,,,,,,,,-67.931580,-82.431114,-57.370094,-61.614010,-0.111253,-0.213142,,,,,,,,,,,,
204336,,,,,,,,,,,,,-53.020241,-56.898628,,,,,,,,,,,,,,
204338,,,,,,,,,,,-67.931580,-82.431114,-52.593712,-56.729496,-0.117053,-0.217404,,,,,,,,,,,,
204343,,,,,,,,,,,-67.931580,-82.431114,-52.203918,-58.349266,-0.122523,-0.203614,,,,,,,,,,,,
204348,,,,,,,,,,,-67.931580,-82.431114,-49.481918,-57.463745,-0.151588,-0.214966,,,,,,,,,,,,
204353,,,,,,,,,,,-67.931580,-82.431114,-46.402920,-54.880161,-0.184531,-0.243557,,,,,,,,,,,,
204358,,,,,,,,,,,-67.931580,-82.431114,-44.180561,-53.110546,-0.209130,-0.264185,,,,,,,,,,,,
204363,,,,,,,,,,,-67.931580,-82.431114,-42.741058,-51.493347,-0.226044,-0.283451,,,,,,,,,,,,
204368,,,,,,,,,,,-67.931580,-82.431114,-41.425541,-51.198330,-0.241850,-0.289525,,,,,,,,,,,,
204373,,,,,,,,,,,-67.931580,-82.431114,-41.406219,-50.928722,-0.244695,-0.295371,,,,,,,,,,,,
204378,,,,,,,,,,,-67.931580,-82.431114,-40.797119,-51.273781,-0.253500,-0.295036,,,,,,,,,,,,
204383,,,,,,,,,,,-67.931580,-82.431114,-41.423370,-52.180565,-0.249888,-0.288993,,,,,,,,,,,,
204395,,,,,,,,,,,-67.931580,-82.431114,-44.361462,-58.923695,-0.222864,-0.223913,,,,,,,,,,,,
204396,,,,,,,,,,,-67.931580,-82.431114,-40.540600,-53.848587,-0.263812,-0.277522,,,,,,,,,,,,
204398,,,,,,,,,,,-67.931580,-82.431114,-38.231720,-49.802044,-0.289871,-0.321250,,,,,,,,,,,,
204403,,,,,,,,,,,-67.931580,-82.431114,-36.713150,-47.286919,-0.308178,-0.349916,,,,,,,,,,,,
204408,,,,,,,,,,,2.624593,-20.625935,-35.325375,-45.579865,0.387301,0.253561,,,,,,,,,,,,
204413,,,,,,,,,,,2.624593,-20.625935,-33.465683,-43.428398,0.372313,0.234326,,,,,,,,,,,,
204418,,,,,,,,,,,2.624593,-20.625935,-29.400387,-39.687901,0.334862,0.198827,,,,,,,,,,,,
204423,,,,,,,,,,,2.624593,-20.625935,-25.093792,-35.086685,0.294568,0.154261,,,,,,,,,,,,
204428,,,,,,,,,,,-36.142357,-59.423992,-21.158123,-31.473217,-0.133956,-0.272649,,,,,,,,,,,,
204433,,,,,,,,,,,-36.142357,-59.423992,-18.744324,-28.762423,-0.159834,-0.302823,,,,,,,,,,,,
204438,,,,,,,,,,,-36.142357,-59.423992,-17.721315,-28.059444,-0.171906,-0.312989,,,,,,,,,,,,
204443,,,,,,,,,,,82.395126,60.320812,-16.786419,-26.825569,1.000000,0.880835,,,,,,,,,,,,
204448,,,,,,,,,,,82.395126,60.320812,-14.749157,-23.923632,1.000000,0.860240,,,,,,,,,,,,
204453,,,,,,,,,,,82.395126,60.320812,-9.338696,-19.497305,0.958448,0.823958,,,,,,,,,,,,
204458,,,,,,,,,,,82.395126,60.320812,-3.802793,-13.677884,0.911709,0.773164,,,,,,,,,,,,
204463,,,,,,,,,,,82.395126,60.320812,3.030635,-7.176801,0.851311,0.714903,,,,,,,,,,,,
204475,,,,,,,,,,,82.393364,59.946884,21.499628,10.272285,0.678645,0.546575,,,,,,,,,,,,
204478,,,,,,,,,,,82.393364,59.946884,25.562309,14.710535,0.643701,0.506717,,,,,,,,,,,,
204483,,,,,,,,,,,82.393364,59.946884,35.189518,23.498077,0.552149,0.422486,,,,,,,,,,,,
204488,,,,,,,,,,,82.393364,59.946884,42.804646,30.937302,0.479957,0.350995,,,,,,,,,,,,
204493,,,,,,,,,,,82.393364,59.946884,49.172436,35.961449,0.419601,0.303152,,,,,,,,,,,,
204498,,,,,,,,,,,82.349640,50.699577,53.808876,39.369976,0.375653,0.177727,,,,,,,,,,,,
204503,,,,,,,,,,,82.349640,50.699577,56.863091,41.302036,0.347660,0.159346,,,,,,,,,,,,
204508,,,,,,,,,,,82.349640,50.699577,60.245689,43.067688,0.316044,0.142452,,,,,,,,,,,,
204513,,,,,,,,,,,82.349640,50.699577,62.745499,44.089817,0.293007,0.132892,,,,,,,,,,,,
204518,,,,,,,,,,,82.349640,50.699577,64.438553,44.432465,0.277867,0.130092,,,,,,,,,,,,
204523,,,,,,,,,,,82.349640,50.699577,64.802895,42.971268,0.275978,0.145477,,,,,,,,,,,,
204535,,,,,,,,,,,82.349640,50.699577,63.849724,39.130821,0.288608,0.185826,,,,,,,,,,,,
204538,,,,,,,,,,,82.327042,45.921047,60.716114,36.351921,0.321880,0.166787,,,,,,,,,,,,
204543,,,,,,,,,,,82.327042,45.921047,59.035294,34.995258,0.341017,0.181446,,,,,,,,,,,,
204548,,,,,,,,,,,82.327042,45.921047,57.499241,32.572556,0.358860,0.207008,,,,,,,,,,,,
204553,,,,,,,,,,,82.327042,45.921047,55.504044,31.541409,0.381494,0.218758,,,,,,,,,,,,
204558,,,,,,,,,,,82.327042,45.921047,54.272137,30.007629,0.396619,0.235687,,,,,,,,,,,,
204563,,,,,,,,,,,82.327042,45.921047,53.737782,29.197401,0.404822,0.245461,,,,,,,,,,,,
204568,,,,,,,,,,,82.338188,48.277996,52.658005,28.456957,0.418699,0.278417,,,,,,,,,,,,
204573,,,,,,,,,,,82.338188,48.277996,52.262672,28.371733,0.425660,0.281260,,,,,,,,,,,,
204578,,,,,,,,,,,82.338188,48.277996,51.901390,28.293850,0.432316,0.284038,,,,,,,,,,,,
204583,,,,,,,,,,,82.338188,48.277996,52.162670,28.222673,0.432721,0.286755,,,,,,,,,,,,
204595,,,,,,,,,,,72.686508,40.528267,54.374146,30.056435,0.317239,0.192731,,,,,,,,,,,,
204598,,,,,,,,,,,72.686508,40.528267,52.648113,29.242002,0.336503,0.202004,,,,,,,,,,,,
204603,,,,,,,,,,,72.686508,40.528267,52.845081,29.680607,0.336518,0.198703,,,,,,,,,,,,
204608,,,,,,,,,,,1.475896,-29.879189,53.025082,29.489990,-0.382543,-0.509403,,,,,,,,,,,,
204613,,,,,,,,,,,1.475896,-29.879189,51.415245,28.132900,-0.371439,-0.501633,,,,,,,,,,,,
204618,,,,,,,,,,,1.475896,-29.879189,48.169731,24.526918,-0.343653,-0.471014,,,,,,,,,,,,
204623,,,,,,,,,,,-54.295509,-82.366638,44.020863,20.048630,-0.869710,-0.961347,,,,,,,,,,,,
204628,,,,,,,,,,,-54.295509,-82.366638,39.046448,14.181724,-0.829300,-0.912333,,,,,,,,,,,,
204633,,,,,,,,,,,-54.295509,-82.366638,33.317589,8.228690,-0.780773,-0.861862,,,,,,,,,,,,
204638,,,,,,,,,,,-54.295509,-82.366638,26.899269,1.014058,-0.724709,-0.798054,,,,,,,,,,,,
204643,,,,,,,,,,,-59.622105,-82.391823,20.442316,-6.170621,-0.721412,-0.734081,,,,,,,,,,,,
204655,,,,,,,,,,,-59.622105,-82.391823,1.529713,-29.296938,-0.538401,-0.508127,,,,,,,,,,,,
204656,,,,,,,,,,,-59.622105,-82.391823,1.397958,-27.365032,-0.543185,-0.532949,,,,,,,,,,,,
204658,,,,,,,,,,,-59.622105,-82.391823,-4.045452,-30.922525,-0.494309,-0.502521,,,,,,,,,,,,
204663,,,,,,,,,,,-59.622105,-82.391823,-13.751579,-40.679504,-0.401835,-0.409122,,,,,,,,,,,,
204668,,,,,,,,,,,-62.773567,-82.406723,-22.621716,-49.004669,-0.348663,-0.329360,,,,,,,,,,,,
204673,,,,,,,,,,,-62.773567,-82.406723,-30.136421,-56.021339,-0.276780,-0.261832,,,,,,,,,,,,
204678,,,,,,,,,,,-62.773567,-82.406723,-37.003883,-62.433662,-0.210682,-0.199706,,,,,,,,,,,,
204683,,,,,,,,,,,-65.236305,-82.418373,-42.688404,-65.927910,-0.180719,-0.166529,,,,,,,,,,,,
204688,,,,,,,,,,,-65.236305,-82.418373,-46.700428,-66.755417,-0.142453,-0.159820,,,,,,,,,,,,
204693,,,,,,,,,,,-65.236305,-82.418373,-45.635334,-65.145874,-0.155064,-0.177643,,,,,,,,,,,,
204698,,,,,,,,,,,-65.236305,-82.418373,-42.296200,-61.900627,-0.190749,-0.212147,,,,,,,,,,,,
204703,,,,,,,,,,,-65.236305,-82.418373,-39.244663,-57.752003,-0.223863,-0.256100,,,,,,,,,,,,
204708,,,,,,,,,,,-65.236305,-82.418373,-36.455956,-54.552147,-0.254629,-0.290885,,,,,,,,,,,,
204713,,,,,,,,,,,-65.236305,-82.418373,-35.681778,-52.810783,-0.265326,-0.311259,,,,,,,,,,,,
204718,,,,,,,,,,,-65.236305,-82.418373,-34.974277,-51.810848,-0.275427,-0.324320,,,,,,,,,,,,
204723,,,,,,,,,,,-65.236305,-82.418373,-34.919159,-51.488483,-0.279010,-0.330636,,,,,,,,,,,,
204735,,,,,,,,,,,-65.236305,-82.418373,-37.270569,-53.811092,-0.260738,-0.312624,,,,,,,,,,,,
204738,,,,,,,,,,,-65.236305,-82.418373,-35.834782,-52.725002,-0.278036,-0.326455,,,,,,,,,,,,
204743,,,,,,,,,,,-65.236305,-82.418373,-35.114105,-51.141010,-0.288255,-0.345422,,,,,,,,,,,,
204748,,,,,,,,,,,-65.236305,-82.418373,-33.272610,-50.284893,-0.309866,-0.357197,,,,,,,,,,,,
204753,,,,,,,,,,,-65.236305,-82.418373,-32.181168,-49.502514,-0.324086,-0.368312,,,,,,,,,,,,
204758,,,,,,,,,,,-65.236305,-82.418373,-31.183731,-48.787521,-0.337466,-0.378825,,,,,,,,,,,,
204763,,,,,,,,,,,-65.236305,-82.418373,-31.455093,-49.317001,-0.338130,-0.376840,,,,,,,,,,,,
204768,,,,,,,,,,,-65.236305,-82.418373,-31.111639,-49.209431,-0.344977,-0.381237,,,,,,,,,,,,
204773,,,,,,,,,,,-65.236305,-82.418373,-31.980656,-50.294018,-0.339612,-0.373604,,,,,,,,,,,,
204778,,,,,,,,,,,-65.236305,-82.418373,-32.774826,-51.285187,-0.334917,-0.366805,,,,,,,,,,,,
204783,,,,,,,,,,,-65.236305,-82.418373,-33.500591,-51.599541,-0.330833,-0.366744,,,,,,,,,,,,
204794,,,,,,,,,,,-65.236305,-82.418373,-35.055775,-52.873775,-0.321051,-0.359477,,,,,,,,,,,,
204798,,,,,,,,,,,-65.236305,-82.418373,-34.993637,-52.459862,-0.324697,-0.366612,,,,,,,,,,,,
204803,,,,,,,,,,,-70.338684,-82.442497,-35.528297,-52.673042,-0.373855,-0.367698,,,,,,,,,,,,
204808,,,,,,,,,,,-70.338684,-82.442497,-36.608353,-53.459305,-0.366428,-0.362734,,,,,,,,,,,,
204813,,,,,,,,,,,-70.338684,-82.442497,-37.595383,-54.177849,-0.359832,-0.358375,,,,,,,,,,,,
204818,,,,,,,,,,,-70.338684,-82.442497,-37.905952,-54.243057,-0.359969,-0.360543,,,,,,,,,,,,
204823,,,,,,,,,,,-70.338684,-82.442497,-38.781219,-54.894096,-0.354372,-0.356787,,,,,,,,,,,,
204828,,,,,,,,,,,-73.180161,-82.455940,-39.581100,-54.897617,-0.378148,-0.359642,,,,,,,,,,,,
204833,,,,,,,,,,,-74.809357,-82.463631,-40.312088,-54.900833,-0.390580,-0.362443,,,,,,,,,,,,
204838,,,,,,,,,,,-74.809357,-82.463631,-41.571560,-54.903770,-0.381309,-0.365170,,,,,,,,,,,,
204843,,,,,,,,,,,-79.491280,-82.485771,-42.131107,-55.497902,-0.426269,-0.362149,,,,,,,,,,,,
204855,,,,,,,,,,,-80.106049,-82.488686,-46.047146,-57.159588,-0.399699,-0.350088,,,,,,,,,,,,
204858,,,,,,,,,,,-82.499992,-82.499992,-45.038319,-55.785091,-0.437473,-0.366617,,,,,,,,,,,,
204863,,,,,,,,,,,-82.499992,-82.499992,-46.482162,-55.711868,-0.426636,-0.370029,,,,,,,,,,,,
204868,,,,,,,,,,,-82.499992,-82.499992,-48.393093,-56.236397,-0.410937,-0.367410,,,,,,,,,,,,
204873,,,,,,,,,,,-82.499992,-82.499992,-50.139435,-56.124302,-0.396710,-0.371168,,,,,,,,,,,,
204878,,,,,,,,,,,-82.499992,-82.499992,-51.143921,-56.021862,-0.389801,-0.374840,,,,,,,,,,,,
204883,,,,,,,,,,,-82.499992,-82.499992,-52.061890,-56.519691,-0.383665,-0.372460,,,,,,,,,,,,
204888,,,,,,,,,,,-82.499992,-82.499992,-52.900791,-56.974644,-0.378236,-0.370463,,,,,,,,,,,,
204893,,,,,,,,,,,-82.499992,-82.499992,-53.667439,-57.390411,-0.373453,-0.368816,,,,,,,,,,,,
204898,,,,,,,,,,,-82.499992,-82.499992,-54.368053,-57.770367,-0.369260,-0.367490,,,,,,,,,,,,
204903,,,,,,,,,,,-82.499992,-82.499992,-55.599770,-58.117596,-0.359632,-0.366456,,,,,,,,,,,,
204915,,,,,,,,,,,-82.499992,-82.499992,-57.785168,-60.428455,-0.342177,-0.347192,,,,,,,,,,,,
204918,,,,,,,,,,,-82.499992,-82.499992,-56.356789,-58.772408,-0.359075,-0.366125,,,,,,,,,,,,
204923,,,,,,,,,,,-82.499992,-82.499992,-56.234325,-59.033333,-0.362926,-0.365863,,,,,,,,,,,,
204928,,,,,,,,,,,-82.499992,-82.499992,-56.122410,-59.271782,-0.366683,-0.365801,,,,,,,,,,,,
204933,,,,,,,,,,,-82.499992,-82.499992,-56.611580,-59.489697,-0.364380,-0.365923,,,,,,,,,,,,
204938,,,,,,,,,,,-82.499992,-82.499992,-57.058617,-59.688839,-0.362454,-0.366212,,,,,,,,,,,,
204943,,,,,,,,,,,-63.901905,-63.901905,-56.875706,-59.870831,-0.179005,-0.178815,,,,,,,,,,,,
204948,,,,,,,,,,,-63.901905,-63.901905,-56.708549,-60.628593,-0.181396,-0.171564,,,,,,,,,,,,
204953,,,,,,,,,,,-63.901905,-63.901905,-56.555790,-60.138199,-0.183658,-0.176845,,,,,,,,,,,,
204958,,,,,,,,,,,-10.017375,-10.017375,-55.824741,-59.690041,0.352458,0.362486,,,,,,,,,,,,
204963,,,,,,,,,,,-10.017375,-10.017375,-53.973770,-58.097595,0.338344,0.351370,,,,,,,,,,,,
204968,,,,,,,,,,,-10.017375,-10.017375,-51.099335,-54.276527,0.313707,0.317585,,,,,,,,,,,,
204973,,,,,,,,,,,-10.017375,-10.017375,-46.698139,-49.601681,0.273363,0.274795,,,,,,,,,,,,
204978,,,,,,,,,,,47.643959,47.643959,-42.084576,-45.329479,0.812814,0.817984,,,,,,,,,,,,
204983,,,,,,,,,,,47.643959,47.643959,-37.868378,-40.242352,0.779203,0.775901,,,,,,,,,,,,
204996,,,,,,,,,,,47.643959,47.643959,-24.008087,-24.420160,0.655222,0.632322,,,,,,,,,,,,
204998,,,,,,,,,,,47.643959,47.643959,-18.983042,-18.768177,0.611634,0.582443,,,,,,,,,,,,
205003,,,,,,,,,,,82.500000,82.500000,-10.250690,-9.462886,0.882146,0.847147,,,,,,,,,,,,
205008,,,,,,,,,,,82.500000,82.500000,-0.496124,1.406717,0.792900,0.746561,,,,,,,,,,,,
205013,,,,,,,,,,,82.500000,82.500000,10.784060,12.523008,0.687270,0.642395,,,,,,,,,,,,
205018,,,,,,,,,,,82.500000,82.500000,21.684124,23.864742,0.584351,0.534842,,,,,,,,,,,,
205023,,,,,,,,,,,82.500000,82.500000,32.828251,34.821053,0.477877,0.430046,,,,,,,,,,,,
205028,,,,,,,,,,,82.500000,82.500000,40.646755,43.059361,0.403877,0.351607,,,,,,,,,,,,
205033,,,,,,,,,,,82.500000,82.500000,45.426071,47.039433,0.359791,0.315353,,,,,,,,,,,,
205038,,,,,,,,,,,82.500000,82.500000,48.019409,49.493809,0.337306,0.294109,,,,,,,,,,,,
205043,,,,,,,,,,,82.500000,82.500000,50.389381,50.553902,0.316817,0.286703,,,,,,,,,,,,
205055,,,,,,,,,,,82.500000,82.500000,56.676693,56.273590,0.258574,0.234221,,,,,,,,,,,,
205058,,,,,,,,,,,82.500000,82.500000,55.343788,54.975403,0.274619,0.249956,,,,,,,,,,,,
205063,,,,,,,,,,,82.500000,82.500000,57.082909,56.154808,0.259770,0.240796,,,,,,,,,,,,
205068,,,,,,,,,,,82.500000,82.500000,56.897903,57.232632,0.264180,0.232544,,,,,,,,,,,,
205073,,,,,,,,,,,82.500000,82.500000,56.728836,58.217621,0.268448,0.225123,,,,,,,,,,,,
205078,,,,,,,,,,,82.500000,82.500000,55.982883,56.751995,0.278559,0.242354,,,,,,,,,,,,
205083,,,,,,,,,,,82.500000,82.500000,54.118290,54.229713,0.300043,0.270404,,,,,,,,,,,,
205088,,,,,,,,,,,82.500000,82.500000,51.231407,51.924675,0.332039,0.296512,,,,,,,,,,,,
205093,,,,,,,,,,,82.500000,82.500000,48.593170,49.818172,0.361812,0.320845,,,,,,,,,,,,
205098,,,,,,,,,,,82.500000,82.500000,47.365055,48.484547,0.377606,0.337583,,,,,,,,,,,,
205103,,,,,,,,,,,82.500000,82.500000,46.834164,47.857231,0.386482,0.347320,,,,,,,,,,,,
205116,,,,,,,,,,,82.500000,82.500000,48.302486,49.697414,0.378183,0.335010,,,,,,,,,,,,
205118,,,,,,,,,,,82.500000,82.500000,45.916519,47.191299,0.405701,0.363602,,,,,,,,,,,,
205123,,,,,,,,,,,82.500000,82.500000,45.510387,47.266819,0.413461,0.366371,,,,,,,,,,,,
205128,,,,,,,,,,,82.500000,82.500000,45.730682,47.335831,0.414935,0.369197,,,,,,,,,,,,
205133,,,,,,,,,,,82.500000,82.500000,45.932003,47.398899,0.416579,0.372076,,,,,,,,,,,,
205138,,,,,,,,,,,82.500000,82.500000,46.707428,48.047981,0.412404,0.369031,,,,,,,,,,,,
205143,,,,,,,,,,,82.500000,82.500000,48.007511,49.232601,0.402852,0.360511,,,,,,,,,,,,
205148,,,,,,,,,,,82.500000,82.500000,49.195618,50.315189,0.394302,0.352904,,,,,,,,,,,,
205153,,,,,,,,,,,82.500000,82.500000,50.281391,51.304535,0.386666,0.346130,,,,,,,,,,,,
205158,,,,,,,,,,,82.500000,82.500000,50.682205,51.617226,0.385839,0.346091,,,,,,,,,,,,
205163,,,,,,,,,,,82.500000,82.500000,51.048496,52.494427,0.385322,0.340320,,,,,,,,,,,,
205168,,,,,,,,,,,82.500000,82.500000,51.974682,52.704632,0.379112,0.341197,,,,,,,,,,,,
205173,,,,,,,,,,,82.500000,82.500000,52.229652,52.896729,0.379590,0.342237,,,,,,,,,,,,
205178,,,,,,,,,,,82.500000,82.500000,52.462662,53.072281,0.380263,0.343424,,,,,,,,,,,,
205183,,,,,,,,,,,82.500000,82.500000,52.675602,53.824158,0.381116,0.338773,,,,,,,,,,,,
205196,,,,,,,,,,,82.500000,82.500000,54.262020,55.221245,0.370388,0.329737,,,,,,,,,,,,
205198,,,,,,,,,,,82.500000,82.500000,51.954201,52.830807,0.396521,0.356608,,,,,,,,,,,,
205203,,,,,,,,,,,82.500000,82.500000,52.210934,53.012039,0.396983,0.357745,,,,,,,,,,,,
205208,,,,,,,,,,,82.500000,82.500000,52.445553,53.769104,0.397642,0.353047,,,,,,,,,,,,
205213,,,,,,,,,,,82.500000,82.500000,52.659966,54.460964,0.398482,0.348933,,,,,,,,,,,,
205218,,,,,,,,,,,82.500000,82.500000,52.264465,54.501789,0.405460,0.351324,,,,,,,,,,,,
205223,,,,,,,,,,,82.500000,82.500000,52.494476,54.539097,0.406161,0.353747,,,,,,,,,,,,
205228,,,,,,,,,,,82.500000,82.500000,52.704674,54.573193,0.407038,0.356199,,,,,,,,,,,,
205233,,,,,,,,,,,82.500000,82.500000,52.896767,54.604351,0.408078,0.358677,,,,,,,,,,,,
205238,,,,,,,,,,,82.500000,82.500000,53.072315,55.224270,0.409265,0.355205,,,,,,,,,,,,
205243,,,,,,,,,,,82.500000,82.500000,53.232746,55.199352,0.410587,0.358185,,,,,,,,,,,,
205255,,,,,,,,,,,82.500000,82.500000,60.476696,62.273918,0.340350,0.289461,,,,,,,,,,,,
205256,,,,,,,,,,,82.500000,82.500000,55.267826,56.910252,0.395162,0.345657,,,,,,,,,,,,
205258,,,,,,,,,,,82.500000,82.500000,53.464821,54.965786,0.416096,0.367855,,,,,,,,,,,,
205263,,,,,,,,,,,82.500000,82.500000,54.182888,55.554577,0.411747,0.364662,,,,,,,,,,,,
205268,,,,,,,,,,,82.500000,82.500000,54.839108,56.092655,0.407951,0.361922,,,,,,,,,,,,
205273,,,,,,,,,,,82.500000,82.500000,55.438808,56.584389,0.404660,0.359596,,,,,,,,,,,,
205278,,,,,,,,,,,82.500000,82.500000,55.395412,57.033768,0.407804,0.357649,,,,,,,,,,,,
205283,,,,,,,,,,,82.500000,82.500000,55.947197,56.852997,0.404942,0.362021,,,,,,,,,,,,
205288,,,,,,,,,,,82.500000,82.500000,56.451458,57.279240,0.402504,0.360281,,,,,,,,,,,,
205293,,,,,,,,,,,82.500000,82.500000,56.320843,57.668770,0.406428,0.358869,,,,,,,,,,,,
205298,,,,,,,,,,,82.500000,82.500000,56.792919,58.024750,0.404278,0.357756,,,,,,,,,,,,
205303,,,,,,,,,,,82.500000,82.500000,57.224339,58.350071,0.402491,0.356918,,,,,,,,,,,,
205327,,,,,,,,,,,82.500000,82.500000,58.914936,60.151524,0.391538,0.344288,,,,,,,,,,,,
205328,,,,,,,,,,,82.500000,82.500000,55.023472,55.562107,0.433201,0.392876,,,,,,,,,,,,
205333,,,,,,,,,,,82.500000,82.500000,55.015846,56.099537,0.436025,0.390141,,,,,,,,,,,,
205338,,,,,,,,,,,82.500000,82.500000,55.008881,55.999229,0.438844,0.393794,,,,,,,,,,,,
205343,,,,,,,,,,,82.500000,82.500000,55.593960,56.499008,0.435684,0.391397,,,,,,,,,,,,
205348,,,,,,,,,,,82.500000,82.500000,56.128643,57.547184,0.432974,0.383410,,,,,,,,,,,,
205353,,,,,,,,,,,82.500000,82.500000,57.208721,57.913639,0.424702,0.382204,,,,,,,,,,,,
205358,,,,,,,,,,,51.603905,51.603905,57.604324,58.839973,0.111185,0.063256,,,,,,,,,,,,
205363,,,,,,,,,,,51.603905,51.603905,57.374413,58.503632,0.112907,0.065930,,,,,,,,,,,,
205375,,,,,,,,,,,51.603905,51.603905,56.564754,57.018272,0.119479,0.079228,,,,,,,,,,,,
205378,,,,,,,,,,,51.603905,51.603905,54.058601,53.881611,0.144295,0.110367,,,,,,,,,,,,
205383,,,,,,,,,,,2.303226,2.303226,53.542637,52.198002,-0.348676,-0.370793,,,,,,,,,,,,
205388,,,,,,,,,,,2.303226,2.303226,51.888222,50.659401,-0.337091,-0.360243,,,,,,,,,,,,
205393,,,,,,,,,,,2.303226,2.303226,48.601967,46.296097,-0.308858,-0.321009,,,,,,,,,,,,
205398,,,,,,,,,,,-49.560848,-49.560848,45.007317,41.717159,-0.801009,-0.802988,,,,,,,,,,,,
205403,,,,,,,,,,,-49.560848,-49.560848,40.539383,36.941162,-0.765340,-0.763879,,,,,,,,,,,,
205408,,,,,,,,,,,-49.560848,-49.560848,35.273384,30.802189,-0.721163,-0.710525,,,,,,,,,,,,
205413,,,,,,,,,,,-49.560848,-49.560848,28.095167,22.826187,-0.657147,-0.638004,,,,,,,,,,,,
205418,,,,,,,,,,,-82.499992,-82.499992,19.760876,13.762825,-0.913421,-0.886388,,,,,,,,,,,,
205423,,,,,,,,,,,-82.499992,-82.499992,10.370084,3.705758,-0.828800,-0.794438,,,,,,,,,,,,
205428,,,,,,,,,,,-82.499992,-82.499992,0.013788,-6.667982,-0.733489,-0.698284,,,,,,,,,,,,
205433,,,,,,,,,,,-82.499992,-82.499992,-11.224852,-17.922565,-0.628230,-0.592196,,,,,,,,,,,,
205438,,,,,,,,,,,-82.499992,-82.499992,-22.086948,-28.799234,-0.525650,-0.488799,,,,,,,,,,,,
205443,,,,,,,,,,,-82.499977,-82.499992,-32.604939,-39.330536,-0.425460,-0.387803,,,,,,,,,,,,
205455,,,,,,,,,,,-82.499977,-82.499992,-49.441860,-56.139812,-0.263301,-0.224518,,,,,,,,,,,,
205458,,,,,,,,,,,-82.499992,-82.499992,-47.549202,-54.261703,-0.285723,-0.246123,,,,,,,,,,,,
205463,,,,,,,,,,,-82.499992,-82.499992,-47.002449,-53.728245,-0.294740,-0.254334,,,,,,,,,,,,
205468,,,,,,,,,,,-82.499992,-82.499992,-46.502789,-53.240734,-0.303336,-0.262135,,,,,,,,,,,,
205473,,,,,,,,,,,-82.499992,-82.499992,-46.637608,-52.795212,-0.305574,-0.269561,,,,,,,,,,,,
205478,,,,,,,,,,,-82.499992,-82.499992,-47.352261,-52.979507,-0.301942,-0.270670,,,,,,,,,,,,
205483,,,,,,,,,,,-82.499992,-82.499992,-48.596806,-53.147930,-0.292887,-0.271921,,,,,,,,,,,,
205488,,,,,,,,,,,-82.499992,-82.499992,-49.734158,-53.893291,-0.284790,-0.267328,,,,,,,,,,,,
205493,,,,,,,,,,,-82.499992,-82.499992,-51.364994,-54.574455,-0.271596,-0.263309,,,,,,,,,,,,
205498,,,,,,,,,,,-82.499992,-82.499992,-52.263920,-55.788395,-0.265630,-0.253841,,,,,,,,,,,,
205503,,,,,,,,,,,-82.499992,-82.499992,-53.676865,-56.306332,-0.254383,-0.251281,,,,,,,,,,,,
205515,,,,,,,,,,,-82.499992,-82.499992,-59.699673,-62.102661,-0.196435,-0.195357,,,,,,,,,,,,
205516,,,,,,,,,,,-82.499992,-82.499992,-54.557728,-56.753746,-0.250648,-0.251421,,,,,,,,,,,,
205518,,,,,,,,,,,-82.499992,-82.499992,-50.450104,-53.048424,-0.294930,-0.291420,,,,,,,,,,,,
205523,,,,,,,,,,,-82.499992,-82.499992,-47.287716,-49.662243,-0.330075,-0.328565,,,,,,,,,,,,
205528,,,,,,,,,,,-82.499992,-82.499992,-44.397705,-47.159157,-0.362785,-0.357130,,,,,,,,,,,,
205533,,,,,,,,,,,-82.499992,-82.499992,-42.348057,-45.463108,-0.387297,-0.377794,,,,,,,,,,,,
205538,,,,,,,,,,,-82.499992,-82.499992,-41.657833,-45.096031,-0.398283,-0.385205,,,,,,,,,,,,
205543,,,,,,,,,,,-82.499992,-82.499992,-41.618504,-45.352016,-0.402765,-0.386360,,,,,,,,,,,,
205548,,,,,,,,,,,-82.499992,-82.499992,-42.174007,-45.585953,-0.401242,-0.387712,,,,,,,,,,,,
205553,,,,,,,,,,,-82.499992,-82.499992,-43.273109,-46.982628,-0.394174,-0.377297,,,,,,,,,,,,
205558,,,,,,,,,,,-82.499992,-82.499992,-44.277546,-47.667564,-0.387952,-0.373931,,,,,,,,,,,,
205563,,,,,,,,,,,-82.499992,-82.499992,-44.604027,-48.293507,-0.388476,-0.371093,,,,,,,,,,,,
205575,,,,,,,,,,,-82.499992,-82.499992,-50.816837,-54.779984,-0.329517,-0.309000,,,,,,,,,,,,
205576,,,,,,,,,,,-82.499992,-82.499992,-47.031418,-50.061771,-0.370918,-0.359426,,,,,,,,,,,,
205578,,,,,,,,,,,-82.499992,-82.499992,-45.346371,-48.707165,-0.391484,-0.376351,,,,,,,,,,,,
205583,,,,,,,,,,,-82.499992,-82.499992,-46.763683,-49.835011,-0.380884,-0.368339,,,,,,,,,,,,
205588,,,,,,,,,,,-82.499992,-82.499992,-47.467476,-50.865715,-0.377349,-0.361195,,,,,,,,,,,,
205593,,,,,,,,,,,-82.499992,-82.499992,-48.110653,-51.807644,-0.374357,-0.354845,,,,,,,,,,,,
205598,,,,,,,,,,,-82.499992,-82.499992,-48.698433,-52.077000,-0.371859,-0.355194,,,,,,,,,,,,
205603,,,,,,,,,,,-82.499992,-82.499992,-49.235584,-52.323154,-0.369814,-0.355750,,,,,,,,,,,,
205608,,,,,,,,,,,-82.499992,-82.499992,-49.726471,-52.548111,-0.368182,-0.356496,,,,,,,,,,,,
205613,,,,,,,,,,,-82.499992,-82.499992,-50.175079,-53.345135,-0.366929,-0.351441,,,,,,,,,,,,
205618,,,,,,,,,,,-82.499992,-82.499992,-50.585049,-53.482067,-0.366021,-0.352974,,,,,,,,,,,,
205623,,,,,,,,,,,-82.499992,-82.499992,-50.959705,-53.607204,-0.365428,-0.354612,,,,,,,,,,,,
205628,,,,,,,,,,,-82.499992,-82.499992,-51.302094,-53.721565,-0.365124,-0.356346,,,,,,,,,,,,
205633,,,,,,,,,,,-82.499992,-82.499992,-51.023548,-54.417519,-0.371057,-0.352194,,,,,,,,,,,,
205638,,,,,,,,,,,-82.499992,-82.499992,-51.360439,-54.462086,-0.370802,-0.354553,,,,,,,,,,,,
205643,,,,,,,,,,,-82.499992,-82.499992,-51.668312,-54.502815,-0.370806,-0.356945,,,,,,,,,,,,
205655,,,,,,,,,,,-82.499992,-82.499992,-58.455563,-61.637375,-0.305338,-0.287686,,,,,,,,,,,,
205656,,,,,,,,,,,-82.499992,-82.499992,-54.012218,-56.328537,-0.352621,-0.343391,,,,,,,,,,,,
205658,,,,,,,,,,,-82.499992,-82.499992,-51.725914,-54.434174,-0.378561,-0.365141,,,,,,,,,,,,
205663,,,,,,,,,,,-82.499992,-82.499992,-52.593754,-54.477306,-0.372873,-0.367512,,,,,,,,,,,,
205668,,,,,,,,,,,-82.499992,-82.499992,-52.795403,-54.516724,-0.373827,-0.369917,,,,,,,,,,,,
205673,,,,,,,,,,,-82.499992,-82.499992,-52.388237,-54.552746,-0.380910,-0.372351,,,,,,,,,,,,
205678,,,,,,,,,,,-82.499992,-82.499992,-52.607586,-54.585667,-0.381706,-0.374813,,,,,,,,,,,,
205683,,,,,,,,,,,-82.499992,-82.499992,-52.808044,-55.207195,-0.382670,-0.371327,,,,,,,,,,,,
205688,,,,,,,,,,,-82.499992,-82.499992,-53.582680,-55.775192,-0.377816,-0.368320,,,,,,,,,,,,
205693,,,,,,,,,,,-82.499992,-82.499992,-54.290596,-56.294266,-0.373558,-0.365750,,,,,,,,,,,,
205698,,,,,,,,,,,-82.499992,-82.499992,-54.346096,-56.768635,-0.375818,-0.363579,,,,,,,,,,,,
205703,,,,,,,,,,,-82.499985,-82.500000,-53.805370,-57.202145,-0.384095,-0.361774,,,,,,,,,,,,
205715,,,,,,,,,,,-82.499985,-82.500000,-61.000000,-64.104210,-0.314298,-0.294593,,,,,,,,,,,,
205716,,,,,,,,,,,-82.499985,-82.500000,-55.746056,-59.174347,-0.369513,-0.346224,,,,,,,,,,,,
205718,,,,,,,,,,,-82.499992,-82.499992,-53.901859,-57.034874,-0.390815,-0.370165,,,,,,,,,,,,
205723,,,,,,,,,,,-82.499992,-82.499992,-54.582287,-57.445454,-0.386803,-0.368565,,,,,,,,,,,,
205728,,,,,,,,,,,-82.499992,-82.499992,-55.204105,-57.820667,-0.383314,-0.367281,,,,,,,,,,,,
205733,,,,,,,,,,,-82.499992,-82.499992,-55.180923,-58.163567,-0.386278,-0.366285,,,,,,,,,,,,
205738,,,,,,,,,,,-42.031853,-42.031853,-55.751183,-57.885487,0.025478,0.037201,,,,,,,,,,,,
205743,,,,,,,,,,,-42.031853,-42.031853,-55.089436,-57.039913,0.020167,0.030246,,,,,,,,,,,,
205748,,,,,,,,,,,-42.031853,-42.031853,-53.301796,-55.675724,0.003417,0.017968,,,,,,,,,,,,
205753,,,,,,,,,,,-42.031853,-42.031853,-51.076679,-53.246143,-0.017930,-0.005206,,,,,,,,,,,,
205758,,,,,,,,,,,8.555323,8.555323,-49.634659,-51.025822,0.479341,0.484421,,,,,,,,,,,,
205763,,,,,,,,,,,8.555323,8.555323,-46.542503,-48.405293,0.453929,0.463911,,,,,,,,,,,,
205775,,,,,,,,,,,8.555323,8.555323,-36.657387,-38.264053,0.364531,0.372223,,,,,,,,,,,,
205778,,,,,,,,,,,64.387291,64.387291,-32.317188,-33.785473,0.889119,0.895575,,,,,,,,,,,,
205783,,,,,,,,,,,64.387291,64.387291,-26.576477,-27.326855,0.840808,0.840160,,,,,,,,,,,,
205788,,,,,,,,,,,64.387291,64.387291,-18.964436,-18.467295,0.773023,0.759850,,,,,,,,,,,,
205793,,,,,,,,,,,64.387291,64.387291,-9.642241,-8.596476,0.687204,0.668440,,,,,,,,,,,,
205798,,,,,,,,,,,64.387291,64.387291,0.651365,2.198503,0.590641,0.566709,,,,,,,,,,,,
205803,,,,,,,,,,,64.387291,64.387291,11.241270,12.655153,0.490057,0.467316,,,,,,,,,,,,
205808,,,,,,,,,,,82.500000,82.500000,20.919064,22.802616,0.580564,0.552938,,,,,,,,,,,,
205813,,,,,,,,,,,82.500000,82.500000,29.763308,32.667519,0.497396,0.459272,,,,,,,,,,,,
205818,,,,,,,,,,,82.500000,82.500000,37.254353,40.499866,0.427010,0.385149,,,,,,,,,,,,
205823,,,,,,,,,,,82.500000,82.500000,41.142967,45.291832,0.392259,0.340950,,,,,,,,,,,,
205835,,,,,,,,,,,82.500000,82.500000,46.843399,50.257420,0.342009,0.297269,,,,,,,,,,,,
205838,,,,,,,,,,,82.500000,82.500000,46.948883,50.660297,0.344510,0.296424,,,,,,,,,,,,
205843,,,,,,,,,,,82.500000,82.500000,49.411060,52.802811,0.323197,0.277969,,,,,,,,,,,,
205848,,,,,,,,,,,82.500000,82.500000,51.661167,55.352234,0.303780,0.255189,,,,,,,,,,,,
205853,,,,,,,,,,,82.500000,82.500000,53.717472,57.090630,0.286095,0.240346,,,,,,,,,,,,
205858,,,,,,,,,,,82.500000,82.500000,54.413780,58.087852,0.281940,0.232815,,,,,,,,,,,,
205863,,,,,,,,,,,82.500000,82.500000,54.458668,58.407738,0.284296,0.232025,,,,,,,,,,,,
205868,,,,,,,,,,,82.500000,82.500000,53.908245,56.334293,0.292659,0.255376,,,,,,,,,,,,
205873,,,,,,,,,,,82.500000,82.500000,52.222340,54.439434,0.312546,0.277131,,,,,,,,,,,,
205878,,,,,,,,,,,82.500000,82.500000,50.090199,52.116333,0.337108,0.303401,,,,,,,,,,,,
205883,,,,,,,,,,,82.500000,82.500000,48.141701,50.584766,0.360029,0.321908,,,,,,,,,,,,
205888,,,,,,,,,,,82.500000,82.500000,47.543915,49.776558,0.369503,0.333262,,,,,,,,,,,,
205893,,,,,,,,,,,82.500000,82.500000,47.589062,49.629406,0.372542,0.338021,,,,,,,,,,,,
205898,,,,,,,,,,,82.500000,82.500000,47.038876,49.494930,0.381590,0.342666,,,,,,,,,,,,
205903,,,,,,,,,,,82.500000,82.500000,47.127522,49.963482,0.384241,0.341234,,,,,,,,,,,,
205915,,,,,,,,,,,82.500000,82.500000,47.466480,50.375458,0.387411,0.343064,,,,,,,,,,,,
205918,,,,,,,,,,,82.500000,82.500000,45.743961,48.993835,0.408311,0.360231,,,,,,,,,,,,
205923,,,,,,,,,,,82.500000,82.500000,45.944138,48.914101,0.409965,0.364387,,,,,,,,,,,,
205928,,,,,,,,,,,82.500000,82.500000,46.127075,50.024124,0.411773,0.356535,,,,,,,,,,,,
205933,,,,,,,,,,,82.500000,82.500000,47.477146,51.038540,0.401775,0.349537,,,,,,,,,,,,
205938,,,,,,,,,,,82.500000,82.500000,47.528046,51.374138,0.404763,0.349293,,,,,,,,,,,,
205943,,,,,,,,,,,82.500000,82.500000,48.166004,52.272278,0.401817,0.343335,,,,,,,,,,,,
205948,,,,,,,,,,,82.500000,82.500000,48.157570,52.501614,0.405335,0.344041,,,,,,,,,,,,
205953,,,,,,,,,,,82.500000,82.500000,48.741306,52.711197,0.402874,0.344924,,,,,,,,,,,,
205958,,,,,,,,,,,82.500000,82.500000,49.274765,52.902729,0.400862,0.345969,,,,,,,,,,,,
205963,,,,,,,,,,,82.500000,82.500000,49.762280,53.669209,0.399260,0.341187,,,,,,,,,,,,
205976,,,,,,,,,,,82.500000,82.500000,52.369438,55.632339,0.378721,0.326405,,,,,,,,,,,,
205978,,,,,,,,,,,82.500000,82.500000,50.224628,53.206493,0.403397,0.353593,,,,,,,,,,,,
205983,,,,,,,,,,,82.500000,82.500000,50.630329,53.355366,0.402527,0.355018,,,,,,,,,,,,
205988,,,,,,,,,,,82.500000,82.500000,51.001087,53.491417,0.401969,0.356559,,,,,,,,,,,,
205993,,,,,,,,,,,82.500000,82.500000,51.339912,53.615749,0.401697,0.358204,,,,,,,,,,,,
205998,,,,,,,,,,,82.500000,82.500000,52.240997,54.320816,0.395712,0.353971,,,,,,,,,,,,
206003,,,,,,,,,,,82.500000,82.500000,52.473030,54.965157,0.396394,0.350281,,,,,,,,,,,,
206008,,,,,,,,,,,82.500000,82.500000,52.685078,54.962555,0.397256,0.353061,,,,,,,,,,,,
206013,,,,,,,,,,,82.500000,82.500000,52.878860,54.960178,0.398280,0.355839,,,,,,,,,,,,
206018,,,,,,,,,,,82.500000,82.500000,53.647396,55.549450,0.393480,0.352641,,,,,,,,,,,,
206023,,,,,,,,,,,82.500000,82.500000,53.758293,55.496525,0.395245,0.355870,,,,,,,,,,,,
206035,,,,,,,,,,,82.500000,82.500000,60.365532,63.136940,0.331386,0.281403,,,,,,,,,,,,
206036,,,,,,,,,,,82.500000,82.500000,55.166237,57.698944,0.386112,0.338263,,,,,,,,,,,,
206038,,,,,,,,,,,82.500000,82.500000,53.371983,55.686546,0.406968,0.361068,,,,,,,,,,,,
206043,,,,,,,,,,,82.500000,82.500000,53.506603,55.621811,0.408521,0.364403,,,,,,,,,,,,
206048,,,,,,,,,,,82.500000,82.500000,54.221073,56.154099,0.404204,0.361715,,,,,,,,,,,,
206053,,,,,,,,,,,82.500000,82.500000,54.282558,56.640537,0.406411,0.359436,,,,,,,,,,,,
206058,,,,,,,,,,,82.500000,82.500000,54.338749,57.085079,0.408665,0.357533,,,,,,,,,,,,
206063,,,,,,,,,,,82.500000,82.500000,54.390099,57.491333,0.410963,0.355971,,,,,,,,,,,,
206068,,,,,,,,,,,82.500000,82.500000,55.028473,57.862598,0.407326,0.354722,,,,,,,,,,,,
206073,,,,,,,,,,,82.500000,82.500000,55.020420,58.201885,0.410154,0.353759,,,,,,,,,,,,
206078,,,,,,,,,,,82.500000,82.500000,55.604504,57.920506,0.407003,0.359031,,,,,,,,,,,,
206083,,,,,,,,,,,82.500000,82.500000,55.546837,58.254803,0.410275,0.358112,,,,,,,,,,,,
206088,,,,,,,,,,,82.500000,82.500000,56.085579,58.560310,0.407529,0.357451,,,,,,,,,,,,
206093,,,,,,,,,,,82.500000,82.500000,55.986477,58.248058,0.411172,0.362999,,,,,,,,,,,,
206098,,,,,,,,,,,82.500000,82.500000,56.487354,58.554146,0.408764,0.362333,,,,,,,,,,,,
206103,,,,,,,,,,,82.500000,82.500000,56.945091,58.833870,0.406742,0.361902,,,,,,,,,,,,
206115,,,,,,,,,,,82.500000,82.500000,65.052185,67.369728,0.327416,0.278056,,,,,,,,,,,,
206116,,,,,,,,,,,82.500000,82.500000,59.449226,61.567162,0.385751,0.338175,,,,,,,,,,,,
206118,,,,,,,,,,,82.500000,82.500000,57.286076,59.221592,0.409904,0.363959,,,,,,,,,,,,
206123,,,,,,,,,,,82.500000,82.500000,57.675018,58.852383,0.408497,0.370016,,,,,,,,,,,,
206128,,,,,,,,,,,82.500000,82.500000,57.439014,59.106419,0.413363,0.369815,,,,,,,,,,,,
206133,,,,,,,,,,,82.500000,82.500000,57.223339,59.338573,0.418047,0.369809,,,,,,,,,,,,
206138,,,,,,,,,,,82.500000,82.500000,57.617683,59.550735,0.416592,0.369983,,,,,,,,,,,,
206143,,,,,,,,,,,54.880615,54.880615,57.978065,60.336067,0.136485,0.085390,,,,,,,,,,,,
206148,,,,,,,,,,,54.880615,54.880615,58.307407,59.870869,0.132848,0.089543,,,,,,,,,,,,
206153,,,,,,,,,,,4.933064,4.933064,57.425491,58.854294,-0.363057,-0.405159,,,,,,,,,,,,
206158,,,,,,,,,,,4.933064,4.933064,55.436646,56.150940,-0.348219,-0.383247,,,,,,,,,,,,
206163,,,,,,,,,,,4.933064,4.933064,51.844765,51.906094,-0.316991,-0.345496,,,,,,,,,,,,
206175,,,,,,,,,,,4.933064,4.933064,43.298569,41.728279,-0.239611,-0.251470,,,,,,,,,,,,
206178,,,,,,,,,,,-50.050766,-50.050766,39.569256,37.542770,-0.761118,-0.768213,,,,,,,,,,,,
206183,,,,,,,,,,,-50.050766,-50.050766,34.978256,31.943424,-0.723711,-0.720419,,,,,,,,,,,,
206188,,,,,,,,,,,-50.050766,-50.050766,28.416903,25.052017,-0.665944,-0.659015,,,,,,,,,,,,
206193,,,,,,,,,,,-50.050766,-50.050766,21.237789,16.979834,-0.601282,-0.584996,,,,,,,,,,,,
206198,,,,,,,,,,,-82.499992,-82.499992,12.311235,7.828573,-0.845989,-0.827009,,,,,,,,,,,,
206203,,,,,,,,,,,-82.499992,-82.499992,2.379194,-2.308821,-0.755157,-0.733654,,,,,,,,,,,,
206208,,,,,,,,,,,-82.499992,-82.499992,-8.471734,-13.347414,-0.654051,-0.630183,,,,,,,,,,,,
206213,,,,,,,,,,,-82.499992,-82.499992,-19.570957,-25.209585,-0.549351,-0.517291,,,,,,,,,,,,
206218,,,,,,,,,,,-82.499992,-82.499992,-30.305649,-36.050064,-0.447224,-0.413531,,,,,,,,,,,,
206223,,,,,,,,,,,-82.499992,-82.499992,-39.524315,-45.365410,-0.359335,-0.324091,,,,,,,,,,,,
206239,,,,,,,,,,,-82.499992,-82.499992,-46.960270,-52.900192,-0.294268,-0.256080,,,,,,,,,,,,
206243,,,,,,,,,,,-82.499992,-82.499992,-46.464241,-52.484001,-0.302831,-0.263244,,,,,,,,,,,,
206248,,,,,,,,,,,-82.499992,-82.499992,-47.193825,-53.286549,-0.299066,-0.258140,,,,,,,,,,,,
206253,,,,,,,,,,,-82.499992,-82.499992,-47.860569,-53.428528,-0.295863,-0.259627,,,,,,,,,,,,
206258,,,,,,,,,,,-82.499992,-82.499992,-49.061333,-54.149723,-0.287199,-0.255250,,,,,,,,,,,,
206263,,,,,,,,,,,-82.499992,-82.499992,-50.158672,-54.808800,-0.279460,-0.251428,,,,,,,,,,,,
206268,,,,,,,,,,,-82.499992,-82.499992,-51.752945,-56.002556,-0.266592,-0.242141,,,,,,,,,,,,
206273,,,,,,,,,,,-82.499992,-82.499992,-53.209900,-56.502048,-0.254951,-0.239745,,,,,,,,,,,,
206278,,,,,,,,,,,-82.499992,-82.499992,-53.949924,-56.958519,-0.250406,-0.237735,,,,,,,,,,,,
206283,,,,,,,,,,,-82.499992,-82.499992,-53.443321,-55.601341,-0.258378,-0.253996,,,,,,,,,,,,
206295,,,,,,,,,,,-82.499992,-82.499992,-47.336136,-48.597919,-0.326036,-0.330353,,,,,,,,,,,,
206298,,,,,,,,,,,-82.499992,-82.499992,-44.441956,-45.595062,-0.358784,-0.364072,,,,,,,,,,,,
206303,,,,,,,,,,,-82.499992,-82.499992,-43.571384,-44.625175,-0.371382,-0.377558,,,,,,,,,,,,
206308,,,,,,,,,,,-82.499992,-82.499992,-43.367241,-44.330269,-0.377337,-0.384325,,,,,,,,,,,,
206313,,,,,,,,,,,-82.499992,-82.499992,-44.363571,-45.243652,-0.371187,-0.378916,,,,,,,,,,,,
206318,,,,,,,,,,,-82.499992,-82.499992,-45.274086,-46.669811,-0.365805,-0.368238,,,,,,,,,,,,
206323,,,,,,,,,,,-82.499992,-82.499992,-45.514732,-47.381691,-0.367097,-0.364631,,,,,,,,,,,,
206328,,,,,,,,,,,-82.499992,-82.499992,-45.734653,-47.440811,-0.368574,-0.367546,,,,,,,,,,,,
206333,,,,,,,,,,,-82.499992,-82.499992,-45.344189,-47.494839,-0.376194,-0.370506,,,,,,,,,,,,
206338,,,,,,,,,,,-82.499992,-82.499992,-44.987354,-48.135658,-0.383514,-0.367534,,,,,,,,,,,,
206343,,,,,,,,,,,-82.499992,-82.499992,-45.252697,-48.721283,-0.384585,-0.365056,,,,,,,,,,,,
206348,,,,,,,,,,,-82.499992,-82.499992,-45.495186,-49.256470,-0.385861,-0.363028,,,,,,,,,,,,
206353,,,,,,,,,,,-82.499992,-82.499992,-46.308235,-50.337006,-0.381349,-0.355439,,,,,,,,,,,,
206358,,,,,,,,,,,-82.499992,-82.499992,-47.642700,-51.324474,-0.371491,-0.348682,,,,,,,,,,,,
206363,,,,,,,,,,,-82.499992,-82.499992,-48.270782,-51.635445,-0.368633,-0.348659,,,,,,,,,,,,
206375,,,,,,,,,,,-82.499992,-82.499992,-49.502293,-52.852818,-0.362451,-0.341916,,,,,,,,,,,,
206378,,,,,,,,,,,-82.499992,-82.499992,-48.195873,-51.849262,-0.378945,-0.355017,,,,,,,,,,,,
206383,,,,,,,,,,,-82.499992,-82.499992,-48.776310,-52.115032,-0.376513,-0.355398,,,,,,,,,,,,
206388,,,,,,,,,,,-82.499992,-82.499992,-49.898201,-52.949356,-0.368554,-0.350010,,,,,,,,,,,,
206393,,,,,,,,,,,-82.499992,-82.499992,-50.332016,-53.120377,-0.367433,-0.351237,,,,,,,,,,,,
206398,,,,,,,,,,,-82.499992,-82.499992,-50.728470,-53.276665,-0.366646,-0.352597,,,,,,,,,,,,
206403,,,,,,,,,,,-82.499992,-82.499992,-50.499329,-53.419495,-0.372137,-0.354076,,,,,,,,,,,,
206408,,,,,,,,,,,-82.499992,-82.499992,-50.881371,-52.958576,-0.371479,-0.361640,,,,,,,,,,,,
206413,,,,,,,,,,,-82.499992,-82.499992,-50.639061,-53.128803,-0.377088,-0.362875,,,,,,,,,,,,
206418,,,,,,,,,,,-82.499992,-82.499992,-51.009068,-53.284367,-0.376537,-0.364241,,,,,,,,,,,,
206423,,,,,,,,,,,-82.499992,-82.499992,-51.347206,-53.426533,-0.376271,-0.365726,,,,,,,,,,,,
206435,,,,,,,,,,,-82.499992,-82.499992,-53.693104,-55.970173,-0.358067,-0.345068,,,,,,,,,,,,
206438,,,,,,,,,,,-82.499992,-82.499992,-52.025730,-54.106674,-0.377788,-0.366543,,,,,,,,,,,,
206443,,,,,,,,,,,-82.499992,-82.499992,-52.276302,-54.178013,-0.378305,-0.368661,,,,,,,,,,,,
206448,,,,,,,,,,,-82.499992,-82.499992,-52.505291,-54.243210,-0.379014,-0.370835,,,,,,,,,,,,
206453,,,,,,,,,,,-82.499992,-82.499992,-52.714558,-54.894234,-0.379900,-0.367085,,,,,,,,,,,,
206458,,,,,,,,,,,-82.499992,-82.499992,-52.905800,-55.489185,-0.380947,-0.363837,,,,,,,,,,,,
206463,,,,,,,,,,,-82.499992,-82.499992,-53.080570,-55.441448,-0.382142,-0.367020,,,,,,,,,,,,
206468,,,,,,,,,,,-82.499992,-82.499992,-53.240288,-55.989269,-0.383470,-0.364193,,,,,,,,,,,,
206473,,,,,,,,,,,-82.499992,-82.499992,-53.386250,-56.489906,-0.384922,-0.361788,,,,,,,,,,,,
206478,,,,,,,,,,,-82.499992,-82.499992,-54.111084,-56.355980,-0.380513,-0.365741,,,,,,,,,,,,
206483,,,,,,,,,,,-82.499992,-82.499992,-54.182045,-56.825031,-0.382635,-0.363618,,,,,,,,,,,,
206495,,,,,,,,,,,-82.499992,-82.499992,-61.935677,-64.351021,-0.307155,-0.290173,,,,,,,,,,,,
206496,,,,,,,,,,,-82.499992,-82.499992,-57.192589,-59.399899,-0.357117,-0.341995,,,,,,,,,,,,
206498,,,,,,,,,,,-82.499992,-82.499992,-54.632359,-57.240997,-0.385506,-0.366110,,,,,,,,,,,,
206503,,,,,,,,,,,-82.499992,-82.499992,-55.249866,-57.633823,-0.382056,-0.364668,,,,,,,,,,,,
206508,,,,,,,,,,,-82.499992,-82.499992,-55.222744,-57.992813,-0.385055,-0.363529,,,,,,,,,,,,
206513,,,,,,,,,,,-82.499992,-82.499992,-55.789402,-58.320885,-0.382059,-0.362666,,,,,,,,,,,,
206518,,,,,,,,,,,-68.117233,-68.117233,-55.715809,-58.029255,-0.240208,-0.222763,,,,,,,,,,,,
206523,,,,,,,,,,,-68.117233,-68.117233,-55.057110,-57.762741,-0.248101,-0.226464,,,,,,,,,,,,
206528,,,,,,,,,,,-68.117233,-68.117233,-55.046589,-57.519184,-0.249513,-0.229959,,,,,,,,,,,,
206533,,,,,,,,,,,-68.117233,-68.117233,-55.036972,-56.705158,-0.250917,-0.239241,,,,,,,,,,,,
206538,,,,,,,,,,,-68.117233,-68.117233,-54.436741,-56.552689,-0.258287,-0.241922,,,,,,,,,,,,
206543,,,,,,,,,,,-68.117233,-68.117233,-54.479652,-56.413353,-0.259222,-0.244486,,,,,,,,,,,,
206548,,,,,,,,,,,-18.205534,-18.205534,-53.927422,-56.286018,0.237945,0.257166,,,,,,,,,,,,
206553,,,,,,,,,,,-18.205534,-18.205534,-52.831310,-54.395317,0.230446,0.241878,,,,,,,,,,,,
206558,,,,,,,,,,,36.894890,36.894890,-50.055275,-51.484573,0.762385,0.772613,,,,,,,,,,,,
206563,,,,,,,,,,,36.894890,36.894890,-45.744003,-47.050198,0.727536,0.736663,,,,,,,,,,,,
206575,,,,,,,,,,,36.894890,36.894890,-32.798435,-33.348812,0.612329,0.614013,,,,,,,,,,,,
206578,,,,,,,,,,,36.894890,36.894890,-28.199165,-28.110693,0.572845,0.568132,,,,,,,,,,,,
206583,,,,,,,,,,,82.500000,82.500000,-21.630253,-20.366508,0.973620,0.957028,,,,,,,,,,,,
206588,,,,,,,,,,,82.500000,82.500000,-13.852786,-12.106444,0.905481,0.883888,,,,,,,,,,,,
206593,,,,,,,,,,,82.500000,82.500000,-4.970860,-2.783486,0.825409,0.799187,,,,,,,,,,,,
206598,,,,,,,,,,,82.500000,82.500000,4.920400,7.510818,0.734254,0.703743,,,,,,,,,,,,
206603,,,,,,,,,,,82.500000,82.500000,15.734056,18.692806,0.632794,0.598303,,,,,,,,,,,,
206608,,,,,,,,,,,82.500000,82.500000,26.207775,29.503134,0.533686,0.495500,,,,,,,,,,,,
206613,,,,,,,,,,,82.500000,82.500000,35.779388,39.382366,0.442642,0.401019,,,,,,,,,,,,
206618,,,,,,,,,,,82.500000,82.500000,45.118046,48.410698,0.352994,0.314145,,,,,,,,,,,,
206623,,,,,,,,,,,82.500000,82.500000,50.695137,55.478527,0.300403,0.246169,,,,,,,,,,,,
206635,,,,,,,,,,,82.500000,82.500000,61.706322,64.894829,0.192371,0.153766,,,,,,,,,,,,
206636,,,,,,,,,,,,,56.391544,59.305424,0.248129,0.211980,,,,,,,,,,,,
206638,,,,,,,,,,,82.500000,82.500000,54.491753,57.154659,0.269928,0.236022,,,,,,,,,,,,
206643,,,,,,,,,,,82.500000,82.500000,55.121372,56.963474,0.266370,0.240487,,,,,,,,,,,,
206648,,,,,,,,,,,82.500000,82.500000,55.105316,56.788757,0.269270,0.244806,,,,,,,,,,,,
206653,,,,,,,,,,,82.500000,82.500000,55.090645,56.629089,0.272157,0.248989,,,,,,,,,,,,
206658,,,,,,,,,,,82.500000,82.500000,54.485790,57.074619,0.281007,0.247077,,,,,,,,,,,,
206663,,,,,,,,,,,82.500000,82.500000,53.933033,57.481773,0.289392,0.245507,,,,,,,,,,,,
206668,,,,,,,,,,,82.500000,82.500000,53.427883,56.079525,0.297350,0.262171,,,,,,,,,,,,
206673,,,,,,,,,,,82.500000,82.500000,51.783352,54.206608,0.316867,0.283730,,,,,,,,,,,,
206678,,,,,,,,,,,82.500000,82.500000,49.689022,51.903561,0.341092,0.309820,,,,,,,,,,,,
206683,,,,,,,,,,,82.500000,82.500000,47.775078,49.798874,0.363704,0.334137,,,,,,,,,,,,
206695,,,,,,,,,,,82.500000,82.500000,46.926285,49.156979,0.378864,0.346761,,,,,,,,,,,,
206698,,,,,,,,,,,82.500000,82.500000,45.250294,47.288857,0.399349,0.368964,,,,,,,,,,,,
206703,,,,,,,,,,,82.500000,82.500000,44.901546,47.947418,0.406596,0.365833,,,,,,,,,,,,
206708,,,,,,,,,,,82.500000,82.500000,45.174282,48.549255,0.407602,0.363210,,,,,,,,,,,,
206713,,,,,,,,,,,82.500000,82.500000,44.832081,48.507812,0.414790,0.367024,,,,,,,,,,,,
206718,,,,,,,,,,,82.500000,82.500000,44.519356,48.469940,0.421716,0.370805,,,,,,,,,,,,
206723,,,,,,,,,,,82.500000,82.500000,45.416454,49.026772,0.416453,0.368584,,,,,,,,,,,,
206728,,,,,,,,,,,82.500000,82.500000,46.236286,50.127090,0.411881,0.360819,,,,,,,,,,,,
206733,,,,,,,,,,,82.500000,82.500000,46.985504,51.724083,0.407940,0.347926,,,,,,,,,,,,
206738,,,,,,,,,,,82.500000,82.500000,47.670193,52.592079,0.404576,0.342237,,,,,,,,,,,,
206743,,,,,,,,,,,82.500000,82.500000,48.295910,52.793873,0.401740,0.343190,,,,,,,,,,,,
206756,,,,,,,,,,,82.500000,82.500000,51.685291,55.441803,0.373522,0.321600,,,,,,,,,,,,
206758,,,,,,,,,,,82.500000,82.500000,49.599407,53.032368,0.397671,0.348641,,,,,,,,,,,,
206763,,,,,,,,,,,82.500000,82.500000,50.058960,53.787682,0.396319,0.343959,,,,,,,,,,,,
206768,,,,,,,,,,,82.500000,82.500000,51.070374,53.886497,0.389348,0.345832,,,,,,,,,,,,
206773,,,,,,,,,,,82.500000,82.500000,51.403233,54.568245,0.389129,0.341808,,,,,,,,,,,,
206778,,,,,,,,,,,82.500000,82.500000,51.707420,54.599831,0.389166,0.344282,,,,,,,,,,,,
206783,,,,,,,,,,,82.500000,82.500000,51.985409,54.628696,0.389438,0.346780,,,,,,,,,,,,
206788,,,,,,,,,,,82.500000,82.500000,52.239452,54.655075,0.389924,0.349301,,,,,,,,,,,,
206793,,,,,,,,,,,82.500000,82.500000,52.471615,54.679180,0.390605,0.351842,,,,,,,,,,,,
206798,,,,,,,,,,,82.500000,82.500000,52.092339,54.701210,0.397438,0.354402,,,,,,,,,,,,
206803,,,,,,,,,,,82.500000,82.500000,52.337173,54.721344,0.398006,0.356978,,,,,,,,,,,,
206808,,,,,,,,,,,82.500000,82.500000,52.560921,54.739742,0.398763,0.359570,,,,,,,,,,,,
206813,,,,,,,,,,,82.500000,82.500000,53.356842,55.348000,0.393718,0.356203,,,,,,,,,,,,
206818,,,,,,,,,,,82.500000,82.500000,53.492764,55.903870,0.395259,0.353304,,,,,,,,,,,,
206823,,,,,,,,,,,82.500000,82.500000,53.616982,56.411861,0.396905,0.350833,,,,,,,,,,,,
206835,,,,,,,,,,,82.500000,82.500000,55.099159,57.382389,0.387109,0.345610,,,,,,,,,,,,
206838,,,,,,,,,,,82.500000,82.500000,53.310680,55.988701,0.407913,0.362198,,,,,,,,,,,,
206843,,,,,,,,,,,82.500000,82.500000,53.450581,55.897942,0.409419,0.365766,,,,,,,,,,,,
206848,,,,,,,,,,,82.500000,82.500000,53.578430,56.406445,0.411033,0.363290,,,,,,,,,,,,
206853,,,,,,,,,,,82.500000,82.500000,53.695267,56.279705,0.412745,0.367180,,,,,,,,,,,,
206858,,,,,,,,,,,82.500000,82.500000,53.802040,56.755325,0.414547,0.364998,,,,,,,,,,,,
206863,,,,,,,,,,,82.500000,82.500000,53.899620,57.189983,0.416431,0.363182,,,,,,,,,,,,
206868,,,,,,,,,,,82.500000,82.500000,54.580238,56.995758,0.412417,0.367675,,,,,,,,,,,,
206873,,,,,,,,,,,82.500000,82.500000,54.610790,57.409706,0.414900,0.366044,,,,,,,,,,,,
206878,,,,,,,,,,,82.500000,82.500000,55.230156,57.788002,0.411434,0.364733,,,,,,,,,,,,
206883,,,,,,,,,,,82.500000,82.500000,55.796177,58.133713,0.408444,0.363712,,,,,,,,,,,,
206895,,,,,,,,,,,82.500000,82.500000,57.949203,60.441910,0.391277,0.344472,,,,,,,,,,,,
206898,,,,,,,,,,,82.500000,82.500000,56.506695,58.784706,0.408302,0.363416,,,,,,,,,,,,
206903,,,,,,,,,,,82.500000,82.500000,56.962765,59.044571,0.406295,0.363163,,,,,,,,,,,,
206908,,,,,,,,,,,82.500000,82.500000,56.788109,59.282055,0.410613,0.363110,,,,,,,,,,,,
206913,,,,,,,,,,,82.500000,82.500000,57.219940,59.499084,0.408822,0.363239,,,,,,,,,,,,
206918,,,,,,,,,,,82.500000,82.500000,57.614578,59.697418,0.407364,0.363536,,,,,,,,,,,,
206923,,,,,,,,,,,82.500000,82.500000,57.975227,60.470116,0.406210,0.358012,,,,,,,,,,,,
206928,,,,,,,,,,,82.500000,82.500000,58.304813,61.176262,0.405334,0.353083,,,,,,,,,,,,
206933,,,,,,,,,,,82.500000,82.500000,58.606010,61.230141,0.404712,0.354672,,,,,,,,,,,,
206938,,,,,,,,,,,82.500000,82.500000,58.289822,61.279381,0.410294,0.356301,,,,,,,,,,,,
206943,,,,,,,,,,,82.500000,82.500000,58.592312,61.324379,0.409660,0.357969,,,,,,,,,,,,
206955,,,,,,,,,,,82.500000,82.500000,65.374641,69.054283,0.343550,0.282014,,,,,,,,,,,,
206956,,,,,,,,,,,82.500000,82.500000,60.335354,63.106625,0.396159,0.343430,,,,,,,,,,,,
206958,,,,,,,,,,,68.958611,68.958611,57.504436,60.628464,0.290200,0.233631,,,,,,,,,,,,
206963,,,,,,,,,,,68.958611,68.958611,57.874573,60.138081,0.287607,0.239417,,,,,,,,,,,,
206968,,,,,,,,,,,68.958611,68.958611,57.621384,59.689934,0.291272,0.244825,,,,,,,,,,,,
206973,,,,,,,,,,,68.958611,68.958611,57.389999,59.280388,0.294743,0.249888,,,,,,,,,,,,
206978,,,,,,,,,,,16.804790,16.804790,57.769993,58.906116,-0.234692,-0.272117,,,,,,,,,,,,
206983,,,,,,,,,,,16.804790,16.804790,56.342922,57.381191,-0.224375,-0.260926,,,,,,,,,,,,
206988,,,,,,,,,,,16.804790,16.804790,53.855873,53.621826,-0.203209,-0.227014,,,,,,,,,,,,
206993,,,,,,,,,,,16.804790,16.804790,50.991592,49.594810,-0.177985,-0.190022,,,,,,,,,,,,
206998,,,,,,,,,,,-40.814987,-40.814987,47.782566,45.323200,-0.730953,-0.732118,,,,,,,,,,,,
207003,,,,,,,,,,,-40.814987,-40.814987,43.075600,40.236614,-0.692272,-0.689357,,,,,,,,,,,,
207008,,,,,,,,,,,-40.814987,-40.814987,36.999710,33.813801,-0.639295,-0.632592,,,,,,,,,,,,
207013,,,,,,,,,,,-40.814987,-40.814987,30.264248,26.761297,-0.579048,-0.568825,,,,,,,,,,,,
207018,,,,,,,,,,,-82.499992,-82.499992,22.926023,18.541893,-0.933058,-0.913585,,,,,,,,,,,,
207023,,,,,,,,,,,-82.499992,-82.499992,14.445507,10.438983,-0.857948,-0.841850,,,,,,,,,,,,
207035,,,,,,,,,,,-82.499992,-82.499992,-9.273590,-14.709367,-0.628079,-0.597145,,,,,,,,,,,,
207036,,,,,,,,,,,-82.499992,-82.499992,-8.474854,-14.033891,-0.643469,-0.610747,,,,,,,,,,,,
207038,,,,,,,,,,,-82.499992,-82.499992,-13.659361,-18.739597,-0.598508,-0.570065,,,,,,,,,,,,
207043,,,,,,,,,,,-82.499992,-82.499992,-23.720329,-28.954449,-0.503776,-0.473272,,,,,,,,,,,,
207048,,,,,,,,,,,-82.499992,-82.499992,-33.506187,-38.289494,-0.410817,-0.384342,,,,,,,,,,,,
207053,,,,,,,,,,,-82.499992,-82.499992,-42.449188,-45.637619,-0.325392,-0.314547,,,,,,,,,,,,
207058,,,,,,,,,,,-82.500000,-82.500000,-47.664703,-50.578514,-0.276721,-0.268330,,,,,,,,,,,,
207063,,,,,,,,,,,-82.500000,-82.500000,-49.473782,-52.728069,-0.261933,-0.249812,,,,,,,,,,,,
207068,,,,,,,,,,,-82.500000,-82.500000,-48.761265,-52.326702,-0.272432,-0.256843,,,,,,,,,,,,
207073,,,,,,,,,,,-82.500000,-82.500000,-48.110115,-51.368462,-0.282382,-0.269539,,,,,,,,,,,,
207078,,,,,,,,,,,-82.500000,-82.500000,-48.106495,-51.084198,-0.285858,-0.275523,,,,,,,,,,,,
207083,,,,,,,,,,,-82.499992,-82.499992,-48.694633,-51.415863,-0.283357,-0.275315,,,,,,,,,,,,
207095,,,,,,,,,,,-82.499992,-82.499992,-56.329453,-59.407745,-0.209626,-0.197705,,,,,,,,,,,,
207096,,,,,,,,,,,-82.499992,-82.499992,-51.477787,-54.290943,-0.261245,-0.251694,,,,,,,,,,,,
207098,,,,,,,,,,,-82.499992,-82.499992,-50.001221,-52.572079,-0.279260,-0.271875,,,,,,,,,,,,
207103,,,,,,,,,,,-82.499992,-82.499992,-51.017609,-53.958485,-0.272244,-0.260865,,,,,,,,,,,,
207108,,,,,,,,,,,-82.499992,-82.499992,-50.172119,-54.634033,-0.283932,-0.256896,,,,,,,,,,,,
207113,,,,,,,,,,,-82.499992,-82.499992,-48.808010,-52.885616,-0.300942,-0.277342,,,,,,,,,,,,
207118,,,,,,,,,,,-82.500000,-82.500000,-46.378502,-50.104900,-0.328850,-0.308389,,,,,,,,,,,,
207123,,,,,,,,,,,-82.500000,-82.500000,-44.158245,-48.155136,-0.354886,-0.331321,,,,,,,,,,,,
207128,,,,,,,,,,,-82.500000,-82.500000,-42.720665,-46.964748,-0.373240,-0.346778,,,,,,,,,,,,
207133,,,,,,,,,,,-82.500000,-82.500000,-42.589794,-47.059780,-0.378540,-0.349372,,,,,,,,,,,,
207138,,,,,,,,,,,-82.500000,-82.500000,-43.061642,-46.555180,-0.377765,-0.358013,,,,,,,,,,,,
207143,,,,,,,,,,,-82.499992,-82.499992,-43.492847,-46.685486,-0.377354,-0.360291,,,,,,,,,,,,
207155,,,,,,,,,,,-82.499992,-82.499992,-48.618473,-53.310463,-0.329486,-0.296960,,,,,,,,,,,,
207156,,,,,,,,,,,-82.499992,-82.499992,-45.022400,-48.718822,-0.369194,-0.346255,,,,,,,,,,,,
207158,,,,,,,,,,,-82.499992,-82.499992,-43.510391,-46.888439,-0.388213,-0.368120,,,,,,,,,,,,
207163,,,,,,,,,,,-82.499992,-82.499992,-43.902946,-47.581486,-0.388147,-0.364681,,,,,,,,,,,,
207168,,,,,,,,,,,-82.499992,-82.499992,-44.261692,-48.214840,-0.388384,-0.361776,,,,,,,,,,,,
207173,,,,,,,,,,,-82.499992,-82.499992,-44.589539,-48.793644,-0.388896,-0.359359,,,,,,,,,,,,
207178,,,,,,,,,,,-82.499992,-82.499992,-44.889145,-49.322598,-0.389661,-0.357387,,,,,,,,,,,,
207183,,,,,,,,,,,-82.499992,-82.499992,-45.754395,-50.397434,-0.384683,-0.349849,,,,,,,,,,,,
207188,,,,,,,,,,,-82.499992,-82.499992,-45.953674,-50.788254,-0.386345,-0.349112,,,,,,,,,,,,
207193,,,,,,,,,,,-82.499992,-82.499992,-46.727234,-51.145409,-0.382187,-0.348675,,,,,,,,,,,,
207198,,,,,,,,,,,-82.499992,-82.499992,-47.434166,-52.063248,-0.378624,-0.342541,,,,,,,,,,,,
207203,,,,,,,,,,,-82.499992,-82.499992,-48.671654,-52.310589,-0.369632,-0.343086,,,,,,,,,,,,
207215,,,,,,,,,,,-82.499992,-82.499992,,,-0.307831,-0.272139,,,,,,,,,,,,
207216,,,,,,,,,,,-82.499992,-82.499992,-50.969028,-54.497681,-0.352549,-0.326302,,,,,,,,,,,,
207218,,,,,,,,,,,-82.499992,-82.499992,-48.944836,-52.169563,-0.376146,-0.352616,,,,,,,,,,,,
207223,,,,,,,,,,,-82.499992,-82.499992,-48.869320,-52.407745,-0.380265,-0.353244,,,,,,,,,,,,
207228,,,,,,,,,,,-82.499992,-82.499992,-49.391754,-52.625416,-0.378351,-0.354055,,,,,,,,,,,,
207233,,,,,,,,,,,-82.499992,-82.499992,-49.869190,-52.824337,-0.376840,-0.355033,,,,,,,,,,,,
207238,,,,,,,,,,,-82.499992,-82.499992,-50.305504,-53.006126,-0.375696,-0.356164,,,,,,,,,,,,
207243,,,,,,,,,,,-82.499992,-82.499992,-50.704239,-53.172256,-0.374888,-0.357436,,,,,,,,,,,,
207248,,,,,,,,,,,-82.499992,-82.499992,-51.068630,-53.915524,-0.374388,-0.352862,,,,,,,,,,,,
207253,,,,,,,,,,,-82.499992,-82.499992,-51.401638,-54.003326,-0.374167,-0.354833,,,,,,,,,,,,
207258,,,,,,,,,,,-82.499992,-82.499992,-51.705963,-53.492123,-0.374204,-0.362846,,,,,,,,,,,,
207263,,,,,,,,,,,-82.499992,-82.499992,-51.984077,-53.616394,-0.374474,-0.364492,,,,,,,,,,,,
207268,,,,,,,,,,,-82.499992,-82.499992,-52.238235,-54.321407,-0.374959,-0.360260,,,,,,,,,,,,
207273,,,,,,,,,,,-82.499992,-82.499992,-52.470505,-54.374252,-0.375639,-0.362544,,,,,,,,,,,,
207278,,,,,,,,,,,-82.499992,-82.499992,-52.682770,-55.013992,-0.376498,-0.358895,,,,,,,,,,,,
207283,,,,,,,,,,,-82.499992,-82.499992,-52.876751,-55.007183,-0.377520,-0.361712,,,,,,,,,,,,
207295,,,,,,,,,,,-82.499992,-82.499992,,,-0.307009,-0.286868,,,,,,,,,,,,
207296,,,,,,,,,,,-82.499992,-82.499992,-54.970512,-57.290268,-0.361571,-0.343383,,,,,,,,,,,,
207298,,,,,,,,,,,-82.499992,-82.499992,-52.601669,-55.313068,-0.388249,-0.365874,,,,,,,,,,,,
207303,,,,,,,,,,,-82.499992,-82.499992,-52.802635,-55.280502,-0.389209,-0.368922,,,,,,,,,,,,
207308,,,,,,,,,,,-82.499992,-82.499992,-52.986294,-55.250740,-0.390324,-0.371944,,,,,,,,,,,,
207313,,,,,,,,,,,-82.499992,-82.499992,-53.745579,-55.814987,-0.385606,-0.368970,,,,,,,,,,,,
207318,,,,,,,,,,,-82.499992,-82.499992,-54.439465,-56.330635,-0.381473,-0.366431,,,,,,,,,,,,
207323,,,,,,,,,,,-82.499992,-82.499992,-54.482140,-56.801868,-0.383849,-0.364288,,,,,,,,,,,,
207328,,,,,,,,,,,-82.499992,-82.499992,-54.521141,-57.232517,-0.386256,-0.362508,,,,,,,,,,,,
207333,,,,,,,,,,,-82.499992,-82.499992,-55.148228,-57.034626,-0.382721,-0.367034,,,,,,,,,,,,
207338,,,,,,,,,,,-82.499992,-82.499992,-55.721302,-57.445225,-0.379668,-0.365433,,,,,,,,,,,,
207343,,,,,,,,,,,-82.499992,-82.499992,-55.653572,-57.820461,-0.383030,-0.364149,,,,,,,,,,,,
207355,,,,,,,,,,,-82.499992,-82.499992,-57.830101,-59.639801,-0.365653,-0.349965,,,,,,,,,,,,
207358,,,,,,,,,,,-82.499992,-82.499992,-55.806408,-57.460236,-0.388560,-0.374265,,,,,,,,,,,,
207363,,,,,,,,,,,-82.499992,-82.499992,-56.322796,-57.834179,-0.386014,-0.372992,,,,,,,,,,,,
207368,,,,,,,,,,,-82.499992,-82.499992,-56.794704,-58.175915,-0.383865,-0.372007,,,,,,,,,,,,
207373,,,,,,,,,,,-82.499992,-82.499992,-57.225967,-58.488216,-0.382080,-0.371285,,,,,,,,,,,,
207378,,,,,,,,,,,-50.237545,-50.237545,-57.620087,-58.773617,-0.054776,-0.044953,,,,,,,,,,,,
207383,,,,,,,,,,,-50.237545,-50.237545,-57.388817,-58.442993,-0.056373,-0.047439,,,,,,,,,,,,
207388,,,,,,,,,,,-50.237545,-50.237545,-55.994576,-57.549400,-0.069740,-0.055644,,,,,,,,,,,,
207393,,,,,,,,,,,-50.237545,-50.237545,-54.720421,-56.141327,-0.082033,-0.069134,,,,,,,,,,,,
207398,,,,,,,,,,,6.026282,6.026282,-53.556007,-54.854530,0.474919,0.486724,,,,,,,,,,,,
207403,,,,,,,,,,,6.026282,6.026282,-51.900440,-52.495678,0.464156,0.468988,,,,,,,,,,,,
207415,,,,,,,,,,,67.288803,67.288803,-42.264061,-42.761177,1.000000,1.000000,,,,,,,,,,,,
207418,,,,,,,,,,,67.288803,67.288803,-36.849514,-37.303814,0.958995,0.962567,,,,,,,,,,,,
207423,,,,,,,,,,,67.288803,67.288803,-29.535543,-29.950714,0.895537,0.898760,,,,,,,,,,,,
207428,,,,,,,,,,,67.288803,67.288803,-20.485748,-20.273716,0.813817,0.810746,,,,,,,,,,,,
207433,,,,,,,,,,,67.288803,67.288803,-11.032523,-10.247310,0.727117,0.718235,,,,,,,,,,,,
207438,,,,,,,,,,,67.288803,67.288803,-0.619172,0.689856,0.629774,0.615524,,,,,,,,,,,,
207443,,,,,,,,,,,82.500000,82.500000,10.080165,12.459335,0.682135,0.656945,,,,,,,,,,,,
207448,,,,,,,,,,,82.500000,82.500000,20.449409,23.215107,0.584647,0.555316,,,,,,,,,,,,
207453,,,,,,,,,,,82.500000,82.500000,29.925549,34.227371,0.495143,0.450020,,,,,,,,,,,,
207458,,,,,,,,,,,82.500000,82.500000,37.402618,43.108257,0.424882,0.365151,,,,,,,,,,,,
207463,,,,,,,,,,,82.500000,82.500000,42.461349,47.675560,0.378299,0.322960,,,,,,,,,,,,
207475,,,,,,,,,,,82.500000,82.500000,54.181713,58.946823,0.263927,0.212603,,,,,,,,,,,,
207476,,,,,,,,,,,,,49.515030,53.869720,0.313892,0.266237,,,,,,,,,,,,
207478,,,,,,,,,,,82.500000,82.500000,48.798958,52.778580,0.324423,0.280120,,,,,,,,,,,,
207483,,,,,,,,,,,82.500000,82.500000,51.101788,54.738644,0.304535,0.263296,,,,,,,,,,,,
207488,,,,,,,,,,,82.500000,82.500000,53.206272,56.529884,0.286419,0.247980,,,,,,,,,,,,
207493,,,,,,,,,,,82.500000,82.500000,55.129498,58.166847,0.269924,0.234044,,,,,,,,,,,,
207498,,,,,,,,,,,82.500000,82.500000,55.704185,59.071373,0.266857,0.227342,,,,,,,,,,,,
207503,,,,,,,,,,,82.500000,82.500000,55.046486,59.306549,0.276179,0.227309,,,,,,,,,,,,
207508,,,,,,,,,,,82.500000,82.500000,54.445435,57.747131,0.284995,0.245379,,,,,,,,,,,,
207513,,,,,,,,,,,82.500000,82.500000,52.713264,55.139137,0.305295,0.274195,,,,,,,,,,,,
207518,,,,,,,,,,,82.500000,82.500000,49.947395,52.755772,0.336209,0.301003,,,,,,,,,,,,
207523,,,,,,,,,,,82.500000,82.500000,48.011196,51.169132,0.359020,0.320002,,,,,,,,,,,,
207528,,,,,,,,,,,82.500000,82.500000,46.833206,50.310593,0.374367,0.331807,,,,,,,,,,,,
207533,,,,,,,,,,,82.500000,82.500000,46.348122,49.526001,0.382833,0.342950,,,,,,,,,,,,
207538,,,,,,,,,,,82.500000,82.500000,46.496262,49.400429,0.384952,0.347516,,,,,,,,,,,,
207543,,,,,,,,,,,82.500000,82.500000,46.040199,49.285675,0.393158,0.351985,,,,,,,,,,,,
207555,,,,,,,,,,,82.500000,82.500000,50.946419,54.503807,0.347252,0.302603,,,,,,,,,,,,
207556,,,,,,,,,,,82.500000,82.500000,46.558395,50.400829,0.394726,0.346843,,,,,,,,,,,,
207558,,,,,,,,,,,82.500000,82.500000,44.914089,47.834129,0.414928,0.375976,,,,,,,,,,,,
207563,,,,,,,,,,,82.500000,82.500000,45.185745,48.445724,0.415943,0.373266,,,,,,,,,,,,
207568,,,,,,,,,,,82.500000,82.500000,46.025448,49.596088,0.411193,0.365053,,,,,,,,,,,,
207573,,,,,,,,,,,82.500000,82.500000,47.384270,50.055927,0.401116,0.363699,,,,,,,,,,,,
207578,,,,,,,,,,,82.500000,82.500000,48.034611,51.067604,0.398059,0.356725,,,,,,,,,,,,
207583,,,,,,,,,,,82.500000,82.500000,48.037495,51.992146,0.401477,0.350530,,,,,,,,,,,,
207588,,,,,,,,,,,82.500000,82.500000,49.223019,52.245609,0.392949,0.351021,,,,,,,,,,,,
207593,,,,,,,,,,,82.500000,82.500000,49.714989,52.477242,0.391308,0.351707,,,,,,,,,,,,
207598,,,,,,,,,,,82.500000,82.500000,50.164585,53.280369,0.390046,0.346598,,,,,,,,,,,,
207603,,,,,,,,,,,82.500000,82.500000,50.575459,54.014324,0.389129,0.342107,,,,,,,,,,,,
207615,,,,,,,,,,,82.500000,82.500000,58.048283,60.599510,0.316846,0.278445,,,,,,,,,,,,
207616,,,,,,,,,,,82.500000,82.500000,53.048573,55.971508,0.369789,0.327378,,,,,,,,,,,,
207618,,,,,,,,,,,82.500000,82.500000,50.845268,53.516449,0.394987,0.354827,,,,,,,,,,,,
207623,,,,,,,,,,,82.500000,82.500000,51.197514,54.230072,0.394595,0.350518,,,,,,,,,,,,
207628,,,,,,,,,,,82.500000,82.500000,51.519421,54.290783,0.394474,0.352731,,,,,,,,,,,,
207633,,,,,,,,,,,82.500000,82.500000,51.222157,54.346264,0.400574,0.354992,,,,,,,,,,,,
207638,,,,,,,,,,,82.500000,82.500000,51.541939,54.396969,0.400472,0.357295,,,,,,,,,,,,
207643,,,,,,,,,,,82.500000,82.500000,51.834179,55.034752,0.400617,0.353664,,,,,,,,,,,,
207648,,,,,,,,,,,82.500000,82.500000,52.101250,55.026157,0.400986,0.356497,,,,,,,,,,,,
207653,,,,,,,,,,,82.500000,82.500000,52.345318,55.609749,0.401560,0.353350,,,,,,,,,,,,
207658,,,,,,,,,,,82.500000,82.500000,51.976917,55.551628,0.408297,0.356626,,,,,,,,,,,,
207663,,,,,,,,,,,82.500000,82.500000,52.231693,55.498512,0.408776,0.359858,,,,,,,,,,,,
207675,,,,,,,,,,,82.500000,82.500000,,,,,,,,,,,,,,,,
207676,,,,,,,,,,,82.500000,82.500000,54.431786,58.292046,0.391876,0.336279,,,,,,,,,,,,
207678,,,,,,,,,,,82.500000,82.500000,52.109344,55.637119,0.418139,0.365515,,,,,,,,,,,,
207683,,,,,,,,,,,82.500000,82.500000,52.944160,56.168087,0.412746,0.362838,,,,,,,,,,,,
207688,,,,,,,,,,,82.500000,82.500000,53.115627,56.653320,0.413970,0.360571,,,,,,,,,,,,
207693,,,,,,,,,,,82.500000,82.500000,53.272327,57.096764,0.415326,0.358677,,,,,,,,,,,,
207698,,,,,,,,,,,82.500000,82.500000,54.006973,57.502010,0.410829,0.357124,,,,,,,,,,,,
207703,,,,,,,,,,,82.500000,82.500000,54.678345,57.280910,0.406897,0.361857,,,,,,,,,,,,
207708,,,,,,,,,,,82.500000,82.500000,54.700447,57.670300,0.409456,0.360446,,,,,,,,,,,,
207713,,,,,,,,,,,82.500000,82.500000,54.720646,58.026150,0.412032,0.359335,,,,,,,,,,,,
207718,,,,,,,,,,,82.500000,82.500000,54.739105,58.351349,0.414624,0.358498,,,,,,,,,,,,
207723,,,,,,,,,,,82.500000,82.500000,55.347420,58.057095,0.411256,0.363885,,,,,,,,,,,,
207728,,,,,,,,,,,82.500000,82.500000,55.903339,58.379627,0.408356,0.363071,,,,,,,,,,,,
207733,,,,,,,,,,,82.500000,82.500000,56.411377,59.265827,0.405885,0.356533,,,,,,,,,,,,
207738,,,,,,,,,,,82.500000,82.500000,56.875656,59.484253,0.403804,0.356650,,,,,,,,,,,,
207743,,,,,,,,,,,82.500000,82.500000,56.708504,59.683865,0.408055,0.356935,,,,,,,,,,,,
207755,,,,,,,,,,,82.500000,82.500000,64.244530,67.555069,0.334520,0.279718,,,,,,,,,,,,
207756,,,,,,,,,,,82.500000,82.500000,59.302582,61.736538,0.386260,0.339980,,,,,,,,,,,,
207758,,,,,,,,,,,82.500000,82.500000,56.560619,59.376381,0.416273,0.365893,,,,,,,,,,,,
207763,,,,,,,,,,,82.500000,82.500000,56.420601,59.585285,0.420281,0.366096,,,,,,,,,,,,
207768,,,,,,,,,,,82.500000,82.500000,56.884087,59.776196,0.418208,0.366459,,,,,,,,,,,,
207773,,,,,,,,,,,82.500000,82.500000,56.716209,59.950665,0.422465,0.366969,,,,,,,,,,,,
207778,,,,,,,,,,,82.500000,82.500000,57.154236,60.110104,0.420619,0.367614,,,,,,,,,,,,
207783,,,,,,,,,,,82.500000,82.500000,57.554535,60.255814,0.419111,0.368381,,,,,,,,,,,,
207788,,,,,,,,,,,82.500000,82.500000,58.511799,60.980415,0.411937,0.363287,,,,,,,,,,,,
207793,,,,,,,,,,,82.500000,82.500000,58.795170,61.642609,0.411474,0.358751,,,,,,,,,,,,
207798,,,,,,,,,,,82.500000,82.500000,59.054134,61.656322,0.411229,0.360698,,,,,,,,,,,,
207803,,,,,,,,,,,82.500000,82.500000,59.290794,62.260300,0.411183,0.356683,,,,,,,,,,,,
207816,,,,,,,,,,,82.500000,82.500000,61.999706,64.428772,0.387675,0.338005,,,,,,,,,,,,
207818,,,,,,,,,,,82.500000,82.500000,59.025440,61.836735,0.419765,0.365992,,,,,,,,,,,,
207823,,,,,,,,,,,82.500000,82.500000,59.856014,61.833729,0.413723,0.368088,,,,,,,,,,,,
207828,,,,,,,,,,,51.215733,51.215733,60.023609,61.830982,0.098324,0.054211,,,,,,,,,,,,
207833,,,,,,,,,,,51.215733,51.215733,60.176769,61.237026,0.095896,0.059149,,,,,,,,,,,,
207838,,,,,,,,,,,-6.124971,-6.124971,59.725292,60.102783,-0.479581,-0.509538,,,,,,,,,,,,
207843,,,,,,,,,,,-6.124971,-6.124971,58.129810,57.291897,-0.470052,-0.487771,,,,,,,,,,,,
207848,,,,,,,,,,,-6.124971,-6.124971,53.714523,52.357334,-0.431883,-0.444274,,,,,,,,,,,,
207853,,,,,,,,,,,-6.124971,-6.124971,48.496635,46.664898,-0.385166,-0.392628,,,,,,,,,,,,
207858,,,,,,,,,,,-66.123726,-66.123726,43.728165,41.462753,-0.948454,-0.951353,,,,,,,,,,,,
207863,,,,,,,,,,,-66.123726,-66.123726,37.596069,34.934334,-0.897505,-0.896175,,,,,,,,,,,,
207875,,,,,,,,,,,-66.123726,-66.123726,21.129091,17.825111,-0.750485,-0.742040,,,,,,,,,,,,
207878,,,,,,,,,,,-82.499992,-82.499992,15.169125,11.558271,-0.864415,-0.852540,,,,,,,,,,,,
207883,,,,,,,,,,,-82.499992,-82.499992,5.582376,1.691083,-0.777356,-0.762288,,,,,,,,,,,,
207888,,,,,,,,,,,-82.499992,-82.499992,-5.544443,-9.692023,-0.673783,-0.655737,,,,,,,,,,,,
207893,,,,,,,,,,,-82.499992,-82.499992,-16.304352,-21.277592,-0.572804,-0.546004,,,,,,,,,,,,
207898,,,,,,,,,,,-82.500000,-82.500000,-27.320396,-32.456734,-0.468161,-0.439217,,,,,,,,,,,,
207903,,,,,,,,,,,-82.500000,-82.500000,-37.387627,-42.673016,-0.372000,-0.341037,,,,,,,,,,,,
207908,,,,,,,,,,,-82.500000,-82.500000,-45.404877,-50.826477,-0.295537,-0.262670,,,,,,,,,,,,
207913,,,,,,,,,,,-82.500000,-82.500000,-50.365818,-55.911900,-0.249141,-0.214474,,,,,,,,,,,,
207918,,,,,,,,,,,-82.500000,-82.500000,-51.350803,-56.419201,-0.242406,-0.212009,,,,,,,,,,,,
207923,,,,,,,,,,,-82.499992,-82.499992,-49.885174,-55.108475,-0.260324,-0.227856,,,,,,,,,,,,
207935,,,,,,,,,,,-82.499992,-82.499992,-48.198986,-54.131836,-0.283657,-0.242785,,,,,,,,,,,,
207938,,,,,,,,,,,-82.499992,-82.499992,-45.821934,-51.835228,-0.311095,-0.268818,,,,,,,,,,,,
207943,,,,,,,,,,,-82.499992,-82.499992,-46.015396,-52.102207,-0.312809,-0.269188,,,,,,,,,,,,
207948,,,,,,,,,,,-82.499992,-82.499992,-46.783638,-52.346191,-0.308698,-0.269764,,,,,,,,,,,,
207953,,,,,,,,,,,-82.499992,-82.499992,-47.485714,-52.569160,-0.305179,-0.270527,,,,,,,,,,,,
207958,,,,,,,,,,,-82.499992,-82.499992,-48.718765,-52.772926,-0.296226,-0.271462,,,,,,,,,,,,
207963,,,,,,,,,,,-82.499992,-82.499992,-50.437057,-51.776253,-0.282250,-0.284501,,,,,,,,,,,,
207968,,,,,,,,,,,-82.499992,-82.499992,-50.824463,-50.273979,-0.281543,-0.302746,,,,,,,,,,,,
207973,,,,,,,,,,,-82.499992,-82.499992,-48.812721,-48.901096,-0.305029,-0.319835,,,,,,,,,,,,
207978,,,,,,,,,,,-82.499992,-82.499992,-46.382805,-47.055016,-0.332940,-0.341840,,,,,,,,,,,,
207983,,,,,,,,,,,-82.499992,-82.499992,-44.753624,-44.776493,-0.353006,-0.368398,,,,,,,,,,,,
207988,,,,,,,,,,,-82.499992,-82.499992,-44.447655,-44.468555,-0.359871,-0.375281,,,,,,,,,,,,
207993,,,,,,,,,,,-82.499992,-82.499992,-44.168037,-44.778584,-0.366501,-0.375952,,,,,,,,,,,,
207998,,,,,,,,,,,-82.499992,-82.499992,-44.503948,-45.653355,-0.366941,-0.370889,,,,,,,,,,,,
208003,,,,,,,,,,,-82.499992,-82.499992,-44.219482,-45.861336,-0.373614,-0.372473,,,,,,,,,,,,
208015,,,,,,,,,,,-82.499992,-82.499992,-46.118816,-48.621971,-0.361462,-0.351249,,,,,,,,,,,,
208018,,,,,,,,,,,-82.499992,-82.499992,-44.512371,-46.799931,-0.381325,-0.373040,,,,,,,,,,,,
208023,,,,,,,,,,,-82.499992,-82.499992,-44.818626,-48.092049,-0.382031,-0.363559,,,,,,,,,,,,
208028,,,,,,,,,,,-82.499992,-82.499992,-45.098503,-48.681431,-0.382972,-0.361047,,,,,,,,,,,,
208033,,,,,,,,,,,-82.499992,-82.499992,-45.354275,-49.220047,-0.384129,-0.358989,,,,,,,,,,,,
208038,,,,,,,,,,,-82.499992,-82.499992,-46.179462,-49.712273,-0.379509,-0.357346,,,,,,,,,,,,
208043,,,,,,,,,,,-82.499992,-82.499992,-46.933575,-50.753548,-0.375525,-0.350107,,,,,,,,,,,,
208048,,,,,,,,,,,-82.499992,-82.499992,-48.214180,-51.113693,-0.366147,-0.349645,,,,,,,,,,,,
208053,,,,,,,,,,,-82.499992,-82.499992,-48.793041,-51.442818,-0.363730,-0.349459,,,,,,,,,,,,
208058,,,,,,,,,,,-82.499992,-82.499992,-48.730602,-51.743595,-0.367731,-0.349527,,,,,,,,,,,,
208063,,,,,,,,,,,-82.499992,-82.499992,-49.264984,-51.427021,-0.365711,-0.355800,,,,,,,,,,,,
208075,,,,,,,,,,,-82.499992,-82.499992,-56.259232,-58.235054,-0.298392,-0.290146,,,,,,,,,,,,
208076,,,,,,,,,,,-82.499992,-82.499992,-52.005058,-53.219257,-0.343983,-0.343232,,,,,,,,,,,,
208078,,,,,,,,,,,-82.497826,-82.040390,-49.891632,-51.592697,-0.368357,-0.357947,,,,,,,,,,,,
208083,,,,,,,,,,,-82.497826,-82.040390,-49.734570,-51.289120,-0.373204,-0.364057,,,,,,,,,,,,
208088,,,,,,,,,,,-82.497826,-82.040390,-50.182480,-51.603138,-0.371956,-0.363961,,,,,,,,,,,,
208093,,,,,,,,,,,-82.497826,-82.040390,-50.000366,-51.890106,-0.377027,-0.364106,,,,,,,,,,,,
208098,,,,,,,,,,,-82.497826,-82.040390,-50.425385,-52.152359,-0.375984,-0.364473,,,,,,,,,,,,
208103,,,,,,,,,,,-82.493050,-81.029564,-50.813793,-52.392025,-0.375220,-0.354831,,,,,,,,,,,,
208108,,,,,,,,,,,-82.493050,-81.029564,-51.168751,-52.611050,-0.374803,-0.355483,,,,,,,,,,,,
208113,,,,,,,,,,,-82.493050,-81.029564,-52.084579,-53.402653,-0.368685,-0.350330,,,,,,,,,,,,
208118,,,,,,,,,,,-82.493050,-81.029564,-52.330082,-53.534630,-0.369247,-0.351759,,,,,,,,,,,,
208123,,,,,,,,,,,-82.493050,-81.029564,-51.962994,-53.063797,-0.375971,-0.359264,,,,,,,,,,,,
208135,,,,,,,,,,,-82.493050,-81.029564,-58.724861,-60.322300,-0.358218,-0.343296,,,,,,,,,,,,
208136,,,,,,,,,,,,,-54.258324,-55.126728,,,,,,,,,,,,,,
208138,,,,,,,,,,,-82.483757,-79.065002,-51.950821,-52.744431,-0.384253,-0.350105,,,,,,,,,,,,
208143,,,,,,,,,,,-82.483757,-79.065002,-52.207844,-53.524548,-0.384710,-0.344858,,,,,,,,,,,,
208148,,,,,,,,,,,-82.483757,-79.065002,-52.442730,-53.646027,-0.385366,-0.346185,,,,,,,,,,,,
208153,,,,,,,,,,,-82.483757,-79.065002,-52.657387,-53.757042,-0.386202,-0.347606,,,,,,,,,,,,
208158,,,,,,,,,,,-82.483757,-79.065002,-53.445000,-53.858498,-0.381229,-0.349112,,,,,,,,,,,,
208163,,,,,,,,,,,-82.478546,-77.962959,-53.573330,-53.359768,-0.382785,-0.345539,,,,,,,,,,,,
208168,,,,,,,,,,,-82.478546,-77.962959,-53.690605,-53.495438,-0.384491,-0.346629,,,,,,,,,,,,
208173,,,,,,,,,,,-82.478546,-77.962959,-54.389225,-53.619423,-0.380313,-0.347824,,,,,,,,,,,,
208178,,,,,,,,,,,-82.478546,-77.962959,-55.027676,-53.141285,-0.376674,-0.355087,,,,,,,,,,,,
208183,,,,,,,,,,,-82.478546,-77.962959,-55.019691,-53.295773,-0.379500,-0.356009,,,,,,,,,,,,
208188,,,,,,,,,,,-82.482773,-78.857109,-55.603840,-53.436954,-0.376388,-0.366081,,,,,,,,,,,,
208193,,,,,,,,,,,-82.482773,-78.857109,-56.137672,-54.157421,-0.373684,-0.361346,,,,,,,,,,,,
208198,,,,,,,,,,,-82.482773,-78.857109,-56.034081,-54.224392,-0.377365,-0.363140,,,,,,,,,,,,
208203,,,,,,,,,,,-82.478394,-77.930038,-56.530857,-54.877037,-0.374948,-0.349648,,,,,,,,,,,,
208215,,,,,,,,,,,-82.478394,-77.930038,-59.154217,-57.232513,-0.352887,-0.329758,,,,,,,,,,,,
208218,,,,,,,,,,,-82.478394,-77.930038,-57.016476,-55.260288,-0.376810,-0.351747,,,,,,,,,,,,
208223,,,,,,,,,,,-82.478394,-77.930038,-57.428638,-55.823711,-0.375194,-0.348324,,,,,,,,,,,,
208228,,,,,,,,,,,-82.474075,-77.018692,-57.805302,-56.338608,-0.373851,-0.336129,,,,,,,,,,,,
208233,,,,,,,,,,,-82.474075,-77.018692,-58.149525,-56.809155,-0.372841,-0.333445,,,,,,,,,,,,
208238,,,,,,,,,,,-82.474075,-77.018692,-58.464100,-57.239174,-0.372096,-0.331123,,,,,,,,,,,,
208243,,,,,,,,,,,-82.478531,-77.961365,-58.160133,-57.632156,-0.377612,-0.338652,,,,,,,,,,,,
208248,,,,,,,,,,,-82.478531,-77.961365,-58.473793,-57.991291,-0.376876,-0.337058,,,,,,,,,,,,
208253,,,,,,,,,,,-82.478531,-77.961365,-58.760437,-58.319492,-0.376382,-0.335740,,,,,,,,,,,,
208258,,,,,,,,,,,-82.478531,-77.961365,-59.022392,-59.210873,-0.376108,-0.328701,,,,,,,,,,,,
208263,,,,,,,,,,,-82.478531,-77.961365,-59.261787,-59.434032,-0.376035,-0.328323,,,,,,,,,,,,
208275,,,,,,,,,,,-82.477112,-77.659431,-61.384033,-62.119331,-0.358439,-0.301037,,,,,,,,,,,,
208278,,,,,,,,,,,-82.482880,-78.880867,-59.054237,-59.726204,-0.384137,-0.339099,,,,,,,,,,,,
208283,,,,,,,,,,,-82.482880,-78.880867,-59.882332,-60.496422,-0.378116,-0.333235,,,,,,,,,,,,
208288,,,,,,,,,,,-82.482880,-78.880867,-60.047657,-60.608856,-0.378707,-0.333938,,,,,,,,,,,,
208293,,,,,,,,,,,-82.482880,-78.880867,-60.198746,-61.303051,-0.379424,-0.328754,,,,,,,,,,,,
208298,,,,,,,,,,,-82.482880,-78.880867,-60.928265,-61.937454,-0.374285,-0.324104,,,,,,,,,,,,
208303,,,,,,,,,,,-82.482880,-78.880867,-61.594948,-62.517216,-0.369707,-0.319943,,,,,,,,,,,,
208308,,,,,,,,,,,-82.482880,-78.880867,-61.612766,-62.455601,-0.371615,-0.322201,,,,,,,,,,,,
208313,,,,,,,,,,,-82.487297,-79.814491,-62.220493,-62.990734,-0.367609,-0.327869,,,,,,,,,,,,
208318,,,,,,,,,,,-82.487297,-79.814491,-62.775879,-63.479778,-0.364026,-0.324612,,,,,,,,,,,,
208323,,,,,,,,,,,-82.487297,-79.814491,-63.283428,-63.926701,-0.360871,-0.321731,,,,,,,,,,,,
208336,,,,,,,,,,,-82.487297,-79.814491,-66.364250,-67.492928,-0.332662,-0.287962,,,,,,,,,,,,
208338,,,,,,,,,,,-82.487297,-79.814491,-63.605507,-64.636971,-0.362138,-0.318039,,,,,,,,,,,,
208343,,,,,,,,,,,-51.767040,-51.767040,-64.041603,-64.984222,-0.049347,-0.032770,,,,,,,,,,,,
208348,,,,,,,,,,,-51.767040,-51.767040,-63.848690,-64.710121,-0.050068,-0.034217,,,,,,,,,,,,
208353,,,,,,,,,,,-51.767040,-51.767040,-63.080948,-63.868183,-0.056614,-0.041426,,,,,,,,,,,,
208358,,,,,,,,,,,-51.767040,-51.767040,-61.787888,-62.507317,-0.068542,-0.053961,,,,,,,,,,,,
208363,,,,,,,,,,,-51.767040,-51.767040,-60.606197,-60.672218,-0.079475,-0.071421,,,,,,,,,,,,
208368,,,,,,,,,,,-51.767040,-51.767040,-59.526287,-59.586620,-0.089498,-0.081495,,,,,,,,,,,,
208373,,,,,,,,,,,19.173994,19.173994,-58.539391,-58.594528,0.617814,0.625771,,,,,,,,,,,,
208378,,,,,,,,,,,19.173994,19.173994,-56.454605,-55.913548,0.604529,0.606470,,,,,,,,,,,,
208383,,,,,,,,,,,19.173994,19.173994,-51.592159,-51.097702,0.562982,0.565338,,,,,,,,,,,,
208398,,,,,,,,,,,19.173994,19.173994,-31.737028,-30.243073,0.374912,0.366961,,,,,,,,,,,,
208399,,,,,,,,,,,,,-29.003511,-27.046785,0.352394,0.339620,,,,,,,,,,,,
208403,,,,,,,,,,,19.173994,19.173994,-20.590984,-18.211348,0.272245,0.255004,,,,,,,,,,,,
208408,,,,,,,,,,,82.500000,82.500000,-12.311586,-9.545462,0.832193,0.810810,,,,,,,,,,,,
208413,,,,,,,,,,,82.500000,82.500000,-3.562404,-0.443081,0.753307,0.728080,,,,,,,,,,,,
208418,,,,,,,,,,,82.500000,82.500000,6.207544,9.649645,0.663237,0.634438,,,,,,,,,,,,
208423,,,,,,,,,,,82.500000,82.500000,14.544559,18.873081,0.586662,0.548566,,,,,,,,,,,,
208428,,,,,,,,,,,82.500000,82.500000,20.980618,24.936321,0.528453,0.493690,,,,,,,,,,,,
208433,,,,,,,,,,,82.500000,82.500000,25.679445,29.885889,0.487147,0.449456,,,,,,,,,,,,
208438,,,,,,,,,,,82.500000,82.500000,30.565008,35.000595,0.443485,0.403059,,,,,,,,,,,,
208443,,,,,,,,,,,82.500000,82.500000,35.621223,40.266212,0.397611,0.354626,,,,,,,,,,,,
208448,,,,,,,,,,,82.500000,82.500000,40.833389,45.078304,0.349656,0.310247,,,,,,,,,,,,
208453,,,,,,,,,,,82.500000,82.500000,45.005184,49.475929,0.311687,0.269574,,,,,,,,,,,,
208458,,,,,,,,,,,82.500000,82.500000,48.817661,52.903339,0.276931,0.238259,,,,,,,,,,,,
208463,,,,,,,,,,,82.500000,82.500000,51.710323,56.035549,0.251083,0.209583,,,,,,,,,,,,
208475,,,,,,,,,,,82.500000,82.500000,53.506802,57.068104,0.238478,0.203806,,,,,,,,,,,,
208478,,,,,,,,,,,82.500000,82.500000,50.081139,53.927151,0.275976,0.238073,,,,,,,,,,,,
208483,,,,,,,,,,,82.500000,82.500000,48.133419,51.648174,0.298890,0.263948,,,,,,,,,,,,
208488,,,,,,,,,,,82.500000,82.500000,45.762012,49.565487,0.326278,0.288069,,,,,,,,,,,,
208493,,,,,,,,,,,82.500000,82.500000,44.777744,48.845070,0.339893,0.298638,,,,,,,,,,,,
208498,,,,,,,,,,,82.500000,82.500000,44.469696,48.186703,0.346776,0.308653,,,,,,,,,,,,
208503,,,,,,,,,,,82.500000,82.500000,44.188183,47.585041,0.353422,0.318161,,,,,,,,,,,,
208508,,,,,,,,,,,82.500000,82.500000,43.339470,47.035202,0.365826,0.327206,,,,,,,,,,,,
208513,,,,,,,,,,,82.500000,82.500000,42.563858,46.532719,0.377575,0.335828,,,,,,,,,,,,
208518,,,,,,,,,,,82.500000,82.500000,41.855049,46.073517,0.388728,0.344062,,,,,,,,,,,,
208523,,,,,,,,,,,82.500000,82.500000,41.207291,45.653866,0.399335,0.351944,,,,,,,,,,,,
208536,,,,,,,,,,,82.500000,82.500000,43.603161,48.397758,0.382745,0.330869,,,,,,,,,,,,
208538,,,,,,,,,,,82.500000,82.500000,42.213390,46.595028,0.400671,0.352487,,,,,,,,,,,,
208543,,,,,,,,,,,82.500000,82.500000,42.126213,47.313347,0.405580,0.348822,,,,,,,,,,,,
208548,,,,,,,,,,,82.500000,82.500000,43.229431,47.378353,0.398475,0.351684,,,,,,,,,,,,
208553,,,,,,,,,,,82.500000,82.500000,43.646187,48.029205,0.398193,0.348623,,,,,,,,,,,,
208558,,,,,,,,,,,82.500000,82.500000,44.618492,48.624001,0.392258,0.346062,,,,,,,,,,,,
208563,,,,,,,,,,,82.500000,82.500000,44.915607,49.759010,0.393045,0.337986,,,,,,,,,,,,
208568,,,,,,,,,,,82.500000,82.500000,45.778576,49.613369,0.388088,0.342732,,,,,,,,,,,,
208573,,,,,,,,,,,82.500000,82.500000,45.975773,50.071720,0.389768,0.341391,,,,,,,,,,,,
208578,,,,,,,,,,,82.500000,82.500000,47.338875,51.082035,0.379653,0.334430,,,,,,,,,,,,
208583,,,,,,,,,,,82.500000,82.500000,47.993126,51.413887,0.376561,0.334220,,,,,,,,,,,,
208595,,,,,,,,,,,82.500000,82.500000,49.810909,53.748791,0.364452,0.316114,,,,,,,,,,,,
208598,,,,,,,,,,,82.500000,82.500000,47.886463,52.076622,0.387158,0.335878,,,,,,,,,,,,
208603,,,,,,,,,,,82.500000,82.500000,48.493553,52.322811,0.384487,0.336434,,,,,,,,,,,,
208608,,,,,,,,,,,82.500000,82.500000,48.456909,51.956352,0.388258,0.343153,,,,,,,,,,,,
208613,,,,,,,,,,,82.500000,82.500000,49.014866,52.212898,0.386027,0.343616,,,,,,,,,,,,
208618,,,,,,,,,,,82.500000,82.500000,48.933319,52.447350,0.390199,0.344277,,,,,,,,,,,,
208623,,,,,,,,,,,82.500000,82.500000,48.858795,52.661606,0.394309,0.345118,,,,,,,,,,,,
208628,,,,,,,,,,,82.500000,82.500000,48.790691,52.265965,0.398361,0.352098,,,,,,,,,,,,
208633,,,,,,,,,,,82.500000,82.500000,49.319897,53.087292,0.396387,0.346826,,,,,,,,,,,,
208638,,,,,,,,,,,82.500000,82.500000,49.803524,53.246433,0.394820,0.348160,,,,,,,,,,,,
208643,,,,,,,,,,,82.500000,82.500000,50.245495,53.391865,0.393626,0.349617,,,,,,,,,,,,
208648,,,,,,,,,,,82.500000,82.500000,50.649399,53.524773,0.392772,0.351185,,,,,,,,,,,,
208653,,,,,,,,,,,82.500000,82.500000,51.018517,53.646233,0.392229,0.352856,,,,,,,,,,,,
208658,,,,,,,,,,,82.500000,82.500000,51.355839,54.348675,0.391970,0.348647,,,,,,,,,,,,
208663,,,,,,,,,,,82.500000,82.500000,51.072662,54.399170,0.397944,0.350952,,,,,,,,,,,,
208675,,,,,,,,,,,82.500000,82.500000,52.923313,56.241974,0.384854,0.337245,,,,,,,,,,,,
208678,,,,,,,,,,,82.500000,82.500000,51.322243,54.355064,0.403983,0.358929,,,,,,,,,,,,
208683,,,,,,,,,,,82.500000,82.500000,51.041962,54.405010,0.409932,0.361239,,,,,,,,,,,,
208688,,,,,,,,,,,82.500000,82.500000,50.785820,55.042099,0.415664,0.357614,,,,,,,,,,,,
208693,,,,,,,,,,,82.500000,82.500000,51.143185,55.032871,0.415226,0.360453,,,,,,,,,,,,
208698,,,,,,,,,,,82.500000,82.500000,52.061214,55.024437,0.409090,0.363285,,,,,,,,,,,,
208703,,,,,,,,,,,79.195595,82.484367,52.308731,55.608173,0.376259,0.359979,,,,,,,,,,,,
208708,,,,,,,,,,,79.195595,82.484367,52.534927,56.733078,0.376664,0.351305,,,,,,,,,,,,
208713,,,,,,,,,,,79.195595,82.484367,52.741642,57.169651,0.377242,0.349470,,,,,,,,,,,,
208718,,,,,,,,,,,79.195595,82.484367,52.930553,56.977177,0.377979,0.353946,,,,,,,,,,,,
208723,,,,,,,,,,,79.195595,82.484367,52.511749,56.801281,0.384836,0.358273,,,,,,,,,,,,
208735,,,,,,,,,,,67.458229,82.428879,53.635612,58.248116,0.258547,0.347537,,,,,,,,,,,,
208738,,,,,,,,,,,67.458229,82.428879,51.381744,56.188419,0.282693,0.370758,,,,,,,,,,,,
208743,,,,,,,,,,,65.205299,82.418228,51.096336,56.671902,0.264429,0.368391,,,,,,,,,,,,
208748,,,,,,,,,,,65.205299,82.418228,50.244068,57.113743,0.274448,0.366503,,,,,,,,,,,,
208753,,,,,,,,,,,65.205299,82.418228,49.465206,57.517529,0.283810,0.364956,,,,,,,,,,,,
208758,,,,,,,,,,,65.205299,82.418228,49.344872,57.886536,0.286600,0.363719,,,,,,,,,,,,
208763,,,,,,,,,,,65.205299,82.418228,48.643456,58.223759,0.295270,0.362766,,,,,,,,,,,,
208768,,,,,,,,,,,46.478050,82.329689,48.002453,58.531937,0.114255,0.361179,,,,,,,,,,,,
208773,,,,,,,,,,,46.478050,82.329689,47.416660,58.222130,0.120019,0.366687,,,,,,,,,,,,
208778,,,,,,,,,,,46.478050,82.329689,46.881325,58.530449,0.125332,0.365984,,,,,,,,,,,,
208783,,,,,,,,,,,36.751255,82.283691,45.800652,59.403660,0.037966,0.359080,,,,,,,,,,,,
208795,,,,,,,,,,,36.751255,82.283691,48.361725,66.707550,0.011194,0.287599,,,,,,,,,,,,
208796,,,,,,,,,,,36.751255,82.283691,44.196320,60.962013,0.052104,0.347186,,,,,,,,,,,,
208798,,,,,,,,,,,36.751255,82.283691,42.164017,58.668568,0.071886,0.372482,,,,,,,,,,,,
208803,,,,,,,,,,,36.751255,82.283691,40.898201,59.529881,0.084129,0.366144,,,,,,,,,,,,
208808,,,,,,,,,,,21.626497,82.212173,39.741409,59.725563,-0.057362,0.365721,,,,,,,,,,,,
208813,,,,,,,,,,,21.626497,82.212173,38.684254,60.495838,-0.048496,0.360190,,,,,,,,,,,,
208818,,,,,,,,,,,21.626497,82.212173,37.126705,61.199768,-0.034471,0.355252,,,,,,,,,,,,
208823,,,,,,,,,,,24.602077,82.226250,35.703308,61.843067,0.008409,0.350998,,,,,,,,,,,,
208828,,,,,,,,,,,24.602077,82.226250,33.811066,62.430962,0.026411,0.347099,,,,,,,,,,,,
208833,,,,,,,,,,,24.602077,82.226250,32.081802,63.559662,0.042955,0.337678,,,,,,,,,,,,
208838,,,,,,,,,,,65.651443,82.420334,30.501480,63.999702,0.472767,0.337061,,,,,,,,,,,,
208843,,,,,,,,,,,65.651443,82.420334,30.240160,64.993286,0.478921,0.328868,,,,,,,,,,,,
208856,,,,,,,,,,,65.651443,82.420334,33.903370,68.873260,0.448319,0.292128,,,,,,,,,,,,
208858,,,,,,,,,,,65.651443,82.420334,33.349045,66.489861,0.457093,0.317555,,,,,,,,,,,,
208863,,,,,,,,,,,65.651443,82.420334,35.208244,67.268967,0.441545,0.311279,,,,,,,,,,,,
208868,,,,,,,,,,,82.500000,82.500000,37.498756,67.980972,0.591626,0.306408,,,,,,,,,,,,
208873,,,,,,,,,,,82.500000,82.500000,40.183430,68.631653,0.569011,0.301288,,,,,,,,,,,,
208878,,,,,,,,,,,82.500000,82.500000,43.819763,68.634842,0.536515,0.302642,,,,,,,,,,,,
208883,,,,,,,,,,,82.500000,82.500000,47.142895,68.637756,0.506820,0.304000,,,,,,,,,,,,
208888,,,,,,,,,,,82.500000,82.500000,50.771252,69.231865,0.473709,0.299385,,,,,,,,,,,,
208893,,,,,,,,,,,82.500000,82.500000,53.495651,69.183357,0.449365,0.301202,,,,,,,,,,,,
208898,,,,,,,,,,,82.500000,82.500000,56.576843,69.139030,0.421146,0.302981,,,,,,,,,,,,
208903,,,,,,,,,,,41.582596,41.582596,58.801208,69.098518,-0.011994,-0.108539,,,,,,,,,,,,
208908,,,,,,,,,,,41.582596,41.582596,60.242542,68.470055,-0.028273,-0.104943,,,,,,,,,,,,
208913,,,,,,,,,,,41.582596,41.582596,59.785400,65.529938,-0.025522,-0.077937,,,,,,,,,,,,
208918,,,,,,,,,,,41.582596,41.582596,58.184742,62.251610,-0.011175,-0.047220,,,,,,,,,,,,
208923,,,,,,,,,,,0.198171,0.198171,54.947613,59.255646,-0.398123,-0.437011,,,,,,,,,,,,
208935,,,,,,,,,,,0.198171,0.198171,46.430443,49.487827,-0.322636,-0.349657,,,,,,,,,,,,
208938,,,,,,,,,,,-38.899948,-38.899948,41.248489,44.042542,-0.669812,-0.694479,,,,,,,,,,,,
208943,,,,,,,,,,,-38.899948,-38.899948,35.921413,37.883369,-0.624024,-0.640566,,,,,,,,,,,,
208948,,,,,,,,,,,-38.899948,-38.899948,29.870270,31.071798,-0.570389,-0.579448,,,,,,,,,,,,
208953,,,,,,,,,,,-38.899948,-38.899948,22.565979,23.664021,-0.503493,-0.511626,,,,,,,,,,,,
208958,,,,,,,,,,,-38.899948,-38.899948,15.299362,15.711385,-0.436247,-0.437561,,,,,,,,,,,,
208963,,,,,,,,,,,-79.548630,-79.548630,7.475732,7.260821,-0.773200,-0.768223,,,,,,,,,,,,
208968,,,,,,,,,,,-79.548630,-79.548630,-0.856938,-1.644782,-0.697742,-0.686957,,,,,,,,,,,,
208973,,,,,,,,,,,-79.548630,-79.548630,-10.246247,-11.557679,-0.610779,-0.594628,,,,,,,,,,,,
208978,,,,,,,,,,,-82.500000,-82.499985,-20.009743,-22.391109,-0.548907,-0.521818,,,,,,,,,,,,
208983,,,,,,,,,,,-82.500000,-82.499985,-29.523752,-32.291454,-0.459065,-0.427835,,,,,,,,,,,,
208995,,,,,,,,,,,-82.500000,-82.499985,-46.277138,-48.588608,-0.298339,-0.271188,,,,,,,,,,,,
208998,,,,,,,,,,,-82.500000,-82.499985,-45.839947,-48.543774,-0.306377,-0.275032,,,,,,,,,,,,
209003,,,,,,,,,,,-82.500000,-82.499985,-46.623302,-48.502804,-0.302131,-0.278841,,,,,,,,,,,,
209008,,,,,,,,,,,-82.500000,-82.499985,-47.339188,-47.873917,-0.298488,-0.288593,,,,,,,,,,,,
209013,,,,,,,,,,,-82.500000,-82.499985,-47.993412,-48.482086,-0.295397,-0.285913,,,,,,,,,,,,
209018,,,,,,,,,,,-82.500000,-82.499985,-49.182732,-48.446426,-0.286835,-0.289675,,,,,,,,,,,,
209023,,,,,,,,,,,-82.499992,-82.499977,-50.269615,-49.596729,-0.279189,-0.281462,,,,,,,,,,,,
209028,,,,,,,,,,,-82.499992,-82.499977,-51.854332,-50.647957,-0.266407,-0.274135,,,,,,,,,,,,
209033,,,,,,,,,,,-82.499992,-82.499977,-52.711113,-51.608643,-0.260818,-0.267617,,,,,,,,,,,,
209038,,,,,,,,,,,-82.499992,-82.499992,-54.085541,-53.078030,-0.249915,-0.255866,,,,,,,,,,,,
209043,,,,,,,,,,,-82.499992,-82.499992,-54.158703,-53.829411,-0.252018,-0.251219,,,,,,,,,,,,
209055,,,,,,,,,,,-82.499992,-82.499992,-56.591343,-55.107521,-0.230282,-0.241177,,,,,,,,,,,,
209056,,,,,,,,,,,-82.499992,-82.499992,-51.717117,-50.361099,-0.282103,-0.291855,,,,,,,,,,,,
209058,,,,,,,,,,,-82.499992,-82.499992,-48.445602,-46.614933,-0.318223,-0.332905,,,,,,,,,,,,
209063,,,,,,,,,,,-82.499992,-82.499992,-46.638752,-44.374313,-0.339878,-0.359124,,,,,,,,,,,,
209068,,,,,,,,,,,-82.499992,-82.499992,-46.170418,-43.509567,-0.348194,-0.371671,,,,,,,,,,,,
209073,,,,,,,,,,,-82.499992,-82.499992,-45.742420,-43.310749,-0.356150,-0.377578,,,,,,,,,,,,
209078,,,,,,,,,,,-82.499992,-82.499992,-45.351284,-43.129055,-0.363776,-0.383332,,,,,,,,,,,,
209083,,,,,,,,,,,-82.499992,-82.499992,-44.993839,-42.963009,-0.371101,-0.388946,,,,,,,,,,,,
209088,,,,,,,,,,,-82.499992,-82.499992,-45.850071,-43.402710,-0.366204,-0.388459,,,,,,,,,,,,
209093,,,,,,,,,,,-82.499992,-82.499992,-46.041107,-44.395985,-0.367939,-0.382336,,,,,,,,,,,,
209098,,,,,,,,,,,-82.499992,-82.499992,-46.215691,-45.303707,-0.369822,-0.376979,,,,,,,,,,,,
209103,,,,,,,,,,,-82.499992,-82.499992,-46.375237,-45.541805,-0.371839,-0.378294,,,,,,,,,,,,
209108,,,,,,,,,,,-82.499992,-82.499992,-47.112488,-45.759396,-0.368005,-0.379792,,,,,,,,,,,,
209113,,,,,,,,,,,-82.499992,-82.499992,-47.194794,-45.958244,-0.370713,-0.381457,,,,,,,,,,,,
209118,,,,,,,,,,,-82.499992,-82.499977,-47.861454,-47.322857,-0.367510,-0.371329,,,,,,,,,,,,
209123,,,,,,,,,,,-82.499992,-82.499977,-48.470695,-48.569935,-0.364820,-0.362251,,,,,,,,,,,,
209135,,,,,,,,,,,-82.500000,-82.499985,-55.533356,-56.215492,-0.296891,-0.288424,,,,,,,,,,,,
209136,,,,,,,,,,,-82.500000,-82.499985,-51.341702,-51.373642,-0.341923,-0.339955,,,,,,,,,,,,
209138,,,,,,,,,,,-82.500000,-82.499985,-49.285408,-49.314598,-0.365807,-0.363864,,,,,,,,,,,,
209143,,,,,,,,,,,-82.500000,-82.499985,-49.772003,-49.798679,-0.364214,-0.362293,,,,,,,,,,,,
209148,,,,,,,,,,,-82.500000,-82.499985,-50.216690,-50.832512,-0.362996,-0.355122,,,,,,,,,,,,
209153,,,,,,,,,,,-82.500000,-82.499985,-50.031631,-51.185856,-0.368093,-0.354720,,,,,,,,,,,,
209158,,,,,,,,,,,-82.500000,-82.499985,-50.453957,-51.508766,-0.367074,-0.354590,,,,,,,,,,,,
209163,,,,,,,,,,,-82.499992,-82.499992,-50.248463,-51.212421,-0.372354,-0.360682,,,,,,,,,,,,
209168,,,,,,,,,,,-82.499992,-82.499992,-50.652111,-52.124489,-0.371503,-0.354599,,,,,,,,,,,,
209173,,,,,,,,,,,-82.499992,-82.499992,-51.020992,-51.775108,-0.370962,-0.361165,,,,,,,,,,,,
209178,,,,,,,,,,,-82.499992,-82.499992,-50.766659,-52.047268,-0.376678,-0.361489,,,,,,,,,,,,
209183,,,,,,,,,,,-82.499992,-82.499992,-51.125675,-52.295986,-0.376226,-0.362022,,,,,,,,,,,,
209195,,,,,,,,,,,-82.499992,-82.499992,-59.142555,-59.620621,-0.298393,-0.291064,,,,,,,,,,,,
209196,,,,,,,,,,,-82.499992,-82.499992,-54.048595,-55.076931,-0.352177,-0.339243,,,,,,,,,,,,
209198,,,,,,,,,,,-56.438286,-56.438286,-52.350605,-52.698921,-0.108949,-0.102780,,,,,,,,,,,,
209203,,,,,,,,,,,-56.438286,-56.438286,-52.573196,-52.300068,-0.107110,-0.107182,,,,,,,,,,,,
209208,,,,,,,,,,,-56.438286,-56.438286,-51.002281,-51.344120,-0.123362,-0.117251,,,,,,,,,,,,
209213,,,,,,,,,,,-56.438286,-56.438286,-50.158115,-49.879066,-0.132432,-0.132558,,,,,,,,,,,,
209218,,,,,,,,,,,-14.942842,-14.942842,-48.795212,-48.540195,0.272279,0.272368,,,,,,,,,,,,
209223,,,,,,,,,,,-14.942842,-14.942842,-46.958248,-46.725197,0.257111,0.257396,,,,,,,,,,,,
209228,,,,,,,,,,,-14.942842,-14.942842,-44.096615,-43.883636,0.231410,0.231874,,,,,,,,,,,,
209233,,,,,,,,,,,-14.942842,-14.942842,-40.298565,-40.103931,0.195965,0.196594,,,,,,,,,,,,
209238,,,,,,,,,,,32.185085,32.185085,-36.827641,-36.649773,0.639436,0.640215,,,,,,,,,,,,
209243,,,,,,,,,,,32.185085,32.185085,-33.064224,-32.901676,0.608327,0.609242,,,,,,,,,,,,
209255,,,,,,,,,,,32.185085,32.185085,-21.936169,-19.421841,0.502458,0.479605,,,,,,,,,,,,
209256,,,,,,,,,,,32.185085,32.185085,-19.455357,-17.749033,0.482814,0.467870,,,,,,,,,,,,
209258,,,,,,,,,,,82.500000,82.500000,-14.822439,-12.671637,0.949366,0.929762,,,,,,,,,,,,
209263,,,,,,,,,,,82.500000,82.500000,-5.856996,-3.299998,0.868548,0.844626,,,,,,,,,,,,
209268,,,,,,,,,,,82.500000,82.500000,4.110586,7.630239,0.776711,0.742811,,,,,,,,,,,,
209273,,,,,,,,,,,82.500000,82.500000,14.993993,18.801941,0.674627,0.637463,,,,,,,,,,,,
209278,,,,,,,,,,,82.500000,82.500000,25.531454,30.194313,0.574950,0.528770,,,,,,,,,,,,
209283,,,,,,,,,,,82.500000,82.500000,33.386986,38.831123,0.501306,0.446769,,,,,,,,,,,,
209288,,,,,,,,,,,82.500000,82.500000,39.383030,43.766819,0.445657,0.401285,,,,,,,,,,,,
209293,,,,,,,,,,,82.500000,82.500000,43.679745,47.685959,0.406572,0.365575,,,,,,,,,,,,
209298,,,,,,,,,,,82.500000,82.500000,47.606384,51.858986,0.370795,0.326909,,,,,,,,,,,,
209303,,,,,,,,,,,82.500000,82.500000,51.786263,55.081146,0.332067,0.297430,,,,,,,,,,,,
209316,,,,,,,,,,,82.500000,82.500000,60.545826,63.838078,0.248292,0.212991,,,,,,,,,,,,
209318,,,,,,,,,,,82.500000,82.500000,58.879669,62.479805,0.267315,0.228576,,,,,,,,,,,,
209323,,,,,,,,,,,82.500000,82.500000,59.131355,63.604301,0.267135,0.219220,,,,,,,,,,,,
209328,,,,,,,,,,,82.500000,82.500000,59.361362,63.449055,0.267149,0.222678,,,,,,,,,,,,
209333,,,,,,,,,,,82.500000,82.500000,58.980114,61.532845,0.273314,0.243937,,,,,,,,,,,,
209338,,,,,,,,,,,82.500000,82.500000,56.265923,59.190231,0.303079,0.269694,,,,,,,,,,,,
209343,,,,,,,,,,,82.500000,82.500000,54.376953,57.049389,0.324781,0.293647,,,,,,,,,,,,
209348,,,,,,,,,,,82.500000,82.500000,52.059235,55.092937,0.351002,0.315953,,,,,,,,,,,,
209353,,,,,,,,,,,82.500000,82.500000,51.124031,53.896442,0.363492,0.330778,,,,,,,,,,,,
209358,,,,,,,,,,,82.500000,82.500000,50.860821,53.394444,0.369288,0.338708,,,,,,,,,,,,
209363,,,,,,,,,,,82.500000,82.500000,50.028839,53.527126,0.380855,0.340279,,,,,,,,,,,,
209368,,,,,,,,,,,82.500000,82.500000,49.268513,52.465492,0.391781,0.353899,,,,,,,,,,,,
209373,,,,,,,,,,,82.500000,82.500000,48.573673,52.086742,0.402122,0.360727,,,,,,,,,,,,
209378,,,,,,,,,,,82.500000,82.500000,47.938683,51.740616,0.411928,0.367265,,,,,,,,,,,,
209383,,,,,,,,,,,82.500000,82.500000,47.949829,52.015743,0.415272,0.367562,,,,,,,,,,,,
209395,,,,,,,,,,,82.500000,82.500000,54.465908,59.364513,0.352914,0.296388,,,,,,,,,,,,
209396,,,,,,,,,,,82.500000,82.500000,49.774750,54.251434,0.403099,0.350343,,,,,,,,,,,,
209398,,,,,,,,,,,82.500000,82.500000,47.853420,51.944527,0.425777,0.376468,,,,,,,,,,,,
209403,,,,,,,,,,,82.500000,82.500000,48.463356,52.202091,0.423081,0.376922,,,,,,,,,,,,
209408,,,,,,,,,,,82.500000,82.500000,49.020756,53.028919,0.420855,0.371601,,,,,,,,,,,,
209413,,,,,,,,,,,82.500000,82.500000,49.530148,53.784531,0.419058,0.366916,,,,,,,,,,,,
209418,,,,,,,,,,,82.500000,82.500000,49.995667,54.475063,0.417653,0.362813,,,,,,,,,,,,
209423,,,,,,,,,,,82.500000,82.500000,51.012535,55.106117,0.410633,0.359242,,,,,,,,,,,,
209428,,,,,,,,,,,82.500000,82.500000,51.350372,55.091373,0.410370,0.362131,,,,,,,,,,,,
209433,,,,,,,,,,,82.500000,82.500000,52.250557,56.260792,0.404393,0.353060,,,,,,,,,,,,
209438,,,,,,,,,,,82.500000,82.500000,53.073208,56.738041,0.399109,0.350864,,,,,,,,,,,,
209443,,,,,,,,,,,82.500000,82.500000,53.233559,56.582741,0.400432,0.355009,,,,,,,,,,,,
209455,,,,,,,,,,,82.500000,82.500000,55.319447,58.065601,0.384553,0.344520,,,,,,,,,,,,
209458,,,,,,,,,,,82.500000,82.500000,53.511997,56.613068,0.405526,0.361634,,,,,,,,,,,,
209463,,,,,,,,,,,82.500000,82.500000,53.634556,57.059975,0.407187,0.359709,,,,,,,,,,,,
209468,,,,,,,,,,,82.500000,82.500000,54.338005,57.468391,0.402969,0.358128,,,,,,,,,,,,
209473,,,,,,,,,,,82.500000,82.500000,54.389420,57.841633,0.405266,0.356861,,,,,,,,,,,,
209478,,,,,,,,,,,82.500000,82.500000,54.436405,57.591282,0.407602,0.361856,,,,,,,,,,,,
209483,,,,,,,,,,,82.500000,82.500000,55.070789,57.953938,0.404001,0.360684,,,,,,,,,,,,
209488,,,,,,,,,,,82.500000,82.500000,55.059090,58.285358,0.406862,0.359791,,,,,,,,,,,,
209493,,,,,,,,,,,82.500000,82.500000,55.639843,58.588234,0.403741,0.359153,,,,,,,,,,,,
209498,,,,,,,,,,,82.500000,82.500000,55.579132,58.865021,0.407040,0.358749,,,,,,,,,,,,
209503,,,,,,,,,,,82.500000,82.500000,56.115093,59.117970,0.404319,0.358558,,,,,,,,,,,,
209527,,,,,,,,,,,82.500000,82.500000,56.787025,59.784313,0.404532,0.357447,,,,,,,,,,,,
209528,,,,,,,,,,,82.500000,82.500000,53.078838,55.817966,0.444556,0.399779,,,,,,,,,,,,
209533,,,,,,,,,,,82.500000,82.500000,53.830151,56.333359,0.439910,0.397241,,,,,,,,,,,,
209538,,,,,,,,,,,62.701019,62.701019,54.516754,56.804359,0.235872,0.195131,,,,,,,,,,,,
209543,,,,,,,,,,,62.701019,62.701019,55.144218,57.234791,0.230353,0.191374,,,,,,,,,,,,
209548,,,,,,,,,,,62.701019,62.701019,54.534748,57.036705,0.237264,0.193921,,,,,,,,,,,,
209553,,,,,,,,,,,62.701019,62.701019,53.977772,55.672791,0.243707,0.208263,,,,,,,,,,,,
209558,,,,,,,,,,,22.280132,22.280132,52.877323,55.017796,-0.152558,-0.192670,,,,,,,,,,,,
209563,,,,,,,,,,,22.280132,22.280132,51.280212,52.644882,-0.139486,-0.171977,,,,,,,,,,,,
209568,,,,,,,,,,,22.280132,22.280132,49.229218,49.884903,-0.121671,-0.147138,,,,,,,,,,,,
209573,,,,,,,,,,,22.280132,22.280132,46.171986,46.179752,-0.093488,-0.112476,,,,,,,,,,,,
209578,,,,,,,,,,,-23.280283,-23.280283,43.969517,42.202282,-0.533793,-0.534854,,,,,,,,,,,,
209583,,,,,,,,,,,-23.280283,-23.280283,40.182415,37.975945,-0.502268,-0.498716,,,,,,,,,,,,
209595,,,,,,,,,,,-23.280283,-23.280283,29.775143,26.851381,-0.409087,-0.397750,,,,,,,,,,,,
209598,,,,,,,,,,,-71.322304,-71.322304,25.436268,22.172886,-0.855794,-0.840735,,,,,,,,,,,,
209603,,,,,,,,,,,-71.322304,-71.322304,19.105324,15.531572,-0.801528,-0.783007,,,,,,,,,,,,
209608,,,,,,,,,,,-71.322304,-71.322304,10.953885,7.096497,-0.728241,-0.706498,,,,,,,,,,,,
209613,,,,,,,,,,,-71.322304,-71.322304,1.730197,-2.386398,-0.643309,-0.618563,,,,,,,,,,,,
209618,,,,,,,,,,,-82.499992,-82.499977,-7.881943,-12.826865,-0.666426,-0.632902,,,,,,,,,,,,
209623,,,,,,,,,,,-82.499992,-82.499977,-18.440521,-22.959538,-0.567247,-0.537529,,,,,,,,,,,,
209628,,,,,,,,,,,-82.499992,-82.499977,-28.681133,-33.402370,-0.470222,-0.438011,,,,,,,,,,,,
209633,,,,,,,,,,,-82.499992,-82.499977,-37.448273,-42.354313,-0.387056,-0.352506,,,,,,,,,,,,
209638,,,,,,,,,,,-82.499992,-82.499992,-44.277409,-48.169445,-0.322587,-0.297788,,,,,,,,,,,,
209643,,,,,,,,,,,-82.499992,-82.499992,-45.786789,-51.117939,-0.311165,-0.271441,,,,,,,,,,,,
209655,,,,,,,,,,,-82.499992,-82.499992,-50.714836,-57.361149,-0.265063,-0.211523,,,,,,,,,,,,
209656,,,,,,,,,,,-82.499992,-82.499992,-46.346756,-52.420620,-0.312359,-0.263936,,,,,,,,,,,,
209658,,,,,,,,,,,-82.499992,-82.499992,-44.720680,-50.271400,-0.332397,-0.288651,,,,,,,,,,,,
209663,,,,,,,,,,,-82.499992,-82.499992,-45.600437,-50.673073,-0.327290,-0.287817,,,,,,,,,,,,
209668,,,,,,,,,,,-82.499992,-82.499992,-46.404423,-51.631596,-0.322860,-0.281319,,,,,,,,,,,,
209673,,,,,,,,,,,-82.499992,-82.499992,-48.322048,-52.507561,-0.307101,-0.275558,,,,,,,,,,,,
209678,,,,,,,,,,,-82.499992,-82.499992,-49.483063,-53.308079,-0.298793,-0.270472,,,,,,,,,,,,
209683,,,,,,,,,,,-82.499992,-82.499992,-51.135525,-54.631092,-0.285404,-0.260029,,,,,,,,,,,,
209688,,,,,,,,,,,-82.499992,-82.499992,-52.054214,-55.840153,-0.279262,-0.250605,,,,,,,,,,,,
209693,,,,,,,,,,,-82.499992,-82.499992,-51.710888,-55.762188,-0.285774,-0.254058,,,,,,,,,,,,
209698,,,,,,,,,,,-82.499992,-82.499992,-49.622799,-53.325157,-0.309943,-0.281346,,,,,,,,,,,,
209703,,,,,,,,,,,-82.499992,-82.499992,-46.531666,-49.915138,-0.344451,-0.318704,,,,,,,,,,,,
209715,,,,,,,,,,,-82.499992,-82.499992,-49.621223,-52.121830,-0.316843,-0.299675,,,,,,,,,,,,
209716,,,,,,,,,,,-82.499992,-82.499992,-45.347336,-48.224010,-0.363298,-0.342081,,,,,,,,,,,,
209718,,,,,,,,,,,-82.499992,-82.499992,-43.215897,-45.844803,-0.388540,-0.369539,,,,,,,,,,,,
209723,,,,,,,,,,,-82.499992,-82.499992,-43.042374,-46.036293,-0.394221,-0.371270,,,,,,,,,,,,
209728,,,,,,,,,,,-82.499992,-82.499992,-43.475239,-45.619846,-0.393795,-0.379123,,,,,,,,,,,,
209733,,,,,,,,,,,-82.499992,-82.499992,-43.279377,-45.830715,-0.399676,-0.380681,,,,,,,,,,,,
209738,,,,,,,,,,,-82.499992,-82.499992,-43.691830,-46.023418,-0.399432,-0.382402,,,,,,,,,,,,
209743,,,,,,,,,,,-82.499992,-82.499992,-44.660202,-46.790970,-0.393532,-0.378297,,,,,,,,,,,,
209748,,,,,,,,,,,-82.499992,-82.499992,-44.953724,-47.492413,-0.394352,-0.374783,,,,,,,,,,,,
209753,,,,,,,,,,,-82.499992,-82.499992,-44.630520,-48.133442,-0.401371,-0.371810,,,,,,,,,,,,
209758,,,,,,,,,,,-82.499992,-82.499992,-44.926598,-48.719257,-0.402167,-0.369330,,,,,,,,,,,,
209763,,,,,,,,,,,-82.499992,-82.499992,-45.788620,-49.254616,-0.397218,-0.367301,,,,,,,,,,,,
209775,,,,,,,,,,,-82.499992,-82.499992,,,-0.321250,-0.282053,,,,,,,,,,,,
209776,,,,,,,,,,,-82.499992,-82.499992,-49.050804,-53.026466,-0.370824,-0.334977,,,,,,,,,,,,
209778,,,,,,,,,,,-82.499992,-82.499992,-47.191830,-50.825066,-0.392944,-0.360158,,,,,,,,,,,,
209783,,,,,,,,,,,-82.499992,-82.499992,-47.858746,-51.179050,-0.389739,-0.359751,,,,,,,,,,,,
209788,,,,,,,,,,,-82.499992,-82.499992,-47.876778,-51.502548,-0.393021,-0.359615,,,,,,,,,,,,
209793,,,,,,,,,,,-82.499992,-82.499992,-49.076145,-51.798183,-0.384370,-0.359729,,,,,,,,,,,,
209798,,,,,,,,,,,-82.499992,-82.499992,-49.580765,-52.659798,-0.382616,-0.354097,,,,,,,,,,,,
209803,,,,,,,,,,,-82.499992,-82.499992,-50.633366,-53.447201,-0.375277,-0.349128,,,,,,,,,,,,
209808,,,,,,,,,,,-82.499992,-82.499992,-51.003864,-54.166786,-0.374721,-0.344766,,,,,,,,,,,,
209813,,,,,,,,,,,-82.499992,-82.499992,-51.342449,-54.232948,-0.374451,-0.346931,,,,,,,,,,,,
209818,,,,,,,,,,,-82.499992,-82.499992,-51.651871,-54.293411,-0.374442,-0.349147,,,,,,,,,,,,
209823,,,,,,,,,,,-82.499992,-82.499992,-51.343197,-53.757221,-0.380644,-0.357383,,,,,,,,,,,,
209828,,,,,,,,,,,-82.499992,-82.499992,-51.652557,-53.858658,-0.380635,-0.359233,,,,,,,,,,,,
209833,,,,,,,,,,,-82.499992,-82.499992,-51.935272,-53.951359,-0.380865,-0.361161,,,,,,,,,,,,
209838,,,,,,,,,,,-82.499992,-82.499992,-52.193634,-54.036076,-0.381312,-0.363160,,,,,,,,,,,,
209843,,,,,,,,,,,-82.499992,-82.499992,-52.429745,-54.113495,-0.381958,-0.365224,,,,,,,,,,,,
209856,,,,,,,,,,,-82.499992,-82.499992,-54.056690,-56.543896,-0.370867,-0.345579,,,,,,,,,,,,
209858,,,,,,,,,,,-82.499992,-82.499992,-51.766556,-54.039539,-0.396842,-0.373468,,,,,,,,,,,,
209863,,,,,,,,,,,-82.499992,-82.499992,-52.039452,-54.708107,-0.397159,-0.369562,,,,,,,,,,,,
209868,,,,,,,,,,,-82.499992,-82.499992,-52.880287,-55.319092,-0.391713,-0.366170,,,,,,,,,,,,
209873,,,,,,,,,,,-82.499992,-82.499992,-53.057255,-55.877453,-0.392887,-0.363249,,,,,,,,,,,,
209878,,,,,,,,,,,-67.463898,-67.463898,-53.218983,-56.387722,-0.242333,-0.208893,,,,,,,,,,,,
209883,,,,,,,,,,,-67.463898,-67.463898,-52.775333,-56.262596,-0.248239,-0.211264,,,,,,,,,,,,
209888,,,,,,,,,,,-67.463898,-67.463898,-52.369896,-55.556801,-0.253803,-0.219513,,,,,,,,,,,,
209893,,,,,,,,,,,-67.463898,-67.463898,-51.999378,-54.320351,-0.259054,-0.233192,,,,,,,,,,,,
209898,,,,,,,,,,,-23.165377,-23.165377,-51.660774,-53.781841,0.183394,0.207470,,,,,,,,,,,,
209903,,,,,,,,,,,-23.165377,-23.165377,-50.759892,-52.106823,0.177145,0.193614,,,,,,,,,,,,
209916,,,,,,,,,,,-23.165377,-23.165377,-45.095051,-46.219948,0.125308,0.139792,,,,,,,,,,,,
209918,,,,,,,,,,,25.924391,25.924391,-41.211006,-42.239014,0.584078,0.597697,,,,,,,,,,,,
209923,,,,,,,,,,,25.924391,25.924391,-37.070049,-37.418068,0.548968,0.555821,,,,,,,,,,,,
209928,,,,,,,,,,,25.924391,25.924391,-32.102863,-32.420906,0.505099,0.511684,,,,,,,,,,,,
209933,,,,,,,,,,,25.924391,25.924391,-26.972057,-26.079819,0.459081,0.453474,,,,,,,,,,,,
209938,,,,,,,,,,,77.509712,77.509712,-21.691725,-19.693445,0.932051,0.915183,,,,,,,,,,,,
209943,,,,,,,,,,,77.509712,77.509712,-15.091854,-12.082796,0.875312,0.848036,,,,,,,,,,,,
209948,,,,,,,,,,,77.509712,77.509712,-6.694651,-2.761875,0.799761,0.762854,,,,,,,,,,,,
209953,,,,,,,,,,,77.509712,77.509712,3.345078,7.530568,0.706780,0.666928,,,,,,,,,,,,
209958,,,,,,,,,,,77.509712,77.509712,13.702973,18.710857,0.609581,0.561005,,,,,,,,,,,,
209963,,,,,,,,,,,82.500000,82.500000,23.760185,28.928185,0.564786,0.514091,,,,,,,,,,,,
209975,,,,,,,,,,,82.500000,82.500000,50.103069,55.417389,0.304597,0.251908,,,,,,,,,,,,
209976,,,,,,,,,,,82.500000,82.500000,46.379128,51.235722,0.345449,0.296851,,,,,,,,,,,,
209978,,,,,,,,,,,82.500000,82.500000,47.116043,51.554337,0.341618,0.296759,,,,,,,,,,,,
209983,,,,,,,,,,,82.500000,82.500000,48.972378,53.619843,0.326407,0.278992,,,,,,,,,,,,
209988,,,,,,,,,,,82.500000,82.500000,50.668827,54.916004,0.312626,0.268789,,,,,,,,,,,,
209993,,,,,,,,,,,82.500000,82.500000,51.627716,56.100525,0.306124,0.259584,,,,,,,,,,,,
209998,,,,,,,,,,,82.500000,82.500000,53.095459,57.183025,0.294387,0.251290,,,,,,,,,,,,
210003,,,,,,,,,,,82.500000,82.500000,54.436787,58.172287,0.283780,0.243831,,,,,,,,,,,,
210008,,,,,,,,,,,82.500000,82.500000,56.254028,59.076344,0.268232,0.237132,,,,,,,,,,,,
210013,,,,,,,,,,,82.500000,82.500000,57.323307,59.902534,0.260057,0.231130,,,,,,,,,,,,
210018,,,,,,,,,,,82.500000,82.500000,57.709042,59.474674,0.258679,0.237711,,,,,,,,,,,,
210023,,,,,,,,,,,82.500000,82.500000,56.287220,57.900776,0.275519,0.255910,,,,,,,,,,,,
210035,,,,,,,,,,,82.500000,82.500000,51.332752,53.220829,0.330813,0.308064,,,,,,,,,,,,
210038,,,,,,,,,,,82.500000,82.500000,48.094341,50.411243,0.366638,0.339369,,,,,,,,,,,,
210043,,,,,,,,,,,82.500000,82.500000,46.317745,49.026539,0.388022,0.356563,,,,,,,,,,,,
210048,,,,,,,,,,,82.500000,82.500000,45.877056,48.943989,0.396091,0.360744,,,,,,,,,,,,
210053,,,,,,,,,,,82.500000,82.500000,45.474327,48.868546,0.403821,0.364862,,,,,,,,,,,,
210058,,,,,,,,,,,82.500000,82.500000,45.106285,49.391048,0.411241,0.362948,,,,,,,,,,,,
210063,,,,,,,,,,,82.500000,82.500000,44.769939,49.277100,0.418377,0.367409,,,,,,,,,,,,
210068,,,,,,,,,,,82.500000,82.500000,44.462566,49.172966,0.425255,0.371783,,,,,,,,,,,,
210073,,,,,,,,,,,82.500000,82.500000,44.181667,49.669247,0.431895,0.370104,,,,,,,,,,,,
210078,,,,,,,,,,,82.500000,82.500000,44.516407,50.122784,0.432346,0.368806,,,,,,,,,,,,
210083,,,,,,,,,,,82.500000,82.500000,45.413757,51.128700,0.427081,0.361884,,,,,,,,,,,,
210088,,,,,,,,,,,82.500000,82.500000,46.825264,52.047977,0.416534,0.355736,,,,,,,,,,,,
210093,,,,,,,,,,,82.500000,82.500000,47.523754,52.888077,0.413047,0.350297,,,,,,,,,,,,
210098,,,,,,,,,,,82.500000,82.500000,48.162083,53.064373,0.410097,0.351477,,,,,,,,,,,,
210103,,,,,,,,,,,82.500000,82.500000,48.745430,53.225487,0.407639,0.352794,,,,,,,,,,,,
210115,,,,,,,,,,,82.500000,82.500000,55.784428,60.470062,0.391120,0.337358,,,,,,,,,,,,
210116,,,,,,,,,,,,,50.979702,55.261765,,,,,,,,,,,,,,
210118,,,,,,,,,,,82.500000,82.500000,49.546036,53.459282,0.408752,0.358287,,,,,,,,,,,,
210123,,,,,,,,,,,82.500000,82.500000,50.010185,54.177826,0.407360,0.353933,,,,,,,,,,,,
210128,,,,,,,,,,,82.500000,82.500000,50.434357,54.834484,0.406324,0.350133,,,,,,,,,,,,
210133,,,,,,,,,,,82.500000,82.500000,50.821995,54.843136,0.405616,0.352812,,,,,,,,,,,,
210138,,,,,,,,,,,82.500000,82.500000,51.176247,54.851044,0.405206,0.355498,,,,,,,,,,,,
210143,,,,,,,,,,,82.500000,82.500000,52.091431,55.449715,0.399095,0.352217,,,,,,,,,,,,
210148,,,,,,,,,,,82.500000,82.500000,52.336346,55.405380,0.399662,0.355369,,,,,,,,,,,,
210153,,,,,,,,,,,82.500000,82.500000,52.560165,55.956306,0.400418,0.352514,,,,,,,,,,,,
210158,,,,,,,,,,,82.500000,82.500000,53.356152,56.459782,0.395372,0.350084,,,,,,,,,,,,
210163,,,,,,,,,,,82.500000,82.500000,53.492134,56.328449,0.396913,0.354014,,,,,,,,,,,,
210175,,,,,,,,,,,82.500000,82.500000,,,,,,,,,,,,,,,,
210176,,,,,,,,,,,82.500000,82.500000,54.943954,58.393734,0.387388,0.337632,,,,,,,,,,,,
210178,,,,,,,,,,,82.500000,82.500000,52.577400,55.730049,0.414046,0.366946,,,,,,,,,,,,
210183,,,,,,,,,,,82.500000,82.500000,52.780457,56.253014,0.414988,0.364341,,,,,,,,,,,,
210188,,,,,,,,,,,82.500000,82.500000,52.966022,56.730934,0.416085,0.362139,,,,,,,,,,,,
210193,,,,,,,,,,,82.500000,82.500000,53.135609,57.167690,0.417326,0.360305,,,,,,,,,,,,
210198,,,,,,,,,,,82.500000,82.500000,53.290588,56.975384,0.418697,0.364780,,,,,,,,,,,,
210203,,,,,,,,,,,82.500000,82.500000,53.432217,57.391087,0.420187,0.363134,,,,,,,,,,,,
210208,,,,,,,,,,,82.500000,82.500000,54.153091,57.770985,0.415813,0.361808,,,,,,,,,,,,
210213,,,,,,,,,,,82.500000,82.500000,54.220432,58.118160,0.417968,0.360774,,,,,,,,,,,,
210218,,,,,,,,,,,82.500000,82.500000,54.873421,58.435436,0.414201,0.360008,,,,,,,,,,,,
210223,,,,,,,,,,,82.500000,82.500000,55.470165,58.725384,0.410936,0.359486,,,,,,,,,,,,
210235,,,,,,,,,,,82.500000,82.500000,,,,,,,,,,,,,,,,
210236,,,,,,,,,,,82.500000,82.500000,57.676926,60.936050,0.393290,0.341118,,,,,,,,,,,,
210238,,,,,,,,,,,82.500000,82.500000,55.074982,58.644840,0.422052,0.366415,,,,,,,,,,,,
210243,,,,,,,,,,,82.500000,82.500000,55.654366,58.916752,0.418942,0.366055,,,,,,,,,,,,
210248,,,,,,,,,,,82.500000,82.500000,56.183849,58.573799,0.416279,0.371877,,,,,,,,,,,,
210253,,,,,,,,,,,82.500000,82.500000,56.667728,58.851830,0.414024,0.371461,,,,,,,,,,,,
210258,,,,,,,,,,,73.062012,73.062012,57.109928,59.697357,0.316817,0.269963,,,,,,,,,,,,
210263,,,,,,,,,,,73.062012,73.062012,57.514042,59.287170,0.314331,0.275442,,,,,,,,,,,,
210268,,,,,,,,,,,73.062012,73.062012,57.291904,59.503757,0.318129,0.274632,,,,,,,,,,,,
210273,,,,,,,,,,,73.062012,73.062012,56.497456,59.110245,0.327730,0.279962,,,,,,,,,,,,
210278,,,,,,,,,,,27.207396,27.207396,56.362877,58.159180,-0.132386,-0.172168,,,,,,,,,,,,
210283,,,,,,,,,,,27.207396,27.207396,55.056999,56.698586,-0.122112,-0.160512,,,,,,,,,,,,
210288,,,,,,,,,,,27.207396,27.207396,53.272152,53.589458,-0.106870,-0.132059,,,,,,,,,,,,
210293,,,,,,,,,,,27.207396,27.207396,50.458145,49.565231,-0.081055,-0.094052,,,,,,,,,,,,
210298,,,,,,,,,,,-22.100321,-22.100321,47.886509,46.479057,-0.555415,-0.563125,,,,,,,,,,,,
210303,,,,,,,,,,,-22.100321,-22.100321,44.944923,41.884361,-0.532703,-0.523577,,,,,,,,,,,,
210315,,,,,,,,,,,-22.100321,-22.100321,34.293091,28.443075,-0.437787,-0.399606,,,,,,,,,,,,
210318,,,,,,,,,,,-74.956337,-74.956337,29.565086,23.627487,-0.929519,-0.889868,,,,,,,,,,,,
210323,,,,,,,,,,,-74.956337,-74.956337,22.878525,16.269444,-0.872437,-0.825410,,,,,,,,,,,,
210328,,,,,,,,,,,-74.956337,-74.956337,14.402100,7.770815,-0.796609,-0.748697,,,,,,,,,,,,
210333,,,,,,,,,,,-74.956337,-74.956337,4.289971,-2.361605,-0.703412,-0.654632,,,,,,,,,,,,
210338,,,,,,,,,,,-82.499992,-82.499992,-6.725533,-13.395652,-0.676271,-0.626639,,,,,,,,,,,,
210343,,,,,,,,,,,-82.499992,-82.499992,-17.975159,-24.070778,-0.570227,-0.525730,,,,,,,,,,,,
210348,,,,,,,,,,,-82.499992,-82.499992,-28.255852,-34.417900,-0.472845,-0.427067,,,,,,,,,,,,
210353,,,,,,,,,,,-82.499992,-82.499992,-37.651066,-43.873821,-0.383377,-0.336371,,,,,,,,,,,,
210358,,,,,,,,,,,-82.499992,-82.499992,-44.462734,-49.558079,-0.319064,-0.282822,,,,,,,,,,,,
210363,,,,,,,,,,,-82.499992,-82.499992,-46.547600,-52.386971,-0.301811,-0.257545,,,,,,,,,,,,
210375,,,,,,,,,,,-82.499992,-82.499992,-53.184452,-58.520878,-0.238374,-0.198604,,,,,,,,,,,,
210376,,,,,,,,,,,,,-48.603664,-53.480461,-0.287572,-0.251910,,,,,,,,,,,,
210378,,,,,,,,,,,-82.499992,-82.499992,-46.783199,-51.239956,-0.309348,-0.277441,,,,,,,,,,,,
210383,,,,,,,,,,,-82.499992,-82.499992,-47.485313,-51.558208,-0.305828,-0.277352,,,,,,,,,,,,
210388,,,,,,,,,,,-82.499992,-82.499992,-48.126953,-52.440495,-0.302849,-0.271535,,,,,,,,,,,,
210393,,,,,,,,,,,-82.499992,-82.499992,-49.304771,-53.246788,-0.294391,-0.266398,,,,,,,,,,,,
210398,,,,,,,,,,,-82.499992,-82.499992,-50.972591,-53.983635,-0.280865,-0.261881,,,,,,,,,,,,
210403,,,,,,,,,,,-82.499992,-82.499992,-51.905315,-55.248463,-0.274597,-0.251958,,,,,,,,,,,,
210408,,,,,,,,,,,-82.499992,-82.499992,-52.757706,-55.221458,-0.269048,-0.254956,,,,,,,,,,,,
210413,,,,,,,,,,,-82.499992,-82.499992,-50.579453,-54.013893,-0.294022,-0.269880,,,,,,,,,,,,
210418,,,,,,,,,,,-82.499992,-82.499992,-47.405922,-50.544556,-0.329267,-0.307769,,,,,,,,,,,,
210423,,,,,,,,,,,-82.499992,-82.499992,-44.505730,-47.374031,-0.362068,-0.342987,,,,,,,,,,,,
210441,,,,,,,,,,,-82.499992,-82.499992,-44.340866,-47.564480,-0.373872,-0.350241,,,,,,,,,,,,
210443,,,,,,,,,,,-82.499992,-82.499992,-42.296112,-45.833523,-0.398339,-0.371217,,,,,,,,,,,,
210448,,,,,,,,,,,-82.499992,-82.499992,-43.384697,-46.617432,-0.391365,-0.366966,,,,,,,,,,,,
210453,,,,,,,,,,,-82.499992,-82.499992,-43.196632,-46.150932,-0.397176,-0.375266,,,,,,,,,,,,
210458,,,,,,,,,,,-82.499992,-82.499992,-43.616211,-46.316055,-0.396869,-0.377233,,,,,,,,,,,,
210463,,,,,,,,,,,-82.499992,-82.499992,-43.999653,-46.466957,-0.396884,-0.379327,,,,,,,,,,,,
210468,,,,,,,,,,,-82.499992,-82.499992,-44.350067,-47.196308,-0.397195,-0.375564,,,,,,,,,,,,
210473,,,,,,,,,,,-82.499992,-82.499992,-45.261745,-48.454285,-0.391802,-0.366389,,,,,,,,,,,,
210478,,,,,,,,,,,-82.499992,-82.499992,-46.094902,-49.012466,-0.387111,-0.364156,,,,,,,,,,,,
210483,,,,,,,,,,,-82.499992,-82.499992,-47.447742,-50.114017,-0.377088,-0.356379,,,,,,,,,,,,
210495,,,,,,,,,,,-82.499992,-82.499992,-54.598511,-57.626583,-0.308370,-0.283741,,,,,,,,,,,,
210496,,,,,,,,,,,-82.499992,-82.499992,-50.487373,-52.663193,-0.352683,-0.336358,,,,,,,,,,,,
210498,,,,,,,,,,,-82.499992,-82.499992,-48.504665,-50.493080,-0.375910,-0.361260,,,,,,,,,,,,
210503,,,,,,,,,,,-82.499992,-82.499992,-48.467064,-50.875660,-0.379689,-0.360597,,,,,,,,,,,,
210508,,,,,,,,,,,-82.499992,-82.499992,-48.432701,-51.225288,-0.383439,-0.360228,,,,,,,,,,,,
210513,,,,,,,,,,,-82.499992,-82.499992,-48.992741,-51.544804,-0.381190,-0.360128,,,,,,,,,,,,
210518,,,,,,,,,,,-82.499992,-82.499992,-49.504543,-52.428242,-0.379371,-0.354301,,,,,,,,,,,,
210523,,,,,,,,,,,-82.499992,-82.499992,-49.972267,-52.644146,-0.377947,-0.355128,,,,,,,,,,,,
210528,,,,,,,,,,,-82.499992,-82.499992,-50.399704,-53.432899,-0.376882,-0.350147,,,,,,,,,,,,
210533,,,,,,,,,,,-82.499992,-82.499992,-50.790325,-53.562271,-0.376147,-0.351747,,,,,,,,,,,,
210538,,,,,,,,,,,-82.499992,-82.499992,-51.147305,-53.680500,-0.375713,-0.353446,,,,,,,,,,,,
210543,,,,,,,,,,,-82.499992,-82.499992,-50.882092,-53.788548,-0.381527,-0.355237,,,,,,,,,,,,
210548,,,,,,,,,,,-82.499992,-82.499992,-51.231167,-53.887287,-0.381163,-0.357111,,,,,,,,,,,,
210553,,,,,,,,,,,-82.499992,-82.499992,-51.550175,-54.568970,-0.381068,-0.353087,,,,,,,,,,,,
210558,,,,,,,,,,,-82.499992,-82.499992,-51.250263,-54.600491,-0.387192,-0.355562,,,,,,,,,,,,
210563,,,,,,,,,,,-82.499992,-82.499992,-51.567627,-54.629299,-0.387111,-0.358061,,,,,,,,,,,,
210575,,,,,,,,,,,-82.499992,-82.499992,-53.928131,-56.485107,-0.368777,-0.344238,,,,,,,,,,,,
210578,,,,,,,,,,,-82.499992,-82.499992,-51.649071,-53.985813,-0.394653,-0.372083,,,,,,,,,,,,
210583,,,,,,,,,,,-82.499992,-82.499992,-51.932083,-54.659008,-0.394879,-0.368135,,,,,,,,,,,,
210588,,,,,,,,,,,-82.499992,-82.499992,-52.782166,-55.274220,-0.389350,-0.364705,,,,,,,,,,,,
210593,,,,,,,,,,,-82.499992,-82.499992,-53.559032,-55.836445,-0.384476,-0.361749,,,,,,,,,,,,
210598,,,,,,,,,,,-82.499992,-82.499992,-53.677540,-55.758801,-0.386173,-0.365200,,,,,,,,,,,,
210603,,,,,,,,,,,-82.499992,-82.499992,-53.785843,-56.279289,-0.387961,-0.362617,,,,,,,,,,,,
210608,,,,,,,,,,,-82.499992,-82.499992,-54.476261,-56.163502,-0.383860,-0.366409,,,,,,,,,,,,
210613,,,,,,,,,,,-82.499992,-82.499992,-55.107212,-56.649132,-0.380289,-0.364137,,,,,,,,,,,,
210618,,,,,,,,,,,-82.499992,-82.499992,-55.092377,-56.501488,-0.383178,-0.368214,,,,,,,,,,,,
210623,,,,,,,,,,,-82.499992,-82.499992,-55.078819,-56.958008,-0.386056,-0.366203,,,,,,,,,,,,
210635,,,,,,,,,,,-82.499992,-82.499992,-63.346657,-65.063988,-0.305293,-0.286886,,,,,,,,,,,,
210636,,,,,,,,,,,-82.499992,-82.499992,-57.890594,-59.460014,-0.362315,-0.345230,,,,,,,,,,,,
210638,,,,,,,,,,,-55.633171,-55.633171,-55.861691,-57.295937,-0.113913,-0.098036,,,,,,,,,,,,
210643,,,,,,,,,,,-55.633171,-55.633171,-55.781872,-57.092587,-0.114696,-0.099924,,,,,,,,,,,,
210648,,,,,,,,,,,-55.633171,-55.633171,-54.526035,-56.315304,-0.127365,-0.107629,,,,,,,,,,,,
210653,,,,,,,,,,,-55.633171,-55.633171,-53.378365,-55.013523,-0.139067,-0.120708,,,,,,,,,,,,
210658,,,,,,,,,,,-6.511424,-6.511424,-52.329544,-53.823868,0.346244,0.363344,,,,,,,,,,,,
210663,,,,,,,,,,,-6.511424,-6.511424,-50.779613,-51.553787,0.335171,0.345147,,,,,,,,,,,,
210668,,,,,,,,,,,-6.511424,-6.511424,-47.588844,-48.296337,0.307371,0.316751,,,,,,,,,,,,
210673,,,,,,,,,,,-6.511424,-6.511424,-43.490005,-44.136562,0.270081,0.278916,,,,,,,,,,,,
210678,,,,,,,,,,,-6.511424,-6.511424,-39.744202,-39.743626,0.235946,0.238310,,,,,,,,,,,,
210683,,,,,,,,,,,48.206936,48.206936,-36.321026,-35.137611,0.757351,0.747768,,,,,,,,,,,,
210695,,,,,,,,,,,48.206936,48.206936,-25.503906,-22.648085,0.656551,0.629958,,,,,,,,,,,,
210696,,,,,,,,,,,48.206936,48.206936,-22.715805,-20.697401,0.635762,0.617341,,,,,,,,,,,,
210698,,,,,,,,,,,82.500000,82.500000,-17.802063,-14.774616,0.939585,0.910772,,,,,,,,,,,,
210703,,,,,,,,,,,82.500000,82.500000,-7.988540,-5.221848,0.850499,0.824016,,,,,,,,,,,,
210708,,,,,,,,,,,82.500000,82.500000,1.571187,5.282474,0.762995,0.726695,,,,,,,,,,,,
210713,,,,,,,,,,,82.500000,82.500000,12.673313,16.656391,0.658956,0.619540,,,,,,,,,,,,
210718,,,,,,,,,,,82.500000,82.500000,22.819210,27.050671,0.563465,0.521142,,,,,,,,,,,,
210723,,,,,,,,,,,82.500000,82.500000,30.908348,34.775352,0.487733,0.448668,,,,,,,,,,,,
210728,,,,,,,,,,,82.500000,82.500000,35.343544,39.468929,0.448097,0.406035,,,,,,,,,,,,
210733,,,,,,,,,,,82.500000,82.500000,39.396736,44.349689,0.411875,0.361043,,,,,,,,,,,,
210738,,,,,,,,,,,82.500000,82.500000,43.692272,48.218624,0.372800,0.325781,,,,,,,,,,,,
210743,,,,,,,,,,,82.500000,82.500000,47.617832,51.754330,0.337033,0.293499,,,,,,,,,,,,
210748,,,,,,,,,,,82.500000,82.500000,51.205284,55.576946,0.304288,0.257965,,,,,,,,,,,,
210753,,,,,,,,,,,82.500000,82.500000,54.483746,58.478878,0.274305,0.231348,,,,,,,,,,,,
210758,,,,,,,,,,,82.500000,82.500000,56.888390,60.539417,0.252820,0.212938,,,,,,,,,,,,
210763,,,,,,,,,,,82.500000,82.500000,58.494473,61.831039,0.239159,0.202089,,,,,,,,,,,,
210775,,,,,,,,,,,82.500000,82.500000,56.959679,58.665237,0.259079,0.237961,,,,,,,,,,,,
210778,,,,,,,,,,,82.500000,82.500000,53.236618,55.386723,0.299235,0.273458,,,,,,,,,,,,
210783,,,,,,,,,,,82.500000,82.500000,51.017117,52.982033,0.324579,0.300456,,,,,,,,,,,,
210788,,,,,,,,,,,82.500000,82.500000,49.580227,51.375904,0.342240,0.319630,,,,,,,,,,,,
210793,,,,,,,,,,,82.500000,82.500000,48.267097,50.499557,0.358794,0.331594,,,,,,,,,,,,
210798,,,,,,,,,,,82.500000,82.500000,47.658512,50.290134,0.368364,0.336909,,,,,,,,,,,,
210803,,,,,,,,,,,82.500000,82.500000,46.510899,49.507305,0.383439,0.348036,,,,,,,,,,,,
210808,,,,,,,,,,,82.500000,82.500000,45.462132,49.383347,0.397631,0.352588,,,,,,,,,,,,
210813,,,,,,,,,,,82.500000,82.500000,45.095139,48.678619,0.405041,0.363017,,,,,,,,,,,,
210818,,,,,,,,,,,82.500000,82.500000,44.759754,48.626034,0.412169,0.366930,,,,,,,,,,,,
210823,,,,,,,,,,,82.500000,82.500000,45.044701,49.169422,0.413065,0.364829,,,,,,,,,,,,
210835,,,,,,,,,,,82.500000,82.500000,47.939949,52.414814,0.390638,0.337899,,,,,,,,,,,,
210838,,,,,,,,,,,82.500000,82.500000,46.176651,50.857540,0.411903,0.356636,,,,,,,,,,,,
210843,,,,,,,,,,,82.500000,82.500000,46.339561,51.208729,0.413890,0.356253,,,,,,,,,,,,
210848,,,,,,,,,,,82.500000,82.500000,47.079884,51.529671,0.410029,0.356140,,,,,,,,,,,,
210853,,,,,,,,,,,82.500000,82.500000,47.756443,51.822968,0.406737,0.356275,,,,,,,,,,,,
210858,,,,,,,,,,,82.500000,82.500000,48.374729,52.682449,0.403967,0.350662,,,,,,,,,,,,
210863,,,,,,,,,,,82.500000,82.500000,48.939762,53.467903,0.401673,0.345711,,,,,,,,,,,,
210868,,,,,,,,,,,82.500000,82.500000,49.456131,54.185707,0.399813,0.341364,,,,,,,,,,,,
210873,,,,,,,,,,,82.500000,82.500000,49.928024,54.250240,0.398352,0.343544,,,,,,,,,,,,
210878,,,,,,,,,,,82.500000,82.500000,50.359272,54.309216,0.397253,0.345773,,,,,,,,,,,,
210883,,,,,,,,,,,82.500000,82.500000,50.753376,54.954556,0.396487,0.342074,,,,,,,,,,,,
210896,,,,,,,,,,,82.500000,82.500000,54.278168,57.837757,0.366372,0.317694,,,,,,,,,,,,
210898,,,,,,,,,,,82.500000,82.500000,51.377514,54.630512,0.398491,0.352554,,,,,,,,,,,,
210903,,,,,,,,,,,82.500000,82.500000,51.092472,54.656734,0.404482,0.355076,,,,,,,,,,,,
210908,,,,,,,,,,,82.500000,82.500000,51.423428,54.680698,0.404280,0.357618,,,,,,,,,,,,
210913,,,,,,,,,,,82.500000,82.500000,51.725876,54.702599,0.404333,0.360179,,,,,,,,,,,,
210918,,,,,,,,,,,82.500000,82.500000,52.002274,55.314056,0.404619,0.356783,,,,,,,,,,,,
210923,,,,,,,,,,,82.500000,82.500000,52.254868,55.281403,0.405117,0.359831,,,,,,,,,,,,
210928,,,,,,,,,,,82.500000,82.500000,52.485703,55.843010,0.405810,0.356881,,,,,,,,,,,,
210933,,,,,,,,,,,82.500000,82.500000,53.288101,55.764797,0.400707,0.360336,,,,,,,,,,,,
210938,,,,,,,,,,,82.500000,82.500000,53.429947,56.284767,0.402196,0.357758,,,,,,,,,,,,
210943,,,,,,,,,,,82.500000,82.500000,54.151020,57.351398,0.397820,0.349607,,,,,,,,,,,,
210956,,,,,,,,,,,82.500000,82.500000,56.034729,59.248055,0.383748,0.334732,,,,,,,,,,,,
210958,,,,,,,,,,,82.500000,82.500000,53.574226,56.510788,0.411246,0.364704,,,,,,,,,,,,
210963,,,,,,,,,,,82.500000,82.500000,53.691425,56.966507,0.412954,0.362700,,,,,,,,,,,,
210968,,,,,,,,,,,82.500000,82.500000,53.798531,57.382973,0.414754,0.361047,,,,,,,,,,,,
210973,,,,,,,,,,,82.500000,82.500000,54.487858,57.763569,0.410661,0.359715,,,,,,,,,,,,
210978,,,,,,,,,,,82.500000,82.500000,54.526367,58.111385,0.413074,0.358675,,,,,,,,,,,,
210983,,,,,,,,,,,82.500000,82.500000,55.153004,58.429245,0.409542,0.357904,,,,,,,,,,,,
210988,,,,,,,,,,,82.500000,82.500000,55.134224,58.719727,0.412466,0.357377,,,,,,,,,,,,
210993,,,,,,,,,,,82.500000,82.500000,55.708508,58.985188,0.409403,0.357074,,,,,,,,,,,,
210998,,,,,,,,,,,82.500000,82.500000,56.233326,58.636341,0.406781,0.362949,,,,,,,,,,,,
211003,,,,,,,,,,,82.500000,82.500000,56.712940,59.500431,0.404564,0.356608,,,,,,,,,,,,
211008,,,,,,,,,,,82.500000,82.500000,57.151245,59.698650,0.402716,0.356906,,,,,,,,,,,,
211013,,,,,,,,,,,82.500000,82.500000,56.960354,59.879799,0.407179,0.357356,,,,,,,,,,,,
211018,,,,,,,,,,,82.500000,82.500000,56.785908,59.453899,0.411494,0.363920,,,,,,,,,,,,
211023,,,,,,,,,,,82.500000,82.500000,57.217930,59.656128,0.409702,0.364182,,,,,,,,,,,,
211035,,,,,,,,,,,82.500000,82.500000,59.136589,62.304813,0.394631,0.341212,,,,,,,,,,,,
211038,,,,,,,,,,,82.500000,82.500000,56.408920,59.895710,0.424517,0.367563,,,,,,,,,,,,
211043,,,,,,,,,,,60.223778,60.223778,57.464855,60.059883,0.191471,0.143176,,,,,,,,,,,,
211048,,,,,,,,,,,60.223778,60.223778,57.246956,59.618473,0.193948,0.147650,,,,,,,,,,,,
211053,,,,,,,,,,,60.223778,60.223778,57.047821,59.215080,0.196257,0.151785,,,,,,,,,,,,
211058,,,,,,,,,,,11.891191,11.891191,56.274395,57.663544,-0.283773,-0.320603,,,,,,,,,,,,
211063,,,,,,,,,,,11.891191,11.891191,54.384693,55.654194,-0.269125,-0.304885,,,,,,,,,,,,
211068,,,,,,,,,,,11.891191,11.891191,51.474861,51.452133,-0.243985,-0.266821,,,,,,,,,,,,
211073,,,,,,,,,,,11.891191,11.891191,48.224209,47.020550,-0.215112,-0.226018,,,,,,,,,,,,
211078,,,,,,,,,,,-40.759346,-40.759346,44.070648,42.970661,-0.708565,-0.720397,,,,,,,,,,,,
211083,,,,,,,,,,,-40.759346,-40.759346,39.683388,38.678146,-0.672737,-0.685416,,,,,,,,,,,,
211095,,,,,,,,,,,-82.499992,-82.499992,26.115353,23.603365,-0.976432,-0.973583,,,,,,,,,,,,
211098,,,,,,,,,,,-82.499992,-82.499992,20.317362,18.021732,-0.928734,-0.927819,,,,,,,,,,,,
211103,,,,,,,,,,,-82.499992,-82.499992,12.061530,8.189289,-0.855632,-0.838563,,,,,,,,,,,,
211108,,,,,,,,,,,-82.499992,-82.499992,2.150995,-1.979174,-0.764991,-0.744930,,,,,,,,,,,,
211113,,,,,,,,,,,-82.499992,-82.499992,-8.088833,-12.454715,-0.670034,-0.647180,,,,,,,,,,,,
211118,,,,,,,,,,,-82.499992,-82.499992,-18.038147,-23.210884,-0.576987,-0.545547,,,,,,,,,,,,
211123,,,,,,,,,,,-82.499992,-82.499992,-28.313416,-33.632069,-0.479653,-0.446222,,,,,,,,,,,,
211128,,,,,,,,,,,-82.499992,-82.499992,-37.703674,-43.155674,-0.390230,-0.354920,,,,,,,,,,,,
211133,,,,,,,,,,,-82.499992,-82.499992,-45.102257,-50.084675,-0.319984,-0.288872,,,,,,,,,,,,
211138,,,,,,,,,,,-82.499992,-82.499992,-47.132038,-53.459656,-0.303223,-0.258026,,,,,,,,,,,,
211143,,,,,,,,,,,-82.499992,-82.499992,-47.212662,-52.995277,-0.305946,-0.265620,,,,,,,,,,,,
211155,,,,,,,,,,,-82.499992,-82.499992,-48.618595,-54.039436,-0.298204,-0.260426,,,,,,,,,,,,
211158,,,,,,,,,,,-82.499992,-82.499992,-47.388290,-51.750790,-0.314019,-0.286387,,,,,,,,,,,,
211163,,,,,,,,,,,-82.499992,-82.499992,-48.038284,-52.025043,-0.310965,-0.286692,,,,,,,,,,,,
211168,,,,,,,,,,,-82.499992,-82.499992,-49.223740,-52.867119,-0.302438,-0.281235,,,,,,,,,,,,
211173,,,,,,,,,,,-82.499992,-82.499992,-50.898537,-54.228111,-0.288850,-0.270452,,,,,,,,,,,,
211178,,,,,,,,,,,-82.499992,-82.499992,-52.429085,-54.880436,-0.276552,-0.266691,,,,,,,,,,,,
211183,,,,,,,,,,,-82.499992,-82.499992,-53.827805,-56.068020,-0.265432,-0.257458,,,,,,,,,,,,
211188,,,,,,,,,,,-82.499992,-82.499992,-52.740273,-56.561874,-0.279283,-0.255113,,,,,,,,,,,,
211193,,,,,,,,,,,-82.499992,-82.499992,-50.563522,-54.055969,-0.304244,-0.283017,,,,,,,,,,,,
211198,,,,,,,,,,,-82.499992,-82.499992,-46.799919,-50.583008,-0.345450,-0.320938,,,,,,,,,,,,
211203,,,,,,,,,,,-82.499992,-82.499992,-44.543365,-48.592064,-0.371811,-0.344238,,,,,,,,,,,,
211208,,,,,,,,,,,-82.499992,-82.499992,-43.072617,-47.364044,-0.390462,-0.360032,,,,,,,,,,,,
211213,,,,,,,,,,,-82.499992,-82.499992,-42.911434,-47.424683,-0.396032,-0.362933,,,,,,,,,,,,
211218,,,,,,,,,,,-82.499992,-82.499992,-43.947021,-48.071545,-0.389532,-0.359908,,,,,,,,,,,,
211223,,,,,,,,,,,-82.499992,-82.499992,-44.301968,-48.662693,-0.389802,-0.357380,,,,,,,,,,,,
211235,,,,,,,,,,,-82.499992,-82.499992,-45.647202,-50.421043,-0.383290,-0.345802,,,,,,,,,,,,
211238,,,,,,,,,,,-82.499992,-82.499992,-44.081379,-48.444050,-0.402790,-0.368977,,,,,,,,,,,,
211243,,,,,,,,,,,-82.499992,-82.499992,-44.424755,-48.411667,-0.403164,-0.372710,,,,,,,,,,,,
211248,,,,,,,,,,,-82.499992,-82.499992,-45.330002,-48.973518,-0.397828,-0.370444,,,,,,,,,,,,
211253,,,,,,,,,,,-82.499992,-82.499992,-45.565834,-49.486977,-0.399164,-0.368611,,,,,,,,,,,,
211258,,,,,,,,,,,-82.499992,-82.499992,-46.372799,-49.956211,-0.394707,-0.367173,,,,,,,,,,,,
211263,,,,,,,,,,,-82.499992,-82.499992,-47.110260,-50.385033,-0.390871,-0.366096,,,,,,,,,,,,
211268,,,,,,,,,,,-82.499992,-82.499992,-47.784203,-51.368362,-0.387603,-0.359376,,,,,,,,,,,,
211273,,,,,,,,,,,-82.499992,-82.499992,-48.400097,-51.675552,-0.384854,-0.359386,,,,,,,,,,,,
211278,,,,,,,,,,,-82.499992,-82.499992,-48.962944,-51.956284,-0.382579,-0.359633,,,,,,,,,,,,
211283,,,,,,,,,,,-82.499992,-82.499992,-50.068760,-52.804283,-0.374764,-0.354123,,,,,,,,,,,,
211295,,,,,,,,,,,-82.499992,-82.499992,-52.625397,-55.450497,-0.354677,-0.332548,,,,,,,,,,,,
211298,,,,,,,,,,,-82.499992,-82.499992,-50.458542,-53.631760,-0.379550,-0.353622,,,,,,,,,,,,
211303,,,,,,,,,,,-82.499992,-82.499992,-50.844097,-53.744003,-0.378860,-0.355376,,,,,,,,,,,,
211308,,,,,,,,,,,-82.499992,-82.499992,-51.196445,-53.846581,-0.378467,-0.357215,,,,,,,,,,,,
211313,,,,,,,,,,,-82.499992,-82.499992,-51.518444,-53.348877,-0.378345,-0.365107,,,,,,,,,,,,
211318,,,,,,,,,,,-82.499992,-82.499992,-51.812710,-54.076931,-0.378471,-0.360669,,,,,,,,,,,,
211323,,,,,,,,,,,-82.499992,-82.499992,-52.081631,-54.150833,-0.378823,-0.362765,,,,,,,,,,,,
211328,,,,,,,,,,,-82.499992,-82.499992,-51.735943,-54.218369,-0.385357,-0.364918,,,,,,,,,,,,
211333,,,,,,,,,,,-82.499992,-82.499992,-52.011475,-54.871532,-0.385650,-0.361149,,,,,,,,,,,,
211338,,,,,,,,,,,-82.499992,-82.499992,-52.854721,-54.876995,-0.380182,-0.363857,,,,,,,,,,,,
211343,,,,,,,,,,,-82.499992,-82.499992,-53.033894,-55.473431,-0.381337,-0.360595,,,,,,,,,,,,
211355,,,,,,,,,,,-82.499992,-82.499992,-59.703526,-63.115837,-0.316921,-0.286109,,,,,,,,,,,,
211356,,,,,,,,,,,-82.499992,-82.499992,-54.561249,-58.271103,-0.371137,-0.336980,,,,,,,,,,,,
211358,,,,,,,,,,,-82.499992,-82.499992,-52.819103,-55.617981,-0.391527,-0.366199,,,,,,,,,,,,
211363,,,,,,,,,,,-82.499992,-82.499992,-52.409897,-55.559151,-0.398628,-0.369481,,,,,,,,,,,,
211368,,,,,,,,,,,-82.499992,-82.499992,-52.627380,-56.096832,-0.399440,-0.366745,,,,,,,,,,,,
211373,,,,,,,,,,,-82.499992,-82.499992,-52.826134,-55.996761,-0.400420,-0.370396,,,,,,,,,,,,
211378,,,,,,,,,,,-82.499992,-82.499992,-53.007767,-56.496754,-0.401553,-0.367996,,,,,,,,,,,,
211383,,,,,,,,,,,-82.499992,-82.499992,-53.173756,-56.362236,-0.402826,-0.371955,,,,,,,,,,,,
211388,,,,,,,,,,,-82.499992,-82.499992,-53.916893,-56.830750,-0.398253,-0.369837,,,,,,,,,,,,
211393,,,,,,,,,,,-82.499992,-82.499992,-54.596024,-57.850353,-0.394252,-0.362106,,,,,,,,,,,,
211398,,,,,,,,,,,-82.499992,-82.499992,-55.808105,-58.190693,-0.384800,-0.361133,,,,,,,,,,,,
211403,,,,,,,,,,,-82.499992,-82.499992,-56.324345,-58.501720,-0.382255,-0.360423,,,,,,,,,,,,
211416,,,,,,,,,,,-82.499992,-82.499992,-58.930805,-60.749256,-0.360349,-0.341725,,,,,,,,,,,,
211418,,,,,,,,,,,-82.499992,-82.499992,-56.812309,-57.882690,-0.384103,-0.372853,,,,,,,,,,,,
211423,,,,,,,,,,,-82.499992,-82.499992,-56.650612,-58.220245,-0.388305,-0.371905,,,,,,,,,,,,
211428,,,,,,,,,,,-82.499992,-82.499992,-57.094288,-58.528728,-0.386409,-0.371217,,,,,,,,,,,,
211433,,,,,,,,,,,-82.499992,-82.499992,-56.908302,-58.810642,-0.390828,-0.370767,,,,,,,,,,,,
211438,,,,,,,,,,,-82.499992,-82.499992,-57.329784,-59.068275,-0.389130,-0.370534,,,,,,,,,,,,
211443,,,,,,,,,,,-37.214546,-37.214546,-57.714962,-59.303719,0.069627,0.086884,,,,,,,,,,,,
211448,,,,,,,,,,,-37.214546,-37.214546,-56.884075,-58.927437,0.063285,0.085292,,,,,,,,,,,,
211453,,,,,,,,,,,-37.214546,-37.214546,-54.941864,-56.809231,0.045635,0.066070,,,,,,,,,,,,
211458,,,,,,,,,,,17.118603,17.118603,-53.166935,-54.282021,0.578246,0.591269,,,,,,,,,,,,
211463,,,,,,,,,,,17.118603,17.118603,-49.770546,-50.789589,0.550971,0.563136,,,,,,,,,,,,
211468,,,,,,,,,,,17.118603,17.118603,-45.483799,-45.823627,0.514364,0.519770,,,,,,,,,,,,
211473,,,,,,,,,,,17.118603,17.118603,-39.791935,-40.102493,0.463136,0.468281,,,,,,,,,,,,
211478,,,,,,,,,,,17.118603,17.118603,-33.998867,-33.099789,0.410317,0.403276,,,,,,,,,,,,
211483,,,,,,,,,,,75.087914,75.087914,-28.113314,-26.700228,0.941475,0.929152,,,,,,,,,,,,
211496,,,,,,,,,,,75.087914,75.087914,-9.425964,-6.083802,0.771593,0.739280,,,,,,,,,,,,
211498,,,,,,,,,,,82.500000,82.500000,-3.882545,-0.236799,0.798918,0.763204,,,,,,,,,,,,
211503,,,,,,,,,,,82.500000,82.500000,6.506422,10.429605,0.702628,0.663747,,,,,,,,,,,,
211508,,,,,,,,,,,82.500000,82.500000,17.183475,21.951645,0.602389,0.554581,,,,,,,,,,,,
211513,,,,,,,,,,,82.500000,82.500000,28.123802,32.481289,0.498423,0.454287,,,,,,,,,,,,
211518,,,,,,,,,,,82.500000,82.500000,35.756058,42.104012,0.426775,0.362099,,,,,,,,,,,,
211523,,,,,,,,,,,82.500000,82.500000,40.365166,46.757812,0.384897,0.319136,,,,,,,,,,,,
211528,,,,,,,,,,,82.500000,82.500000,43.394398,49.236446,0.358516,0.297676,,,,,,,,,,,,
211533,,,,,,,,,,,82.500000,82.500000,46.162724,50.910149,0.334466,0.284097,,,,,,,,,,,,
211538,,,,,,,,,,,82.500000,82.500000,48.101166,52.439697,0.318522,0.271808,,,,,,,,,,,,
211543,,,,,,,,,,,82.500000,82.500000,50.464096,54.428947,0.298096,0.254723,,,,,,,,,,,,
211555,,,,,,,,,,,82.500000,82.500000,56.739090,58.969360,0.239963,0.213469,,,,,,,,,,,,
211558,,,,,,,,,,,82.500000,82.500000,55.400810,57.438988,0.256056,0.231279,,,,,,,,,,,,
211563,,,,,,,,,,,82.500000,82.500000,55.952129,58.406204,0.253198,0.224016,,,,,,,,,,,,
211568,,,,,,,,,,,82.500000,82.500000,54.681629,58.698669,0.268685,0.223471,,,,,,,,,,,,
211573,,,,,,,,,,,82.500000,82.500000,53.520557,56.008720,0.283193,0.253020,,,,,,,,,,,,
211578,,,,,,,,,,,82.500000,82.500000,51.276600,52.959011,0.308755,0.286471,,,,,,,,,,,,
211583,,,,,,,,,,,82.500000,82.500000,48.634472,50.171974,0.338563,0.317574,,,,,,,,,,,,
211588,,,,,,,,,,,82.500000,82.500000,46.811356,48.216431,0.360363,0.340558,,,,,,,,,,,,
211593,,,,,,,,,,,82.500000,82.500000,45.145264,47.612209,0.380759,0.350089,,,,,,,,,,,,
211598,,,,,,,,,,,82.500000,82.500000,45.397007,47.651474,0.381952,0.353181,,,,,,,,,,,,
211603,,,,,,,,,,,82.500000,82.500000,45.627068,48.278801,0.383339,0.350330,,,,,,,,,,,,
211615,,,,,,,,,,,82.500000,82.500000,45.672859,48.968487,0.389816,0.349678,,,,,,,,,,,,
211618,,,,,,,,,,,82.500000,82.500000,43.513382,47.116600,0.415309,0.371735,,,,,,,,,,,,
211623,,,,,,,,,,,82.500000,82.500000,43.905678,47.198551,0.415246,0.374446,,,,,,,,,,,,
211628,,,,,,,,,,,82.500000,82.500000,44.264187,48.456333,0.415484,0.365273,,,,,,,,,,,,
211633,,,,,,,,,,,82.500000,82.500000,44.591816,49.014339,0.415999,0.363041,,,,,,,,,,,,
211638,,,,,,,,,,,82.500000,82.500000,45.482674,50.115726,0.410792,0.355266,,,,,,,,,,,,
211643,,,,,,,,,,,82.500000,82.500000,46.296799,51.122253,0.406271,0.348338,,,,,,,,,,,,
211648,,,,,,,,,,,82.500000,82.500000,47.040806,52.042088,0.402377,0.342186,,,,,,,,,,,,
211653,,,,,,,,,,,82.500000,82.500000,47.720730,52.882694,0.399056,0.336741,,,,,,,,,,,,
211658,,,,,,,,,,,82.500000,82.500000,48.342094,53.059456,0.396258,0.337918,,,,,,,,,,,,
211663,,,,,,,,,,,82.500000,82.500000,49.501385,53.812439,0.387965,0.333257,,,,,,,,,,,,
211668,,,,,,,,,,,82.500000,82.500000,49.969379,53.909122,0.386538,0.335149,,,,,,,,,,,,
211673,,,,,,,,,,,82.500000,82.500000,50.397064,54.588924,0.385471,0.331142,,,,,,,,,,,,
211678,,,,,,,,,,,82.500000,82.500000,50.196468,54.027283,0.390708,0.339606,,,,,,,,,,,,
211683,,,,,,,,,,,82.500000,82.500000,50.604595,54.105461,0.389816,0.341663,,,,,,,,,,,,
211695,,,,,,,,,,,82.500000,82.500000,52.532402,56.047623,0.376036,0.327069,,,,,,,,,,,,
211698,,,,,,,,,,,82.500000,82.500000,50.373554,54.177452,0.400837,0.348603,,,,,,,,,,,,
211703,,,,,,,,,,,82.500000,82.500000,50.766430,53.651253,0.400082,0.356749,,,,,,,,,,,,
211708,,,,,,,,,,,82.500000,82.500000,50.534019,53.761818,0.405603,0.358518,,,,,,,,,,,,
211713,,,,,,,,,,,82.500000,82.500000,50.913074,53.862862,0.404971,0.360371,,,,,,,,,,,,
211718,,,,,,,,,,,82.500000,82.500000,51.259480,54.546646,0.404631,0.356328,,,,,,,,,,,,
211723,,,,,,,,,,,82.500000,82.500000,52.167496,55.171535,0.398584,0.352812,,,,,,,,,,,,
211728,,,,,,,,,,,82.500000,82.500000,52.405857,55.151157,0.399210,0.355751,,,,,,,,,,,,
211733,,,,,,,,,,,82.500000,82.500000,52.623688,55.132534,0.400019,0.358674,,,,,,,,,,,,
211738,,,,,,,,,,,82.500000,82.500000,52.822758,55.115517,0.400996,0.361583,,,,,,,,,,,,
211743,,,,,,,,,,,82.500000,82.500000,53.004681,55.691410,0.402126,0.358505,,,,,,,,,,,,
211755,,,,,,,,,,,82.500000,82.500000,55.128296,58.453148,0.385910,0.335210,,,,,,,,,,,,
211758,,,,,,,,,,,82.500000,82.500000,52.745865,56.375790,0.412709,0.358596,,,,,,,,,,,,
211763,,,,,,,,,,,82.500000,82.500000,53.525856,56.251690,0.407807,0.362462,,,,,,,,,,,,
211768,,,,,,,,,,,82.500000,82.500000,53.647221,56.729725,0.409479,0.360259,,,,,,,,,,,,
211773,,,,,,,,,,,82.500000,82.500000,53.758133,56.575142,0.411244,0.364397,,,,,,,,,,,,
211778,,,,,,,,,,,82.500000,82.500000,54.450939,57.025318,0.407120,0.362443,,,,,,,,,,,,
211783,,,,,,,,,,,82.500000,82.500000,54.492626,57.436718,0.409504,0.360835,,,,,,,,,,,,
211788,,,,,,,,,,,82.500000,82.500000,55.122169,57.812687,0.405947,0.359544,,,,,,,,,,,,
211793,,,,,,,,,,,82.500000,82.500000,55.106045,58.156273,0.408847,0.358543,,,,,,,,,,,,
211798,,,,,,,,,,,82.500000,82.500000,55.091309,57.878819,0.411736,0.363779,,,,,,,,,,,,
211803,,,,,,,,,,,82.500000,82.500000,55.669289,58.216709,0.408639,0.362829,,,,,,,,,,,,
211815,,,,,,,,,,,82.500000,82.500000,62.703377,66.805725,0.340278,0.278508,,,,,,,,,,,,
211816,,,,,,,,,,,82.500000,82.500000,57.302723,61.051735,0.396804,0.338193,,,,,,,,,,,,
211818,,,,,,,,,,,82.500000,82.500000,55.324451,58.750561,0.419304,0.363580,,,,,,,,,,,,
211823,,,,,,,,,,,82.500000,82.500000,55.882351,59.013367,0.416387,0.363300,,,,,,,,,,,,
211828,,,,,,,,,,,82.500000,82.500000,56.392197,59.253536,0.413899,0.363223,,,,,,,,,,,,
211833,,,,,,,,,,,82.500000,82.500000,56.858128,60.064465,0.411804,0.357357,,,,,,,,,,,,
211838,,,,,,,,,,,82.500000,82.500000,56.692486,59.622658,0.416041,0.364063,,,,,,,,,,,,
211843,,,,,,,,,,,82.500000,82.500000,57.132553,59.810349,0.414177,0.364455,,,,,,,,,,,,
211848,,,,,,,,,,,82.500000,82.500000,56.943275,59.981876,0.418626,0.364992,,,,,,,,,,,,
211853,,,,,,,,,,,82.500000,82.500000,57.361744,60.138630,0.416955,0.365660,,,,,,,,,,,,
211858,,,,,,,,,,,82.500000,82.500000,57.744167,60.281883,0.415606,0.366450,,,,,,,,,,,,
211863,,,,,,,,,,,82.500000,82.500000,58.093655,61.004242,0.414552,0.361376,,,,,,,,,,,,
211876,,,,,,,,,,,82.500000,82.500000,60.459400,63.430702,0.394798,0.340392,,,,,,,,,,,,
211878,,,,,,,,,,,82.500000,82.500000,57.617798,60.333183,0.425702,0.373584,,,,,,,,,,,,
211883,,,,,,,,,,,36.569607,36.569607,57.978168,60.459679,-0.039347,-0.089374,,,,,,,,,,,,
211888,,,,,,,,,,,36.569607,36.569607,58.307503,59.983833,-0.044814,-0.086957,,,,,,,,,,,,
211893,,,,,,,,,,,36.569607,36.569607,56.834133,57.774639,-0.032107,-0.066986,,,,,,,,,,,,
211898,,,,,,,,,,,-18.397165,-18.397165,54.896221,55.164276,-0.569725,-0.597906,,,,,,,,,,,,
211903,,,,,,,,,,,-18.397165,-18.397165,51.942333,51.004410,-0.547220,-0.563248,,,,,,,,,,,,
211908,,,,,,,,,,,-18.397165,-18.397165,47.468529,45.428501,-0.509068,-0.513871,,,,,,,,,,,,
211913,,,,,,,,,,,-18.397165,-18.397165,42.197166,39.149956,-0.462414,-0.456840,,,,,,,,,,,,
211918,,,,,,,,,,,-18.397165,-18.397165,36.196938,32.229294,-0.407871,-0.392696,,,,,,,,,,,,
211923,,,,,,,,,,,-77.881317,-77.881317,30.713509,25.904709,-0.958738,-0.934671,,,,,,,,,,,,
211928,,,,,,,,,,,-77.881317,-77.881317,24.519478,18.941973,-0.907037,-0.874725,,,,,,,,,,,,
211933,,,,,,,,,,,-77.881317,-77.881317,16.493162,10.804604,-0.836212,-0.802220,,,,,,,,,,,,
211938,,,,,,,,,,,-82.499985,-82.500000,6.792375,0.410883,-0.794320,-0.752761,,,,,,,,,,,,
211943,,,,,,,,,,,-82.499985,-82.500000,-3.255772,-9.679070,-0.701763,-0.659144,,,,,,,,,,,,
211956,,,,,,,,,,,-82.499985,-82.500000,-29.254702,-35.700176,-0.452212,-0.408021,,,,,,,,,,,,
211958,,,,,,,,,,,-82.499992,-82.499992,-33.240883,-39.131207,-0.417276,-0.378047,,,,,,,,,,,,
211963,,,,,,,,,,,-82.499992,-82.499992,-42.206734,-48.181171,-0.331647,-0.290980,,,,,,,,,,,,
211968,,,,,,,,,,,-82.499992,-82.499992,-46.851688,-52.902988,-0.288762,-0.246721,,,,,,,,,,,,
211973,,,,,,,,,,,-82.499992,-82.499992,-47.547901,-53.669449,-0.285295,-0.241940,,,,,,,,,,,,
211978,,,,,,,,,,,-82.499992,-82.499992,-47.001259,-53.187004,-0.294311,-0.249695,,,,,,,,,,,,
211983,,,,,,,,,,,-82.499992,-82.499992,-46.501701,-52.746109,-0.302907,-0.257080,,,,,,,,,,,,
211988,,,,,,,,,,,-82.499992,-82.499992,-46.636616,-52.343189,-0.305144,-0.264125,,,,,,,,,,,,
211993,,,,,,,,,,,-82.499992,-82.499992,-47.351353,-52.566418,-0.301511,-0.264886,,,,,,,,,,,,
211998,,,,,,,,,,,-82.499992,-82.499992,-48.004532,-52.770420,-0.298429,-0.265819,,,,,,,,,,,,
212003,,,,,,,,,,,-82.499992,-82.499992,-49.192894,-52.956852,-0.289876,-0.266909,,,,,,,,,,,,
212016,,,,,,,,,,,-82.499992,-82.499992,-54.055927,-57.250366,-0.246425,-0.228548,,,,,,,,,,,,
212018,,,,,,,,,,,-82.499992,-82.499992,-52.357304,-54.685162,-0.266426,-0.256982,,,,,,,,,,,,
212023,,,,,,,,,,,-82.499992,-82.499992,-51.987873,-54.115231,-0.273171,-0.265520,,,,,,,,,,,,
212028,,,,,,,,,,,-82.499992,-82.499992,-49.284481,-51.820053,-0.303527,-0.291540,,,,,,,,,,,,
212033,,,,,,,,,,,-82.499992,-82.499992,-46.222488,-48.539673,-0.337774,-0.327739,,,,,,,,,,,,
212038,,,,,,,,,,,-82.499992,-82.499992,-43.424225,-46.133274,-0.369665,-0.355440,,,,,,,,,,,,
212043,,,,,,,,,,,-82.499992,-82.499992,-42.049866,-45.117031,-0.387453,-0.369341,,,,,,,,,,,,
212048,,,,,,,,,,,-82.499992,-82.499992,-41.385326,-44.779762,-0.398210,-0.376485,,,,,,,,,,,,
212053,,,,,,,,,,,-82.499992,-82.499992,-41.369469,-45.062984,-0.402482,-0.377397,,,,,,,,,,,,
212058,,,,,,,,,,,-82.499992,-82.499992,-41.354977,-45.321815,-0.406741,-0.378526,,,,,,,,,,,,
212063,,,,,,,,,,,-82.499992,-82.499992,-41.933178,-45.558353,-0.405016,-0.379855,,,,,,,,,,,,
212075,,,,,,,,,,,-82.499992,-82.499992,-44.749893,-48.858494,-0.383977,-0.353122,,,,,,,,,,,,
212078,,,,,,,,,,,-82.499992,-82.499992,-43.852798,-47.607525,-0.396812,-0.369121,,,,,,,,,,,,
212083,,,,,,,,,,,-82.500000,-82.500000,-44.215862,-48.238640,-0.397010,-0.366236,,,,,,,,,,,,
212088,,,,,,,,,,,-82.500000,-82.500000,-45.139099,-48.815395,-0.391514,-0.363837,,,,,,,,,,,,
212093,,,,,,,,,,,-82.500000,-82.500000,-45.982819,-49.342476,-0.386729,-0.361881,,,,,,,,,,,,
212098,,,,,,,,,,,-82.500000,-82.500000,-46.753868,-49.824158,-0.382593,-0.360332,,,,,,,,,,,,
212103,,,,,,,,,,,-82.500000,-82.500000,-46.867062,-50.855797,-0.385024,-0.353180,,,,,,,,,,,,
212108,,,,,,,,,,,-82.500000,-82.500000,-47.561951,-51.207134,-0.381569,-0.352796,,,,,,,,,,,,
212113,,,,,,,,,,,-82.500000,-82.500000,-48.788433,-51.528214,-0.372675,-0.352683,,,,,,,,,,,,
212118,,,,,,,,,,,-82.500000,-82.500000,-49.317833,-52.413082,-0.370700,-0.346843,,,,,,,,,,,,
212123,,,,,,,,,,,-82.500000,-82.500000,-49.801636,-53.221737,-0.369131,-0.341684,,,,,,,,,,,,
212128,,,,,,,,,,,-82.500000,-82.500000,-49.652325,-53.369297,-0.373909,-0.343121,,,,,,,,,,,,
212133,,,,,,,,,,,-82.500000,-82.500000,-49.515873,-53.504147,-0.378572,-0.344672,,,,,,,,,,,,
212138,,,,,,,,,,,-82.500000,-82.500000,-49.982620,-53.627384,-0.377156,-0.346327,,,,,,,,,,,,
212143,,,,,,,,,,,-82.500000,-82.500000,-50.409164,-53.740005,-0.376100,-0.348077,,,,,,,,,,,,
212155,,,,,,,,,,,-82.499992,-82.499992,-51.288177,-54.610462,-0.373069,-0.344436,,,,,,,,,,,,
212158,,,,,,,,,,,-82.499992,-82.499992,-49.236496,-52.272633,-0.396912,-0.370837,,,,,,,,,,,,
212163,,,,,,,,,,,-82.499992,-82.499992,-49.727306,-52.501938,-0.395281,-0.371543,,,,,,,,,,,,
212168,,,,,,,,,,,-82.499992,-82.499992,-50.175842,-52.711494,-0.394028,-0.372427,,,,,,,,,,,,
212173,,,,,,,,,,,-82.499992,-82.499992,-50.585747,-53.494446,-0.393121,-0.367498,,,,,,,,,,,,
212178,,,,,,,,,,,-82.499992,-82.499992,-51.551788,-54.209961,-0.386555,-0.363172,,,,,,,,,,,,
212183,,,,,,,,,,,-82.499992,-82.499992,-51.843182,-54.863850,-0.386707,-0.359396,,,,,,,,,,,,
212188,,,,,,,,,,,-82.499992,-82.499992,-52.700920,-54.869972,-0.381109,-0.362098,,,,,,,,,,,,
212193,,,,,,,,,,,-82.499992,-82.499992,-52.893337,-55.467014,-0.382146,-0.358831,,,,,,,,,,,,
212198,,,,,,,,,,,-82.499992,-82.499992,-53.069183,-55.421188,-0.383330,-0.361997,,,,,,,,,,,,
212203,,,,,,,,,,,-82.499992,-82.499992,-53.229881,-55.379311,-0.384650,-0.365128,,,,,,,,,,,,
212215,,,,,,,,,,,-82.499992,-82.499992,-61.065525,-63.029823,-0.308437,-0.290570,,,,,,,,,,,,
212216,,,,,,,,,,,-82.499992,-82.499992,-55.805939,-58.192497,-0.363703,-0.341374,,,,,,,,,,,,
212218,,,,,,,,,,,-82.499992,-82.499992,-53.365143,-55.546146,-0.391024,-0.370533,,,,,,,,,,,,
212223,,,,,,,,,,,-82.499992,-82.499992,-53.500351,-55.493504,-0.392572,-0.373760,,,,,,,,,,,,
212228,,,,,,,,,,,-82.499992,-82.499992,-53.623913,-56.036842,-0.394224,-0.370973,,,,,,,,,,,,
212233,,,,,,,,,,,-82.499992,-82.499992,-54.328278,-56.533382,-0.389998,-0.368604,,,,,,,,,,,,
212238,,,,,,,,,,,-82.499992,-82.499992,-54.380531,-56.987156,-0.392287,-0.366618,,,,,,,,,,,,
212243,,,,,,,,,,,-82.499992,-82.499992,-55.019730,-57.401844,-0.388643,-0.364981,,,,,,,,,,,,
212248,,,,,,,,,,,-82.499992,-82.499992,-55.012428,-57.780815,-0.391465,-0.363663,,,,,,,,,,,,
212253,,,,,,,,,,,-82.499992,-82.499992,-55.005756,-58.127144,-0.394281,-0.362637,,,,,,,,,,,,
212258,,,,,,,,,,,-82.499992,-82.499992,-54.999657,-57.852200,-0.397092,-0.367851,,,,,,,,,,,,
212263,,,,,,,,,,,-82.499992,-82.499992,-54.994083,-58.192383,-0.399898,-0.366880,,,,,,,,,,,,
212276,,,,,,,,,,,-82.499992,-82.499992,-57.819828,-60.490913,-0.376032,-0.347726,,,,,,,,,,,,
212278,,,,,,,,,,,-82.499992,-82.499992,-55.797020,-58.238045,-0.398930,-0.372681,,,,,,,,,,,,
212283,,,,,,,,,,,-82.499992,-82.499992,-56.314217,-59.136440,-0.396377,-0.366034,,,,,,,,,,,,
212288,,,,,,,,,,,-82.499992,-82.499992,-57.378311,-59.366009,-0.388248,-0.366051,,,,,,,,,,,,
212293,,,,,,,,,,,-82.499992,-82.499992,-57.759308,-59.575806,-0.386912,-0.366246,,,,,,,,,,,,
212298,,,,,,,,,,,-58.204315,-58.204315,-58.107491,-59.767532,-0.140483,-0.121215,,,,,,,,,,,,
212303,,,,,,,,,,,-58.204315,-58.204315,-57.834240,-59.942745,-0.143253,-0.119289,,,,,,,,,,,,
212308,,,,,,,,,,,-58.204315,-58.204315,-56.993080,-58.919979,-0.151786,-0.129445,,,,,,,,,,,,
212313,,,,,,,,,,,-58.204315,-58.204315,-56.224369,-57.393860,-0.159671,-0.144788,,,,,,,,,,,,
212318,,,,,,,,,,,-1.895984,-1.895984,-56.113312,-56.590630,0.407724,0.415733,,,,,,,,,,,,
212323,,,,,,,,,,,-1.895984,-1.895984,-54.828930,-54.673691,0.400173,0.401841,,,,,,,,,,,,
212336,,,,,,,,,,,-1.895984,-1.895984,-46.331326,-46.201675,0.324521,0.326418,,,,,,,,,,,,
212338,,,,,,,,,,,59.202332,59.202332,-41.749355,-41.630871,0.899779,0.901776,,,,,,,,,,,,
212343,,,,,,,,,,,59.202332,59.202332,-35.787697,-35.087971,0.849662,0.845776,,,,,,,,,,,,
212348,,,,,,,,,,,59.202332,59.202332,-28.565182,-27.334278,0.786214,0.776893,,,,,,,,,,,,
212353,,,,,,,,,,,59.202332,59.202332,-19.598965,-17.882633,0.704432,0.690085,,,,,,,,,,,,
212358,,,,,,,,,,,82.500000,82.500000,-10.222118,-8.062171,0.852912,0.833913,,,,,,,,,,,,
212363,,,,,,,,,,,82.500000,82.500000,0.121432,2.095344,0.757714,0.740378,,,,,,,,,,,,
212368,,,,,,,,,,,82.500000,82.500000,10.756981,13.743769,0.658533,0.630770,,,,,,,,,,,,
212373,,,,,,,,,,,82.500000,82.500000,21.659378,24.980358,0.555593,0.524156,,,,,,,,,,,,
212378,,,,,,,,,,,82.500000,82.500000,29.848415,34.657692,0.478968,0.432167,,,,,,,,,,,,
212383,,,,,,,,,,,82.500000,82.500000,36.149239,41.135735,0.420595,0.371523,,,,,,,,,,,,
212388,,,,,,,,,,,82.500000,82.500000,40.133034,44.690044,0.384994,0.339761,,,,,,,,,,,,
212393,,,,,,,,,,,82.500000,82.500000,43.773705,47.938221,0.352459,0.310735,,,,,,,,,,,,
212398,,,,,,,,,,,82.500000,82.500000,47.100803,51.498077,0.322728,0.278237,,,,,,,,,,,,
212403,,,,,,,,,,,82.500000,82.500000,50.732784,54.159874,0.289585,0.254453,,,,,,,,,,,,
212415,,,,,,,,,,,82.500000,82.500000,61.740726,66.055527,0.237367,0.190274,,,,,,,,,,,,
212416,,,,,,,,,,,,,56.422985,60.957596,,,,,,,,,,,,,,
212418,,,,,,,,,,,82.500000,82.500000,54.520485,59.255974,0.259190,0.209615,,,,,,,,,,,,
212423,,,,,,,,,,,82.500000,82.500000,55.147629,58.883804,0.255654,0.215698,,,,,,,,,,,,
212428,,,,,,,,,,,82.500000,82.500000,54.537865,57.360798,0.264548,0.233442,,,,,,,,,,,,
212433,,,,,,,,,,,82.500000,82.500000,52.206287,54.786079,0.290893,0.261961,,,,,,,,,,,,
212438,,,,,,,,,,,82.500000,82.500000,49.484085,52.433121,0.321416,0.288497,,,,,,,,,,,,
212443,,,,,,,,,,,82.500000,82.500000,47.587791,50.282825,0.343870,0.313222,,,,,,,,,,,,
212448,,,,,,,,,,,82.500000,82.500000,46.446270,48.909180,0.358891,0.330317,,,,,,,,,,,,
212453,,,,,,,,,,,82.500000,82.500000,45.403069,48.836735,0.373033,0.334408,,,,,,,,,,,,
212458,,,,,,,,,,,82.500000,82.500000,45.041161,48.770531,0.380398,0.338443,,,,,,,,,,,,
212463,,,,,,,,,,,82.500000,82.500000,44.710426,48.710030,0.387484,0.342427,,,,,,,,,,,,
212475,,,,,,,,,,,82.500000,82.500000,48.548290,53.386299,0.352501,0.298576,,,,,,,,,,,,
212476,,,,,,,,,,,82.500000,82.500000,44.366817,48.788128,0.398129,0.347928,,,,,,,,,,,,
212478,,,,,,,,,,,82.500000,82.500000,42.911274,47.543221,0.416643,0.363873,,,,,,,,,,,,
212483,,,,,,,,,,,82.500000,82.500000,42.763985,47.588428,0.422089,0.366912,,,,,,,,,,,,
212488,,,,,,,,,,,82.500000,82.500000,43.812271,48.812630,0.415475,0.358039,,,,,,,,,,,,
212493,,,,,,,,,,,82.500000,82.500000,44.770271,49.339947,0.409668,0.356082,,,,,,,,,,,,
212498,,,,,,,,,,,82.500000,82.500000,45.054314,49.821846,0.410572,0.354531,,,,,,,,,,,,
212503,,,,,,,,,,,82.500000,82.500000,45.905334,50.262238,0.405722,0.353351,,,,,,,,,,,,
212508,,,,,,,,,,,82.500000,82.500000,46.683056,51.256145,0.401526,0.346536,,,,,,,,,,,,
212513,,,,,,,,,,,82.500000,82.500000,47.393795,51.573002,0.397929,0.346460,,,,,,,,,,,,
212518,,,,,,,,,,,82.500000,82.500000,48.043316,52.454014,0.394880,0.340654,,,,,,,,,,,,
212523,,,,,,,,,,,82.500000,82.500000,48.636894,52.667698,0.392330,0.341501,,,,,,,,,,,,
212535,,,,,,,,,,,82.500000,82.500000,55.685242,60.551762,0.324528,0.264855,,,,,,,,,,,,
212536,,,,,,,,,,,82.500000,82.500000,50.889061,55.336426,0.375651,0.319725,,,,,,,,,,,,
212538,,,,,,,,,,,82.500000,82.500000,48.871754,52.936066,0.399187,0.346685,,,,,,,,,,,,
212543,,,,,,,,,,,82.500000,82.500000,49.393978,53.108231,0.397276,0.347902,,,,,,,,,,,,
212548,,,,,,,,,,,82.500000,82.500000,49.279778,53.265568,0.401740,0.349252,,,,,,,,,,,,
212553,,,,,,,,,,,82.500000,82.500000,50.358303,54.000797,0.394169,0.344750,,,,,,,,,,,,
212558,,,,,,,,,,,82.500000,82.500000,50.752491,54.672703,0.393401,0.340814,,,,,,,,,,,,
212563,,,,,,,,,,,82.500000,82.500000,51.112728,54.695290,0.392938,0.343368,,,,,,,,,,,,
212568,,,,,,,,,,,82.500000,82.500000,50.850491,54.715931,0.398725,0.345940,,,,,,,,,,,,
212573,,,,,,,,,,,82.500000,82.500000,50.610840,54.734795,0.404310,0.348528,,,,,,,,,,,,
212578,,,,,,,,,,,82.500000,82.500000,50.983276,54.752033,0.403738,0.351131,,,,,,,,,,,,
212583,,,,,,,,,,,82.500000,82.500000,51.323635,54.767788,0.403452,0.353746,,,,,,,,,,,,
212599,,,,,,,,,,,82.500000,82.500000,51.566818,55.677330,0.408861,0.351139,,,,,,,,,,,,
212603,,,,,,,,,,,82.500000,82.500000,51.265472,55.021946,0.414998,0.360440,,,,,,,,,,,,
212608,,,,,,,,,,,82.500000,82.500000,51.581524,55.014454,0.414929,0.363264,,,,,,,,,,,,
212613,,,,,,,,,,,82.500000,82.500000,51.870358,55.599052,0.415104,0.360108,,,,,,,,,,,,
212618,,,,,,,,,,,82.500000,82.500000,52.134312,56.133297,0.415501,0.357402,,,,,,,,,,,,
212623,,,,,,,,,,,82.500000,82.500000,52.966976,56.621529,0.410127,0.355108,,,,,,,,,,,,
212628,,,,,,,,,,,82.500000,82.500000,53.727924,56.476265,0.405395,0.359163,,,,,,,,,,,,
212633,,,,,,,,,,,82.500000,82.500000,53.831886,56.934956,0.407222,0.357132,,,,,,,,,,,,
212638,,,,,,,,,,,82.500000,82.500000,53.926895,57.354141,0.409130,0.355455,,,,,,,,,,,,
212643,,,,,,,,,,,82.500000,82.500000,54.605164,57.737221,0.405136,0.354100,,,,,,,,,,,,
212648,,,,,,,,,,,82.500000,82.500000,54.633568,58.087307,0.407639,0.353041,,,,,,,,,,,,
212653,,,,,,,,,,,82.500000,82.500000,54.659527,57.815796,0.410163,0.358224,,,,,,,,,,,,
212658,,,,,,,,,,,82.500000,82.500000,54.683250,58.159115,0.412708,0.357225,,,,,,,,,,,,
212663,,,,,,,,,,,82.500000,82.500000,55.296375,58.472862,0.409297,0.356491,,,,,,,,,,,,
212677,,,,,,,,,,,82.500000,82.500000,58.612793,61.806164,0.380358,0.326714,,,,,,,,,,,,
212678,,,,,,,,,,,82.500000,82.500000,55.338795,58.257122,0.415814,0.364628,,,,,,,,,,,,
212683,,,,,,,,,,,82.500000,82.500000,55.304012,58.562428,0.418881,0.363969,,,,,,,,,,,,
212688,,,,,,,,,,,82.500000,82.500000,55.863670,58.249992,0.415948,0.369519,,,,,,,,,,,,
212693,,,,,,,,,,,82.500000,82.500000,55.783680,59.147358,0.419420,0.362880,,,,,,,,,,,,
212698,,,,,,,,,,,82.500000,82.500000,56.302025,59.967434,0.416856,0.356933,,,,,,,,,,,,
212703,,,,,,,,,,,82.500000,82.500000,56.775723,60.125431,0.414692,0.357590,,,,,,,,,,,,
212708,,,,,,,,,,,82.500000,82.500000,57.208622,60.269821,0.412892,0.358369,,,,,,,,,,,,
212713,,,,,,,,,,,82.500000,82.500000,57.012791,60.993217,0.417399,0.353286,,,,,,,,,,,,
212718,,,,,,,,,,,82.500000,82.500000,57.425270,61.062862,0.415782,0.354733,,,,,,,,,,,,
212723,,,,,,,,,,,82.500000,82.500000,57.802223,61.126511,0.414482,0.356234,,,,,,,,,,,,
212735,,,,,,,,,,,82.500000,82.500000,65.835495,68.873459,0.335816,0.280127,,,,,,,,,,,,
212736,,,,,,,,,,,82.500000,82.500000,60.756516,63.532818,0.388780,0.335430,,,,,,,,,,,,
212738,,,,,,,,,,,82.500000,82.500000,57.889324,61.017948,0.419913,0.362727,,,,,,,,,,,,
212743,,,,,,,,,,,69.325020,69.325020,58.226307,61.085464,0.285903,0.231126,,,,,,,,,,,,
212748,,,,,,,,,,,69.325020,69.325020,58.534267,60.555721,0.283902,0.237301,,,,,,,,,,,,
212753,,,,,,,,,,,69.325020,69.325020,58.224258,60.071602,0.288113,0.243067,,,,,,,,,,,,
212758,,,,,,,,,,,16.025833,16.025833,58.532394,59.629181,-0.252211,-0.289861,,,,,,,,,,,,
212763,,,,,,,,,,,16.025833,16.025833,57.631100,58.041977,-0.247359,-0.278190,,,,,,,,,,,,
212768,,,,,,,,,,,16.025833,16.025833,55.033100,54.225700,-0.225280,-0.243848,,,,,,,,,,,,
212773,,,,,,,,,,,16.025833,16.025833,52.067421,50.146675,-0.199227,-0.206469,,,,,,,,,,,,
212778,,,,,,,,,,,-41.101055,-41.101055,48.174290,45.827530,-0.740492,-0.743240,,,,,,,,,,,,
212783,,,,,,,,,,,-41.101055,-41.101055,43.433582,40.697506,-0.701538,-0.700119,,,,,,,,,,,,
212796,,,,,,,,,,,-82.499992,-82.499992,29.247355,24.259785,-0.996291,-0.971312,,,,,,,,,,,,
212798,,,,,,,,,,,-82.499992,-82.499992,24.362495,19.213060,-0.958128,-0.931016,,,,,,,,,,,,
212803,,,,,,,,,,,-82.499992,-82.499992,15.758256,10.460897,-0.881912,-0.852791,,,,,,,,,,,,
212808,,,,,,,,,,,-82.499992,-82.499992,6.712211,0.688226,-0.800373,-0.763383,,,,,,,,,,,,
212813,,,,,,,,,,,-82.499992,-82.499992,-3.329031,-10.017058,-0.707877,-0.663578,,,,,,,,,,,,
212818,,,,,,,,,,,-82.499992,-82.499992,-14.871199,-21.574631,-0.599218,-0.554095,,,,,,,,,,,,
212823,,,,,,,,,,,-82.499992,-82.499992,-25.419235,-32.136745,-0.499446,-0.453510,,,,,,,,,,,,
212828,,,,,,,,,,,-82.499992,-82.499992,-35.650215,-42.380585,-0.401821,-0.355084,,,,,,,,,,,,
212833,,,,,,,,,,,-82.499992,-82.499992,-44.408554,-49.376343,-0.318047,-0.288438,,,,,,,,,,,,
212838,,,,,,,,,,,-82.499992,-82.499992,-50.638199,-53.995220,-0.258937,-0.245100,,,,,,,,,,,,
212843,,,,,,,,,,,-82.499992,-82.499992,-51.599724,-55.850494,-0.252412,-0.229212,,,,,,,,,,,,
212848,,,,,,,,,,,-82.499992,-82.499992,-50.704098,-55.180195,-0.264547,-0.238647,,,,,,,,,,,,
212853,,,,,,,,,,,-82.499992,-82.499992,-49.885612,-53.976181,-0.275994,-0.253540,,,,,,,,,,,,
212858,,,,,,,,,,,-82.499992,-82.499992,-49.137623,-52.875870,-0.286810,-0.267505,,,,,,,,,,,,
212863,,,,,,,,,,,-82.499992,-82.499992,-49.636948,-53.053219,-0.285103,-0.268677,,,,,,,,,,,,
212875,,,,,,,,,,,-82.499992,-82.499992,,,,,,,,,,,,,,,,
212876,,,,,,,,,,,-82.499992,-82.499992,-52.856213,-55.117889,-0.258406,-0.252987,,,,,,,,,,,,
212878,,,,,,,,,,,-82.499992,-82.499992,-50.669476,-52.736355,-0.283456,-0.279779,,,,,,,,,,,,
212883,,,,,,,,,,,-82.499992,-82.499992,-51.628307,-54.108612,-0.276955,-0.268895,,,,,,,,,,,,
212888,,,,,,,,,,,-82.499992,-82.499992,-51.321663,-54.771229,-0.283139,-0.265042,,,,,,,,,,,,
212893,,,,,,,,,,,-82.499992,-82.499992,-49.267097,-53.602440,-0.307008,-0.279619,,,,,,,,,,,,
212898,,,,,,,,,,,-82.499992,-82.499992,-46.798046,-50.759987,-0.335269,-0.311218,,,,,,,,,,,,
212903,,,,,,,,,,,-82.499992,-82.499992,-44.541656,-48.753799,-0.361629,-0.334654,,,,,,,,,,,,
212908,,,,,,,,,,,-82.499992,-82.499992,-42.479610,-47.511848,-0.386251,-0.350573,,,,,,,,,,,,
212913,,,,,,,,,,,-82.499992,-82.499992,-42.369503,-46.968311,-0.391365,-0.359561,,,,,,,,,,,,
212918,,,,,,,,,,,-82.499992,-82.499992,-42.268879,-47.063034,-0.396394,-0.362158,,,,,,,,,,,,
212923,,,,,,,,,,,-82.499992,-82.499992,-42.176922,-47.149601,-0.401346,-0.364827,,,,,,,,,,,,
212935,,,,,,,,,,,-82.499992,-82.499992,,,,,,,,,,,,,,,,
212936,,,,,,,,,,,-82.499992,-82.499992,-44.412956,-50.238380,-0.386185,-0.339983,,,,,,,,,,,,
212938,,,,,,,,,,,-82.499992,-82.499992,-42.953438,-48.277119,-0.404735,-0.363018,,,,,,,,,,,,
212943,,,,,,,,,,,-82.499992,-82.499992,-43.393963,-48.259113,-0.404240,-0.366622,,,,,,,,,,,,
212948,,,,,,,,,,,-82.499992,-82.499992,-43.796547,-48.834106,-0.404085,-0.364239,,,,,,,,,,,,
212953,,,,,,,,,,,-82.499992,-82.499992,-44.755901,-49.359573,-0.398265,-0.362298,,,,,,,,,,,,
212958,,,,,,,,,,,-82.500000,-82.500000,-45.632626,-49.839783,-0.393185,-0.360762,,,,,,,,,,,,
212963,,,,,,,,,,,-82.500000,-82.500000,-47.025284,-50.870075,-0.382806,-0.353622,,,,,,,,,,,,
212968,,,,,,,,,,,-82.500000,-82.500000,-48.297989,-51.811630,-0.373499,-0.347275,,,,,,,,,,,,
212973,,,,,,,,,,,-82.500000,-82.500000,-48.869633,-52.080643,-0.371146,-0.347627,,,,,,,,,,,,
212978,,,,,,,,,,,-82.500000,-82.500000,-48.800594,-52.326485,-0.375206,-0.348186,,,,,,,,,,,,
212983,,,,,,,,,,,-82.500000,-82.500000,-49.328949,-52.551151,-0.373239,-0.348934,,,,,,,,,,,,
212995,,,,,,,,,,,-82.500000,-82.500000,-56.317688,-59.262363,-0.305970,-0.284146,,,,,,,,,,,,
212996,,,,,,,,,,,-82.500000,-82.500000,-51.467033,-54.749527,-0.357580,-0.332049,,,,,,,,,,,,
212998,,,,,,,,,,,-82.499992,-82.499992,-49.399948,-52.399719,-0.381561,-0.358557,,,,,,,,,,,,
213003,,,,,,,,,,,-82.499992,-82.499992,-49.876678,-52.618080,-0.380056,-0.359362,,,,,,,,,,,,
213008,,,,,,,,,,,-82.499992,-82.499992,-50.312347,-52.817635,-0.378918,-0.360335,,,,,,,,,,,,
213013,,,,,,,,,,,-82.499992,-82.499992,-50.710495,-53.000000,-0.378116,-0.361461,,,,,,,,,,,,
213018,,,,,,,,,,,-82.499992,-82.499992,-51.074348,-53.166656,-0.377620,-0.362728,,,,,,,,,,,,
213023,,,,,,,,,,,-82.499992,-82.499992,-51.406864,-53.910404,-0.377404,-0.358149,,,,,,,,,,,,
213028,,,,,,,,,,,-82.499992,-82.499992,-51.710739,-53.998650,-0.377444,-0.360117,,,,,,,,,,,,
213033,,,,,,,,,,,-82.499992,-82.499992,-51.396996,-54.079292,-0.383692,-0.362153,,,,,,,,,,,,
213038,,,,,,,,,,,-82.500000,-82.500000,-51.701721,-54.152992,-0.383724,-0.364250,,,,,,,,,,,,
213043,,,,,,,,,,,-82.500000,-82.500000,-51.980202,-54.811787,-0.383991,-0.360431,,,,,,,,,,,,
213055,,,,,,,,,,,-82.500000,-82.500000,-58.740589,-61.919735,-0.318763,-0.291410,,,,,,,,,,,,
213056,,,,,,,,,,,-82.500000,-82.500000,-53.681252,-56.586575,-0.372239,-0.347333,,,,,,,,,,,,
213058,,,,,,,,,,,-82.500000,-82.500000,-51.423454,-54.669987,-0.397924,-0.369282,,,,,,,,,,,,
213063,,,,,,,,,,,-82.499992,-82.499992,-51.725899,-54.692810,-0.397977,-0.371834,,,,,,,,,,,,
213068,,,,,,,,,,,-82.499992,-82.499992,-52.593739,-55.305111,-0.392289,-0.368431,,,,,,,,,,,,
213073,,,,,,,,,,,-82.499992,-82.499992,-52.795387,-55.864674,-0.393243,-0.365498,,,,,,,,,,,,
213078,,,,,,,,,,,-82.499992,-82.499992,-53.571114,-56.376041,-0.388379,-0.362997,,,,,,,,,,,,
213083,,,,,,,,,,,-82.499992,-82.499992,-54.280025,-56.843365,-0.384112,-0.360890,,,,,,,,,,,,
213088,,,,,,,,,,,-82.499992,-82.499992,-54.336433,-56.678993,-0.386364,-0.365115,,,,,,,,,,,,
213093,,,,,,,,,,,-82.499992,-82.499992,-54.979431,-57.120224,-0.382686,-0.363241,,,,,,,,,,,,
213098,,,,,,,,,,,-82.500000,-82.499985,-54.975601,-56.932007,-0.385477,-0.367680,,,,,,,,,,,,
213103,,,,,,,,,,,-82.500000,-82.499985,-55.563545,-57.351444,-0.382291,-0.366000,,,,,,,,,,,,
213108,,,,,,,,,,,-82.500000,-82.499985,-56.100849,-57.734756,-0.379558,-0.364644,,,,,,,,,,,,
213113,,,,,,,,,,,-82.500000,-82.499985,-56.000431,-57.493610,-0.383212,-0.369556,,,,,,,,,,,,
213118,,,,,,,,,,,-82.499992,-82.499992,-56.500107,-57.864677,-0.380816,-0.368309,,,,,,,,,,,,
213123,,,,,,,,,,,-82.499992,-82.499992,-56.365299,-57.612339,-0.384777,-0.373321,,,,,,,,,,,,
213135,,,,,,,,,,,-82.499992,-82.499992,-59.015953,-60.597931,-0.362476,-0.347339,,,,,,,,,,,,
213138,,,,,,,,,,,-82.499992,-82.499992,-56.890121,-58.335842,-0.386295,-0.372376,,,,,,,,,,,,
213143,,,,,,,,,,,-82.499992,-82.499992,-56.721722,-58.634369,-0.390557,-0.371778,,,,,,,,,,,,
213148,,,,,,,,,,,-82.499992,-82.499992,-57.159271,-58.907181,-0.388716,-0.371409,,,,,,,,,,,,
213153,,,,,,,,,,,-82.499992,-82.499992,-56.967690,-59.156498,-0.393185,-0.371250,,,,,,,,,,,,
213158,,,,,,,,,,,-78.488976,-78.488976,-57.384056,-59.384342,-0.351021,-0.330772,,,,,,,,,,,,
213163,,,,,,,,,,,-78.488976,-78.488976,-57.173115,-59.592560,-0.355262,-0.330579,,,,,,,,,,,,
213168,,,,,,,,,,,-78.488976,-78.488976,-57.571785,-59.782845,-0.353367,-0.330547,,,,,,,,,,,,
213173,,,,,,,,,,,-78.488976,-78.488976,-57.344673,-59.956741,-0.357753,-0.330661,,,,,,,,,,,,
213178,,,,,,,,,,,-24.266714,-24.266714,-57.728569,-60.115658,0.191655,0.216735,,,,,,,,,,,,
213183,,,,,,,,,,,-24.266714,-24.266714,-56.896511,-59.669441,0.186597,0.215813,,,,,,,,,,,,
213195,,,,,,,,,,,34.398033,34.398033,-56.727562,-58.078770,0.780668,0.795802,,,,,,,,,,,,
213196,,,,,,,,,,,34.398033,34.398033,-51.841606,-53.076435,0.740432,0.754526,,,,,,,,,,,,
213198,,,,,,,,,,,34.398033,34.398033,-47.376480,-48.504951,0.703958,0.717101,,,,,,,,,,,,
213203,,,,,,,,,,,34.398033,34.398033,-42.113045,-43.144321,0.658975,0.671249,,,,,,,,,,,,
213208,,,,,,,,,,,34.398033,34.398033,-35.528618,-35.879623,0.600124,0.605630,,,,,,,,,,,,
213213,,,,,,,,,,,34.398033,34.398033,-28.919861,-28.649191,0.540368,0.539631,,,,,,,,,,,,
213218,,,,,,,,,,,34.398033,34.398033,-21.697430,-20.267181,0.473753,0.461277,,,,,,,,,,,,
213223,,,,,,,,,,,82.500000,82.500000,-14.505623,-11.424227,0.892555,0.863259,,,,,,,,,,,,
213228,,,,,,,,,,,82.500000,82.500000,-5.567467,-2.160028,0.811980,0.779083,,,,,,,,,,,,
213233,,,,,,,,,,,82.500000,82.500000,3.783732,8.080578,0.726340,0.684119,,,,,,,,,,,,
213238,,,,,,,,,,,82.500000,82.500000,14.695292,19.213493,0.624005,0.579119,,,,,,,,,,,,
213243,,,,,,,,,,,82.500000,82.500000,24.667034,29.978973,0.530071,0.476716,,,,,,,,,,,,
213256,,,,,,,,,,,82.500000,82.500000,47.136490,51.572800,0.312069,0.266542,,,,,,,,,,,,
213258,,,,,,,,,,,82.500000,82.500000,47.216728,50.679493,0.314795,0.278657,,,,,,,,,,,,
213263,,,,,,,,,,,82.500000,82.500000,49.064392,52.820351,0.299662,0.260217,,,,,,,,,,,,
213268,,,,,,,,,,,82.500000,82.500000,50.752914,54.185371,0.285952,0.249398,,,,,,,,,,,,
213273,,,,,,,,,,,82.500000,82.500000,51.704559,56.024269,0.279515,0.233656,,,,,,,,,,,,
213278,,,,,,,,,,,82.500000,82.500000,53.165684,56.521893,0.267837,0.231278,,,,,,,,,,,,
213283,,,,,,,,,,,82.500000,82.500000,54.500961,57.568100,0.257284,0.223309,,,,,,,,,,,,
213288,,,,,,,,,,,82.500000,82.500000,55.129787,57.932751,0.253733,0.222119,,,,,,,,,,,,
213293,,,,,,,,,,,82.500000,82.500000,56.295895,57.083103,0.244692,0.233157,,,,,,,,,,,,
213298,,,,,,,,,,,82.500000,82.500000,55.587231,56.306637,0.254470,0.243541,,,,,,,,,,,,
213303,,,,,,,,,,,82.500000,82.500000,53.165272,55.005604,0.281623,0.259301,,,,,,,,,,,,
213308,,,,,,,,,,,82.500000,82.500000,50.951916,52.633739,0.306912,0.286006,,,,,,,,,,,,
213313,,,,,,,,,,,82.500000,82.500000,48.337753,50.466164,0.336470,0.310886,,,,,,,,,,,,
213318,,,,,,,,,,,82.500000,82.500000,46.540192,48.485283,0.358041,0.334096,,,,,,,,,,,,
213323,,,,,,,,,,,82.500000,82.500000,45.488899,47.857906,0.372255,0.343834,,,,,,,,,,,,
213336,,,,,,,,,,,82.500000,82.500000,45.557468,48.616970,0.378529,0.342562,,,,,,,,,,,,
213338,,,,,,,,,,,82.500000,82.500000,43.407928,46.795361,0.403933,0.364348,,,,,,,,,,,,
213343,,,,,,,,,,,82.500000,82.500000,42.626419,46.313538,0.415736,0.372785,,,,,,,,,,,,
213348,,,,,,,,,,,82.500000,82.500000,42.503666,46.464657,0.420963,0.374877,,,,,,,,,,,,
213353,,,,,,,,,,,82.500000,82.500000,42.391487,46.602760,0.426095,0.377086,,,,,,,,,,,,
213358,,,,,,,,,,,82.500000,82.500000,42.880413,47.320415,0.425168,0.373427,,,,,,,,,,,,
213363,,,,,,,,,,,82.500000,82.500000,43.918674,48.567703,0.418644,0.364348,,,,,,,,,,,,
213368,,,,,,,,,,,82.500000,82.500000,44.867508,49.707561,0.412919,0.356229,,,,,,,,,,,,
213373,,,,,,,,,,,82.500000,82.500000,45.734619,50.157799,0.407924,0.354960,,,,,,,,,,,,
213378,,,,,,,,,,,82.500000,82.500000,45.935600,51.160702,0.409571,0.348065,,,,,,,,,,,,
213383,,,,,,,,,,,82.500000,82.500000,46.710716,51.485779,0.405398,0.347916,,,,,,,,,,,,
213396,,,,,,,,,,,82.500000,82.500000,50.901909,54.889839,0.369326,0.318880,,,,,,,,,,,,
213398,,,,,,,,,,,82.500000,82.500000,48.883495,52.527946,0.392872,0.345496,,,,,,,,,,,,
213403,,,,,,,,,,,82.500000,82.500000,49.404709,52.735264,0.390970,0.346399,,,,,,,,,,,,
213408,,,,,,,,,,,82.500000,82.500000,49.881031,52.924725,0.389468,0.347462,,,,,,,,,,,,
213413,,,,,,,,,,,82.500000,82.500000,49.724880,52.506420,0.394307,0.354645,,,,,,,,,,,,
213418,,,,,,,,,,,82.500000,82.500000,50.173626,53.307034,0.393052,0.349558,,,,,,,,,,,,
213423,,,,,,,,,,,82.500000,82.500000,50.583721,53.447247,0.392143,0.351061,,,,,,,,,,,,
213428,,,,,,,,,,,82.500000,82.500000,50.958492,53.575382,0.391550,0.352672,,,,,,,,,,,,
213433,,,,,,,,,,,82.500000,82.500000,51.300987,54.283928,0.391244,0.348408,,,,,,,,,,,,
213438,,,,,,,,,,,82.500000,82.500000,51.022537,54.340000,0.397177,0.350664,,,,,,,,,,,,
213443,,,,,,,,,,,82.500000,82.500000,51.359516,54.391243,0.396921,0.352962,,,,,,,,,,,,
213456,,,,,,,,,,,82.500000,82.500000,53.703384,56.775860,0.378735,0.333726,,,,,,,,,,,,
213458,,,,,,,,,,,82.500000,82.500000,51.443680,54.251522,0.404438,0.361794,,,,,,,,,,,,
213463,,,,,,,,,,,82.500000,82.500000,51.152939,54.310387,0.410480,0.364024,,,,,,,,,,,,
213468,,,,,,,,,,,82.500000,82.500000,51.478683,54.955627,0.410325,0.360326,,,,,,,,,,,,
213473,,,,,,,,,,,82.500000,82.500000,51.184929,54.953846,0.416394,0.363099,,,,,,,,,,,,
213478,,,,,,,,,,,82.500000,82.500000,52.099365,54.952217,0.410290,0.365870,,,,,,,,,,,,
213483,,,,,,,,,,,82.500000,82.500000,52.343594,55.542175,0.410863,0.362666,,,,,,,,,,,,
213488,,,,,,,,,,,82.500000,82.500000,51.975342,56.081322,0.417598,0.359916,,,,,,,,,,,,
213493,,,,,,,,,,,82.500000,82.500000,52.230255,56.574032,0.418076,0.357582,,,,,,,,,,,,
213498,,,,,,,,,,,82.500000,82.500000,52.463211,57.024303,0.418750,0.355627,,,,,,,,,,,,
213503,,,,,,,,,,,82.500000,82.500000,53.267548,57.435791,0.413630,0.354018,,,,,,,,,,,,
213516,,,,,,,,,,,82.500000,82.500000,56.428841,59.859035,0.386764,0.333750,,,,,,,,,,,,
213518,,,,,,,,,,,82.500000,82.500000,53.342949,57.069145,0.420539,0.364192,,,,,,,,,,,,
213523,,,,,,,,,,,82.500000,82.500000,53.480068,56.885326,0.422069,0.368591,,,,,,,,,,,,
213528,,,,,,,,,,,82.500000,82.500000,54.196823,57.308784,0.417732,0.366876,,,,,,,,,,,,
213533,,,,,,,,,,,82.500000,82.500000,54.260399,57.695770,0.419920,0.365487,,,,,,,,,,,,
213538,,,,,,,,,,,82.500000,82.500000,54.909943,58.640869,0.416184,0.358421,,,,,,,,,,,,
213543,,,,,,,,,,,82.500000,82.500000,55.503540,58.913124,0.412948,0.358058,,,,,,,,,,,,
213548,,,,,,,,,,,82.500000,82.500000,56.046013,59.161930,0.410168,0.357903,,,,,,,,,,,,
213553,,,,,,,,,,,82.500000,82.500000,55.950317,58.797859,0.413780,0.363914,,,,,,,,,,,,
213558,,,,,,,,,,,82.500000,82.500000,56.454308,59.056591,0.411345,0.363671,,,,,,,,,,,,
213563,,,,,,,,,,,82.500000,82.500000,56.914890,59.293037,0.409298,0.363628,,,,,,,,,,,,
213568,,,,,,,,,,,82.500000,82.500000,57.335804,59.509121,0.407605,0.363766,,,,,,,,,,,,
213573,,,,,,,,,,,82.500000,82.500000,57.129017,59.706593,0.412210,0.364070,,,,,,,,,,,,
213578,,,,,,,,,,,82.500000,82.500000,57.531487,59.887054,0.410682,0.364527,,,,,,,,,,,,
213583,,,,,,,,,,,82.500000,82.500000,57.899292,60.643417,0.409464,0.359149,,,,,,,,,,,,
213595,,,,,,,,,,,82.500000,82.500000,65.332756,69.023422,0.336846,0.276697,,,,,,,,,,,,
213596,,,,,,,,,,,82.500000,82.500000,60.297077,63.078423,0.389423,0.338089,,,,,,,,,,,,
213598,,,,,,,,,,,82.500000,82.500000,57.469456,60.602688,0.420202,0.365036,,,,,,,,,,,,
213603,,,,,,,,,,,82.500000,82.500000,57.842606,60.705971,0.418937,0.366183,,,,,,,,,,,,
213608,,,,,,,,,,,82.500000,82.500000,58.183613,60.800358,0.417958,0.367409,,,,,,,,,,,,
213613,,,,,,,,,,,82.500000,82.500000,59.086697,60.886616,0.411269,0.368707,,,,,,,,,,,,
213618,,,,,,,,,,,82.500000,82.500000,59.320553,61.556889,0.411248,0.364099,,,,,,,,,,,,
213623,,,,,,,,,,,82.500000,82.500000,59.534264,62.169430,0.411408,0.360007,,,,,,,,,,,,
213628,,,,,,,,,,,82.500000,82.500000,60.321014,62.137768,0.405758,0.362359,,,,,,,,,,,,
213633,,,,,,,,,,,82.500000,82.500000,60.448559,62.700279,0.406688,0.358714,,,,,,,,,,,,
213638,,,,,,,,,,,82.500000,82.500000,60.565117,63.214340,0.407716,0.355502,,,,,,,,,,,,
213643,,,,,,,,,,,59.541210,59.541210,61.263081,63.092682,0.170976,0.126776,,,,,,,,,,,,
213655,,,,,,,,,,,59.541210,59.541210,61.974426,63.502434,0.162792,0.121288,,,,,,,,,,,,
213658,,,,,,,,,,,-0.655927,-0.655927,59.002335,60.398735,-0.415425,-0.455752,,,,,,,,,,,,
213663,,,,,,,,,,,-0.655927,-0.655927,57.469120,58.153805,-0.405905,-0.439184,,,,,,,,,,,,
213668,,,,,,,,,,,-0.655927,-0.655927,54.293629,53.736450,-0.379645,-0.400450,,,,,,,,,,,,
213673,,,,,,,,,,,-0.655927,-0.655927,50.208752,47.925228,-0.343883,-0.347196,,,,,,,,,,,,
213678,,,,,,,,,,,-63.659649,-63.659649,45.292816,42.614529,-0.935656,-0.934753,,,,,,,,,,,,
213683,,,,,,,,,,,-63.659649,-63.659649,40.800293,36.578350,-0.901177,-0.884415,,,,,,,,,,,,
213688,,,,,,,,,,,-63.659649,-63.659649,34.328930,29.287735,-0.846262,-0.820804,,,,,,,,,,,,
213693,,,,,,,,,,,-63.659649,-63.659649,27.823502,21.442173,-0.790356,-0.750858,,,,,,,,,,,,
213698,,,,,,,,,,,-82.499985,-82.500000,19.512609,13.089461,-0.905851,-0.865294,,,,,,,,,,,,
213703,,,,,,,,,,,-82.499985,-82.500000,10.734646,3.090391,-0.827395,-0.773862,,,,,,,,,,,,
213727,,,,,,,,,,,-82.499992,-82.499992,-37.924973,-45.373749,-0.356760,-0.301540,,,,,,,,,,,,
213728,,,,,,,,,,,-82.499992,-82.499992,-37.024265,-44.422924,-0.370315,-0.314856,,,,,,,,,,,,
213733,,,,,,,,,,,-82.499992,-82.499992,-46.847145,-52.425667,-0.275651,-0.237836,,,,,,,,,,,,
213738,,,,,,,,,,,-82.499992,-82.499992,-49.909531,-56.781906,-0.248286,-0.196846,,,,,,,,,,,,
213743,,,,,,,,,,,-82.499992,-82.499992,-50.933815,-57.805717,-0.241200,-0.189077,,,,,,,,,,,,
213748,,,,,,,,,,,-82.499992,-82.499992,-50.686989,-57.558456,-0.246850,-0.194044,,,,,,,,,,,,
213753,,,,,,,,,,,-82.499992,-82.499992,-51.052868,-57.332493,-0.246336,-0.198820,,,,,,,,,,,,
213758,,,,,,,,,,,-82.499992,-82.499992,-51.387234,-57.125992,-0.246103,-0.203423,,,,,,,,,,,,
213763,,,,,,,,,,,-82.499992,-82.499992,-52.284245,-56.345833,-0.240155,-0.213840,,,,,,,,,,,,
213768,,,,,,,,,,,-82.499992,-82.499992,-52.512550,-56.224312,-0.240870,-0.217683,,,,,,,,,,,,
213773,,,,,,,,,,,-82.499992,-82.499992,-52.721191,-56.113258,-0.241762,-0.221432,,,,,,,,,,,,
213778,,,,,,,,,,,-82.499992,-82.499992,-53.503307,-56.011772,-0.236840,-0.225095,,,,,,,,,,,,
213783,,,,,,,,,,,-82.499992,-82.499992,-53.626614,-55.919025,-0.238495,-0.228681,,,,,,,,,,,,
213795,,,,,,,,,,,-82.499992,-82.499992,-51.272739,-52.646759,-0.267796,-0.266878,,,,,,,,,,,,
213798,,,,,,,,,,,-82.500000,-82.499985,-46.856609,-48.703728,-0.315521,-0.309688,,,,,,,,,,,,
213803,,,,,,,,,,,-82.500000,-82.499985,-42.820839,-45.100311,-0.359847,-0.349462,,,,,,,,,,,,
213808,,,,,,,,,,,-82.500000,-82.499985,-40.907005,-43.581593,-0.383144,-0.368541,,,,,,,,,,,,
213813,,,,,,,,,,,-82.500000,-82.499985,-39.749454,-42.193680,-0.398995,-0.386451,,,,,,,,,,,,
213818,,,,,,,,,,,-82.499992,-82.499992,-39.283051,-42.699642,-0.407981,-0.385371,,,,,,,,,,,,
213823,,,,,,,,,,,-82.499992,-82.499992,-39.448261,-42.570583,-0.410634,-0.390655,,,,,,,,,,,,
213828,,,,,,,,,,,-82.499992,-82.499992,-39.599243,-43.044083,-0.413414,-0.389865,,,,,,,,,,,,
213833,,,,,,,,,,,-82.499992,-82.499992,-40.920113,-44.068245,-0.404363,-0.383467,,,,,,,,,,,,
213838,,,,,,,,,,,-82.499992,-82.499992,-41.535770,-45.004196,-0.402303,-0.377857,,,,,,,,,,,,
213843,,,,,,,,,,,-82.499992,-82.499992,-42.689846,-45.859535,-0.394743,-0.372968,,,,,,,,,,,,
213855,,,,,,,,,,,-82.499992,-82.499992,-49.067524,-53.147095,-0.334310,-0.303027,,,,,,,,,,,,
213856,,,,,,,,,,,-82.499992,-82.499992,-45.432774,-48.569527,-0.374364,-0.352196,,,,,,,,,,,,
213858,,,,,,,,,,,-82.499992,-82.499992,-43.885418,-47.343449,-0.393699,-0.367973,,,,,,,,,,,,
213863,,,,,,,,,,,-82.500000,-82.499924,-44.837116,-48.588753,-0.387948,-0.358910,,,,,,,,,,,,
213868,,,,,,,,,,,-82.500000,-82.499924,-46.298290,-49.726799,-0.376957,-0.350807,,,,,,,,,,,,
213873,,,,,,,,,,,-82.500000,-82.499924,-47.042168,-50.766823,-0.373064,-0.343580,,,,,,,,,,,,
213878,,,,,,,,,,,-82.500000,-82.499924,-47.721973,-51.125824,-0.369744,-0.343127,,,,,,,,,,,,
213883,,,,,,,,,,,-82.500000,-82.499924,-47.751785,-51.453907,-0.372920,-0.342951,,,,,,,,,,,,
213888,,,,,,,,,,,-82.500000,-82.499924,-48.370472,-51.162285,-0.370146,-0.349001,,,,,,,,,,,,
213893,,,,,,,,,,,-82.499992,-82.499840,-48.344429,-52.078671,-0.373822,-0.342879,,,,,,,,,,,,
213898,,,,,,,,,,,-82.499992,-82.499840,-48.912071,-51.733238,-0.371505,-0.349409,,,,,,,,,,,,
213903,,,,,,,,,,,-82.500000,-82.499893,-49.430824,-52.009003,-0.369624,-0.349701,,,,,,,,,,,,
213915,,,,,,,,,,,-82.500000,-82.499893,-50.471111,-53.705303,-0.365151,-0.337991,,,,,,,,,,,,
213918,,,,,,,,,,,-82.500000,-82.499893,-49.081249,-52.036880,-0.382392,-0.357722,,,,,,,,,,,,
213923,,,,,,,,,,,-82.500000,-82.499893,-48.993984,-52.286491,-0.386615,-0.358247,,,,,,,,,,,,
213928,,,,,,,,,,,-82.498932,-82.275360,-49.505680,-51.923161,-0.384787,-0.362670,,,,,,,,,,,,
213933,,,,,,,,,,,-82.498932,-82.275360,-49.381859,-52.182568,-0.389337,-0.363085,,,,,,,,,,,,
213938,,,,,,,,,,,-82.498932,-82.275360,-49.860149,-52.419632,-0.387818,-0.363700,,,,,,,,,,,,
213943,,,,,,,,,,,-82.499992,-82.499992,-50.297245,-52.636276,-0.386678,-0.366767,,,,,,,,,,,,
213948,,,,,,,,,,,-82.499992,-82.499992,-50.696693,-52.242817,-0.385864,-0.373727,,,,,,,,,,,,
213953,,,,,,,,,,,-82.499992,-82.499992,-51.653179,-52.474689,-0.379383,-0.374411,,,,,,,,,,,,
213958,,,,,,,,,,,-82.499992,-82.499992,-51.935841,-53.278038,-0.379613,-0.369299,,,,,,,,,,,,
213963,,,,,,,,,,,-82.499992,-82.499992,-51.602711,-53.420750,-0.386034,-0.370780,,,,,,,,,,,,
213975,,,,,,,,,,,-82.499992,-82.499992,-59.578503,-61.239952,-0.308568,-0.294714,,,,,,,,,,,,
213976,,,,,,,,,,,-82.499992,-82.499992,-54.446995,-55.965343,-0.362689,-0.350114,,,,,,,,,,,,
213978,,,,,,,,,,,-82.499992,-82.499992,-52.123245,-54.102261,-0.388964,-0.371584,,,,,,,,,,,,
213983,,,,,,,,,,,-82.500000,-82.499985,-52.956863,-54.765427,-0.383582,-0.367726,,,,,,,,,,,,
213988,,,,,,,,,,,-82.500000,-82.499985,-53.127235,-55.371471,-0.384816,-0.364378,,,,,,,,,,,,
213993,,,,,,,,,,,-82.500000,-82.499985,-53.874378,-55.333874,-0.380207,-0.367471,,,,,,,,,,,,
213998,,,,,,,,,,,-82.500000,-82.499985,-53.965725,-55.890961,-0.382147,-0.364561,,,,,,,,,,,,
214003,,,,,,,,,,,-82.499992,-82.499992,-53.457760,-55.808620,-0.390131,-0.368054,,,,,,,,,,,,
214008,,,,,,,,,,,-82.499992,-82.499992,-53.584991,-56.324818,-0.391750,-0.365509,,,,,,,,,,,,
214013,,,,,,,,,,,-82.499992,-82.499992,-54.292709,-56.205109,-0.387493,-0.369336,,,,,,,,,,,,
214018,,,,,,,,,,,-82.500000,-82.500000,-54.348026,-56.095711,-0.389755,-0.373070,,,,,,,,,,,,
214023,,,,,,,,,,,-82.500000,-82.500000,-54.990025,-56.587181,-0.386087,-0.370747,,,,,,,,,,,,
214028,,,,,,,,,,,-82.500000,-82.500000,-55.576725,-57.036320,-0.382912,-0.368802,,,,,,,,,,,,
214033,,,,,,,,,,,-82.500000,-82.500000,-56.112896,-57.446774,-0.380189,-0.367203,,,,,,,,,,,,
214038,,,,,,,,,,,-82.499992,-82.499992,-56.602886,-57.821877,-0.377879,-0.365919,,,,,,,,,,,,
214043,,,,,,,,,,,-82.499992,-82.499992,-57.050671,-58.164669,-0.375946,-0.364925,,,,,,,,,,,,
214055,,,,,,,,,,,-82.499992,-82.499992,-58.996902,-59.386765,-0.360628,-0.356767,,,,,,,,,,,,
214058,,,,,,,,,,,-82.499992,-82.499992,-56.872711,-57.228996,-0.384433,-0.380872,,,,,,,,,,,,
214063,,,,,,,,,,,-82.500000,-82.499985,-57.297256,-57.622856,-0.382707,-0.379421,,,,,,,,,,,,
214068,,,,,,,,,,,-82.500000,-82.499985,-57.685238,-58.574238,-0.381309,-0.372300,,,,,,,,,,,,
214073,,,,,,,,,,,-82.500000,-82.499985,-58.039799,-58.852230,-0.380210,-0.371884,,,,,,,,,,,,
214078,,,,,,,,,,,-82.499992,-82.499992,-58.363823,-59.106281,-0.379383,-0.371683,,,,,,,,,,,,
214083,,,,,,,,,,,-82.499992,-82.499992,-58.659939,-59.929893,-0.378806,-0.365704,,,,,,,,,,,,
214088,,,,,,,,,,,-82.499992,-82.499992,-58.930550,-60.091122,-0.378457,-0.366333,,,,,,,,,,,,
214093,,,,,,,,,,,-82.499992,-82.499992,-59.177853,-60.829910,-0.378316,-0.361112,,,,,,,,,,,,
214098,,,,,,,,,,,-82.499992,-82.499992,-59.403854,-60.913620,-0.378365,-0.362433,,,,,,,,,,,,
214103,,,,,,,,,,,-82.499992,-82.499992,-60.201836,-61.581566,-0.372615,-0.357846,,,,,,,,,,,,
214115,,,,,,,,,,,-49.541039,-49.541039,-68.619873,-70.472214,0.043062,0.062743,,,,,,,,,,,,
214116,,,,,,,,,,,-49.541039,-49.541039,-62.709629,-64.993874,-0.014723,0.009505,,,,,,,,,,,,
214118,,,,,,,,,,,-49.541039,-49.541039,-60.265659,-62.353161,-0.038090,-0.015621,,,,,,,,,,,,
214123,,,,,,,,,,,-49.541039,-49.541039,-59.215080,-61.122784,-0.047629,-0.026766,,,,,,,,,,,,
214128,,,,,,,,,,,-49.541039,-49.541039,-57.663544,-59.998379,-0.062332,-0.036965,,,,,,,,,,,,
214133,,,,,,,,,,,-49.541039,-49.541039,-56.245640,-58.379375,-0.075840,-0.052271,,,,,,,,,,,,
214138,,,,,,,,,,,16.567636,16.567636,-54.949860,-56.899818,0.579440,0.601367,,,,,,,,,,,,
214143,,,,,,,,,,,16.567636,16.567636,-52.582798,-54.364803,0.562685,0.583110,,,,,,,,,,,,
214148,,,,,,,,,,,16.567636,16.567636,-48.053833,-49.682350,0.523857,0.542911,,,,,,,,,,,,
214153,,,,,,,,,,,16.567636,16.567636,-42.732056,-43.628864,0.476569,0.488395,,,,,,,,,,,,
214158,,,,,,,,,,,16.567636,16.567636,-36.685757,-36.913876,0.421432,0.426594,,,,,,,,,,,,
214163,,,,,,,,,,,82.500000,82.500000,-30.568781,-29.002918,1.000000,1.000000,,,,,,,,,,,,
214176,,,,,,,,,,,82.500000,82.500000,-10.344721,-6.925904,0.847383,0.815138,,,,,,,,,,,,
214178,,,,,,,,,,,82.500000,82.500000,-4.722169,-1.006371,0.799880,0.764294,,,,,,,,,,,,
214183,,,,,,,,,,,82.500000,82.500000,5.739116,10.909204,0.702943,0.652297,,,,,,,,,,,,
214188,,,,,,,,,,,82.500000,82.500000,17.073700,22.389935,0.596140,0.543501,,,,,,,,,,,,
214193,,,,,,,,,,,82.500000,82.500000,28.023481,33.473270,0.492090,0.437570,,,,,,,,,,,,
214198,,,,,,,,,,,82.500000,82.500000,36.255821,41.827663,0.414391,0.358093,,,,,,,,,,,,
214203,,,,,,,,,,,82.500000,82.500000,40.230438,45.913822,0.378871,0.320890,,,,,,,,,,,,
214208,,,,,,,,,,,82.500000,82.500000,42.679832,47.873703,0.358360,0.304754,,,,,,,,,,,,
214213,,,,,,,,,,,82.500000,82.500000,45.509705,49.664780,0.333760,0.290127,,,,,,,,,,,,
214218,,,,,,,,,,,82.500000,82.500000,48.095837,51.301590,0.311339,0.276879,,,,,,,,,,,,
214223,,,,,,,,,,,82.500000,82.500000,50.459225,52.797421,0.290909,0.264891,,,,,,,,,,,,
214228,,,,,,,,,,,82.500000,82.500000,52.619053,54.755859,0.272299,0.248081,,,,,,,,,,,,
214233,,,,,,,,,,,82.500000,82.500000,54.592857,55.954174,0.255352,0.238752,,,,,,,,,,,,
214238,,,,,,,,,,,82.500000,82.500000,55.805214,57.640724,0.245898,0.224372,,,,,,,,,,,,
214243,,,,,,,,,,,82.500000,82.500000,55.730259,58.590565,0.249324,0.217265,,,,,,,,,,,,
214255,,,,,,,,,,,82.500000,82.500000,54.651123,57.580437,0.265170,0.231808,,,,,,,,,,,,
214258,,,,,,,,,,,82.500000,82.500000,51.126900,53.803913,0.303550,0.272442,,,,,,,,,,,,
214263,,,,,,,,,,,59.698841,82.392189,47.906219,50.352661,0.108924,0.309081,,,,,,,,,,,,
214268,,,,,,,,,,,59.698841,82.392189,44.962936,48.381557,0.139831,0.332193,,,,,,,,,,,,
214273,,,,,,,,,,,59.698841,82.392189,42.273159,47.171669,0.168471,0.347814,,,,,,,,,,,,
214278,,,,,,,,,,,55.421432,82.371971,39.223610,46.065987,0.157812,0.362299,,,,,,,,,,,,
214283,,,,,,,,,,,55.421432,82.371971,37.028160,46.238426,0.181606,0.364188,,,,,,,,,,,,
214288,,,,,,,,,,,55.421432,82.371971,34.430363,46.987461,0.209683,0.360236,,,,,,,,,,,,
214293,,,,,,,,,,,55.421432,82.371971,32.056313,47.080536,0.235760,0.362834,,,,,,,,,,,,
214298,,,,,,,,,,,55.421432,82.371971,29.295296,47.165592,0.265983,0.365505,,,,,,,,,,,,
214303,,,,,,,,,,,51.148415,82.351761,26.772085,46.651878,0.250922,0.374010,,,,,,,,,,,,
214315,,,,,,,,,,,51.148415,82.351761,23.980431,49.231255,0.284046,0.354376,,,,,,,,,,,,
214318,,,,,,,,,,,31.198841,82.257439,22.506435,48.539627,0.100160,0.363721,,,,,,,,,,,,
214323,,,,,,,,,,,31.198841,82.257439,21.159397,49.090458,0.114634,0.361529,,,,,,,,,,,,
214328,,,,,,,,,,,31.198841,82.257439,19.336933,49.593845,0.134045,0.359762,,,,,,,,,,,,
214333,,,,,,,,,,,31.198841,82.257439,17.671440,50.645321,0.152053,0.352408,,,,,,,,,,,,
214338,,,,,,,,,,,19.248880,82.200943,16.149395,51.014790,0.048084,0.351267,,,,,,,,,,,,
214343,,,,,,,,,,,19.248880,82.200943,14.758444,51.352436,0.062442,0.350975,,,,,,,,,,,,
214348,,,,,,,,,,,19.248880,82.200943,13.487296,51.660999,0.075730,0.350944,,,,,,,,,,,,
214353,,,,,,,,,,,19.248880,82.200943,12.325632,52.534431,0.088039,0.345176,,,,,,,,,,,,
214358,,,,,,,,,,,16.196510,82.186508,11.264023,52.741188,0.068624,0.345909,,,,,,,,,,,,
214363,,,,,,,,,,,16.196510,82.186508,10.293850,52.338692,0.078916,0.352919,,,,,,,,,,,,
214375,,,,,,,,,,,26.523071,82.235329,9.407239,59.659645,0.192760,0.282455,,,,,,,,,,,,
214376,,,,,,,,,,,26.523071,82.235329,8.596992,54.521149,0.202655,0.336611,,,,,,,,,,,,
214378,,,,,,,,,,,26.523071,82.235329,7.856531,52.191010,0.211926,0.362917,,,,,,,,,,,,
214383,,,,,,,,,,,26.523071,82.235329,7.771291,52.427345,0.214654,0.363534,,,,,,,,,,,,
214388,,,,,,,,,,,26.523071,82.235329,7.101948,52.643326,0.223289,0.364334,,,,,,,,,,,,
214393,,,,,,,,,,,26.523071,82.235329,6.490256,52.840706,0.231409,0.365299,,,,,,,,,,,,
214398,,,,,,,,,,,54.805275,82.369057,6.522694,53.021084,0.518735,0.367768,,,,,,,,,,,,
214403,,,,,,,,,,,54.805275,82.369057,6.552338,53.185925,0.523264,0.369038,,,,,,,,,,,,
214408,,,,,,,,,,,54.805275,82.369057,7.762318,53.336571,0.515869,0.370434,,,,,,,,,,,,
214413,,,,,,,,,,,54.805275,82.369057,10.050972,54.065685,0.497457,0.365974,,,,,,,,,,,,
214418,,,,,,,,,,,75.005112,82.464554,13.325394,54.140556,0.672880,0.369012,,,,,,,,,,,,
214423,,,,,,,,,,,75.005112,82.464554,16.909233,54.800423,0.642851,0.365180,,,,,,,,,,,,
214435,,,,,,,,,,,75.005112,82.464554,31.421848,63.092239,0.502083,0.284199,,,,,,,,,,,,
214436,,,,,,,,,,,75.005112,82.464554,29.306923,57.658092,0.527802,0.341021,,,,,,,,,,,,
214438,,,,,,,,,,,82.499992,82.499992,30.331381,55.057770,0.597723,0.370123,,,,,,,,,,,,
214443,,,,,,,,,,,82.499992,82.499992,35.999161,55.638638,0.545695,0.367001,,,,,,,,,,,,
214448,,,,,,,,,,,82.499992,82.499992,41.178772,56.169476,0.498031,0.364325,,,,,,,,,,,,
214453,,,,,,,,,,,82.499992,82.499992,45.912262,56.654591,0.454355,0.362059,,,,,,,,,,,,
214458,,,,,,,,,,,82.499992,82.499992,49.646614,57.097923,0.420297,0.360165,,,,,,,,,,,,
214463,,,,,,,,,,,82.499992,82.499992,53.059326,57.503071,0.389114,0.358614,,,,,,,,,,,,
214468,,,,,,,,,,,82.500000,82.500000,54.995209,57.281879,0.372506,0.363347,,,,,,,,,,,,
214473,,,,,,,,,,,82.500000,82.500000,56.764355,57.079739,0.357388,0.367911,,,,,,,,,,,,
214478,,,,,,,,,,,82.500000,82.500000,57.789677,57.486454,0.349606,0.366345,,,,,,,,,,,,
214483,,,,,,,,,,,82.500000,82.500000,58.726688,57.858139,0.342613,0.365092,,,,,,,,,,,,
214488,,,,,,,,,,,82.500000,82.500000,59.582996,58.789253,0.336342,0.358152,,,,,,,,,,,,
214493,,,,,,,,,,,82.500000,82.500000,60.365551,59.048725,0.330729,0.357903,,,,,,,,,,,,
214498,,,,,,,,,,,82.500000,82.500000,59.897812,59.285851,0.337667,0.357853,,,,,,,,,,,,
214503,,,,,,,,,,,82.500000,82.500000,58.878914,58.911106,0.350218,0.363959,,,,,,,,,,,,
214515,,,,,,,,,,,82.500000,82.500000,58.361759,60.010155,0.359667,0.356901,,,,,,,,,,,,
214518,,,,,,,,,,,82.500000,82.500000,55.700829,57.798691,0.388956,0.381486,,,,,,,,,,,,
214523,,,,,,,,,,,82.500000,82.500000,55.634865,58.143482,0.392303,0.380474,,,,,,,,,,,,
214528,,,,,,,,,,,82.500000,82.500000,54.983135,58.458576,0.401572,0.379727,,,,,,,,,,,,
214533,,,,,,,,,,,82.500000,82.500000,54.978985,58.746532,0.404365,0.379223,,,,,,,,,,,,
214538,,,,,,,,,,,82.500000,82.500000,54.975193,59.009686,0.407156,0.378940,,,,,,,,,,,,
214543,,,,,,,,,,,82.500000,82.500000,54.971725,59.250172,0.409943,0.378860,,,,,,,,,,,,
214548,,,,,,,,,,,82.500000,82.500000,55.560005,60.061390,0.406754,0.372992,,,,,,,,,,,,
214553,,,,,,,,,,,82.500000,82.500000,55.506168,60.211292,0.409992,0.373722,,,,,,,,,,,,
214558,,,,,,,,,,,82.500000,82.500000,55.456970,60.939732,0.413188,0.368593,,,,,,,,,,,,
214563,,,,,,,,,,,82.500000,82.500000,56.003452,61.013985,0.410373,0.370000,,,,,,,,,,,,
214579,,,,,,,,,,,82.500000,82.500000,56.573868,61.432491,0.410797,0.370408,,,,,,,,,,,,
214583,,,,,,,,,,,57.392635,57.392635,56.432709,60.872856,0.161231,0.124583,,,,,,,,,,,,
214588,,,,,,,,,,,57.392635,57.392635,56.895153,60.952869,0.156656,0.123426,,,,,,,,,,,,
214593,,,,,,,,,,,57.392635,57.392635,56.134876,60.434544,0.164385,0.128305,,,,,,,,,,,,
214598,,,,,,,,,,,8.135600,8.135600,55.440083,59.369419,-0.325968,-0.358737,,,,,,,,,,,,
214603,,,,,,,,,,,8.135600,8.135600,53.030796,57.213142,-0.306365,-0.342082,,,,,,,,,,,,
214608,,,,,,,,,,,8.135600,8.135600,49.646133,53.468254,-0.276669,-0.309166,,,,,,,,,,,,
214613,,,,,,,,,,,8.135600,8.135600,45.370102,48.863022,-0.237632,-0.267187,,,,,,,,,,,,
214618,,,,,,,,,,,-43.111584,-43.111584,41.462364,44.654442,-0.719484,-0.746349,,,,,,,,,,,,
214623,,,,,,,,,,,-43.111584,-43.111584,37.299759,39.625458,-0.685899,-0.704333,,,,,,,,,,,,
214635,,,,,,,,,,,-43.111584,-43.111584,23.584143,23.313513,-0.562304,-0.554783,,,,,,,,,,,,
214638,,,,,,,,,,,-82.499992,-82.499992,18.004166,17.165401,-0.910439,-0.897153,,,,,,,,,,,,
214643,,,,,,,,,,,-82.499992,-82.499992,8.764680,7.406714,-0.827171,-0.808557,,,,,,,,,,,,
214648,,,,,,,,,,,-82.499992,-82.499992,-0.861896,-3.285790,-0.739069,-0.709553,,,,,,,,,,,,
214653,,,,,,,,,,,-82.499992,-82.499992,-11.433668,-14.240237,-0.640458,-0.606835,,,,,,,,,,,,
214658,,,,,,,,,,,-82.499992,-82.499992,-21.686337,-25.434067,-0.544012,-0.500603,,,,,,,,,,,,
214663,,,,,,,,,,,-82.500000,-82.499985,-32.238831,-35.663769,-0.443514,-0.402989,,,,,,,,,,,,
214668,,,,,,,,,,,-82.500000,-82.499985,-41.290993,-44.420937,-0.357113,-0.319226,,,,,,,,,,,,
214673,,,,,,,,,,,-82.500000,-82.499985,-48.380600,-50.649513,-0.289629,-0.260125,,,,,,,,,,,,
214678,,,,,,,,,,,-82.499992,-82.499992,-50.719463,-52.792953,-0.269418,-0.241661,,,,,,,,,,,,
214683,,,,,,,,,,,-82.499992,-82.499992,-49.899654,-52.977444,-0.280876,-0.242769,,,,,,,,,,,,
214688,,,,,,,,,,,-82.499992,-82.499992,-49.741901,-51.963154,-0.285730,-0.255965,,,,,,,,,,,,
214693,,,,,,,,,,,-82.499992,-82.499992,-49.006290,-50.444782,-0.296435,-0.274354,,,,,,,,,,,,
214698,,,,,,,,,,,-82.499992,-82.499992,-48.925484,-50.240078,-0.300601,-0.279627,,,,,,,,,,,,
214703,,,,,,,,,,,-82.499992,-82.499992,-49.443081,-50.644447,-0.298730,-0.278769,,,,,,,,,,,,
214714,,,,,,,,,,,-82.499992,-82.499992,,,,,,,,,,,,,,,,
214715,,,,,,,,,,,-82.499992,-82.499992,-52.694302,-52.565681,-0.271747,-0.265048,,,,,,,,,,,,
214718,,,,,,,,,,,-82.499992,-82.499992,-51.704399,-51.586857,-0.284726,-0.277928,,,,,,,,,,,,
214723,,,,,,,,,,,-82.499992,-82.499992,-53.165539,-51.283783,-0.273048,-0.284080,,,,,,,,,,,,
214728,,,,,,,,,,,-82.499992,-82.499992,-52.726494,-49.823925,-0.280416,-0.301946,,,,,,,,,,,,
214733,,,,,,,,,,,-82.499992,-82.499992,-49.959484,-47.898361,-0.311340,-0.324662,,,,,,,,,,,,
214738,,,,,,,,,,,-82.499992,-82.499992,-47.430798,-45.547199,-0.340134,-0.351869,,,,,,,,,,,,
214743,,,,,,,,,,,-82.499992,-82.499992,-46.302799,-43.398544,-0.355033,-0.377266,,,,,,,,,,,,
214748,,,,,,,,,,,-82.499992,-82.499992,-45.863400,-43.209290,-0.363091,-0.383087,,,,,,,,,,,,
214753,,,,,,,,,,,-82.499992,-82.499992,-46.053291,-43.627777,-0.364837,-0.382790,,,,,,,,,,,,
214758,,,,,,,,,,,-82.499992,-82.499992,-46.226826,-44.601665,-0.366729,-0.376841,,,,,,,,,,,,
214763,,,,,,,,,,,-82.499992,-82.499992,-46.385414,-44.308784,-0.368754,-0.383589,,,,,,,,,,,,
214775,,,,,,,,,,,-82.499992,-82.499992,-47.387207,-45.652893,-0.365312,-0.377087,,,,,,,,,,,,
214778,,,,,,,,,,,-82.499992,-82.499992,-46.854408,-45.269470,-0.374205,-0.384644,,,,,,,,,,,,
214783,,,,,,,,,,,-82.499992,-82.499992,-46.958942,-45.510517,-0.376714,-0.385933,,,,,,,,,,,,
214788,,,,,,,,,,,-82.499992,-82.499992,-47.054474,-46.322247,-0.379303,-0.381433,,,,,,,,,,,,
214793,,,,,,,,,,,-82.499992,-82.499992,-47.141777,-46.472614,-0.381966,-0.383532,,,,,,,,,,,,
214798,,,,,,,,,,,-82.499992,-82.499992,-47.813004,-47.792923,-0.378722,-0.373800,,,,,,,,,,,,
214803,,,,,,,,,,,-82.499992,-82.499992,-48.426418,-48.408066,-0.375995,-0.371057,,,,,,,,,,,,
214808,,,,,,,,,,,-82.499992,-82.499992,-49.578445,-49.561672,-0.367767,-0.362815,,,,,,,,,,,,
214813,,,,,,,,,,,-82.499992,-82.499992,-50.039803,-50.024475,-0.366400,-0.361435,,,,,,,,,,,,
214818,,,,,,,,,,,-82.499992,-82.499992,-49.869980,-50.447414,-0.371361,-0.360411,,,,,,,,,,,,
214823,,,,,,,,,,,-82.499992,-82.499992,-50.306229,-50.833927,-0.370218,-0.359712,,,,,,,,,,,,
214835,,,,,,,,,,,-82.499992,-82.499992,-51.742714,-53.315376,-0.361517,-0.340297,,,,,,,,,,,,
214838,,,,,,,,,,,-82.499992,-82.499992,-50.243328,-51.680538,-0.379736,-0.359727,,,,,,,,,,,,
214843,,,,,,,,,,,-82.499992,-82.499992,-50.647419,-51.369396,-0.378881,-0.365952,,,,,,,,,,,,
214848,,,,,,,,,,,-82.499992,-82.499992,-50.425259,-51.676498,-0.384310,-0.365963,,,,,,,,,,,,
214853,,,,,,,,,,,-82.499992,-82.499992,-50.813679,-51.957150,-0.383594,-0.366211,,,,,,,,,,,,
214858,,,,,,,,,,,-82.499992,-82.499992,-51.168644,-52.213627,-0.383178,-0.366675,,,,,,,,,,,,
214863,,,,,,,,,,,-82.499992,-82.499992,-52.084480,-52.448017,-0.377061,-0.367336,,,,,,,,,,,,
214868,,,,,,,,,,,-82.499992,-82.499992,-52.329994,-52.662216,-0.377623,-0.368178,,,,,,,,,,,,
214873,,,,,,,,,,,-82.499992,-82.499992,-53.145805,-53.449413,-0.372400,-0.363211,,,,,,,,,,,,
214878,,,,,,,,,,,-82.499992,-82.499992,-53.299904,-53.577362,-0.373779,-0.364823,,,,,,,,,,,,
214883,,,,,,,,,,,-82.499992,-82.499992,-53.440731,-53.694290,-0.375277,-0.366535,,,,,,,,,,,,
214895,,,,,,,,,,,-82.499992,-82.499992,-55.982033,-55.112785,-0.354640,-0.357308,,,,,,,,,,,,
214898,,,,,,,,,,,-82.499992,-82.499992,-54.117512,-53.323135,-0.376123,-0.378122,,,,,,,,,,,,
214903,,,,,,,,,,,-82.499992,-82.499992,-54.187920,-53.461964,-0.378250,-0.379638,,,,,,,,,,,,
214908,,,,,,,,,,,-82.499992,-82.499992,-53.660816,-53.588833,-0.386405,-0.381260,,,,,,,,,,,,
214913,,,,,,,,,,,-82.499992,-82.499992,-54.362003,-54.296219,-0.382207,-0.377006,,,,,,,,,,,,
214918,,,,,,,,,,,-82.499992,-82.499992,-54.411350,-54.351234,-0.384522,-0.379271,,,,,,,,,,,,
214923,,,,,,,,,,,-82.499992,-82.499992,-55.047894,-54.992954,-0.380902,-0.375605,,,,,,,,,,,,
214928,,,,,,,,,,,-82.499992,-82.499992,-55.629612,-55.579403,-0.377772,-0.372432,,,,,,,,,,,,
214933,,,,,,,,,,,-82.499992,-82.499992,-55.569782,-56.706787,-0.381063,-0.363738,,,,,,,,,,,,
214938,,,,,,,,,,,-82.499992,-82.499992,-56.106548,-56.554180,-0.378335,-0.367858,,,,,,,,,,,,
214943,,,,,,,,,,,-82.499992,-82.499992,-56.005638,-57.006161,-0.381994,-0.365888,,,,,,,,,,,,
214948,,,,,,,,,,,-82.499992,-82.499992,-55.913422,-57.419212,-0.385574,-0.364266,,,,,,,,,,,,
214953,,,,,,,,,,,-82.499992,-82.499992,-55.829147,-57.205242,-0.389084,-0.368935,,,,,,,,,,,,
214958,,,,,,,,,,,-69.650215,-69.650215,-56.343575,-57.601147,-0.256773,-0.237683,,,,,,,,,,,,
214963,,,,,,,,,,,-69.650215,-69.650215,-56.222248,-57.371506,-0.259329,-0.241207,,,,,,,,,,,,
214975,,,,,,,,,,,-69.650215,-69.650215,-62.025822,-63.667538,-0.202056,-0.178845,,,,,,,,,,,,
214976,,,,,,,,,,,-69.650215,-69.650215,-56.683525,-58.775284,-0.256775,-0.228855,,,,,,,,,,,,
214978,,,,,,,,,,,-20.308069,-20.308069,-54.167141,-56.078735,0.214868,0.241178,,,,,,,,,,,,
214983,,,,,,,,,,,-20.308069,-20.308069,-52.458939,-54.797333,0.201001,0.231813,,,,,,,,,,,,
214988,,,,,,,,,,,-20.308069,-20.308069,-49.714973,-51.851963,0.176502,0.205514,,,,,,,,,,,,
214993,,,,,,,,,,,-20.308069,-20.308069,-46.615902,-47.977386,0.148142,0.169535,,,,,,,,,,,,
214998,,,,,,,,,,,32.965687,32.965687,-43.192310,-44.436531,0.654260,0.674604,,,,,,,,,,,,
215003,,,,,,,,,,,32.965687,32.965687,-38.289257,-40.017757,0.612355,0.637715,,,,,,,,,,,,
215008,,,,,,,,,,,32.965687,32.965687,-32.625618,-33.613796,0.562278,0.580333,,,,,,,,,,,,
215013,,,,,,,,,,,32.965687,32.965687,-26.266897,-27.169964,0.504614,0.521908,,,,,,,,,,,,
215018,,,,,,,,,,,82.500000,82.500000,-19.272964,-19.506805,0.940195,0.950820,,,,,,,,,,,,
215023,,,,,,,,,,,82.500000,82.500000,-11.107087,-10.137897,0.867897,0.866395,,,,,,,,,,,,
215035,,,,,,,,,,,82.500000,82.500000,10.773401,13.744843,0.663400,0.641254,,,,,,,,,,,,
215038,,,,,,,,,,,82.500000,82.500000,16.351379,19.658337,0.614235,0.588403,,,,,,,,,,,,
215043,,,,,,,,,,,82.500000,82.500000,25.589039,29.794056,0.527550,0.492317,,,,,,,,,,,,
215048,,,,,,,,,,,82.500000,82.500000,34.031059,38.465340,0.447976,0.410007,,,,,,,,,,,,
215053,,,,,,,,,,,82.500000,82.500000,39.380184,44.023983,0.398797,0.358268,,,,,,,,,,,,
215058,,,,,,,,,,,82.500000,82.500000,42.494255,46.738083,0.371657,0.334704,,,,,,,,,,,,
215063,,,,,,,,,,,82.500000,82.500000,44.748665,49.218414,0.352888,0.313228,,,,,,,,,,,,
215068,,,,,,,,,,,82.500000,82.500000,46.808903,51.485115,0.335855,0.293663,,,,,,,,,,,,
215073,,,,,,,,,,,82.500000,82.500000,49.283134,53.556583,0.314434,0.275842,,,,,,,,,,,,
215078,,,,,,,,,,,82.500000,82.500000,51.544262,55.449638,0.294919,0.259617,,,,,,,,,,,,
215083,,,,,,,,,,,82.500000,82.500000,53.610638,57.179642,0.277144,0.244849,,,,,,,,,,,,
215095,,,,,,,,,,,82.500000,82.500000,57.204937,60.726124,0.245721,0.213167,,,,,,,,,,,,
215098,,,,,,,,,,,82.500000,82.500000,54.643642,57.861549,0.274119,0.244276,,,,,,,,,,,,
215103,,,,,,,,,,,82.500000,82.500000,52.894398,55.835148,0.294572,0.267207,,,,,,,,,,,,
215108,,,,,,,,,,,82.500000,82.500000,50.112926,52.800388,0.325626,0.300524,,,,,,,,,,,,
215113,,,,,,,,,,,82.500000,82.500000,48.162468,51.209904,0.348564,0.319558,,,,,,,,,,,,
215118,,,,,,,,,,,82.500000,82.500000,46.971451,49.756409,0.364027,0.337367,,,,,,,,,,,,
215123,,,,,,,,,,,82.500000,82.500000,46.474461,49.610992,0.372599,0.342110,,,,,,,,,,,,
215128,,,,,,,,,,,82.500000,82.500000,46.020275,49.478100,0.380789,0.346742,,,,,,,,,,,,
215133,,,,,,,,,,,82.500000,82.500000,46.196655,49.948101,0.382656,0.345297,,,,,,,,,,,,
215138,,,,,,,,,,,82.500000,82.500000,46.357841,49.786175,0.384658,0.350187,,,,,,,,,,,,
215143,,,,,,,,,,,82.500000,82.500000,45.322254,49.046749,0.398732,0.360927,,,,,,,,,,,,
215155,,,,,,,,,,,82.500000,82.500000,50.881756,55.468349,0.346299,0.299414,,,,,,,,,,,,
215156,,,,,,,,,,,82.500000,82.500000,46.499298,50.690849,0.393723,0.350370,,,,,,,,,,,,
215158,,,,,,,,,,,82.500000,82.500000,44.860085,48.690617,0.413879,0.373753,,,,,,,,,,,,
215163,,,,,,,,,,,82.500000,82.500000,45.727837,49.819889,0.408879,0.365729,,,,,,,,,,,,
215168,,,,,,,,,,,82.500000,82.500000,46.520847,50.851894,0.404547,0.358573,,,,,,,,,,,,
215173,,,,,,,,,,,82.500000,82.500000,46.654110,51.203568,0.406799,0.358186,,,,,,,,,,,,
215178,,,,,,,,,,,82.500000,82.500000,46.775894,51.524952,0.409153,0.358070,,,,,,,,,,,,
215183,,,,,,,,,,,82.500000,82.500000,47.478638,51.818657,0.405628,0.358201,,,,,,,,,,,,
215188,,,,,,,,,,,82.500000,82.500000,48.120853,52.678509,0.402644,0.352585,,,,,,,,,,,,
215193,,,,,,,,,,,82.500000,82.500000,49.299198,53.464302,0.394180,0.347630,,,,,,,,,,,,
215198,,,,,,,,,,,82.500000,82.500000,49.784607,54.182415,0.392598,0.343281,,,,,,,,,,,,
215203,,,,,,,,,,,82.500000,82.500000,50.228207,54.247231,0.391389,0.345458,,,,,,,,,,,,
215208,,,,,,,,,,,82.500000,82.500000,50.042156,54.306465,0.396495,0.347685,,,,,,,,,,,,
215213,,,,,,,,,,,82.500000,82.500000,50.463573,53.769154,0.395485,0.355931,,,,,,,,,,,,
215218,,,,,,,,,,,82.500000,82.500000,50.848694,53.869564,0.394799,0.357790,,,,,,,,,,,,
215223,,,,,,,,,,,82.500000,82.500000,51.200645,54.552773,0.394409,0.353753,,,,,,,,,,,,
215235,,,,,,,,,,,82.500000,82.500000,53.081139,56.370258,0.381053,0.340273,,,,,,,,,,,,
215238,,,,,,,,,,,82.500000,82.500000,50.875031,54.472301,0.406276,0.362055,,,,,,,,,,,,
215243,,,,,,,,,,,82.500000,82.500000,51.224712,54.512150,0.405907,0.364455,,,,,,,,,,,,
215248,,,,,,,,,,,82.500000,82.500000,51.544277,55.140011,0.405807,0.360913,,,,,,,,,,,,
215253,,,,,,,,,,,82.500000,82.500000,51.836315,55.122349,0.405953,0.363827,,,,,,,,,,,,
215258,,,,,,,,,,,82.500000,82.500000,52.103203,55.697655,0.406324,0.360754,,,,,,,,,,,,
215263,,,,,,,,,,,82.500000,82.500000,52.938549,56.223408,0.400926,0.358124,,,,,,,,,,,,
215268,,,,,,,,,,,82.500000,82.500000,53.110500,56.112434,0.402146,0.361873,,,,,,,,,,,,
215273,,,,,,,,,,,82.500000,82.500000,53.267639,56.602463,0.403497,0.359562,,,,,,,,,,,,
215278,,,,,,,,,,,82.500000,82.500000,53.411247,56.458839,0.404970,0.363603,,,,,,,,,,,,
215283,,,,,,,,,,,82.500000,82.500000,53.542484,56.919033,0.406554,0.361559,,,,,,,,,,,,
215295,,,,,,,,,,,82.500000,82.500000,54.986004,58.937904,0.397103,0.345592,,,,,,,,,,,,
215298,,,,,,,,,,,82.500000,82.500000,53.798717,56.818794,0.411846,0.369351,,,,,,,,,,,,
215303,,,,,,,,,,,82.500000,82.500000,54.488026,57.247982,0.407754,0.367584,,,,,,,,,,,,
215308,,,,,,,,,,,82.500000,82.500000,54.526520,57.640205,0.410167,0.366148,,,,,,,,,,,,
215313,,,,,,,,,,,82.500000,82.500000,55.153145,57.998646,0.406635,0.365014,,,,,,,,,,,,
215318,,,,,,,,,,,82.500000,82.500000,55.134354,58.326214,0.409559,0.364156,,,,,,,,,,,,
215323,,,,,,,,,,,82.500000,82.500000,55.117180,58.625568,0.412470,0.363549,,,,,,,,,,,,
215328,,,,,,,,,,,82.500000,82.500000,55.692928,58.307693,0.409393,0.369147,,,,,,,,,,,,
215333,,,,,,,,,,,82.500000,82.500000,55.627644,59.200089,0.412733,0.362553,,,,,,,,,,,,
215338,,,,,,,,,,,82.500000,82.500000,56.159428,59.424175,0.410049,0.362620,,,,,,,,,,,,
215343,,,,,,,,,,,82.500000,82.500000,56.645409,59.628963,0.407775,0.362859,,,,,,,,,,,,
215355,,,,,,,,,,,82.500000,82.500000,58.709381,61.690689,0.391404,0.345823,,,,,,,,,,,,
215358,,,,,,,,,,,82.500000,82.500000,56.609955,59.334480,0.414988,0.371701,,,,,,,,,,,,
215363,,,,,,,,,,,82.500000,82.500000,57.057133,59.546993,0.413060,0.371871,,,,,,,,,,,,
215368,,,,,,,,,,,82.500000,82.500000,57.465794,60.332645,0.411477,0.366232,,,,,,,,,,,,
215373,,,,,,,,,,,82.500000,82.500000,57.247810,60.459187,0.416182,0.367170,,,,,,,,,,,,
215378,,,,,,,,,,,82.500000,82.500000,57.640049,60.574829,0.414746,0.368206,,,,,,,,,,,,
215383,,,,,,,,,,,82.500000,82.500000,57.998505,60.680511,0.413611,0.369331,,,,,,,,,,,,
215388,,,,,,,,,,,82.500000,82.500000,58.326084,60.777092,0.412753,0.370538,,,,,,,,,,,,
215393,,,,,,,,,,,82.500000,82.500000,58.034004,61.456799,0.418120,0.365845,,,,,,,,,,,,
215398,,,,,,,,,,,82.500000,82.500000,58.358528,62.077961,0.417289,0.361676,,,,,,,,,,,,
215403,,,,,,,,,,,31.881233,31.881233,59.246544,62.054176,-0.100515,-0.147291,,,,,,,,,,,,
215408,,,,,,,,,,,31.881233,31.881233,58.875187,61.440998,-0.099501,-0.144116,,,,,,,,,,,,
215413,,,,,,,,,,,31.881233,31.881233,57.352924,58.514851,-0.086825,-0.117517,,,,,,,,,,,,
215418,,,,,,,,,,,-23.057360,-23.057360,55.370331,55.249290,-0.624228,-0.642078,,,,,,,,,,,,
215423,,,,,,,,,,,-23.057360,-23.057360,51.784164,50.490658,-0.595851,-0.601847,,,,,,,,,,,,
215435,,,,,,,,,,,-82.500000,-82.500000,40.004936,37.252205,-1.000000,-1.000000,,,,,,,,,,,,
215438,,,,,,,,,,,-82.500000,-82.500000,34.784969,31.677885,-1.000000,-1.000000,,,,,,,,,,,,
215443,,,,,,,,,,,-82.500000,-82.500000,27.057373,23.626457,-0.990571,-0.974028,,,,,,,,,,,,
215448,,,,,,,,,,,-82.500000,-82.500000,18.221024,14.494167,-0.912280,-0.892404,,,,,,,,,,,,
215453,,,,,,,,,,,-82.500000,-82.500000,8.962859,4.374109,-0.828845,-0.799891,,,,,,,,,,,,
215458,,,,,,,,,,,-82.500000,-82.500000,-1.272231,-6.648641,-0.734617,-0.697249,,,,,,,,,,,,
215463,,,,,,,,,,,-82.499992,-82.499992,-12.991550,-17.904888,-0.624374,-0.591146,,,,,,,,,,,,
215468,,,,,,,,,,,-82.499992,-82.499992,-24.292929,-29.374523,-0.517181,-0.481762,,,,,,,,,,,,
215473,,,,,,,,,,,-82.499992,-82.499992,-34.620918,-39.856277,-0.418689,-0.381209,,,,,,,,,,,,
215478,,,,,,,,,,,-82.499992,-82.499992,-42.876465,-48.843792,-0.340096,-0.294699,,,,,,,,,,,,
215483,,,,,,,,,,,-82.499992,-82.499992,-48.646626,-55.282875,-0.285780,-0.233030,,,,,,,,,,,,
215495,,,,,,,,,,,-82.499992,-82.499992,-52.569641,-57.520512,-0.252105,-0.215108,,,,,,,,,,,,
215498,,,,,,,,,,,-82.499992,-82.499992,-49.816143,-54.932037,-0.282908,-0.243749,,,,,,,,,,,,
215503,,,,,,,,,,,-82.499992,-82.499992,-49.074139,-54.340843,-0.293671,-0.252477,,,,,,,,,,,,
215508,,,,,,,,,,,-82.499992,-82.499992,-48.987488,-53.800568,-0.297889,-0.260750,,,,,,,,,,,,
215513,,,,,,,,,,,-82.499992,-82.499992,-49.499744,-53.898273,-0.296066,-0.262633,,,,,,,,,,,,
215518,,,,,,,,,,,-82.499992,-82.499992,-49.967880,-53.987564,-0.294638,-0.264591,,,,,,,,,,,,
215523,,,,,,,,,,,-82.500000,-82.500000,-50.987141,-54.069164,-0.287597,-0.266618,,,,,,,,,,,,
215528,,,,,,,,,,,-82.500000,-82.500000,-51.918613,-53.552292,-0.281340,-0.274682,,,,,,,,,,,,
215533,,,,,,,,,,,-82.500000,-82.500000,-53.361301,-51.897045,-0.269827,-0.294295,,,,,,,,,,,,
215538,,,,,,,,,,,-82.499992,-82.499992,-52.905396,-50.975811,-0.277346,-0.306659,,,,,,,,,,,,
215543,,,,,,,,,,,-82.499992,-82.499992,-50.714424,-50.133923,-0.302434,-0.318315,,,,,,,,,,,,
215555,,,,,,,,,,,-82.499992,-82.499992,-46.678585,-46.734280,-0.349517,-0.359024,,,,,,,,,,,,
215558,,,,,,,,,,,-82.499992,-82.499992,-44.432484,-45.074825,-0.375784,-0.379361,,,,,,,,,,,,
215563,,,,,,,,,,,-82.499992,-82.499992,-42.971283,-44.741192,-0.394349,-0.386473,,,,,,,,,,,,
215568,,,,,,,,,,,-82.499992,-82.499992,-42.818829,-45.027737,-0.399842,-0.387355,,,,,,,,,,,,
215573,,,,,,,,,,,-82.499992,-82.499992,-42.679504,-45.289604,-0.405217,-0.388457,,,,,,,,,,,,
215578,,,,,,,,,,,-82.499992,-82.499992,-43.143623,-45.528915,-0.404512,-0.389761,,,,,,,,,,,,
215583,,,,,,,,,,,-82.499992,-82.499992,-43.567768,-46.930504,-0.404163,-0.379302,,,,,,,,,,,,
215588,,,,,,,,,,,-82.499992,-82.499992,-44.546825,-47.619930,-0.398168,-0.375896,,,,,,,,,,,,
215593,,,,,,,,,,,-82.499992,-82.499992,-44.850113,-48.249973,-0.398900,-0.373021,,,,,,,,,,,,
215598,,,,,,,,,,,-82.499992,-82.499992,-45.127277,-48.825752,-0.399866,-0.370630,,,,,,,,,,,,
215603,,,,,,,,,,,-82.500000,-82.499985,-45.972015,-49.351940,-0.395071,-0.368683,,,,,,,,,,,,
215615,,,,,,,,,,,-82.500000,-82.499985,-49.744473,-52.618187,-0.363429,-0.341566,,,,,,,,,,,,
215618,,,,,,,,,,,-82.500000,-82.500000,-48.417194,-50.451950,-0.380110,-0.366433,,,,,,,,,,,,
215623,,,,,,,,,,,-82.500000,-82.500000,-48.978569,-51.429516,-0.377849,-0.359765,,,,,,,,,,,,
215628,,,,,,,,,,,-82.500000,-82.500000,-50.083038,-51.731441,-0.370046,-0.359822,,,,,,,,,,,,
215633,,,,,,,,,,,-82.500000,-82.500000,-50.500935,-51.415916,-0.369066,-0.366086,,,,,,,,,,,,
215638,,,,,,,,,,,-82.500000,-82.500000,-50.882839,-51.719013,-0.368409,-0.366133,,,,,,,,,,,,
215643,,,,,,,,,,,-82.499992,-82.499992,-51.231850,-52.587448,-0.368046,-0.360440,,,,,,,,,,,,
215648,,,,,,,,,,,-82.499992,-82.499992,-51.550800,-52.789639,-0.367951,-0.361389,,,,,,,,,,,,
215653,,,,,,,,,,,-82.499992,-82.499992,-51.842278,-52.382969,-0.368102,-0.368467,,,,,,,,,,,,
215658,,,,,,,,,,,-82.499992,-82.499992,-51.517204,-52.602772,-0.374451,-0.369259,,,,,,,,,,,,
215663,,,,,,,,,,,-82.500000,-82.499985,-51.811577,-52.803642,-0.374576,-0.370220,,,,,,,,,,,,
215668,,,,,,,,,,,-82.500000,-82.499985,-52.080593,-52.987213,-0.374928,-0.371336,,,,,,,,,,,,
215673,,,,,,,,,,,-82.500000,-82.499985,-52.326439,-53.746418,-0.375487,-0.366619,,,,,,,,,,,,
215678,,,,,,,,,,,-82.500000,-82.499985,-52.551109,-54.440231,-0.376235,-0.362487,,,,,,,,,,,,
215683,,,,,,,,,,,-82.500000,-82.499954,-52.756432,-54.482841,-0.377156,-0.364862,,,,,,,,,,,,
215695,,,,,,,,,,,-82.500000,-82.499954,-53.789021,-55.771351,-0.372066,-0.356797,,,,,,,,,,,,
215698,,,,,,,,,,,-82.500000,-82.499954,-52.113384,-54.516422,-0.391861,-0.372145,,,,,,,,,,,,
215703,,,,,,,,,,,-82.498215,-82.123489,-52.356407,-54.552471,-0.392427,-0.370777,,,,,,,,,,,,
215708,,,,,,,,,,,-82.498215,-82.123489,-52.578499,-54.585415,-0.393198,-0.373201,,,,,,,,,,,,
215713,,,,,,,,,,,-82.498215,-82.123489,-53.372906,-55.206966,-0.388166,-0.369677,,,,,,,,,,,,
215718,,,,,,,,,,,-82.498215,-82.123489,-53.507446,-55.183537,-0.389720,-0.372605,,,,,,,,,,,,
215723,,,,,,,,,,,-82.495476,-81.543678,-53.630398,-55.753571,-0.391350,-0.363686,,,,,,,,,,,,
215728,,,,,,,,,,,-82.495476,-81.543678,-54.334206,-55.683064,-0.387128,-0.366977,,,,,,,,,,,,
215733,,,,,,,,,,,-82.495476,-81.543678,-54.385948,-55.618629,-0.389421,-0.370214,,,,,,,,,,,,
215738,,,,,,,,,,,-82.495476,-81.543678,-55.024681,-56.151188,-0.385781,-0.367428,,,,,,,,,,,,
215743,,,,,,,,,,,-82.495476,-81.543678,-55.608398,-56.637878,-0.382633,-0.365051,,,,,,,,,,,,
215755,,,,,,,,,,,-82.492584,-80.933105,-58.383820,-58.162594,-0.359186,-0.347769,,,,,,,,,,,,
215758,,,,,,,,,,,-82.492584,-80.933105,-56.903877,-56.701706,-0.376544,-0.364801,,,,,,,,,,,,
215763,,,,,,,,,,,-82.495949,-81.642769,-56.734295,-56.549534,-0.380850,-0.375929,,,,,,,,,,,,
215768,,,,,,,,,,,-82.495949,-81.642769,-56.579319,-56.410469,-0.384991,-0.379843,,,,,,,,,,,,
215773,,,,,,,,,,,-82.495949,-81.642769,-56.437691,-56.283382,-0.389013,-0.383649,,,,,,,,,,,,
215778,,,,,,,,,,,-82.495949,-81.642769,-56.899704,-56.758686,-0.386953,-0.381385,,,,,,,,,,,,
