ts,x,y,yaw,x_des,y_des,yaw_des,v_ff,w_ff,v_actual,w_actual,omega_l_cmd,omega_r_cmd,omega_l_meas,omega_r_meas,duty_l,duty_r,x_err,y_err,yaw_err,x_raw,y_raw,yaw_raw,acc_x,acc_y,acc_z,gyro_x,gyro_y,gyro_z
790072,,,,,,,,,,,0.000000,0.000000,0.000000,0.000000,0.000000,0.000000,,,,,,,,,,,,
790077,,,,,,,,,,,0.000000,0.000000,0.000000,0.000000,0.000000,0.000000,,,,,,,,,,,,
790082,,,,,,,,,,,0.000000,0.000000,0.000000,0.000000,0.000000,0.000000,,,,,,,,,,,,
790087,,,,,,,,,,,0.000000,0.000000,0.000000,0.000000,0.000000,0.000000,,,,,,,,,,,,
790092,,,,,,,,,,,0.000000,0.000000,0.000000,0.000000,0.000000,0.000000,,,,,,,,,,,,
790097,,,,,,,,,,,0.000000,0.000000,0.000000,0.000000,0.000000,0.000000,,,,,,,,,,,,
790101,,,,,,,,,,,0.000000,0.000000,,,,,,,,,,,,,,,,
790102,,,,,,,,,,,,,0.000000,0.000000,0.000000,0.000000,,,,,,,,,,,,
790107,,,,,,,,,,,0.000000,0.000000,0.000000,0.000000,0.000000,0.000000,,,,,,,,,,,,
790112,,,,,,,,,,,0.000000,0.000000,0.000000,0.000000,0.000000,0.000000,,,,,,,,,,,,
790117,,,,,,,,,,,0.000000,0.000000,0.000000,0.000000,0.000000,0.000000,,,,,,,,,,,,
790122,,,,,,,,,,,0.000000,0.000000,0.000000,0.000000,0.000000,0.000000,,,,,,,,,,,,
790127,,,,,,,,,,,0.000000,0.000000,0.000000,0.000000,0.000000,0.000000,,,,,,,,,,,,
790132,,,,,,,,,,,0.000000,0.000000,0.000000,0.000000,0.000000,0.000000,,,,,,,,,,,,
790137,,,,,,,,,,,0.000000,0.000000,0.000000,0.000000,0.000000,0.000000,,,,,,,,,,,,
790142,,,,,,,,,,,0.000000,0.000000,0.000000,0.000000,0.000000,0.000000,,,,,,,,,,,,
790147,,,,,,,,,,,0.000000,0.000000,0.000000,0.000000,0.000000,0.000000,,,,,,,,,,,,
790151,,,,,,,,,,,0.000000,0.000000,,,,,,,,,,,,,,,,
790152,,,,,,,,,,,,,0.000000,0.000000,0.000000,0.000000,,,,,,,,,,,,
790157,,,,,,,,,,,0.000000,0.000000,0.000000,0.000000,0.000000,0.000000,,,,,,,,,,,,
790162,,,,,,,,,,,0.000000,0.000000,0.000000,0.000000,0.000000,0.000000,,,,,,,,,,,,
790167,,,,,,,,,,,0.000000,0.000000,0.000000,0.000000,0.000000,0.000000,,,,,,,,,,,,
790172,,,,,,,,,,,0.000000,0.000000,0.000000,0.000000,0.000000,0.000000,,,,,,,,,,,,
790176,,,,,,,,,,,0.000000,0.000000,,,,,,,,,,,,,,,,
790177,,,,,,,,,,,,,0.000000,0.000000,0.000000,0.000000,,,,,,,,,,,,
790181,,,,,,,,,,,0.000000,0.000000,,,,,,,,,,,,,,,,
790182,,,,,,,,,,,,,0.000000,0.000000,0.000000,0.000000,,,,,,,,,,,,
790187,,,,,,,,,,,0.000000,0.000000,0.000000,0.000000,0.000000,0.000000,,,,,,,,,,,,
790192,,,,,,,,,,,0.000000,0.000000,0.000000,0.000000,0.000000,0.000000,,,,,,,,,,,,
790197,,,,,,,,,,,0.000000,0.000000,0.000000,0.000000,0.000000,0.000000,,,,,,,,,,,,
790202,,,,,,,,,,,0.000000,0.000000,0.000000,0.000000,0.000000,0.000000,,,,,,,,,,,,
790207,,,,,,,,,,,0.000000,0.000000,0.000000,0.000000,0.000000,0.000000,,,,,,,,,,,,
790211,,,,,,,,,,,0.000000,0.000000,,,,,,,,,,,,,,,,
790212,,,,,,,,,,,,,0.000000,0.000000,0.000000,0.000000,,,,,,,,,,,,
790216,,,,,,,,,,,0.000000,0.000000,,,,,,,,,,,,,,,,
790217,,,,,,,,,,,,,0.000000,0.000000,0.000000,0.000000,,,,,,,,,,,,
790221,,,,,,,,,,,0.000000,0.000000,,,,,,,,,,,,,,,,
790222,,,,,,,,,,,,,0.000000,0.000000,0.000000,0.000000,,,,,,,,,,,,
790227,,,,,,,,,,,0.000000,0.000000,0.000000,0.000000,0.000000,0.000000,,,,,,,,,,,,
790231,,,,,,,,,,,0.000000,0.000000,,,,,,,,,,,,,,,,
790232,,,,,,,,,,,,,0.000000,0.000000,0.000000,0.000000,,,,,,,,,,,,
790237,,,,,,,,,,,0.000000,0.000000,0.000000,0.000000,0.000000,0.000000,,,,,,,,,,,,
790242,,,,,,,,,,,0.000000,0.000000,0.000000,0.000000,0.000000,0.000000,,,,,,,,,,,,
790247,,,,,,,,,,,0.000000,0.000000,0.000000,0.000000,0.000000,0.000000,,,,,,,,,,,,
790252,,,,,,,,,,,0.000000,0.000000,0.000000,0.000000,0.000000,0.000000,,,,,,,,,,,,
790256,,,,,,,,,,,0.000000,0.000000,,,,,,,,,,,,,,,,
790257,,,,,,,,,,,,,0.000000,0.000000,0.000000,0.000000,,,,,,,,,,,,
790262,,,,,,,,,,,0.000000,0.000000,0.000000,0.000000,0.000000,0.000000,,,,,,,,,,,,
790266,,,,,,,,,,,0.000000,0.000000,,,,,,,,,,,,,,,,
790267,,,,,,,,,,,,,0.000000,0.000000,0.000000,0.000000,,,,,,,,,,,,
790272,,,,,,,,,,,0.000000,0.000000,0.000000,0.000000,0.000000,0.000000,,,,,,,,,,,,
790277,,,,,,,,,,,0.000000,0.000000,0.000000,0.000000,0.000000,0.000000,,,,,,,,,,,,
790282,,,,,,,,,,,0.000000,0.000000,,,0.000000,0.000000,,,,,,,,,,,,
790604,,,,,,,,,,,0.000000,0.000000,0.000000,0.000000,0.000000,0.000000,,,,,,,,,,,,
790611,,,,,,,,,,,0.000000,0.000000,0.000000,0.000000,0.000000,0.000000,,,,,,,,,,,,
790612,,,,,,,,,,,0.000000,0.000000,0.000000,0.000000,0.000000,0.000000,,,,,,,,,,,,
790617,,,,,,,,,,,0.000000,0.000000,0.000000,0.000000,0.000000,0.000000,,,,,,,,,,,,
790622,,,,,,,,,,,0.000000,0.000000,0.000000,0.000000,0.000000,0.000000,,,,,,,,,,,,
790627,,,,,,,,,,,0.000000,0.000000,0.000000,0.000000,0.000000,0.000000,,,,,,,,,,,,
790631,,,,,,,,,,,0.000000,0.000000,,,,,,,,,,,,,,,,
790632,,,,,,,,,,,,,0.000000,0.000000,0.000000,0.000000,,,,,,,,,,,,
790637,,,,,,,,,,,0.000000,0.000000,0.000000,0.000000,0.000000,0.000000,,,,,,,,,,,,
790641,,,,,,,,,,,0.000000,0.000000,,,,,,,,,,,,,,,,
790642,,,,,,,,,,,,,0.000000,0.000000,0.000000,0.000000,,,,,,,,,,,,
790647,,,,,,,,,,,0.000000,0.000000,0.000000,0.000000,0.000000,0.000000,,,,,,,,,,,,
790652,,,,,,,,,,,0.000000,0.000000,0.000000,0.000000,0.000000,0.000000,,,,,,,,,,,,
790663,,,,,,,,,,,0.000000,0.000000,0.000000,0.000000,0.000000,0.000000,,,,,,,,,,,,
790664,,,,,,,,,,,0.000000,0.000000,0.000000,0.000000,0.000000,0.000000,,,,,,,,,,,,
790667,,,,,,,,,,,0.000000,0.000000,0.000000,0.000000,0.000000,0.000000,,,,,,,,,,,,
790672,,,,,,,,,,,0.000000,0.000000,0.000000,0.000000,0.000000,0.000000,,,,,,,,,,,,
790676,,,,,,,,,,,0.000000,0.000000,,,,,,,,,,,,,,,,
790677,,,,,,,,,,,,,0.000000,0.000000,0.000000,0.000000,,,,,,,,,,,,
790682,,,,,,,,,,,0.000000,0.000000,0.000000,0.000000,0.000000,0.000000,,,,,,,,,,,,
790686,,,,,,,,,,,0.000000,0.000000,,,,,,,,,,,,,,,,
790687,,,,,,,,,,,,,0.000000,0.000000,0.000000,0.000000,,,,,,,,,,,,
790692,,,,,,,,,,,0.000000,0.000000,0.000000,0.000000,0.000000,0.000000,,,,,,,,,,,,
790697,,,,,,,,,,,0.000000,0.000000,0.000000,0.000000,0.000000,0.000000,,,,,,,,,,,,
790702,,,,,,,,,,,0.000000,0.000000,0.000000,0.000000,0.000000,0.000000,,,,,,,,,,,,
790707,,,,,,,,,,,0.000000,0.000000,0.000000,0.000000,0.000000,0.000000,,,,,,,,,,,,
790711,,,,,,,,,,,0.000000,0.000000,,,,,,,,,,,,,,,,
790712,,,,,,,,,,,,,0.000000,0.000000,0.000000,0.000000,,,,,,,,,,,,
790724,,,,,,,,,,,0.000000,0.000000,0.000000,0.000000,0.000000,0.000000,,,,,,,,,,,,
790727,,,,,,,,,,,0.000000,0.000000,0.000000,0.000000,0.000000,0.000000,,,,,,,,,,,,
790732,,,,,,,,,,,0.000000,0.000000,0.000000,0.000000,0.000000,0.000000,,,,,,,,,,,,
790737,,,,,,,,,,,0.000000,0.000000,0.000000,0.000000,0.000000,0.000000,,,,,,,,,,,,
790741,,,,,,,,,,,0.000000,0.000000,,,,,,,,,,,,,,,,
790742,,,,,,,,,,,,,0.000000,0.000000,0.000000,0.000000,,,,,,,,,,,,
790747,,,,,,,,,,,0.000000,0.000000,0.000000,0.000000,0.000000,0.000000,,,,,,,,,,,,
790751,,,,,,,,,,,0.000000,0.000000,,,,,,,,,,,,,,,,
790752,,,,,,,,,,,,,0.000000,0.000000,0.000000,0.000000,,,,,,,,,,,,
790757,,,,,,,,,,,0.000000,0.000000,0.000000,0.000000,0.000000,0.000000,,,,,,,,,,,,
790761,,,,,,,,,,,0.000000,0.000000,,,,,,,,,,,,,,,,
790762,,,,,,,,,,,,,0.000000,0.000000,0.000000,0.000000,,,,,,,,,,,,
790767,,,,,,,,,,,0.000000,0.000000,0.000000,0.000000,0.000000,0.000000,,,,,,,,,,,,
790771,,,,,,,,,,,0.000000,0.000000,,,,,,,,,,,,,,,,
790772,,,,,,,,,,,,,0.000000,0.000000,0.000000,0.000000,,,,,,,,,,,,
790777,,,,,,,,,,,0.000000,0.000000,0.000000,0.000000,0.000000,0.000000,,,,,,,,,,,,
790782,,,,,,,,,,,0.000000,0.000000,0.000000,0.000000,0.000000,0.000000,,,,,,,,,,,,
790787,,,,,,,,,,,0.000000,0.000000,0.000000,0.000000,0.000000,0.000000,,,,,,,,,,,,
790792,,,,,,,,,,,0.000000,0.000000,0.000000,0.000000,0.000000,0.000000,,,,,,,,,,,,
790803,,,,,,,,,,,0.000000,0.000000,0.000000,0.000000,0.000000,0.000000,,,,,,,,,,,,
790807,,,,,,,,,,,0.000000,0.000000,0.000000,0.000000,0.000000,0.000000,,,,,,,,,,,,
790811,,,,,,,,,,,0.000000,0.000000,,,,,,,,,,,,,,,,
790812,,,,,,,,,,,,,0.000000,0.000000,0.000000,0.000000,,,,,,,,,,,,
790817,,,,,,,,,,,0.000000,0.000000,0.000000,0.000000,0.000000,0.000000,,,,,,,,,,,,
790822,,,,,,,,,,,0.000000,0.000000,0.000000,0.000000,0.000000,0.000000,,,,,,,,,,,,
790827,,,,,,,,,,,0.000000,0.000000,0.000000,0.000000,0.000000,0.000000,,,,,,,,,,,,
790832,,,,,,,,,,,0.000000,0.000000,0.000000,0.000000,0.000000,0.000000,,,,,,,,,,,,
790837,,,,,,,,,,,0.000000,0.000000,0.000000,0.000000,0.000000,0.000000,,,,,,,,,,,,
790842,,,,,,,,,,,0.000000,0.000000,0.000000,0.000000,0.000000,0.000000,,,,,,,,,,,,
790847,,,,,,,,,,,0.000000,0.000000,0.000000,0.000000,0.000000,0.000000,,,,,,,,,,,,
790852,,,,,,,,,,,0.000000,0.000000,0.000000,0.000000,0.000000,0.000000,,,,,,,,,,,,
790863,,,,,,,,,,,0.000000,0.000000,0.000000,0.000000,0.000000,0.000000,,,,,,,,,,,,
790867,,,,,,,,,,,0.000000,0.000000,0.000000,0.000000,0.000000,0.000000,,,,,,,,,,,,
790872,,,,,,,,,,,0.000000,0.000000,0.000000,0.000000,0.000000,0.000000,,,,,,,,,,,,
790877,,,,,,,,,,,0.000000,0.000000,0.000000,0.000000,0.000000,0.000000,,,,,,,,,,,,
790882,,,,,,,,,,,0.000000,0.000000,0.000000,0.000000,0.000000,0.000000,,,,,,,,,,,,
790886,,,,,,,,,,,0.000000,0.000000,,,,,,,,,,,,,,,,
790887,,,,,,,,,,,,,0.000000,0.000000,0.000000,0.000000,,,,,,,,,,,,
790891,,,,,,,,,,,0.000000,0.000000,,,,,,,,,,,,,,,,
790892,,,,,,,,,,,,,0.000000,0.000000,0.000000,0.000000,,,,,,,,,,,,
790897,,,,,,,,,,,0.000000,0.000000,0.000000,0.000000,0.000000,0.000000,,,,,,,,,,,,
790902,,,,,,,,,,,0.000000,0.000000,0.000000,0.000000,0.000000,0.000000,,,,,,,,,,,,
790907,,,,,,,,,,,0.000000,0.000000,0.000000,0.000000,0.000000,0.000000,,,,,,,,,,,,
790912,,,,,,,,,,,0.000000,0.000000,0.000000,0.000000,0.000000,0.000000,,,,,,,,,,,,
790923,,,,,,,,,,,0.000000,0.000000,0.000000,0.000000,0.000000,0.000000,,,,,,,,,,,,
790927,,,,,,,,,,,0.000000,0.000000,0.000000,0.000000,0.000000,0.000000,,,,,,,,,,,,
790932,,,,,,,,,,,0.000000,0.000000,0.000000,0.000000,0.000000,0.000000,,,,,,,,,,,,
790937,,,,,,,,,,,0.000000,0.000000,0.000000,0.000000,0.000000,0.000000,,,,,,,,,,,,
790941,,,,,,,,,,,0.000000,0.000000,,,,,,,,,,,,,,,,
790942,,,,,,,,,,,,,0.000000,0.000000,0.000000,0.000000,,,,,,,,,,,,
790947,,,,,,,,,,,0.000000,0.000000,0.000000,0.000000,0.000000,0.000000,,,,,,,,,,,,
790951,,,,,,,,,,,0.000000,0.000000,,,,,,,,,,,,,,,,
790952,,,,,,,,,,,,,0.000000,0.000000,0.000000,0.000000,,,,,,,,,,,,
790957,,,,,,,,,,,0.000000,0.000000,0.000000,0.000000,0.000000,0.000000,,,,,,,,,,,,
790962,,,,,,,,,,,0.000000,0.000000,0.000000,0.000000,0.000000,0.000000,,,,,,,,,,,,
790966,,,,,,,,,,,0.000000,0.000000,,,,,,,,,,,,,,,,
790967,,,,,,,,,,,,,0.000000,0.000000,0.000000,0.000000,,,,,,,,,,,,
790971,,,,,,,,,,,0.000000,0.000000,,,,,,,,,,,,,,,,
790972,,,,,,,,,,,,,0.000000,0.000000,0.000000,0.000000,,,,,,,,,,,,
790983,,,,,,,,,,,0.000000,0.000000,0.000000,0.000000,0.000000,0.000000,,,,,,,,,,,,
790984,,,,,,,,,,,0.000000,0.000000,0.000000,0.000000,0.000000,0.000000,,,,,,,,,,,,
790987,,,,,,,,,,,0.000000,0.000000,0.000000,0.000000,0.000000,0.000000,,,,,,,,,,,,
790992,,,,,,,,,,,0.000000,0.000000,0.000000,0.000000,0.000000,0.000000,,,,,,,,,,,,
790997,,,,,,,,,,,0.000000,0.000000,0.000000,0.000000,0.000000,0.000000,,,,,,,,,,,,
791001,,,,,,,,,,,0.000000,0.000000,,,,,,,,,,,,,,,,
791002,,,,,,,,,,,,,0.000000,0.000000,0.000000,0.000000,,,,,,,,,,,,
791007,,,,,,,,,,,0.000000,0.000000,0.000000,0.000000,0.000000,0.000000,,,,,,,,,,,,
791012,,,,,,,,,,,0.000000,0.000000,0.000000,0.000000,0.000000,0.000000,,,,,,,,,,,,
791017,,,,,,,,,,,0.000000,0.000000,0.000000,0.000000,0.000000,0.000000,,,,,,,,,,,,
791021,,,,,,,,,,,0.000000,0.000000,,,,,,,,,,,,,,,,
791022,,,,,,,,,,,,,0.000000,0.000000,0.000000,0.000000,,,,,,,,,,,,
791027,,,,,,,,,,,0.000000,0.000000,0.000000,0.000000,0.000000,0.000000,,,,,,,,,,,,
791032,,,,,,,,,,,0.000000,0.000000,0.000000,0.000000,0.000000,0.000000,,,,,,,,,,,,
791037,,,,,,,,,,,0.000000,0.000000,0.000000,0.000000,0.000000,0.000000,,,,,,,,,,,,
791042,,,,,,,,,,,0.000000,0.000000,0.000000,0.000000,0.000000,0.000000,,,,,,,,,,,,
791047,,,,,,,,,,,0.000000,0.000000,0.000000,0.000000,0.000000,0.000000,,,,,,,,,,,,
791052,,,,,,,,,,,0.000000,0.000000,0.000000,0.000000,0.000000,0.000000,,,,,,,,,,,,
791063,,,,,,,,,,,0.000000,0.000000,0.000000,0.000000,0.000000,0.000000,,,,,,,,,,,,
791067,,,,,,,,,,,0.000000,0.000000,0.000000,0.000000,0.000000,0.000000,,,,,,,,,,,,
791072,,,,,,,,,,,0.000000,0.000000,0.000000,0.000000,0.000000,0.000000,,,,,,,,,,,,
791077,,,,,,,,,,,0.000000,0.000000,0.000000,0.000000,0.000000,0.000000,,,,,,,,,,,,
791082,,,,,,,,,,,0.000000,0.000000,0.000000,0.000000,0.000000,0.000000,,,,,,,,,,,,
791087,,,,,,,,,,,0.000000,0.000000,0.000000,0.000000,0.000000,0.000000,,,,,,,,,,,,
791091,,,,,,,,,,,0.000000,0.000000,,,,,,,,,,,,,,,,
791092,,,,,,,,,,,,,0.000000,0.000000,0.000000,0.000000,,,,,,,,,,,,
791097,,,,,,,,,,,0.000000,0.000000,0.000000,0.000000,0.000000,0.000000,,,,,,,,,,,,
791102,,,,,,,,,,,0.000000,0.000000,0.000000,0.000000,0.000000,0.000000,,,,,,,,,,,,
791107,,,,,,,,,,,0.000000,0.000000,0.000000,0.000000,0.000000,0.000000,,,,,,,,,,,,
791112,,,,,,,,,,,0.000000,0.000000,0.000000,0.000000,0.000000,0.000000,,,,,,,,,,,,
791124,,,,,,,,,,,0.000000,0.000000,0.000000,0.000000,0.000000,0.000000,,,,,,,,,,,,
791127,,,,,,,,,,,0.000000,0.000000,0.000000,0.000000,0.000000,0.000000,,,,,,,,,,,,
791132,,,,,,,,,,,0.000000,0.000000,0.000000,0.000000,0.000000,0.000000,,,,,,,,,,,,
791137,,,,,,,,,,,0.000000,0.000000,0.000000,0.000000,0.000000,0.000000,,,,,,,,,,,,
791142,,,,,,,,,,,0.000000,0.000000,0.000000,0.000000,0.000000,0.000000,,,,,,,,,,,,
791147,,,,,,,,,,,0.000000,0.000000,0.000000,0.000000,0.000000,0.000000,,,,,,,,,,,,
791151,,,,,,,,,,,0.000000,0.000000,,,,,,,,,,,,,,,,
791152,,,,,,,,,,,,,0.000000,0.000000,0.000000,0.000000,,,,,,,,,,,,
791157,,,,,,,,,,,0.000000,0.000000,0.000000,0.000000,0.000000,0.000000,,,,,,,,,,,,
791162,,,,,,,,,,,0.000000,0.000000,0.000000,0.000000,0.000000,0.000000,,,,,,,,,,,,
791166,,,,,,,,,,,0.000000,0.000000,,,,,,,,,,,,,,,,
791167,,,,,,,,,,,,,0.000000,0.000000,0.000000,0.000000,,,,,,,,,,,,
791171,,,,,,,,,,,0.000000,0.000000,,,,,,,,,,,,,,,,
791172,,,,,,,,,,,,,0.000000,0.000000,0.000000,0.000000,,,,,,,,,,,,
791187,,,,,,,,,,,0.000000,0.000000,0.000000,0.000000,0.000000,0.000000,,,,,,,,,,,,
791192,,,,,,,,,,,0.000000,0.000000,0.000000,0.000000,0.000000,0.000000,,,,,,,,,,,,
791197,,,,,,,,,,,0.000000,0.000000,0.000000,0.000000,0.000000,0.000000,,,,,,,,,,,,
791201,,,,,,,,,,,0.000000,0.000000,,,,,,,,,,,,,,,,
791202,,,,,,,,,,,,,0.000000,0.000000,0.000000,0.000000,,,,,,,,,,,,
791207,,,,,,,,,,,0.000000,0.000000,0.000000,0.000000,0.000000,0.000000,,,,,,,,,,,,
791212,,,,,,,,,,,0.000000,0.000000,0.000000,0.000000,0.000000,0.000000,,,,,,,,,,,,
791217,,,,,,,,,,,0.000000,0.000000,0.000000,0.000000,0.000000,0.000000,,,,,,,,,,,,
791222,,,,,,,,,,,0.000000,0.000000,0.000000,0.000000,0.000000,0.000000,,,,,,,,,,,,
791227,,,,,,,,,,,0.000000,0.000000,0.000000,0.000000,0.000000,0.000000,,,,,,,,,,,,
791231,,,,,,,,,,,0.000000,0.000000,,,,,,,,,,,,,,,,
791232,,,,,,,,,,,,,0.000000,0.000000,0.000000,0.000000,,,,,,,,,,,,
791243,,,,,,,,,,,0.000000,0.000000,0.000000,0.000000,0.000000,0.000000,,,,,,,,,,,,
791247,,,,,,,,,,,0.000000,0.000000,0.000000,0.000000,0.000000,0.000000,,,,,,,,,,,,
791252,,,,,,,,,,,0.000000,0.000000,0.000000,0.000000,0.000000,0.000000,,,,,,,,,,,,
791257,,,,,,,,,,,0.000000,0.000000,0.000000,0.000000,0.000000,0.000000,,,,,,,,,,,,
791262,,,,,,,,,,,0.000000,0.000000,0.000000,0.000000,0.000000,0.000000,,,,,,,,,,,,
791267,,,,,,,,,,,0.000000,0.000000,0.000000,0.000000,0.000000,0.000000,,,,,,,,,,,,
791272,,,,,,,,,,,0.000000,0.000000,0.000000,0.000000,0.000000,0.000000,,,,,,,,,,,,
791276,,,,,,,,,,,0.000000,0.000000,,,,,,,,,,,,,,,,
791277,,,,,,,,,,,,,0.000000,0.000000,0.000000,0.000000,,,,,,,,,,,,
791282,,,,,,,,,,,0.000000,0.000000,0.000000,0.000000,0.000000,0.000000,,,,,,,,,,,,
791287,,,,,,,,,,,0.000000,0.000000,0.000000,0.000000,0.000000,0.000000,,,,,,,,,,,,
791291,,,,,,,,,,,0.000000,0.000000,,,,,,,,,,,,,,,,
791292,,,,,,,,,,,,,0.000000,0.000000,0.000000,0.000000,,,,,,,,,,,,
791297,,,,,,,,,,,0.000000,0.000000,0.000000,0.000000,0.000000,0.000000,,,,,,,,,,,,
791301,,,,,,,,,,,0.000000,0.000000,,,,,,,,,,,,,,,,
791302,,,,,,,,,,,,,0.000000,0.000000,0.000000,0.000000,,,,,,,,,,,,
791307,,,,,,,,,,,0.000000,0.000000,0.000000,0.000000,0.000000,0.000000,,,,,,,,,,,,
791312,,,,,,,,,,,0.000000,0.000000,0.000000,0.000000,0.000000,0.000000,,,,,,,,,,,,
791323,,,,,,,,,,,0.000000,0.000000,0.000000,0.000000,0.000000,0.000000,,,,,,,,,,,,
791327,,,,,,,,,,,0.000000,0.000000,0.000000,0.000000,0.000000,0.000000,,,,,,,,,,,,
791332,,,,,,,,,,,0.000000,0.000000,0.000000,0.000000,0.000000,0.000000,,,,,,,,,,,,
791337,,,,,,,,,,,0.000000,0.000000,0.000000,0.000000,0.000000,0.000000,,,,,,,,,,,,
791342,,,,,,,,,,,0.000000,0.000000,0.000000,0.000000,0.000000,0.000000,,,,,,,,,,,,
791346,,,,,,,,,,,0.000000,0.000000,,,,,,,,,,,,,,,,
791347,,,,,,,,,,,,,0.000000,0.000000,0.000000,0.000000,,,,,,,,,,,,
791351,,,,,,,,,,,0.000000,0.000000,,,,,,,,,,,,,,,,
791352,,,,,,,,,,,,,0.000000,0.000000,0.000000,0.000000,,,,,,,,,,,,
791357,,,,,,,,,,,0.000000,0.000000,0.000000,0.000000,0.000000,0.000000,,,,,,,,,,,,
791362,,,,,,,,,,,0.000000,0.000000,0.000000,0.000000,0.000000,0.000000,,,,,,,,,,,,
791367,,,,,,,,,,,0.000000,0.000000,0.000000,0.000000,0.000000,0.000000,,,,,,,,,,,,
791372,,,,,,,,,,,0.000000,0.000000,0.000000,0.000000,0.000000,0.000000,,,,,,,,,,,,
791383,,,,,,,,,,,0.000000,0.000000,0.000000,0.000000,0.000000,0.000000,,,,,,,,,,,,
791387,,,,,,,,,,,0.000000,0.000000,0.000000,0.000000,0.000000,0.000000,,,,,,,,,,,,
791392,,,,,,,,,,,0.000000,0.000000,0.000000,0.000000,0.000000,0.000000,,,,,,,,,,,,
791397,,,,,,,,,,,0.000000,0.000000,0.000000,0.000000,0.000000,0.000000,,,,,,,,,,,,
791402,,,,,,,,,,,0.000000,0.000000,0.000000,0.000000,0.000000,0.000000,,,,,,,,,,,,
791407,,,,,,,,,,,0.000000,0.000000,0.000000,0.000000,0.000000,0.000000,,,,,,,,,,,,
791412,,,,,,,,,,,0.000000,0.000000,0.000000,0.000000,0.000000,0.000000,,,,,,,,,,,,
791417,,,,,,,,,,,0.000000,0.000000,0.000000,0.000000,0.000000,0.000000,,,,,,,,,,,,
791422,,,,,,,,,,,0.000000,0.000000,0.000000,0.000000,0.000000,0.000000,,,,,,,,,,,,
791427,,,,,,,,,,,0.000000,0.000000,0.000000,0.000000,0.000000,0.000000,,,,,,,,,,,,
791432,,,,,,,,,,,0.000000,0.000000,0.000000,0.000000,0.000000,0.000000,,,,,,,,,,,,
791443,,,,,,,,,,,0.000000,0.000000,0.000000,0.000000,0.000000,0.000000,,,,,,,,,,,,
791447,,,,,,,,,,,0.000000,0.000000,0.000000,0.000000,0.000000,0.000000,,,,,,,,,,,,
791451,,,,,,,,,,,0.000000,0.000000,,,,,,,,,,,,,,,,
791452,,,,,,,,,,,,,0.000000,0.000000,0.000000,0.000000,,,,,,,,,,,,
791457,,,,,,,,,,,0.000000,0.000000,0.000000,0.000000,0.000000,0.000000,,,,,,,,,,,,
791462,,,,,,,,,,,0.000000,0.000000,0.000000,0.000000,0.000000,0.000000,,,,,,,,,,,,
791467,,,,,,,,,,,0.000000,0.000000,0.000000,0.000000,0.000000,0.000000,,,,,,,,,,,,
791471,,,,,,,,,,,0.000000,0.000000,,,,,,,,,,,,,,,,
791472,,,,,,,,,,,,,0.000000,0.000000,0.000000,0.000000,,,,,,,,,,,,
791477,,,,,,,,,,,0.000000,0.000000,0.000000,0.000000,0.000000,0.000000,,,,,,,,,,,,
791482,,,,,,,,,,,0.000000,0.000000,0.000000,0.000000,0.000000,0.000000,,,,,,,,,,,,
791487,,,,,,,,,,,0.000000,0.000000,0.000000,0.000000,0.000000,0.000000,,,,,,,,,,,,
791492,,,,,,,,,,,0.000000,0.000000,0.000000,0.000000,0.000000,0.000000,,,,,,,,,,,,
791497,,,,,,,,,,,0.000000,0.000000,0.000000,0.000000,0.000000,0.000000,,,,,,,,,,,,
791502,,,,,,,,,,,0.000000,0.000000,0.000000,0.000000,0.000000,0.000000,,,,,,,,,,,,
791507,,,,,,,,,,,0.000000,0.000000,0.000000,0.000000,0.000000,0.000000,,,,,,,,,,,,
791512,,,,,,,,,,,0.000000,0.000000,0.000000,0.000000,0.000000,0.000000,,,,,,,,,,,,
791523,,,,,,,,,,,0.000000,0.000000,0.000000,0.000000,0.000000,0.000000,,,,,,,,,,,,
791527,,,,,,,,,,,0.000000,0.000000,0.000000,0.000000,0.000000,0.000000,,,,,,,,,,,,
791531,,,,,,,,,,,0.000000,0.000000,,,,,,,,,,,,,,,,
791532,,,,,,,,,,,,,0.000000,0.000000,0.000000,0.000000,,,,,,,,,,,,
791537,,,,,,,,,,,0.000000,0.000000,0.000000,0.000000,0.000000,0.000000,,,,,,,,,,,,
791541,,,,,,,,,,,0.000000,0.000000,,,,,,,,,,,,,,,,
791542,,,,,,,,,,,,,0.000000,0.000000,0.000000,0.000000,,,,,,,,,,,,
791547,,,,,,,,,,,0.000000,0.000000,0.000000,0.000000,0.000000,0.000000,,,,,,,,,,,,
791552,,,,,,,,,,,0.000000,0.000000,0.000000,0.000000,0.000000,0.000000,,,,,,,,,,,,
791557,,,,,,,,,,,0.000000,0.000000,0.000000,0.000000,0.000000,0.000000,,,,,,,,,,,,
791562,,,,,,,,,,,0.000000,0.000000,0.000000,0.000000,0.000000,0.000000,,,,,,,,,,,,
791567,,,,,,,,,,,0.000000,0.000000,0.000000,0.000000,0.000000,0.000000,,,,,,,,,,,,
791572,,,,,,,,,,,0.000000,0.000000,0.000000,0.000000,0.000000,0.000000,,,,,,,,,,,,
791585,,,,,,,,,,,0.000000,0.000000,0.000000,0.000000,0.000000,0.000000,,,,,,,,,,,,
791587,,,,,,,,,,,0.000000,0.000000,0.000000,0.000000,0.000000,0.000000,,,,,,,,,,,,
791592,,,,,,,,,,,0.000000,0.000000,0.000000,0.000000,0.000000,0.000000,,,,,,,,,,,,
791596,,,,,,,,,,,0.000000,0.000000,,,,,,,,,,,,,,,,
791597,,,,,,,,,,,,,0.000000,0.000000,0.000000,0.000000,,,,,,,,,,,,
791602,,,,,,,,,,,0.000000,0.000000,0.000000,0.000000,0.000000,0.000000,,,,,,,,,,,,
791606,,,,,,,,,,,0.000000,0.000000,,,,,,,,,,,,,,,,
791607,,,,,,,,,,,,,0.000000,0.000000,0.000000,0.000000,,,,,,,,,,,,
791612,,,,,,,,,,,0.000000,0.000000,0.000000,0.000000,0.000000,0.000000,,,,,,,,,,,,
791617,,,,,,,,,,,0.000000,0.000000,0.000000,0.000000,0.000000,0.000000,,,,,,,,,,,,
791621,,,,,,,,,,,0.000000,0.000000,,,,,,,,,,,,,,,,
791622,,,,,,,,,,,,,0.000000,0.000000,0.000000,0.000000,,,,,,,,,,,,
791627,,,,,,,,,,,0.000000,0.000000,0.000000,0.000000,0.000000,0.000000,,,,,,,,,,,,
791631,,,,,,,,,,,0.000000,0.000000,,,,,,,,,,,,,,,,
791632,,,,,,,,,,,,,0.000000,0.000000,0.000000,0.000000,,,,,,,,,,,,
791644,,,,,,,,,,,0.000000,0.000000,0.000000,0.000000,0.000000,0.000000,,,,,,,,,,,,
791647,,,,,,,,,,,0.000000,0.000000,0.000000,0.000000,0.000000,0.000000,,,,,,,,,,,,
791651,,,,,,,,,,,0.000000,0.000000,,,,,,,,,,,,,,,,
791652,,,,,,,,,,,,,0.000000,0.000000,0.000000,0.000000,,,,,,,,,,,,
791656,,,,,,,,,,,0.000000,0.000000,,,,,,,,,,,,,,,,
791657,,,,,,,,,,,,,0.000000,0.000000,0.000000,0.000000,,,,,,,,,,,,
791662,,,,,,,,,,,0.000000,0.000000,0.000000,0.000000,0.000000,0.000000,,,,,,,,,,,,
791667,,,,,,,,,,,0.000000,0.000000,0.000000,0.000000,0.000000,0.000000,,,,,,,,,,,,
791672,,,,,,,,,,,0.000000,0.000000,0.000000,0.000000,0.000000,0.000000,,,,,,,,,,,,
791676,,,,,,,,,,,0.000000,0.000000,,,,,,,,,,,,,,,,
791677,,,,,,,,,,,,,0.000000,0.000000,0.000000,0.000000,,,,,,,,,,,,
791681,,,,,,,,,,,0.000000,0.000000,,,,,,,,,,,,,,,,
791682,,,,,,,,,,,,,0.000000,0.000000,0.000000,0.000000,,,,,,,,,,,,
791687,,,,,,,,,,,0.000000,0.000000,0.000000,0.000000,0.000000,0.000000,,,,,,,,,,,,
791692,,,,,,,,,,,0.000000,0.000000,0.000000,0.000000,0.000000,0.000000,,,,,,,,,,,,
791704,,,,,,,,,,,0.000000,0.000000,0.000000,0.000000,0.000000,0.000000,,,,,,,,,,,,
791707,,,,,,,,,,,0.000000,0.000000,0.000000,0.000000,0.000000,0.000000,,,,,,,,,,,,
791712,,,,,,,,,,,0.000000,0.000000,0.000000,0.000000,0.000000,0.000000,,,,,,,,,,,,
791717,,,,,,,,,,,0.000000,0.000000,0.000000,0.000000,0.000000,0.000000,,,,,,,,,,,,
791722,,,,,,,,,,,0.000000,0.000000,0.000000,0.000000,0.000000,0.000000,,,,,,,,,,,,
791727,,,,,,,,,,,0.000000,0.000000,0.000000,0.000000,0.000000,0.000000,,,,,,,,,,,,
791731,,,,,,,,,,,0.000000,0.000000,,,,,,,,,,,,,,,,
791732,,,,,,,,,,,,,0.000000,0.000000,0.000000,0.000000,,,,,,,,,,,,
791737,,,,,,,,,,,0.000000,0.000000,0.000000,0.000000,0.000000,0.000000,,,,,,,,,,,,
791742,,,,,,,,,,,0.000000,0.000000,0.000000,0.000000,0.000000,0.000000,,,,,,,,,,,,
791747,,,,,,,,,,,0.000000,0.000000,0.000000,0.000000,0.000000,0.000000,,,,,,,,,,,,
791751,,,,,,,,,,,0.000000,0.000000,,,,,,,,,,,,,,,,
791752,,,,,,,,,,,,,0.000000,0.000000,0.000000,0.000000,,,,,,,,,,,,
791757,,,,,,,,,,,0.000000,0.000000,0.000000,0.000000,0.000000,0.000000,,,,,,,,,,,,
791761,,,,,,,,,,,0.000000,0.000000,,,,,,,,,,,,,,,,
791762,,,,,,,,,,,,,0.000000,0.000000,0.000000,0.000000,,,,,,,,,,,,
791767,,,,,,,,,,,0.000000,0.000000,0.000000,0.000000,0.000000,0.000000,,,,,,,,,,,,
791771,,,,,,,,,,,0.000000,0.000000,,,,,,,,,,,,,,,,
791772,,,,,,,,,,,,,0.000000,0.000000,0.000000,0.000000,,,,,,,,,,,,
791783,,,,,,,,,,,0.000000,0.000000,0.000000,0.000000,0.000000,0.000000,,,,,,,,,,,,
791784,,,,,,,,,,,0.000000,0.000000,0.000000,0.000000,0.000000,0.000000,,,,,,,,,,,,
791787,,,,,,,,,,,0.000000,0.000000,0.000000,0.000000,0.000000,0.000000,,,,,,,,,,,,
791792,,,,,,,,,,,0.000000,0.000000,0.000000,0.000000,0.000000,0.000000,,,,,,,,,,,,
791797,,,,,,,,,,,0.000000,0.000000,0.000000,0.000000,0.000000,0.000000,,,,,,,,,,,,
791801,,,,,,,,,,,0.000000,0.000000,,,,,,,,,,,,,,,,
791802,,,,,,,,,,,,,0.000000,0.000000,0.000000,0.000000,,,,,,,,,,,,
791806,,,,,,,,,,,0.000000,0.000000,,,,,,,,,,,,,,,,
791807,,,,,,,,,,,,,0.000000,0.000000,0.000000,0.000000,,,,,,,,,,,,
791812,,,,,,,,,,,0.000000,0.000000,0.000000,0.000000,0.000000,0.000000,,,,,,,,,,,,
791817,,,,,,,,,,,0.000000,0.000000,0.000000,0.000000,0.000000,0.000000,,,,,,,,,,,,
791822,,,,,,,,,,,0.000000,0.000000,0.000000,0.000000,0.000000,0.000000,,,,,,,,,,,,
791827,,,,,,,,,,,0.000000,0.000000,0.000000,0.000000,0.000000,0.000000,,,,,,,,,,,,
791831,,,,,,,,,,,0.000000,0.000000,,,,,,,,,,,,,,,,
791832,,,,,,,,,,,,,0.000000,0.000000,0.000000,0.000000,,,,,,,,,,,,
791843,,,,,,,,,,,0.000000,0.000000,,,,,,,,,,,,,,,,
791844,,,,,,,,,,,0.000000,0.000000,0.000000,0.000000,0.000000,0.000000,,,,,,,,,,,,
791847,,,,,,,,,,,0.000000,0.000000,0.000000,0.000000,0.000000,0.000000,,,,,,,,,,,,
791852,,,,,,,,,,,0.000000,0.000000,0.000000,0.000000,0.000000,0.000000,,,,,,,,,,,,
791857,,,,,,,,,,,0.000000,0.000000,0.000000,0.000000,0.000000,0.000000,,,,,,,,,,,,
791862,,,,,,,,,,,0.000000,0.000000,0.000000,0.000000,0.000000,0.000000,,,,,,,,,,,,
791867,,,,,,,,,,,0.000000,0.000000,0.000000,0.000000,0.000000,0.000000,,,,,,,,,,,,
791872,,,,,,,,,,,0.000000,0.000000,0.000000,0.000000,0.000000,0.000000,,,,,,,,,,,,
791877,,,,,,,,,,,0.000000,0.000000,0.000000,0.000000,0.000000,0.000000,,,,,,,,,,,,
791882,,,,,,,,,,,0.000000,0.000000,0.000000,0.000000,0.000000,0.000000,,,,,,,,,,,,
791887,,,,,,,,,,,0.000000,0.000000,0.000000,0.000000,0.000000,0.000000,,,,,,,,,,,,
791891,,,,,,,,,,,0.000000,0.000000,,,,,,,,,,,,,,,,
791892,,,,,,,,,,,,,0.000000,0.000000,0.000000,0.000000,,,,,,,,,,,,
791903,,,,,,,,,,,0.000000,0.000000,0.000000,0.000000,0.000000,0.000000,,,,,,,,,,,,
791904,,,,,,,,,,,0.000000,0.000000,0.000000,0.000000,0.000000,0.000000,,,,,,,,,,,,
791907,,,,,,,,,,,0.000000,0.000000,0.000000,0.000000,0.000000,0.000000,,,,,,,,,,,,
791911,,,,,,,,,,,0.000000,0.000000,,,,,,,,,,,,,,,,
791912,,,,,,,,,,,,,0.000000,0.000000,0.000000,0.000000,,,,,,,,,,,,
791917,,,,,,,,,,,0.000000,0.000000,0.000000,0.000000,0.000000,0.000000,,,,,,,,,,,,
791921,,,,,,,,,,,0.000000,0.000000,,,,,,,,,,,,,,,,
791922,,,,,,,,,,,,,0.000000,0.000000,0.000000,0.000000,,,,,,,,,,,,
791926,,,,,,,,,,,0.000000,0.000000,,,,,,,,,,,,,,,,
791927,,,,,,,,,,,,,0.000000,0.000000,0.000000,0.000000,,,,,,,,,,,,
791932,,,,,,,,,,,0.000000,0.000000,0.000000,0.000000,0.000000,0.000000,,,,,,,,,,,,
791937,,,,,,,,,,,0.000000,0.000000,0.000000,0.000000,0.000000,0.000000,,,,,,,,,,,,
791941,,,,,,,,,,,0.000000,0.000000,,,,,,,,,,,,,,,,
791942,,,,,,,,,,,,,0.000000,0.000000,0.000000,0.000000,,,,,,,,,,,,
791947,,,,,,,,,,,0.000000,0.000000,0.000000,0.000000,0.000000,0.000000,,,,,,,,,,,,
791951,,,,,,,,,,,0.000000,0.000000,,,,,,,,,,,,,,,,
791952,,,,,,,,,,,,,0.000000,0.000000,0.000000,0.000000,,,,,,,,,,,,
791957,,,,,,,,,,,0.000000,0.000000,0.000000,0.000000,0.000000,0.000000,,,,,,,,,,,,
791962,,,,,,,,,,,0.000000,0.000000,0.000000,0.000000,0.000000,0.000000,,,,,,,,,,,,
791967,,,,,,,,,,,0.000000,0.000000,0.000000,0.000000,0.000000,0.000000,,,,,,,,,,,,
791971,,,,,,,,,,,0.000000,0.000000,,,,,,,,,,,,,,,,
791972,,,,,,,,,,,,,0.000000,0.000000,0.000000,0.000000,,,,,,,,,,,,
791983,,,,,,,,,,,0.000000,0.000000,0.000000,0.000000,0.000000,0.000000,,,,,,,,,,,,
791987,,,,,,,,,,,0.000000,0.000000,0.000000,0.000000,0.000000,0.000000,,,,,,,,,,,,
791991,,,,,,,,,,,0.000000,0.000000,,,,,,,,,,,,,,,,
791992,,,,,,,,,,,,,0.000000,0.000000,0.000000,0.000000,,,,,,,,,,,,
791997,,,,,,,,,,,0.000000,0.000000,0.000000,0.000000,0.000000,0.000000,,,,,,,,,,,,
792002,,,,,,,,,,,0.000000,0.000000,0.000000,0.000000,0.000000,0.000000,,,,,,,,,,,,
792007,,,,,,,,,,,0.000000,0.000000,0.000000,0.000000,0.000000,0.000000,,,,,,,,,,,,
792011,,,,,,,,,,,0.000000,0.000000,,,,,,,,,,,,,,,,
792012,,,,,,,,,,,,,0.000000,0.000000,0.000000,0.000000,,,,,,,,,,,,
792017,,,,,,,,,,,0.000000,0.000000,0.000000,0.000000,0.000000,0.000000,,,,,,,,,,,,
792022,,,,,,,,,,,0.000000,0.000000,0.000000,0.000000,0.000000,0.000000,,,,,,,,,,,,
792027,,,,,,,,,,,0.000000,0.000000,0.000000,0.000000,0.000000,0.000000,,,,,,,,,,,,
792032,,,,,,,,,,,0.000000,0.000000,0.000000,0.000000,0.000000,0.000000,,,,,,,,,,,,
792043,,,,,,,,,,,0.000000,0.000000,0.000000,0.000000,0.000000,0.000000,,,,,,,,,,,,
792047,,,,,,,,,,,0.000000,0.000000,0.000000,0.000000,0.000000,0.000000,,,,,,,,,,,,
792052,,,,,,,,,,,0.000000,0.000000,0.000000,0.000000,0.000000,0.000000,,,,,,,,,,,,
792057,,,,,,,,,,,0.000000,0.000000,0.000000,0.000000,0.000000,0.000000,,,,,,,,,,,,
792062,,,,,,,,,,,0.000000,0.000000,0.000000,0.000000,0.000000,0.000000,,,,,,,,,,,,
792067,,,,,,,,,,,0.000000,0.000000,0.000000,0.000000,0.000000,0.000000,,,,,,,,,,,,
792071,,,,,,,,,,,0.000000,0.000000,,,,,,,,,,,,,,,,
792072,,,,,,,,,,,,,0.000000,0.000000,0.000000,0.000000,,,,,,,,,,,,
792077,,,,,,,,,,,0.000000,0.000000,0.000000,0.000000,0.000000,0.000000,,,,,,,,,,,,
792081,,,,,,,,,,,0.000000,0.000000,,,,,,,,,,,,,,,,
792082,,,,,,,,,,,,,0.000000,0.000000,0.000000,0.000000,,,,,,,,,,,,
792087,,,,,,,,,,,0.000000,0.000000,0.000000,0.000000,0.000000,0.000000,,,,,,,,,,,,
792091,,,,,,,,,,,0.000000,0.000000,,,,,,,,,,,,,,,,
792092,,,,,,,,,,,,,0.000000,0.000000,0.000000,0.000000,,,,,,,,,,,,
792102,,,,,,,,,,,0.000000,0.000000,0.000000,0.000000,0.000000,0.000000,,,,,,,,,,,,
792107,,,,,,,,,,,0.000000,0.000000,0.000000,0.000000,0.000000,0.000000,,,,,,,,,,,,
792112,,,,,,,,,,,0.000000,0.000000,0.000000,0.000000,0.000000,0.000000,,,,,,,,,,,,
792117,,,,,,,,,,,0.000000,0.000000,0.000000,0.000000,0.000000,0.000000,,,,,,,,,,,,
792122,,,,,,,,,,,0.000000,0.000000,0.000000,0.000000,0.000000,0.000000,,,,,,,,,,,,
792127,,,,,,,,,,,0.000000,0.000000,0.000000,0.000000,0.000000,0.000000,,,,,,,,,,,,
792131,,,,,,,,,,,0.000000,0.000000,,,,,,,,,,,,,,,,
792132,,,,,,,,,,,,,0.000000,0.000000,0.000000,0.000000,,,,,,,,,,,,
792137,,,,,,,,,,,0.000000,0.000000,0.000000,0.000000,0.000000,0.000000,,,,,,,,,,,,
792142,,,,,,,,,,,0.000000,0.000000,0.000000,0.000000,0.000000,0.000000,,,,,,,,,,,,
792147,,,,,,,,,,,0.000000,0.000000,0.000000,0.000000,0.000000,0.000000,,,,,,,,,,,,
792152,,,,,,,,,,,0.000000,0.000000,0.000000,0.000000,0.000000,0.000000,,,,,,,,,,,,
792162,,,,,,,,,,,0.000000,0.000000,0.000000,0.000000,0.000000,0.000000,,,,,,,,,,,,
792167,,,,,,,,,,,0.000000,0.000000,0.000000,0.000000,0.000000,0.000000,,,,,,,,,,,,
792172,,,,,,,,,,,0.000000,0.000000,0.000000,0.000000,0.000000,0.000000,,,,,,,,,,,,
792177,,,,,,,,,,,0.000000,0.000000,0.000000,0.000000,0.000000,0.000000,,,,,,,,,,,,
792181,,,,,,,,,,,0.000000,0.000000,,,,,,,,,,,,,,,,
792182,,,,,,,,,,,,,0.000000,0.000000,0.000000,0.000000,,,,,,,,,,,,
792187,,,,,,,,,,,0.000000,0.000000,0.000000,0.000000,0.000000,0.000000,,,,,,,,,,,,
792192,,,,,,,,,,,0.000000,0.000000,0.000000,0.000000,0.000000,0.000000,,,,,,,,,,,,
792197,,,,,,,,,,,0.000000,0.000000,0.000000,0.000000,0.000000,0.000000,,,,,,,,,,,,
792201,,,,,,,,,,,0.000000,0.000000,,,,,,,,,,,,,,,,
792202,,,,,,,,,,,,,0.000000,0.000000,0.000000,0.000000,,,,,,,,,,,,
792207,,,,,,,,,,,0.000000,0.000000,0.000000,0.000000,0.000000,0.000000,,,,,,,,,,,,
792212,,,,,,,,,,,0.000000,0.000000,0.000000,0.000000,0.000000,0.000000,,,,,,,,,,,,
792217,,,,,,,,,,,0.000000,0.000000,0.000000,0.000000,0.000000,0.000000,,,,,,,,,,,,
792221,,,,,,,,,,,0.000000,0.000000,,,,,,,,,,,,,,,,
792222,,,,,,,,,,,,,0.000000,0.000000,0.000000,0.000000,,,,,,,,,,,,
792227,,,,,,,,,,,0.000000,0.000000,0.000000,0.000000,0.000000,0.000000,,,,,,,,,,,,
792231,,,,,,,,,,,0.000000,0.000000,,,,,,,,,,,,,,,,
792232,,,,,,,,,,,,,0.000000,0.000000,0.000000,0.000000,,,,,,,,,,,,
792242,,,,,,,,,,,0.000000,0.000000,0.000000,0.000000,0.000000,0.000000,,,,,,,,,,,,
792247,,,,,,,,,,,0.000000,0.000000,0.000000,0.000000,0.000000,0.000000,,,,,,,,,,,,
792252,,,,,,,,,,,0.000000,0.000000,0.000000,0.000000,0.000000,0.000000,,,,,,,,,,,,
792257,,,,,,,,,,,0.000000,0.000000,0.000000,0.000000,0.000000,0.000000,,,,,,,,,,,,
792262,,,,,,,,,,,0.000000,0.000000,0.000000,0.000000,0.000000,0.000000,,,,,,,,,,,,
792266,,,,,,,,,,,0.000000,0.000000,,,,,,,,,,,,,,,,
792267,,,,,,,,,,,,,0.000000,0.000000,0.000000,0.000000,,,,,,,,,,,,
792271,,,,,,,,,,,0.000000,0.000000,,,,,,,,,,,,,,,,
792272,,,,,,,,,,,,,0.000000,0.000000,0.000000,0.000000,,,,,,,,,,,,
792277,,,,,,,,,,,0.000000,0.000000,0.000000,0.000000,0.000000,0.000000,,,,,,,,,,,,
792281,,,,,,,,,,,0.000000,0.000000,,,,,,,,,,,,,,,,
792282,,,,,,,,,,,,,0.000000,0.000000,0.000000,0.000000,,,,,,,,,,,,
792287,,,,,,,,,,,0.000000,0.000000,0.000000,0.000000,0.000000,0.000000,,,,,,,,,,,,
792291,,,,,,,,,,,0.000000,0.000000,,,,,,,,,,,,,,,,
792292,,,,,,,,,,,,,0.000000,0.000000,0.000000,0.000000,,,,,,,,,,,,
792302,,,,,,,,,,,0.000000,0.000000,0.000000,0.000000,0.000000,0.000000,,,,,,,,,,,,
792307,,,,,,,,,,,0.000000,0.000000,0.000000,0.000000,0.000000,0.000000,,,,,,,,,,,,
792312,,,,,,,,,,,0.000000,0.000000,0.000000,0.000000,0.000000,0.000000,,,,,,,,,,,,
792317,,,,,,,,,,,0.000000,0.000000,0.000000,0.000000,0.000000,0.000000,,,,,,,,,,,,
792322,,,,,,,,,,,0.000000,0.000000,0.000000,0.000000,0.000000,0.000000,,,,,,,,,,,,
792326,,,,,,,,,,,0.000000,0.000000,,,,,,,,,,,,,,,,
792327,,,,,,,,,,,,,0.000000,0.000000,0.000000,0.000000,,,,,,,,,,,,
792332,,,,,,,,,,,0.000000,0.000000,0.000000,0.000000,0.000000,0.000000,,,,,,,,,,,,
792337,,,,,,,,,,,0.000000,0.000000,0.000000,0.000000,0.000000,0.000000,,,,,,,,,,,,
792342,,,,,,,,,,,0.000000,0.000000,0.000000,0.000000,0.000000,0.000000,,,,,,,,,,,,
792347,,,,,,,,,,,0.000000,0.000000,0.000000,0.000000,0.000000,0.000000,,,,,,,,,,,,
792352,,,,,,,,,,,0.000000,0.000000,0.000000,0.000000,0.000000,0.000000,,,,,,,,,,,,
792362,,,,,,,,,,,0.000000,0.000000,0.000000,0.000000,0.000000,0.000000,,,,,,,,,,,,
792367,,,,,,,,,,,0.000000,0.000000,0.000000,0.000000,0.000000,0.000000,,,,,,,,,,,,
792372,,,,,,,,,,,0.000000,0.000000,0.000000,0.000000,0.000000,0.000000,,,,,,,,,,,,
792377,,,,,,,,,,,0.000000,0.000000,0.000000,0.000000,0.000000,0.000000,,,,,,,,,,,,
792382,,,,,,,,,,,0.000000,0.000000,0.000000,0.000000,0.000000,0.000000,,,,,,,,,,,,
792387,,,,,,,,,,,0.000000,0.000000,0.000000,0.000000,0.000000,0.000000,,,,,,,,,,,,
792391,,,,,,,,,,,0.000000,0.000000,,,,,,,,,,,,,,,,
792392,,,,,,,,,,,,,0.000000,0.000000,0.000000,0.000000,,,,,,,,,,,,
792397,,,,,,,,,,,0.000000,0.000000,0.000000,0.000000,0.000000,0.000000,,,,,,,,,,,,
792401,,,,,,,,,,,0.000000,0.000000,,,,,,,,,,,,,,,,
792402,,,,,,,,,,,,,0.000000,0.000000,0.000000,0.000000,,,,,,,,,,,,
792407,,,,,,,,,,,0.000000,0.000000,0.000000,0.000000,0.000000,0.000000,,,,,,,,,,,,
792412,,,,,,,,,,,0.000000,0.000000,0.000000,0.000000,0.000000,0.000000,,,,,,,,,,,,
792417,,,,,,,,,,,0.000000,0.000000,0.000000,0.000000,0.000000,0.000000,,,,,,,,,,,,
792422,,,,,,,,,,,0.000000,0.000000,0.000000,0.000000,0.000000,0.000000,,,,,,,,,,,,
792427,,,,,,,,,,,0.000000,0.000000,0.000000,0.000000,0.000000,0.000000,,,,,,,,,,,,
792432,,,,,,,,,,,0.000000,0.000000,0.000000,0.000000,0.000000,0.000000,,,,,,,,,,,,
792442,,,,,,,,,,,0.000000,0.000000,0.000000,0.000000,0.000000,0.000000,,,,,,,,,,,,
792447,,,,,,,,,,,0.000000,0.000000,0.000000,0.000000,0.000000,0.000000,,,,,,,,,,,,
792452,,,,,,,,,,,0.000000,0.000000,0.000000,0.000000,0.000000,0.000000,,,,,,,,,,,,
792457,,,,,,,,,,,0.000000,0.000000,0.000000,0.000000,0.000000,0.000000,,,,,,,,,,,,
792462,,,,,,,,,,,0.000000,0.000000,0.000000,0.000000,0.000000,0.000000,,,,,,,,,,,,
792467,,,,,,,,,,,0.000000,0.000000,0.000000,0.000000,0.000000,0.000000,,,,,,,,,,,,
792471,,,,,,,,,,,0.000000,0.000000,,,,,,,,,,,,,,,,
792472,,,,,,,,,,,,,0.000000,0.000000,0.000000,0.000000,,,,,,,,,,,,
792477,,,,,,,,,,,0.000000,0.000000,0.000000,0.000000,0.000000,0.000000,,,,,,,,,,,,
792482,,,,,,,,,,,0.000000,0.000000,0.000000,0.000000,0.000000,0.000000,,,,,,,,,,,,
792486,,,,,,,,,,,0.000000,0.000000,,,,,,,,,,,,,,,,
792487,,,,,,,,,,,,,0.000000,0.000000,0.000000,0.000000,,,,,,,,,,,,
792491,,,,,,,,,,,0.000000,0.000000,,,,,,,,,,,,,,,,
792492,,,,,,,,,,,,,0.000000,0.000000,0.000000,0.000000,,,,,,,,,,,,
792501,,,,,,,,,,,0.000000,0.000000,0.000000,0.000000,0.000000,0.000000,,,,,,,,,,,,
792502,,,,,,,,,,,0.000000,0.000000,0.000000,0.000000,0.000000,0.000000,,,,,,,,,,,,
792507,,,,,,,,,,,0.000000,0.000000,0.000000,0.000000,0.000000,0.000000,,,,,,,,,,,,
792512,,,,,,,,,,,0.000000,0.000000,0.000000,0.000000,0.000000,0.000000,,,,,,,,,,,,
792517,,,,,,,,,,,0.000000,0.000000,0.000000,0.000000,0.000000,0.000000,,,,,,,,,,,,
792521,,,,,,,,,,,0.000000,0.000000,,,,,,,,,,,,,,,,
792522,,,,,,,,,,,,,0.000000,0.000000,0.000000,0.000000,,,,,,,,,,,,
792527,,,,,,,,,,,0.000000,0.000000,0.000000,0.000000,0.000000,0.000000,,,,,,,,,,,,
792532,,,,,,,,,,,0.000000,0.000000,0.000000,0.000000,0.000000,0.000000,,,,,,,,,,,,
792537,,,,,,,,,,,0.000000,0.000000,0.000000,0.000000,0.000000,0.000000,,,,,,,,,,,,
792542,,,,,,,,,,,0.000000,0.000000,0.000000,0.000000,0.000000,0.000000,,,,,,,,,,,,
792547,,,,,,,,,,,0.000000,0.000000,0.000000,0.000000,0.000000,0.000000,,,,,,,,,,,,
792551,,,,,,,,,,,0.000000,0.000000,,,,,,,,,,,,,,,,
792552,,,,,,,,,,,,,0.000000,0.000000,0.000000,0.000000,,,,,,,,,,,,
792562,,,,,,,,,,,0.000000,0.000000,0.000000,0.000000,0.000000,0.000000,,,,,,,,,,,,
792567,,,,,,,,,,,0.000000,0.000000,0.000000,0.000000,0.000000,0.000000,,,,,,,,,,,,
792572,,,,,,,,,,,0.000000,0.000000,0.000000,0.000000,0.000000,0.000000,,,,,,,,,,,,
792577,,,,,,,,,,,0.000000,0.000000,0.000000,0.000000,0.000000,0.000000,,,,,,,,,,,,
792582,,,,,,,,,,,0.000000,0.000000,0.000000,0.000000,0.000000,0.000000,,,,,,,,,,,,
792586,,,,,,,,,,,0.000000,0.000000,,,,,,,,,,,,,,,,
792587,,,,,,,,,,,,,0.000000,0.000000,0.000000,0.000000,,,,,,,,,,,,
792591,,,,,,,,,,,0.000000,0.000000,,,,,,,,,,,,,,,,
792592,,,,,,,,,,,,,0.000000,0.000000,0.000000,0.000000,,,,,,,,,,,,
792597,,,,,,,,,,,0.000000,0.000000,0.000000,0.000000,0.000000,0.000000,,,,,,,,,,,,
792602,,,,,,,,,,,0.000000,0.000000,0.000000,0.000000,0.000000,0.000000,,,,,,,,,,,,
792607,,,,,,,,,,,0.000000,0.000000,0.000000,0.000000,0.000000,0.000000,,,,,,,,,,,,
792611,,,,,,,,,,,0.000000,0.000000,,,,,,,,,,,,,,,,
792612,,,,,,,,,,,,,0.000000,0.000000,0.000000,0.000000,,,,,,,,,,,,
792623,,,,,,,,,,,0.000000,0.000000,0.000000,0.000000,0.000000,0.000000,,,,,,,,,,,,
792627,,,,,,,,,,,0.000000,0.000000,0.000000,0.000000,0.000000,0.000000,,,,,,,,,,,,
792632,,,,,,,,,,,0.000000,0.000000,0.000000,0.000000,0.000000,0.000000,,,,,,,,,,,,
792637,,,,,,,,,,,0.000000,0.000000,0.000000,0.000000,0.000000,0.000000,,,,,,,,,,,,
792642,,,,,,,,,,,0.000000,0.000000,0.000000,0.000000,0.000000,0.000000,,,,,,,,,,,,
792647,,,,,,,,,,,0.000000,0.000000,0.000000,0.000000,0.000000,0.000000,,,,,,,,,,,,
792652,,,,,,,,,,,0.000000,0.000000,0.000000,0.000000,0.000000,0.000000,,,,,,,,,,,,
792657,,,,,,,,,,,0.000000,0.000000,0.000000,0.000000,0.000000,0.000000,,,,,,,,,,,,
792661,,,,,,,,,,,0.000000,0.000000,,,,,,,,,,,,,,,,
792662,,,,,,,,,,,,,0.000000,0.000000,0.000000,0.000000,,,,,,,,,,,,
792667,,,,,,,,,,,0.000000,0.000000,0.000000,0.000000,0.000000,0.000000,,,,,,,,,,,,
792671,,,,,,,,,,,0.000000,0.000000,,,,,,,,,,,,,,,,
792672,,,,,,,,,,,,,0.000000,0.000000,0.000000,0.000000,,,,,,,,,,,,
792677,,,,,,,,,,,0.000000,0.000000,0.000000,0.000000,0.000000,0.000000,,,,,,,,,,,,
792681,,,,,,,,,,,0.000000,0.000000,,,,,,,,,,,,,,,,
792682,,,,,,,,,,,,,0.000000,0.000000,0.000000,0.000000,,,,,,,,,,,,
792687,,,,,,,,,,,0.000000,0.000000,0.000000,0.000000,0.000000,0.000000,,,,,,,,,,,,
792691,,,,,,,,,,,0.000000,0.000000,,,,,,,,,,,,,,,,
792692,,,,,,,,,,,,,0.000000,0.000000,0.000000,0.000000,,,,,,,,,,,,
792700,,,,,,,,,,,0.000000,0.000000,0.000000,0.000000,0.000000,0.000000,,,,,,,,,,,,
792702,,,,,,,,,,,0.000000,0.000000,0.000000,0.000000,0.000000,0.000000,,,,,,,,,,,,
792707,,,,,,,,,,,0.000000,0.000000,0.000000,0.000000,0.000000,0.000000,,,,,,,,,,,,
792711,,,,,,,,,,,0.000000,0.000000,,,,,,,,,,,,,,,,
792712,,,,,,,,,,,,,0.000000,0.000000,0.000000,0.000000,,,,,,,,,,,,
792717,,,,,,,,,,,0.000000,0.000000,0.000000,0.000000,0.000000,0.000000,,,,,,,,,,,,
792722,,,,,,,,,,,0.000000,0.000000,0.000000,0.000000,0.000000,0.000000,,,,,,,,,,,,
792726,,,,,,,,,,,0.000000,0.000000,,,,,,,,,,,,,,,,
792727,,,,,,,,,,,,,0.000000,0.000000,0.000000,0.000000,,,,,,,,,,,,
792731,,,,,,,,,,,0.000000,0.000000,,,,,,,,,,,,,,,,
792732,,,,,,,,,,,,,0.000000,0.000000,0.000000,0.000000,,,,,,,,,,,,
792737,,,,,,,,,,,0.000000,0.000000,0.000000,0.000000,0.000000,0.000000,,,,,,,,,,,,
792742,,,,,,,,,,,0.000000,0.000000,0.000000,0.000000,0.000000,0.000000,,,,,,,,,,,,
792747,,,,,,,,,,,0.000000,0.000000,0.000000,0.000000,0.000000,0.000000,,,,,,,,,,,,
792751,,,,,,,,,,,0.000000,0.000000,,,,,,,,,,,,,,,,
792752,,,,,,,,,,,,,0.000000,0.000000,0.000000,0.000000,,,,,,,,,,,,
792763,,,,,,,,,,,0.000000,0.000000,0.000000,0.000000,0.000000,0.000000,,,,,,,,,,,,
792767,,,,,,,,,,,0.000000,0.000000,0.000000,0.000000,0.000000,0.000000,,,,,,,,,,,,
792772,,,,,,,,,,,0.000000,0.000000,0.000000,0.000000,0.000000,0.000000,,,,,,,,,,,,
792777,,,,,,,,,,,0.000000,0.000000,0.000000,0.000000,0.000000,0.000000,,,,,,,,,,,,
792782,,,,,,,,,,,0.000000,0.000000,0.000000,0.000000,0.000000,0.000000,,,,,,,,,,,,
792787,,,,,,,,,,,0.000000,0.000000,0.000000,0.000000,0.000000,0.000000,,,,,,,,,,,,
792791,,,,,,,,,,,0.000000,0.000000,,,,,,,,,,,,,,,,
792792,,,,,,,,,,,,,0.000000,0.000000,0.000000,0.000000,,,,,,,,,,,,
792797,,,,,,,,,,,0.000000,0.000000,0.000000,0.000000,0.000000,0.000000,,,,,,,,,,,,
792802,,,,,,,,,,,0.000000,0.000000,0.000000,0.000000,0.000000,0.000000,,,,,,,,,,,,
792807,,,,,,,,,,,0.000000,0.000000,0.000000,0.000000,0.000000,0.000000,,,,,,,,,,,,
792811,,,,,,,,,,,0.000000,0.000000,,,,,,,,,,,,,,,,
792812,,,,,,,,,,,,,0.000000,0.000000,0.000000,0.000000,,,,,,,,,,,,
792820,,,,,,,,,,,0.000000,0.000000,0.000000,0.000000,0.000000,0.000000,,,,,,,,,,,,
792822,,,,,,,,,,,0.000000,0.000000,0.000000,0.000000,0.000000,0.000000,,,,,,,,,,,,
792827,,,,,,,,,,,0.000000,0.000000,0.000000,0.000000,0.000000,0.000000,,,,,,,,,,,,
792831,,,,,,,,,,,0.000000,0.000000,,,,,,,,,,,,,,,,
792832,,,,,,,,,,,,,0.000000,0.000000,0.000000,0.000000,,,,,,,,,,,,
792837,,,,,,,,,,,0.000000,0.000000,0.000000,0.000000,0.000000,0.000000,,,,,,,,,,,,
792841,,,,,,,,,,,0.000000,0.000000,,,,,,,,,,,,,,,,
792842,,,,,,,,,,,,,0.000000,0.000000,0.000000,0.000000,,,,,,,,,,,,
792847,,,,,,,,,,,0.000000,0.000000,0.000000,0.000000,0.000000,0.000000,,,,,,,,,,,,
792852,,,,,,,,,,,0.000000,0.000000,0.000000,0.000000,0.000000,0.000000,,,,,,,,,,,,
792857,,,,,,,,,,,0.000000,0.000000,0.000000,0.000000,0.000000,0.000000,,,,,,,,,,,,
792861,,,,,,,,,,,0.000000,0.000000,,,,,,,,,,,,,,,,
792862,,,,,,,,,,,,,0.000000,0.000000,0.000000,0.000000,,,,,,,,,,,,
792866,,,,,,,,,,,0.000000,0.000000,,,,,,,,,,,,,,,,
792867,,,,,,,,,,,,,0.000000,0.000000,0.000000,0.000000,,,,,,,,,,,,
792871,,,,,,,,,,,0.000000,0.000000,,,,,,,,,,,,,,,,
792872,,,,,,,,,,,,,0.000000,0.000000,0.000000,0.000000,,,,,,,,,,,,
792877,,,,,,,,,,,0.000000,0.000000,0.000000,0.000000,0.000000,0.000000,,,,,,,,,,,,
792882,,,,,,,,,,,0.000000,0.000000,0.000000,0.000000,0.000000,0.000000,,,,,,,,,,,,
792887,,,,,,,,,,,0.000000,0.000000,0.000000,0.000000,0.000000,0.000000,,,,,,,,,,,,
792891,,,,,,,,,,,0.000000,0.000000,,,,,,,,,,,,,,,,
792892,,,,,,,,,,,,,0.000000,0.000000,0.000000,0.000000,,,,,,,,,,,,
792903,,,,,,,,,,,0.000000,0.000000,0.000000,0.000000,0.000000,0.000000,,,,,,,,,,,,
792907,,,,,,,,,,,0.000000,0.000000,0.000000,0.000000,0.000000,0.000000,,,,,,,,,,,,
792912,,,,,,,,,,,0.000000,0.000000,0.000000,0.000000,0.000000,0.000000,,,,,,,,,,,,
792916,,,,,,,,,,,0.000000,0.000000,,,,,,,,,,,,,,,,
792917,,,,,,,,,,,,,0.000000,0.000000,0.000000,0.000000,,,,,,,,,,,,
792921,,,,,,,,,,,0.000000,0.000000,,,,,,,,,,,,,,,,
792922,,,,,,,,,,,,,0.000000,0.000000,0.000000,0.000000,,,,,,,,,,,,
792927,,,,,,,,,,,0.000000,0.000000,0.000000,0.000000,0.000000,0.000000,,,,,,,,,,,,
792931,,,,,,,,,,,0.000000,0.000000,,,,,,,,,,,,,,,,
792932,,,,,,,,,,,,,0.000000,0.000000,0.000000,0.000000,,,,,,,,,,,,
792937,,,,,,,,,,,0.000000,0.000000,0.000000,0.000000,0.000000,0.000000,,,,,,,,,,,,
792942,,,,,,,,,,,0.000000,0.000000,0.000000,0.000000,0.000000,0.000000,,,,,,,,,,,,
792947,,,,,,,,,,,0.000000,0.000000,0.000000,0.000000,0.000000,0.000000,,,,,,,,,,,,
792951,,,,,,,,,,,0.000000,0.000000,,,,,,,,,,,,,,,,
792952,,,,,,,,,,,,,0.000000,0.000000,0.000000,0.000000,,,,,,,,,,,,
792963,,,,,,,,,,,0.000000,0.000000,0.000000,0.000000,0.000000,0.000000,,,,,,,,,,,,
792967,,,,,,,,,,,0.000000,0.000000,0.000000,0.000000,0.000000,0.000000,,,,,,,,,,,,
792971,,,,,,,,,,,0.000000,0.000000,,,,,,,,,,,,,,,,
792972,,,,,,,,,,,,,0.000000,0.000000,0.000000,0.000000,,,,,,,,,,,,
792977,,,,,,,,,,,0.000000,0.000000,0.000000,0.000000,0.000000,0.000000,,,,,,,,,,,,
792982,,,,,,,,,,,0.000000,0.000000,0.000000,0.000000,0.000000,0.000000,,,,,,,,,,,,
792987,,,,,,,,,,,0.000000,0.000000,0.000000,0.000000,0.000000,0.000000,,,,,,,,,,,,
792991,,,,,,,,,,,0.000000,0.000000,,,,,,,,,,,,,,,,
792992,,,,,,,,,,,,,0.000000,0.000000,0.000000,0.000000,,,,,,,,,,,,
792997,,,,,,,,,,,0.000000,0.000000,0.000000,0.000000,0.000000,0.000000,,,,,,,,,,,,
793001,,,,,,,,,,,0.000000,0.000000,,,,,,,,,,,,,,,,
793002,,,,,,,,,,,,,0.000000,0.000000,0.000000,0.000000,,,,,,,,,,,,
793007,,,,,,,,,,,0.000000,0.000000,0.000000,0.000000,0.000000,0.000000,,,,,,,,,,,,
793012,,,,,,,,,,,0.000000,0.000000,0.000000,0.000000,0.000000,0.000000,,,,,,,,,,,,
793020,,,,,,,,,,,0.000000,0.000000,0.000000,0.000000,0.000000,0.000000,,,,,,,,,,,,
793022,,,,,,,,,,,0.000000,0.000000,0.000000,0.000000,0.000000,0.000000,,,,,,,,,,,,
793027,,,,,,,,,,,0.000000,0.000000,0.000000,0.000000,0.000000,0.000000,,,,,,,,,,,,
793031,,,,,,,,,,,0.000000,0.000000,,,,,,,,,,,,,,,,
793032,,,,,,,,,,,,,0.000000,0.000000,0.000000,0.000000,,,,,,,,,,,,
793037,,,,,,,,,,,0.000000,0.000000,0.000000,0.000000,0.000000,0.000000,,,,,,,,,,,,
793041,,,,,,,,,,,0.000000,0.000000,,,,,,,,,,,,,,,,
793042,,,,,,,,,,,,,0.000000,0.000000,0.000000,0.000000,,,,,,,,,,,,
793047,,,,,,,,,,,0.000000,0.000000,0.000000,0.000000,0.000000,0.000000,,,,,,,,,,,,
793052,,,,,,,,,,,0.000000,0.000000,0.000000,0.000000,0.000000,0.000000,,,,,,,,,,,,
793057,,,,,,,,,,,0.000000,0.000000,0.000000,0.000000,0.000000,0.000000,,,,,,,,,,,,
793062,,,,,,,,,,,0.000000,0.000000,0.000000,0.000000,0.000000,0.000000,,,,,,,,,,,,
793067,,,,,,,,,,,0.000000,0.000000,0.000000,0.000000,0.000000,0.000000,,,,,,,,,,,,
793071,,,,,,,,,,,0.000000,0.000000,,,,,,,,,,,,,,,,
793072,,,,,,,,,,,,,0.000000,0.000000,0.000000,0.000000,,,,,,,,,,,,
793083,,,,,,,,,,,0.000000,0.000000,0.000000,0.000000,0.000000,0.000000,,,,,,,,,,,,
793087,,,,,,,,,,,0.000000,0.000000,0.000000,0.000000,0.000000,0.000000,,,,,,,,,,,,
793092,,,,,,,,,,,0.000000,0.000000,0.000000,0.000000,0.000000,0.000000,,,,,,,,,,,,
793097,,,,,,,,,,,0.000000,0.000000,0.000000,0.000000,0.000000,0.000000,,,,,,,,,,,,
793102,,,,,,,,,,,0.000000,0.000000,0.000000,0.000000,0.000000,0.000000,,,,,,,,,,,,
793107,,,,,,,,,,,0.000000,0.000000,0.000000,0.000000,0.000000,0.000000,,,,,,,,,,,,
793112,,,,,,,,,,,0.000000,0.000000,0.000000,0.000000,0.000000,0.000000,,,,,,,,,,,,
793117,,,,,,,,,,,0.000000,0.000000,0.000000,0.000000,0.000000,0.000000,,,,,,,,,,,,
793122,,,,,,,,,,,0.000000,0.000000,0.000000,0.000000,0.000000,0.000000,,,,,,,,,,,,
793126,,,,,,,,,,,0.000000,0.000000,,,,,,,,,,,,,,,,
793127,,,,,,,,,,,,,0.000000,0.000000,0.000000,0.000000,,,,,,,,,,,,
793131,,,,,,,,,,,0.000000,0.000000,,,,,,,,,,,,,,,,
793132,,,,,,,,,,,,,0.000000,0.000000,0.000000,0.000000,,,,,,,,,,,,
793137,,,,,,,,,,,0.000000,0.000000,0.000000,0.000000,0.000000,0.000000,,,,,,,,,,,,
793142,,,,,,,,,,,0.000000,0.000000,0.000000,0.000000,0.000000,0.000000,,,,,,,,,,,,
793146,,,,,,,,,,,0.000000,0.000000,,,,,,,,,,,,,,,,
793147,,,,,,,,,,,,,0.000000,0.000000,0.000000,0.000000,,,,,,,,,,,,
793152,,,,,,,,,,,0.000000,0.000000,0.000000,0.000000,0.000000,0.000000,,,,,,,,,,,,
793163,,,,,,,,,,,0.000000,0.000000,0.000000,0.000000,0.000000,0.000000,,,,,,,,,,,,
793167,,,,,,,,,,,0.000000,0.000000,0.000000,0.000000,0.000000,0.000000,,,,,,,,,,,,
793171,,,,,,,,,,,0.000000,0.000000,,,,,,,,,,,,,,,,
793172,,,,,,,,,,,,,0.000000,0.000000,0.000000,0.000000,,,,,,,,,,,,
793177,,,,,,,,,,,0.000000,0.000000,0.000000,0.000000,0.000000,0.000000,,,,,,,,,,,,
793182,,,,,,,,,,,0.000000,0.000000,0.000000,0.000000,0.000000,0.000000,,,,,,,,,,,,
793187,,,,,,,,,,,0.000000,0.000000,0.000000,0.000000,0.000000,0.000000,,,,,,,,,,,,
793192,,,,,,,,,,,0.000000,0.000000,0.000000,0.000000,0.000000,0.000000,,,,,,,,,,,,
793197,,,,,,,,,,,0.000000,0.000000,0.000000,0.000000,0.000000,0.000000,,,,,,,,,,,,
793201,,,,,,,,,,,0.000000,0.000000,,,,,,,,,,,,,,,,
793202,,,,,,,,,,,,,0.000000,0.000000,0.000000,0.000000,,,,,,,,,,,,
793207,,,,,,,,,,,0.000000,0.000000,0.000000,0.000000,0.000000,0.000000,,,,,,,,,,,,
793212,,,,,,,,,,,0.000000,0.000000,0.000000,0.000000,0.000000,0.000000,,,,,,,,,,,,
793223,,,,,,,,,,,0.000000,0.000000,0.000000,0.000000,0.000000,0.000000,,,,,,,,,,,,
793227,,,,,,,,,,,0.000000,0.000000,0.000000,0.000000,0.000000,0.000000,,,,,,,,,,,,
793231,,,,,,,,,,,0.000000,0.000000,,,,,,,,,,,,,,,,
793232,,,,,,,,,,,,,0.000000,0.000000,0.000000,0.000000,,,,,,,,,,,,
793237,,,,,,,,,,,0.000000,0.000000,0.000000,0.000000,0.000000,0.000000,,,,,,,,,,,,
793242,,,,,,,,,,,0.000000,0.000000,0.000000,0.000000,0.000000,0.000000,,,,,,,,,,,,
793247,,,,,,,,,,,0.000000,0.000000,0.000000,0.000000,0.000000,0.000000,,,,,,,,,,,,
793252,,,,,,,,,,,0.000000,0.000000,0.000000,0.000000,0.000000,0.000000,,,,,,,,,,,,
793257,,,,,,,,,,,0.000000,0.000000,0.000000,0.000000,0.000000,0.000000,,,,,,,,,,,,
793262,,,,,,,,,,,0.000000,0.000000,0.000000,0.000000,0.000000,0.000000,,,,,,,,,,,,
793267,,,,,,,,,,,0.000000,0.000000,0.000000,0.000000,0.000000,0.000000,,,,,,,,,,,,
793272,,,,,,,,,,,0.000000,0.000000,0.000000,0.000000,0.000000,0.000000,,,,,,,,,,,,
793283,,,,,,,,,,,0.000000,0.000000,0.000000,0.000000,0.000000,0.000000,,,,,,,,,,,,
793287,,,,,,,,,,,0.000000,0.000000,0.000000,0.000000,0.000000,0.000000,,,,,,,,,,,,
793291,,,,,,,,,,,0.000000,0.000000,,,,,,,,,,,,,,,,
793292,,,,,,,,,,,,,0.000000,0.000000,0.000000,0.000000,,,,,,,,,,,,
793297,,,,,,,,,,,0.000000,0.000000,0.000000,0.000000,0.000000,0.000000,,,,,,,,,,,,
793301,,,,,,,,,,,0.000000,0.000000,,,,,,,,,,,,,,,,
793302,,,,,,,,,,,,,0.000000,0.000000,0.000000,0.000000,,,,,,,,,,,,
793307,,,,,,,,,,,0.000000,0.000000,0.000000,0.000000,0.000000,0.000000,,,,,,,,,,,,
793312,,,,,,,,,,,0.000000,0.000000,0.000000,0.000000,0.000000,0.000000,,,,,,,,,,,,
793317,,,,,,,,,,,0.000000,0.000000,0.000000,0.000000,0.000000,0.000000,,,,,,,,,,,,
793322,,,,,,,,,,,0.000000,0.000000,0.000000,0.000000,0.000000,0.000000,,,,,,,,,,,,
793327,,,,,,,,,,,0.000000,0.000000,0.000000,0.000000,0.000000,0.000000,,,,,,,,,,,,
793332,,,,,,,,,,,0.000000,0.000000,0.000000,0.000000,0.000000,0.000000,,,,,,,,,,,,
793337,,,,,,,,,,,0.000000,0.000000,0.000000,0.000000,0.000000,0.000000,,,,,,,,,,,,
793342,,,,,,,,,,,0.000000,0.000000,0.000000,0.000000,0.000000,0.000000,,,,,,,,,,,,
793346,,,,,,,,,,,0.000000,0.000000,,,,,,,,,,,,,,,,
793347,,,,,,,,,,,,,0.000000,0.000000,0.000000,0.000000,,,,,,,,,,,,
793352,,,,,,,,,,,0.000000,0.000000,0.000000,0.000000,0.000000,0.000000,,,,,,,,,,,,
793368,,,,,,,,,,,0.000000,0.000000,0.000000,0.000000,0.000000,0.000000,,,,,,,,,,,,
793369,,,,,,,,,,,0.000000,0.000000,0.000000,0.000000,0.000000,0.000000,,,,,,,,,,,,
793372,,,,,,,,,,,0.000000,0.000000,0.000000,0.000000,0.000000,0.000000,,,,,,,,,,,,
793377,,,,,,,,,,,0.000000,0.000000,0.000000,0.000000,0.000000,0.000000,,,,,,,,,,,,
793382,,,,,,,,,,,0.000000,0.000000,0.000000,0.000000,0.000000,0.000000,,,,,,,,,,,,
793387,,,,,,,,,,,0.000000,0.000000,0.000000,0.000000,0.000000,0.000000,,,,,,,,,,,,
793391,,,,,,,,,,,0.000000,0.000000,,,,,,,,,,,,,,,,
793392,,,,,,,,,,,,,0.000000,0.000000,0.000000,0.000000,,,,,,,,,,,,
793397,,,,,,,,,,,0.000000,0.000000,0.000000,0.000000,0.000000,0.000000,,,,,,,,,,,,
793402,,,,,,,,,,,0.000000,0.000000,0.000000,0.000000,0.000000,0.000000,,,,,,,,,,,,
793407,,,,,,,,,,,0.000000,0.000000,0.000000,0.000000,0.000000,0.000000,,,,,,,,,,,,
793412,,,,,,,,,,,0.000000,0.000000,0.000000,0.000000,0.000000,0.000000,,,,,,,,,,,,
793423,,,,,,,,,,,0.000000,0.000000,0.000000,0.000000,0.000000,0.000000,,,,,,,,,,,,
793427,,,,,,,,,,,0.000000,0.000000,0.000000,0.000000,0.000000,0.000000,,,,,,,,,,,,
793431,,,,,,,,,,,0.000000,0.000000,,,,,,,,,,,,,,,,
793432,,,,,,,,,,,,,0.000000,0.000000,0.000000,0.000000,,,,,,,,,,,,
793437,,,,,,,,,,,0.000000,0.000000,0.000000,0.000000,0.000000,0.000000,,,,,,,,,,,,
793441,,,,,,,,,,,0.000000,0.000000,,,,,,,,,,,,,,,,
793442,,,,,,,,,,,,,0.000000,0.000000,0.000000,0.000000,,,,,,,,,,,,
793447,,,,,,,,,,,0.000000,0.000000,0.000000,0.000000,0.000000,0.000000,,,,,,,,,,,,
793451,,,,,,,,,,,0.000000,0.000000,,,,,,,,,,,,,,,,
793452,,,,,,,,,,,,,0.000000,0.000000,0.000000,0.000000,,,,,,,,,,,,
793457,,,,,,,,,,,0.000000,0.000000,0.000000,0.000000,0.000000,0.000000,,,,,,,,,,,,
793462,,,,,,,,,,,0.000000,0.000000,0.000000,0.000000,0.000000,0.000000,,,,,,,,,,,,
793467,,,,,,,,,,,0.000000,0.000000,0.000000,0.000000,0.000000,0.000000,,,,,,,,,,,,
793471,,,,,,,,,,,0.000000,0.000000,,,,,,,,,,,,,,,,
793472,,,,,,,,,,,,,0.000000,0.000000,0.000000,0.000000,,,,,,,,,,,,
793483,,,,,,,,,,,0.000000,0.000000,0.000000,0.000000,0.000000,0.000000,,,,,,,,,,,,
793487,,,,,,,,,,,0.000000,0.000000,0.000000,0.000000,0.000000,0.000000,,,,,,,,,,,,
793491,,,,,,,,,,,0.000000,0.000000,,,,,,,,,,,,,,,,
793492,,,,,,,,,,,,,0.000000,0.000000,0.000000,0.000000,,,,,,,,,,,,
793497,,,,,,,,,,,0.000000,0.000000,0.000000,0.000000,0.000000,0.000000,,,,,,,,,,,,
793502,,,,,,,,,,,0.000000,0.000000,0.000000,0.000000,0.000000,0.000000,,,,,,,,,,,,
793507,,,,,,,,,,,0.000000,0.000000,0.000000,0.000000,0.000000,0.000000,,,,,,,,,,,,
793511,,,,,,,,,,,0.000000,0.000000,,,,,,,,,,,,,,,,
793512,,,,,,,,,,,,,0.000000,0.000000,0.000000,0.000000,,,,,,,,,,,,
793517,,,,,,,,,,,0.000000,0.000000,0.000000,0.000000,0.000000,0.000000,,,,,,,,,,,,
793522,,,,,,,,,,,0.000000,0.000000,0.000000,0.000000,0.000000,0.000000,,,,,,,,,,,,
793526,,,,,,,,,,,0.000000,0.000000,,,,,,,,,,,,,,,,
793527,,,,,,,,,,,,,0.000000,0.000000,0.000000,0.000000,,,,,,,,,,,,
793532,,,,,,,,,,,0.000000,0.000000,0.000000,0.000000,0.000000,0.000000,,,,,,,,,,,,
793543,,,,,,,,,,,0.000000,0.000000,0.000000,0.000000,0.000000,0.000000,,,,,,,,,,,,
793547,,,,,,,,,,,0.000000,0.000000,0.000000,0.000000,0.000000,0.000000,,,,,,,,,,,,
793552,,,,,,,,,,,0.000000,0.000000,0.000000,0.000000,0.000000,0.000000,,,,,,,,,,,,
793557,,,,,,,,,,,0.000000,0.000000,0.000000,0.000000,0.000000,0.000000,,,,,,,,,,,,
793562,,,,,,,,,,,0.000000,0.000000,0.000000,0.000000,0.000000,0.000000,,,,,,,,,,,,
793566,,,,,,,,,,,0.000000,0.000000,,,,,,,,,,,,,,,,
793567,,,,,,,,,,,,,0.000000,0.000000,0.000000,0.000000,,,,,,,,,,,,
793571,,,,,,,,,,,0.000000,0.000000,,,,,,,,,,,,,,,,
793572,,,,,,,,,,,,,0.000000,0.000000,0.000000,0.000000,,,,,,,,,,,,
793577,,,,,,,,,,,0.000000,0.000000,0.000000,0.000000,0.000000,0.000000,,,,,,,,,,,,
793582,,,,,,,,,,,0.000000,0.000000,0.000000,0.000000,0.000000,0.000000,,,,,,,,,,,,
793587,,,,,,,,,,,0.000000,0.000000,0.000000,0.000000,0.000000,0.000000,,,,,,,,,,,,
793591,,,,,,,,,,,0.000000,0.000000,,,,,,,,,,,,,,,,
793592,,,,,,,,,,,,,0.000000,0.000000,0.000000,0.000000,,,,,,,,,,,,
793597,,,,,,,,,,,0.000000,0.000000,0.000000,0.000000,0.000000,0.000000,,,,,,,,,,,,
793602,,,,,,,,,,,0.000000,0.000000,0.000000,0.000000,0.000000,0.000000,,,,,,,,,,,,
793607,,,,,,,,,,,0.000000,0.000000,0.000000,0.000000,0.000000,0.000000,,,,,,,,,,,,
793611,,,,,,,,,,,0.000000,0.000000,,,,,,,,,,,,,,,,
793612,,,,,,,,,,,,,0.000000,0.000000,0.000000,0.000000,,,,,,,,,,,,
793623,,,,,,,,,,,0.000000,0.000000,0.000000,0.000000,0.000000,0.000000,,,,,,,,,,,,
793627,,,,,,,,,,,0.000000,0.000000,0.000000,0.000000,0.000000,0.000000,,,,,,,,,,,,
793632,,,,,,,,,,,0.000000,0.000000,0.000000,0.000000,0.000000,0.000000,,,,,,,,,,,,
793637,,,,,,,,,,,0.000000,0.000000,0.000000,0.000000,0.000000,0.000000,,,,,,,,,,,,
793642,,,,,,,,,,,0.000000,0.000000,0.000000,0.000000,0.000000,0.000000,,,,,,,,,,,,
793647,,,,,,,,,,,0.000000,0.000000,0.000000,0.000000,0.000000,0.000000,,,,,,,,,,,,
793652,,,,,,,,,,,0.000000,0.000000,0.000000,0.000000,0.000000,0.000000,,,,,,,,,,,,
793657,,,,,,,,,,,0.000000,0.000000,0.000000,0.000000,0.000000,0.000000,,,,,,,,,,,,
793661,,,,,,,,,,,0.000000,0.000000,,,,,,,,,,,,,,,,
793662,,,,,,,,,,,,,0.000000,0.000000,0.000000,0.000000,,,,,,,,,,,,
793667,,,,,,,,,,,0.000000,0.000000,0.000000,0.000000,0.000000,0.000000,,,,,,,,,,,,
793672,,,,,,,,,,,0.000000,0.000000,0.000000,0.000000,0.000000,0.000000,,,,,,,,,,,,
793683,,,,,,,,,,,0.000000,0.000000,0.000000,0.000000,0.000000,0.000000,,,,,,,,,,,,
793687,,,,,,,,,,,0.000000,0.000000,0.000000,0.000000,0.000000,0.000000,,,,,,,,,,,,
793692,,,,,,,,,,,0.000000,0.000000,0.000000,0.000000,0.000000,0.000000,,,,,,,,,,,,
793697,,,,,,,,,,,0.000000,0.000000,0.000000,0.000000,0.000000,0.000000,,,,,,,,,,,,
793701,,,,,,,,,,,0.000000,0.000000,,,,,,,,,,,,,,,,
793702,,,,,,,,,,,,,0.000000,0.000000,0.000000,0.000000,,,,,,,,,,,,
793706,,,,,,,,,,,0.000000,0.000000,,,,,,,,,,,,,,,,
793707,,,,,,,,,,,,,0.000000,0.000000,0.000000,0.000000,,,,,,,,,,,,
793711,,,,,,,,,,,0.000000,0.000000,,,,,,,,,,,,,,,,
793712,,,,,,,,,,,,,0.000000,0.000000,0.000000,0.000000,,,,,,,,,,,,
793717,,,,,,,,,,,0.000000,0.000000,0.000000,0.000000,0.000000,0.000000,,,,,,,,,,,,
793721,,,,,,,,,,,0.000000,0.000000,,,,,,,,,,,,,,,,
793722,,,,,,,,,,,,,0.000000,0.000000,0.000000,0.000000,,,,,,,,,,,,
793727,,,,,,,,,,,0.000000,0.000000,0.000000,0.000000,0.000000,0.000000,,,,,,,,,,,,
793732,,,,,,,,,,,0.000000,0.000000,0.000000,0.000000,0.000000,0.000000,,,,,,,,,,,,
793743,,,,,,,,,,,0.000000,0.000000,0.000000,0.000000,0.000000,0.000000,,,,,,,,,,,,
793747,,,,,,,,,,,0.000000,0.000000,0.000000,0.000000,0.000000,0.000000,,,,,,,,,,,,
793752,,,,,,,,,,,0.000000,0.000000,0.000000,0.000000,0.000000,0.000000,,,,,,,,,,,,
793757,,,,,,,,,,,0.000000,0.000000,0.000000,0.000000,0.000000,0.000000,,,,,,,,,,,,
793762,,,,,,,,,,,0.000000,0.000000,0.000000,0.000000,0.000000,0.000000,,,,,,,,,,,,
793767,,,,,,,,,,,0.000000,0.000000,0.000000,0.000000,0.000000,0.000000,,,,,,,,,,,,
793772,,,,,,,,,,,0.000000,0.000000,0.000000,0.000000,0.000000,0.000000,,,,,,,,,,,,
793777,,,,,,,,,,,0.000000,0.000000,0.000000,0.000000,0.000000,0.000000,,,,,,,,,,,,
793782,,,,,,,,,,,0.000000,0.000000,0.000000,0.000000,0.000000,0.000000,,,,,,,,,,,,
793787,,,,,,,,,,,0.000000,0.000000,0.000000,0.000000,0.000000,0.000000,,,,,,,,,,,,
793792,,,,,,,,,,,0.000000,0.000000,0.000000,0.000000,0.000000,0.000000,,,,,,,,,,,,
793804,,,,,,,,,,,0.000000,0.000000,0.000000,0.000000,0.000000,0.000000,,,,,,,,,,,,
793807,,,,,,,,,,,0.000000,0.000000,0.000000,0.000000,0.000000,0.000000,,,,,,,,,,,,
793811,,,,,,,,,,,0.000000,0.000000,,,,,,,,,,,,,,,,
793812,,,,,,,,,,,,,0.000000,0.000000,0.000000,0.000000,,,,,,,,,,,,
793817,,,,,,,,,,,0.000000,0.000000,0.000000,0.000000,0.000000,0.000000,,,,,,,,,,,,
793821,,,,,,,,,,,0.000000,0.000000,,,,,,,,,,,,,,,,
793822,,,,,,,,,,,,,0.000000,0.000000,0.000000,0.000000,,,,,,,,,,,,
793827,,,,,,,,,,,0.000000,0.000000,0.000000,0.000000,0.000000,0.000000,,,,,,,,,,,,
793832,,,,,,,,,,,0.000000,0.000000,0.000000,0.000000,0.000000,0.000000,,,,,,,,,,,,
793837,,,,,,,,,,,0.000000,0.000000,0.000000,0.000000,0.000000,0.000000,,,,,,,,,,,,
793841,,,,,,,,,,,0.000000,0.000000,,,,,,,,,,,,,,,,
793842,,,,,,,,,,,,,0.000000,0.000000,0.000000,0.000000,,,,,,,,,,,,
793847,,,,,,,,,,,0.000000,0.000000,0.000000,0.000000,0.000000,0.000000,,,,,,,,,,,,
793851,,,,,,,,,,,0.000000,0.000000,,,,,,,,,,,,,,,,
793852,,,,,,,,,,,,,0.000000,0.000000,0.000000,0.000000,,,,,,,,,,,,
793857,,,,,,,,,,,0.000000,0.000000,0.000000,0.000000,0.000000,0.000000,,,,,,,,,,,,
793861,,,,,,,,,,,0.000000,0.000000,,,,,,,,,,,,,,,,
793862,,,,,,,,,,,,,0.000000,0.000000,0.000000,0.000000,,,,,,,,,,,,
793867,,,,,,,,,,,0.000000,0.000000,0.000000,0.000000,0.000000,0.000000,,,,,,,,,,,,
793872,,,,,,,,,,,0.000000,0.000000,0.000000,0.000000,0.000000,0.000000,,,,,,,,,,,,
793883,,,,,,,,,,,0.000000,0.000000,0.000000,0.000000,0.000000,0.000000,,,,,,,,,,,,
793887,,,,,,,,,,,0.000000,0.000000,0.000000,0.000000,0.000000,0.000000,,,,,,,,,,,,
793891,,,,,,,,,,,0.000000,0.000000,,,,,,,,,,,,,,,,
793892,,,,,,,,,,,,,0.000000,0.000000,0.000000,0.000000,,,,,,,,,,,,
793897,,,,,,,,,,,0.000000,0.000000,0.000000,0.000000,0.000000,0.000000,,,,,,,,,,,,
793901,,,,,,,,,,,0.000000,0.000000,,,,,,,,,,,,,,,,
793902,,,,,,,,,,,,,0.000000,0.000000,0.000000,0.000000,,,,,,,,,,,,
793907,,,,,,,,,,,0.000000,0.000000,0.000000,0.000000,0.000000,0.000000,,,,,,,,,,,,
793912,,,,,,,,,,,0.000000,0.000000,0.000000,0.000000,0.000000,0.000000,,,,,,,,,,,,
793917,,,,,,,,,,,0.000000,0.000000,0.000000,0.000000,0.000000,0.000000,,,,,,,,,,,,
793922,,,,,,,,,,,0.000000,0.000000,0.000000,0.000000,0.000000,0.000000,,,,,,,,,,,,
793927,,,,,,,,,,,0.000000,0.000000,0.000000,0.000000,0.000000,0.000000,,,,,,,,,,,,
793931,,,,,,,,,,,0.000000,0.000000,,,,,,,,,,,,,,,,
793932,,,,,,,,,,,,,0.000000,0.000000,0.000000,0.000000,,,,,,,,,,,,
793943,,,,,,,,,,,0.000000,0.000000,0.000000,0.000000,0.000000,0.000000,,,,,,,,,,,,
793947,,,,,,,,,,,0.000000,0.000000,0.000000,0.000000,0.000000,0.000000,,,,,,,,,,,,
793952,,,,,,,,,,,0.000000,0.000000,0.000000,0.000000,0.000000,0.000000,,,,,,,,,,,,
793957,,,,,,,,,,,0.000000,0.000000,0.000000,0.000000,0.000000,0.000000,,,,,,,,,,,,
793961,,,,,,,,,,,0.000000,0.000000,,,,,,,,,,,,,,,,
793962,,,,,,,,,,,,,0.000000,0.000000,0.000000,0.000000,,,,,,,,,,,,
793967,,,,,,,,,,,0.000000,0.000000,0.000000,0.000000,0.000000,0.000000,,,,,,,,,,,,
793972,,,,,,,,,,,0.000000,0.000000,0.000000,0.000000,0.000000,0.000000,,,,,,,,,,,,
793977,,,,,,,,,,,0.000000,0.000000,0.000000,0.000000,0.000000,0.000000,,,,,,,,,,,,
793982,,,,,,,,,,,0.000000,0.000000,0.000000,0.000000,0.000000,0.000000,,,,,,,,,,,,
793987,,,,,,,,,,,0.000000,0.000000,0.000000,0.000000,0.000000,0.000000,,,,,,,,,,,,
793991,,,,,,,,,,,0.000000,0.000000,,,,,,,,,,,,,,,,
793992,,,,,,,,,,,,,0.000000,0.000000,0.000000,0.000000,,,,,,,,,,,,
794003,,,,,,,,,,,0.000000,0.000000,0.000000,0.000000,0.000000,0.000000,,,,,,,,,,,,
794007,,,,,,,,,,,0.000000,0.000000,0.000000,0.000000,0.000000,0.000000,,,,,,,,,,,,
794012,,,,,,,,,,,0.000000,0.000000,0.000000,0.000000,0.000000,0.000000,,,,,,,,,,,,
794017,,,,,,,,,,,0.000000,0.000000,0.000000,0.000000,0.000000,0.000000,,,,,,,,,,,,
794021,,,,,,,,,,,0.000000,0.000000,,,,,,,,,,,,,,,,
794022,,,,,,,,,,,,,0.000000,0.000000,0.000000,0.000000,,,,,,,,,,,,
794027,,,,,,,,,,,0.000000,0.000000,0.000000,0.000000,0.000000,0.000000,,,,,,,,,,,,
794031,,,,,,,,,,,0.000000,0.000000,,,,,,,,,,,,,,,,
794032,,,,,,,,,,,,,0.000000,0.000000,0.000000,0.000000,,,,,,,,,,,,
794037,,,,,,,,,,,0.000000,0.000000,0.000000,0.000000,0.000000,0.000000,,,,,,,,,,,,
794041,,,,,,,,,,,0.000000,0.000000,,,,,,,,,,,,,,,,
794042,,,,,,,,,,,,,0.000000,0.000000,0.000000,0.000000,,,,,,,,,,,,
794047,,,,,,,,,,,0.000000,0.000000,0.000000,0.000000,0.000000,0.000000,,,,,,,,,,,,
794051,,,,,,,,,,,0.000000,0.000000,,,,,,,,,,,,,,,,
794052,,,,,,,,,,,,,0.000000,0.000000,0.000000,0.000000,,,,,,,,,,,,
794057,,,,,,,,,,,0.000000,0.000000,0.000000,0.000000,0.000000,0.000000,,,,,,,,,,,,
794062,,,,,,,,,,,0.000000,0.000000,0.000000,0.000000,0.000000,0.000000,,,,,,,,,,,,
794067,,,,,,,,,,,0.000000,0.000000,0.000000,0.000000,0.000000,0.000000,,,,,,,,,,,,
794071,,,,,,,,,,,0.000000,0.000000,,,,,,,,,,,,,,,,
794072,,,,,,,,,,,,,0.000000,0.000000,0.000000,0.000000,,,,,,,,,,,,
794083,,,,,,,,,,,0.000000,0.000000,0.000000,0.000000,0.000000,0.000000,,,,,,,,,,,,
794087,,,,,,,,,,,0.000000,0.000000,0.000000,0.000000,0.000000,0.000000,,,,,,,,,,,,
794092,,,,,,,,,,,0.000000,0.000000,0.000000,0.000000,0.000000,0.000000,,,,,,,,,,,,
794097,,,,,,,,,,,0.000000,0.000000,0.000000,0.000000,0.000000,0.000000,,,,,,,,,,,,
794101,,,,,,,,,,,0.000000,0.000000,,,,,,,,,,,,,,,,
794102,,,,,,,,,,,,,0.000000,0.000000,0.000000,0.000000,,,,,,,,,,,,
794107,,,,,,,,,,,0.000000,0.000000,0.000000,0.000000,0.000000,0.000000,,,,,,,,,,,,
794111,,,,,,,,,,,0.000000,0.000000,,,,,,,,,,,,,,,,
794112,,,,,,,,,,,,,0.000000,0.000000,0.000000,0.000000,,,,,,,,,,,,
794117,,,,,,,,,,,0.000000,0.000000,0.000000,0.000000,0.000000,0.000000,,,,,,,,,,,,
794122,,,,,,,,,,,0.000000,0.000000,0.000000,0.000000,0.000000,0.000000,,,,,,,,,,,,
794127,,,,,,,,,,,0.000000,0.000000,0.000000,0.000000,0.000000,0.000000,,,,,,,,,,,,
794131,,,,,,,,,,,0.000000,0.000000,,,,,,,,,,,,,,,,
794132,,,,,,,,,,,,,0.000000,0.000000,0.000000,0.000000,,,,,,,,,,,,
794143,,,,,,,,,,,0.000000,0.000000,0.000000,0.000000,0.000000,0.000000,,,,,,,,,,,,
794147,,,,,,,,,,,0.000000,0.000000,0.000000,0.000000,0.000000,0.000000,,,,,,,,,,,,
794152,,,,,,,,,,,0.000000,0.000000,0.000000,0.000000,0.000000,0.000000,,,,,,,,,,,,
794157,,,,,,,,,,,0.000000,0.000000,0.000000,0.000000,0.000000,0.000000,,,,,,,,,,,,
794161,,,,,,,,,,,0.000000,0.000000,,,,,,,,,,,,,,,,
794162,,,,,,,,,,,,,0.000000,0.000000,0.000000,0.000000,,,,,,,,,,,,
794167,,,,,,,,,,,0.000000,0.000000,0.000000,0.000000,0.000000,0.000000,,,,,,,,,,,,
794171,,,,,,,,,,,0.000000,0.000000,,,,,,,,,,,,,,,,
794172,,,,,,,,,,,,,0.000000,0.000000,0.000000,0.000000,,,,,,,,,,,,
794177,,,,,,,,,,,0.000000,0.000000,0.000000,0.000000,0.000000,0.000000,,,,,,,,,,,,
794182,,,,,,,,,,,0.000000,0.000000,0.000000,0.000000,0.000000,0.000000,,,,,,,,,,,,
794186,,,,,,,,,,,0.000000,0.000000,,,,,,,,,,,,,,,,
794187,,,,,,,,,,,,,0.000000,0.000000,0.000000,0.000000,,,,,,,,,,,,
794192,,,,,,,,,,,0.000000,0.000000,0.000000,0.000000,0.000000,0.000000,,,,,,,,,,,,
794203,,,,,,,,,,,0.000000,0.000000,0.000000,0.000000,0.000000,0.000000,,,,,,,,,,,,
794207,,,,,,,,,,,0.000000,0.000000,0.000000,0.000000,0.000000,0.000000,,,,,,,,,,,,
794211,,,,,,,,,,,0.000000,0.000000,,,,,,,,,,,,,,,,
794212,,,,,,,,,,,,,0.000000,0.000000,0.000000,0.000000,,,,,,,,,,,,
794217,,,,,,,,,,,0.000000,0.000000,0.000000,0.000000,0.000000,0.000000,,,,,,,,,,,,
794221,,,,,,,,,,,0.000000,0.000000,,,,,,,,,,,,,,,,
794222,,,,,,,,,,,,,0.000000,0.000000,0.000000,0.000000,,,,,,,,,,,,
794227,,,,,,,,,,,0.000000,0.000000,0.000000,0.000000,0.000000,0.000000,,,,,,,,,,,,
794231,,,,,,,,,,,0.000000,0.000000,,,,,,,,,,,,,,,,
794232,,,,,,,,,,,,,0.000000,0.000000,0.000000,0.000000,,,,,,,,,,,,
794237,,,,,,,,,,,0.000000,0.000000,0.000000,0.000000,0.000000,0.000000,,,,,,,,,,,,
794242,,,,,,,,,,,0.000000,0.000000,0.000000,0.000000,0.000000,0.000000,,,,,,,,,,,,
794247,,,,,,,,,,,0.000000,0.000000,0.000000,0.000000,0.000000,0.000000,,,,,,,,,,,,
794251,,,,,,,,,,,0.000000,0.000000,,,,,,,,,,,,,,,,
794252,,,,,,,,,,,,,0.000000,0.000000,0.000000,0.000000,,,,,,,,,,,,
794263,,,,,,,,,,,0.000000,0.000000,0.000000,0.000000,0.000000,0.000000,,,,,,,,,,,,
794267,,,,,,,,,,,0.000000,0.000000,0.000000,0.000000,0.000000,0.000000,,,,,,,,,,,,
794272,,,,,,,,,,,0.000000,0.000000,0.000000,0.000000,0.000000,0.000000,,,,,,,,,,,,
794277,,,,,,,,,,,0.000000,0.000000,0.000000,0.000000,0.000000,0.000000,,,,,,,,,,,,
794282,,,,,,,,,,,0.000000,0.000000,0.000000,0.000000,0.000000,0.000000,,,,,,,,,,,,
794287,,,,,,,,,,,0.000000,0.000000,0.000000,0.000000,0.000000,0.000000,,,,,,,,,,,,
794291,,,,,,,,,,,0.000000,0.000000,,,,,,,,,,,,,,,,
794292,,,,,,,,,,,,,0.000000,0.000000,0.000000,0.000000,,,,,,,,,,,,
794297,,,,,,,,,,,0.000000,0.000000,0.000000,0.000000,0.000000,0.000000,,,,,,,,,,,,
794302,,,,,,,,,,,0.000000,0.000000,0.000000,0.000000,0.000000,0.000000,,,,,,,,,,,,
794307,,,,,,,,,,,0.000000,0.000000,0.000000,0.000000,0.000000,0.000000,,,,,,,,,,,,
794312,,,,,,,,,,,0.000000,0.000000,0.000000,0.000000,0.000000,0.000000,,,,,,,,,,,,
794317,,,,,,,,,,,0.000000,0.000000,0.000000,0.000000,0.000000,0.000000,,,,,,,,,,,,
794321,,,,,,,,,,,0.000000,0.000000,,,,,,,,,,,,,,,,
794322,,,,,,,,,,,,,0.000000,0.000000,0.000000,0.000000,,,,,,,,,,,,
794326,,,,,,,,,,,0.000000,0.000000,,,,,,,,,,,,,,,,
794327,,,,,,,,,,,,,0.000000,0.000000,0.000000,0.000000,,,,,,,,,,,,
794332,,,,,,,,,,,0.000000,0.000000,0.000000,0.000000,0.000000,0.000000,,,,,,,,,,,,
794343,,,,,,,,,,,0.000000,0.000000,0.000000,0.000000,0.000000,0.000000,,,,,,,,,,,,
794347,,,,,,,,,,,0.000000,0.000000,0.000000,0.000000,0.000000,0.000000,,,,,,,,,,,,
794351,,,,,,,,,,,0.000000,0.000000,,,,,,,,,,,,,,,,
794352,,,,,,,,,,,,,0.000000,0.000000,0.000000,0.000000,,,,,,,,,,,,
794357,,,,,,,,,,,0.000000,0.000000,0.000000,0.000000,0.000000,0.000000,,,,,,,,,,,,
794362,,,,,,,,,,,0.000000,0.000000,0.000000,0.000000,0.000000,0.000000,,,,,,,,,,,,
794366,,,,,,,,,,,0.000000,0.000000,,,,,,,,,,,,,,,,
794367,,,,,,,,,,,,,0.000000,0.000000,0.000000,0.000000,,,,,,,,,,,,
794372,,,,,,,,,,,0.000000,0.000000,0.000000,0.000000,0.000000,0.000000,,,,,,,,,,,,
794377,,,,,,,,,,,0.000000,0.000000,0.000000,0.000000,0.000000,0.000000,,,,,,,,,,,,
794381,,,,,,,,,,,0.000000,0.000000,,,,,,,,,,,,,,,,
794382,,,,,,,,,,,,,0.000000,0.000000,0.000000,0.000000,,,,,,,,,,,,
794386,,,,,,,,,,,0.000000,0.000000,,,,,,,,,,,,,,,,
794387,,,,,,,,,,,,,0.000000,0.000000,0.000000,0.000000,,,,,,,,,,,,
794392,,,,,,,,,,,0.000000,0.000000,0.000000,0.000000,0.000000,0.000000,,,,,,,,,,,,
794403,,,,,,,,,,,0.000000,0.000000,0.000000,0.000000,0.000000,0.000000,,,,,,,,,,,,
794407,,,,,,,,,,,0.000000,0.000000,0.000000,0.000000,0.000000,0.000000,,,,,,,,,,,,
794412,,,,,,,,,,,0.000000,0.000000,0.000000,0.000000,0.000000,0.000000,,,,,,,,,,,,
794417,,,,,,,,,,,0.000000,0.000000,0.000000,0.000000,0.000000,0.000000,,,,,,,,,,,,
794421,,,,,,,,,,,0.000000,0.000000,,,,,,,,,,,,,,,,
794422,,,,,,,,,,,,,0.000000,0.000000,0.000000,0.000000,,,,,,,,,,,,
794426,,,,,,,,,,,0.000000,0.000000,,,,,,,,,,,,,,,,
794427,,,,,,,,,,,,,0.000000,0.000000,0.000000,0.000000,,,,,,,,,,,,
794431,,,,,,,,,,,0.000000,0.000000,,,,,,,,,,,,,,,,
794432,,,,,,,,,,,,,0.000000,0.000000,0.000000,0.000000,,,,,,,,,,,,
794437,,,,,,,,,,,0.000000,0.000000,0.000000,0.000000,0.000000,0.000000,,,,,,,,,,,,
794441,,,,,,,,,,,0.000000,0.000000,,,,,,,,,,,,,,,,
794442,,,,,,,,,,,,,0.000000,0.000000,0.000000,0.000000,,,,,,,,,,,,
794447,,,,,,,,,,,0.000000,0.000000,0.000000,0.000000,0.000000,0.000000,,,,,,,,,,,,
794452,,,,,,,,,,,0.000000,0.000000,0.000000,0.000000,0.000000,0.000000,,,,,,,,,,,,
794463,,,,,,,,,,,0.000000,0.000000,0.000000,0.000000,0.000000,0.000000,,,,,,,,,,,,
794464,,,,,,,,,,,0.000000,0.000000,0.000000,0.000000,0.000000,0.000000,,,,,,,,,,,,
794467,,,,,,,,,,,0.000000,0.000000,0.000000,0.000000,0.000000,0.000000,,,,,,,,,,,,
794471,,,,,,,,,,,0.000000,0.000000,,,,,,,,,,,,,,,,
794472,,,,,,,,,,,,,0.000000,0.000000,0.000000,0.000000,,,,,,,,,,,,
794477,,,,,,,,,,,0.000000,0.000000,0.000000,0.000000,0.000000,0.000000,,,,,,,,,,,,
794482,,,,,,,,,,,0.000000,0.000000,0.000000,0.000000,0.000000,0.000000,,,,,,,,,,,,
794487,,,,,,,,,,,0.000000,0.000000,0.000000,0.000000,0.000000,0.000000,,,,,,,,,,,,
794491,,,,,,,,,,,0.000000,0.000000,,,,,,,,,,,,,,,,
794492,,,,,,,,,,,,,0.000000,0.000000,0.000000,0.000000,,,,,,,,,,,,
794497,,,,,,,,,,,0.000000,0.000000,0.000000,0.000000,0.000000,0.000000,,,,,,,,,,,,
794502,,,,,,,,,,,0.000000,0.000000,0.000000,0.000000,0.000000,0.000000,,,,,,,,,,,,
794507,,,,,,,,,,,0.000000,0.000000,0.000000,0.000000,0.000000,0.000000,,,,,,,,,,,,
794511,,,,,,,,,,,0.000000,0.000000,,,,,,,,,,,,,,,,
794512,,,,,,,,,,,,,0.000000,0.000000,0.000000,0.000000,,,,,,,,,,,,
794517,,,,,,,,,,,0.000000,0.000000,0.000000,0.000000,0.000000,0.000000,,,,,,,,,,,,
794522,,,,,,,,,,,0.000000,0.000000,0.000000,0.000000,0.000000,0.000000,,,,,,,,,,,,
794527,,,,,,,,,,,0.000000,0.000000,0.000000,0.000000,0.000000,0.000000,,,,,,,,,,,,
794531,,,,,,,,,,,0.000000,0.000000,,,,,,,,,,,,,,,,
794532,,,,,,,,,,,,,0.000000,0.000000,0.000000,0.000000,,,,,,,,,,,,
794543,,,,,,,,,,,0.000000,0.000000,0.000000,0.000000,0.000000,0.000000,,,,,,,,,,,,
794547,,,,,,,,,,,0.000000,0.000000,0.000000,0.000000,0.000000,0.000000,,,,,,,,,,,,
794552,,,,,,,,,,,0.000000,0.000000,0.000000,0.000000,0.000000,0.000000,,,,,,,,,,,,
794557,,,,,,,,,,,0.000000,0.000000,0.000000,0.000000,0.000000,0.000000,,,,,,,,,,,,
794562,,,,,,,,,,,0.000000,0.000000,0.000000,0.000000,0.000000,0.000000,,,,,,,,,,,,
794567,,,,,,,,,,,0.000000,0.000000,0.000000,0.000000,0.000000,0.000000,,,,,,,,,,,,
794571,,,,,,,,,,,0.000000,0.000000,,,,,,,,,,,,,,,,
794572,,,,,,,,,,,,,0.000000,0.000000,0.000000,0.000000,,,,,,,,,,,,
794577,,,,,,,,,,,0.000000,0.000000,0.000000,0.000000,0.000000,0.000000,,,,,,,,,,,,
794582,,,,,,,,,,,0.000000,0.000000,0.000000,0.000000,0.000000,0.000000,,,,,,,,,,,,
794587,,,,,,,,,,,0.000000,0.000000,0.000000,0.000000,0.000000,0.000000,,,,,,,,,,,,
794592,,,,,,,,,,,0.000000,0.000000,0.000000,0.000000,0.000000,0.000000,,,,,,,,,,,,
794614,,,,,,,,,,,0.000000,0.000000,0.000000,0.000000,0.000000,0.000000,,,,,,,,,,,,
794617,,,,,,,,,,,0.000000,0.000000,0.000000,0.000000,0.000000,0.000000,,,,,,,,,,,,
794622,,,,,,,,,,,0.000000,0.000000,0.000000,0.000000,0.000000,0.000000,,,,,,,,,,,,
794626,,,,,,,,,,,0.000000,0.000000,,,,,,,,,,,,,,,,
794627,,,,,,,,,,,,,0.000000,0.000000,0.000000,0.000000,,,,,,,,,,,,
794632,,,,,,,,,,,0.000000,0.000000,0.000000,0.000000,0.000000,0.000000,,,,,,,,,,,,
794637,,,,,,,,,,,0.000000,0.000000,0.000000,0.000000,0.000000,0.000000,,,,,,,,,,,,
794642,,,,,,,,,,,0.000000,0.000000,0.000000,0.000000,0.000000,0.000000,,,,,,,,,,,,
794647,,,,,,,,,,,0.000000,0.000000,0.000000,0.000000,0.000000,0.000000,,,,,,,,,,,,
794651,,,,,,,,,,,0.000000,0.000000,,,,,,,,,,,,,,,,
794652,,,,,,,,,,,,,0.000000,0.000000,0.000000,0.000000,,,,,,,,,,,,
794663,,,,,,,,,,,0.000000,0.000000,0.000000,0.000000,0.000000,0.000000,,,,,,,,,,,,
794667,,,,,,,,,,,0.000000,0.000000,0.000000,0.000000,0.000000,0.000000,,,,,,,,,,,,
794672,,,,,,,,,,,0.000000,0.000000,0.000000,0.000000,0.000000,0.000000,,,,,,,,,,,,
794677,,,,,,,,,,,0.000000,0.000000,0.000000,0.000000,0.000000,0.000000,,,,,,,,,,,,
794681,,,,,,,,,,,0.000000,0.000000,,,,,,,,,,,,,,,,
794682,,,,,,,,,,,,,0.000000,0.000000,0.000000,0.000000,,,,,,,,,,,,
794687,,,,,,,,,,,0.000000,0.000000,0.000000,0.000000,0.000000,0.000000,,,,,,,,,,,,
794692,,,,,,,,,,,0.000000,0.000000,0.000000,0.000000,0.000000,0.000000,,,,,,,,,,,,
794697,,,,,,,,,,,0.000000,0.000000,0.000000,0.000000,0.000000,0.000000,,,,,,,,,,,,
794701,,,,,,,,,,,0.000000,0.000000,,,,,,,,,,,,,,,,
794702,,,,,,,,,,,,,0.000000,0.000000,0.000000,0.000000,,,,,,,,,,,,
794707,,,,,,,,,,,0.000000,0.000000,0.000000,0.000000,0.000000,0.000000,,,,,,,,,,,,
794712,,,,,,,,,,,0.000000,0.000000,0.000000,0.000000,0.000000,0.000000,,,,,,,,,,,,
794723,,,,,,,,,,,0.000000,0.000000,0.000000,0.000000,0.000000,0.000000,,,,,,,,,,,,
794727,,,,,,,,,,,0.000000,0.000000,0.000000,0.000000,0.000000,0.000000,,,,,,,,,,,,
794732,,,,,,,,,,,0.000000,0.000000,0.000000,0.000000,0.000000,0.000000,,,,,,,,,,,,
794737,,,,,,,,,,,0.000000,0.000000,0.000000,0.000000,0.000000,0.000000,,,,,,,,,,,,
794741,,,,,,,,,,,0.000000,0.000000,,,,,,,,,,,,,,,,
794742,,,,,,,,,,,,,0.000000,0.000000,0.000000,0.000000,,,,,,,,,,,,
794747,,,,,,,,,,,0.000000,0.000000,0.000000,0.000000,0.000000,0.000000,,,,,,,,,,,,
794752,,,,,,,,,,,0.000000,0.000000,0.000000,0.000000,0.000000,0.000000,,,,,,,,,,,,
794757,,,,,,,,,,,0.000000,0.000000,0.000000,0.000000,0.000000,0.000000,,,,,,,,,,,,
794761,,,,,,,,,,,0.000000,0.000000,,,,,,,,,,,,,,,,
794762,,,,,,,,,,,,,0.000000,0.000000,0.000000,0.000000,,,,,,,,,,,,
794767,,,,,,,,,,,0.000000,0.000000,0.000000,0.000000,0.000000,0.000000,,,,,,,,,,,,
794772,,,,,,,,,,,0.000000,0.000000,0.000000,0.000000,0.000000,0.000000,,,,,,,,,,,,
794777,,,,,,,,,,,0.000000,0.000000,0.000000,0.000000,0.000000,0.000000,,,,,,,,,,,,
794782,,,,,,,,,,,0.000000,0.000000,0.000000,0.000000,0.000000,0.000000,,,,,,,,,,,,
794787,,,,,,,,,,,0.000000,0.000000,0.000000,0.000000,0.000000,0.000000,,,,,,,,,,,,
794791,,,,,,,,,,,0.000000,0.000000,,,,,,,,,,,,,,,,
794792,,,,,,,,,,,,,0.000000,0.000000,0.000000,0.000000,,,,,,,,,,,,
794803,,,,,,,,,,,0.000000,0.000000,0.000000,0.000000,0.000000,0.000000,,,,,,,,,,,,
794807,,,,,,,,,,,0.000000,0.000000,0.000000,0.000000,0.000000,0.000000,,,,,,,,,,,,
794812,,,,,,,,,,,0.000000,0.000000,0.000000,0.000000,0.000000,0.000000,,,,,,,,,,,,
794817,,,,,,,,,,,0.000000,0.000000,0.000000,0.000000,0.000000,0.000000,,,,,,,,,,,,
794822,,,,,,,,,,,0.000000,0.000000,0.000000,0.000000,0.000000,0.000000,,,,,,,,,,,,
794827,,,,,,,,,,,0.000000,0.000000,0.000000,0.000000,0.000000,0.000000,,,,,,,,,,,,
794832,,,,,,,,,,,0.000000,0.000000,0.000000,0.000000,0.000000,0.000000,,,,,,,,,,,,
794837,,,,,,,,,,,0.000000,0.000000,0.000000,0.000000,0.000000,0.000000,,,,,,,,,,,,
794841,,,,,,,,,,,0.000000,0.000000,,,,,,,,,,,,,,,,
794842,,,,,,,,,,,,,0.000000,0.000000,0.000000,0.000000,,,,,,,,,,,,
794847,,,,,,,,,,,0.000000,0.000000,0.000000,0.000000,0.000000,0.000000,,,,,,,,,,,,
794851,,,,,,,,,,,0.000000,0.000000,,,,,,,,,,,,,,,,
794852,,,,,,,,,,,,,0.000000,0.000000,0.000000,0.000000,,,,,,,,,,,,
794863,,,,,,,,,,,0.000000,0.000000,0.000000,0.000000,0.000000,0.000000,,,,,,,,,,,,
794864,,,,,,,,,,,0.000000,0.000000,0.000000,0.000000,0.000000,0.000000,,,,,,,,,,,,
794867,,,,,,,,,,,0.000000,0.000000,0.000000,0.000000,0.000000,0.000000,,,,,,,,,,,,
794872,,,,,,,,,,,0.000000,0.000000,0.000000,0.000000,0.000000,0.000000,,,,,,,,,,,,
794877,,,,,,,,,,,0.000000,0.000000,0.000000,0.000000,0.000000,0.000000,,,,,,,,,,,,
794882,,,,,,,,,,,0.000000,0.000000,0.000000,0.000000,0.000000,0.000000,,,,,,,,,,,,
794886,,,,,,,,,,,0.000000,0.000000,,,,,,,,,,,,,,,,
794887,,,,,,,,,,,,,0.000000,0.000000,0.000000,0.000000,,,,,,,,,,,,
794892,,,,,,,,,,,0.000000,0.000000,0.000000,0.000000,0.000000,0.000000,,,,,,,,,,,,
794897,,,,,,,,,,,0.000000,0.000000,0.000000,0.000000,0.000000,0.000000,,,,,,,,,,,,
794902,,,,,,,,,,,0.000000,0.000000,0.000000,0.000000,0.000000,0.000000,,,,,,,,,,,,
794907,,,,,,,,,,,0.000000,0.000000,0.000000,0.000000,0.000000,0.000000,,,,,,,,,,,,
794912,,,,,,,,,,,0.000000,0.000000,0.000000,0.000000,0.000000,0.000000,,,,,,,,,,,,
794923,,,,,,,,,,,0.000000,0.000000,0.000000,0.000000,0.000000,0.000000,,,,,,,,,,,,
794927,,,,,,,,,,,0.000000,0.000000,0.000000,0.000000,0.000000,0.000000,,,,,,,,,,,,
794931,,,,,,,,,,,0.000000,0.000000,,,,,,,,,,,,,,,,
794932,,,,,,,,,,,,,0.000000,0.000000,0.000000,0.000000,,,,,,,,,,,,
794937,,,,,,,,,,,0.000000,0.000000,0.000000,0.000000,0.000000,0.000000,,,,,,,,,,,,
794942,,,,,,,,,,,0.000000,0.000000,0.000000,0.000000,0.000000,0.000000,,,,,,,,,,,,
794947,,,,,,,,,,,0.000000,0.000000,0.000000,0.000000,0.000000,0.000000,,,,,,,,,,,,
794952,,,,,,,,,,,0.000000,0.000000,0.000000,0.000000,0.000000,0.000000,,,,,,,,,,,,
794957,,,,,,,,,,,0.000000,0.000000,0.000000,0.000000,0.000000,0.000000,,,,,,,,,,,,
794962,,,,,,,,,,,0.000000,0.000000,0.000000,0.000000,0.000000,0.000000,,,,,,,,,,,,
794967,,,,,,,,,,,0.000000,0.000000,0.000000,0.000000,0.000000,0.000000,,,,,,,,,,,,
794972,,,,,,,,,,,0.000000,0.000000,0.000000,0.000000,0.000000,0.000000,,,,,,,,,,,,
794976,,,,,,,,,,,0.000000,0.000000,,,,,,,,,,,,,,,,
794977,,,,,,,,,,,,,0.000000,0.000000,0.000000,0.000000,,,,,,,,,,,,
794982,,,,,,,,,,,0.000000,0.000000,0.000000,0.000000,0.000000,0.000000,,,,,,,,,,,,
794987,,,,,,,,,,,0.000000,0.000000,0.000000,0.000000,0.000000,0.000000,,,,,,,,,,,,
794992,,,,,,,,,,,0.000000,0.000000,0.000000,0.000000,0.000000,0.000000,,,,,,,,,,,,
795003,,,,,,,,,,,0.000000,0.000000,0.000000,0.000000,0.000000,0.000000,,,,,,,,,,,,
795007,,,,,,,,,,,0.000000,0.000000,0.000000,0.000000,0.000000,0.000000,,,,,,,,,,,,
795012,,,,,,,,,,,0.000000,0.000000,0.000000,0.000000,0.000000,0.000000,,,,,,,,,,,,
795017,,,,,,,,,,,0.000000,0.000000,0.000000,0.000000,0.000000,0.000000,,,,,,,,,,,,
795022,,,,,,,,,,,0.000000,0.000000,0.000000,0.000000,0.000000,0.000000,,,,,,,,,,,,
795027,,,,,,,,,,,0.000000,0.000000,0.000000,0.000000,0.000000,0.000000,,,,,,,,,,,,
795032,,,,,,,,,,,0.000000,0.000000,0.000000,0.000000,0.000000,0.000000,,,,,,,,,,,,
795037,,,,,,,,,,,0.000000,0.000000,0.000000,0.000000,0.000000,0.000000,,,,,,,,,,,,
795041,,,,,,,,,,,0.000000,0.000000,,,,,,,,,,,,,,,,
795042,,,,,,,,,,,,,0.000000,0.000000,0.000000,0.000000,,,,,,,,,,,,
795047,,,,,,,,,,,0.000000,0.000000,0.000000,0.000000,0.000000,0.000000,,,,,,,,,,,,
795052,,,,,,,,,,,0.000000,0.000000,0.000000,0.000000,0.000000,0.000000,,,,,,,,,,,,
795063,,,,,,,,,,,0.000000,0.000000,0.000000,0.000000,0.000000,0.000000,,,,,,,,,,,,
795067,,,,,,,,,,,0.000000,0.000000,0.000000,0.000000,0.000000,0.000000,,,,,,,,,,,,
795072,,,,,,,,,,,0.000000,0.000000,0.000000,0.000000,0.000000,0.000000,,,,,,,,,,,,
795077,,,,,,,,,,,0.000000,0.000000,0.000000,0.000000,0.000000,0.000000,,,,,,,,,,,,
795082,,,,,,,,,,,0.000000,0.000000,0.000000,0.000000,0.000000,0.000000,,,,,,,,,,,,
795087,,,,,,,,,,,0.000000,0.000000,0.000000,0.000000,0.000000,0.000000,,,,,,,,,,,,
795091,,,,,,,,,,,0.000000,0.000000,,,,,,,,,,,,,,,,
795092,,,,,,,,,,,,,0.000000,0.000000,0.000000,0.000000,,,,,,,,,,,,
795097,,,,,,,,,,,0.000000,0.000000,0.000000,0.000000,0.000000,0.000000,,,,,,,,,,,,
795102,,,,,,,,,,,0.000000,0.000000,0.000000,0.000000,0.000000,0.000000,,,,,,,,,,,,
795106,,,,,,,,,,,0.000000,0.000000,,,,,,,,,,,,,,,,
795107,,,,,,,,,,,,,0.000000,0.000000,0.000000,0.000000,,,,,,,,,,,,
795112,,,,,,,,,,,0.000000,0.000000,0.000000,0.000000,0.000000,0.000000,,,,,,,,,,,,
795123,,,,,,,,,,,0.000000,0.000000,0.000000,0.000000,0.000000,0.000000,,,,,,,,,,,,
795127,,,,,,,,,,,0.000000,0.000000,0.000000,0.000000,0.000000,0.000000,,,,,,,,,,,,
795131,,,,,,,,,,,0.000000,0.000000,,,,,,,,,,,,,,,,
795132,,,,,,,,,,,,,0.000000,0.000000,0.000000,0.000000,,,,,,,,,,,,
795137,,,,,,,,,,,0.000000,0.000000,0.000000,0.000000,0.000000,0.000000,,,,,,,,,,,,
795142,,,,,,,,,,,0.000000,0.000000,0.000000,0.000000,0.000000,0.000000,,,,,,,,,,,,
795147,,,,,,,,,,,0.000000,0.000000,0.000000,0.000000,0.000000,0.000000,,,,,,,,,,,,
795151,,,,,,,,,,,0.000000,0.000000,,,,,,,,,,,,,,,,
795152,,,,,,,,,,,,,0.000000,0.000000,0.000000,0.000000,,,,,,,,,,,,
795157,,,,,,,,,,,0.000000,0.000000,0.000000,0.000000,0.000000,0.000000,,,,,,,,,,,,
795162,,,,,,,,,,,0.000000,0.000000,0.000000,0.000000,0.000000,0.000000,,,,,,,,,,,,
795167,,,,,,,,,,,0.000000,0.000000,0.000000,0.000000,0.000000,0.000000,,,,,,,,,,,,
795171,,,,,,,,,,,0.000000,0.000000,,,,,,,,,,,,,,,,
795172,,,,,,,,,,,,,0.000000,0.000000,0.000000,0.000000,,,,,,,,,,,,
795183,,,,,,,,,,,0.000000,0.000000,0.000000,0.000000,0.000000,0.000000,,,,,,,,,,,,
795187,,,,,,,,,,,0.000000,0.000000,0.000000,0.000000,0.000000,0.000000,,,,,,,,,,,,
795192,,,,,,,,,,,0.000000,0.000000,0.000000,0.000000,0.000000,0.000000,,,,,,,,,,,,
795197,,,,,,,,,,,0.000000,0.000000,0.000000,0.000000,0.000000,0.000000,,,,,,,,,,,,
795201,,,,,,,,,,,0.000000,0.000000,,,,,,,,,,,,,,,,
795202,,,,,,,,,,,,,0.000000,0.000000,0.000000,0.000000,,,,,,,,,,,,
795207,,,,,,,,,,,0.000000,0.000000,0.000000,0.000000,0.000000,0.000000,,,,,,,,,,,,
795211,,,,,,,,,,,0.000000,0.000000,,,,,,,,,,,,,,,,
795212,,,,,,,,,,,,,0.000000,0.000000,0.000000,0.000000,,,,,,,,,,,,
795217,,,,,,,,,,,0.000000,0.000000,0.000000,0.000000,0.000000,0.000000,,,,,,,,,,,,
795222,,,,,,,,,,,0.000000,0.000000,0.000000,0.000000,0.000000,0.000000,,,,,,,,,,,,
795227,,,,,,,,,,,0.000000,0.000000,0.000000,0.000000,0.000000,0.000000,,,,,,,,,,,,
795231,,,,,,,,,,,0.000000,0.000000,,,,,,,,,,,,,,,,
795232,,,,,,,,,,,,,0.000000,0.000000,0.000000,0.000000,,,,,,,,,,,,
795237,,,,,,,,,,,0.000000,0.000000,0.000000,0.000000,0.000000,0.000000,,,,,,,,,,,,
795242,,,,,,,,,,,0.000000,0.000000,0.000000,0.000000,0.000000,0.000000,,,,,,,,,,,,
795247,,,,,,,,,,,0.000000,0.000000,0.000000,0.000000,0.000000,0.000000,,,,,,,,,,,,
795252,,,,,,,,,,,0.000000,0.000000,0.000000,0.000000,0.000000,0.000000,,,,,,,,,,,,
795263,,,,,,,,,,,0.000000,0.000000,0.000000,0.000000,0.000000,0.000000,,,,,,,,,,,,
795264,,,,,,,,,,,0.000000,0.000000,0.000000,0.000000,0.000000,0.000000,,,,,,,,,,,,
795267,,,,,,,,,,,0.000000,0.000000,0.000000,0.000000,0.000000,0.000000,,,,,,,,,,,,
795272,,,,,,,,,,,0.000000,0.000000,0.000000,0.000000,0.000000,0.000000,,,,,,,,,,,,
795277,,,,,,,,,,,0.000000,0.000000,0.000000,0.000000,0.000000,0.000000,,,,,,,,,,,,
795281,,,,,,,,,,,0.000000,0.000000,,,,,,,,,,,,,,,,
795282,,,,,,,,,,,,,0.000000,0.000000,0.000000,0.000000,,,,,,,,,,,,
795287,,,,,,,,,,,0.000000,0.000000,0.000000,0.000000,0.000000,0.000000,,,,,,,,,,,,
795291,,,,,,,,,,,0.000000,0.000000,,,,,,,,,,,,,,,,
795292,,,,,,,,,,,,,0.000000,0.000000,0.000000,0.000000,,,,,,,,,,,,
795297,,,,,,,,,,,0.000000,0.000000,0.000000,0.000000,0.000000,0.000000,,,,,,,,,,,,
795301,,,,,,,,,,,0.000000,0.000000,,,,,,,,,,,,,,,,
795302,,,,,,,,,,,,,0.000000,0.000000,0.000000,0.000000,,,,,,,,,,,,
795307,,,,,,,,,,,0.000000,0.000000,0.000000,0.000000,0.000000,0.000000,,,,,,,,,,,,
795312,,,,,,,,,,,0.000000,0.000000,0.000000,0.000000,0.000000,0.000000,,,,,,,,,,,,
795327,,,,,,,,,,,0.000000,0.000000,0.000000,0.000000,0.000000,0.000000,,,,,,,,,,,,
795332,,,,,,,,,,,0.000000,0.000000,0.000000,0.000000,0.000000,0.000000,,,,,,,,,,,,
795337,,,,,,,,,,,0.000000,0.000000,0.000000,0.000000,0.000000,0.000000,,,,,,,,,,,,
795342,,,,,,,,,,,0.000000,0.000000,0.000000,0.000000,0.000000,0.000000,,,,,,,,,,,,
795347,,,,,,,,,,,0.000000,0.000000,0.000000,0.000000,0.000000,0.000000,,,,,,,,,,,,
795352,,,,,,,,,,,0.000000,0.000000,0.000000,0.000000,0.000000,0.000000,,,,,,,,,,,,
795357,,,,,,,,,,,0.000000,0.000000,0.000000,0.000000,0.000000,0.000000,,,,,,,,,,,,
795362,,,,,,,,,,,0.000000,0.000000,0.000000,0.000000,0.000000,0.000000,,,,,,,,,,,,
795367,,,,,,,,,,,0.000000,0.000000,0.000000,0.000000,0.000000,0.000000,,,,,,,,,,,,
795371,,,,,,,,,,,0.000000,0.000000,,,,,,,,,,,,,,,,
795372,,,,,,,,,,,,,0.000000,0.000000,0.000000,0.000000,,,,,,,,,,,,
795383,,,,,,,,,,,0.000000,0.000000,0.000000,0.000000,0.000000,0.000000,,,,,,,,,,,,
795387,,,,,,,,,,,0.000000,0.000000,0.000000,0.000000,0.000000,0.000000,,,,,,,,,,,,
795391,,,,,,,,,,,0.000000,0.000000,,,,,,,,,,,,,,,,
795392,,,,,,,,,,,,,0.000000,0.000000,0.000000,0.000000,,,,,,,,,,,,
795397,,,,,,,,,,,0.000000,0.000000,0.000000,0.000000,0.000000,0.000000,,,,,,,,,,,,
795402,,,,,,,,,,,0.000000,0.000000,0.000000,0.000000,0.000000,0.000000,,,,,,,,,,,,
795407,,,,,,,,,,,0.000000,0.000000,0.000000,0.000000,0.000000,0.000000,,,,,,,,,,,,
795411,,,,,,,,,,,0.000000,0.000000,,,,,,,,,,,,,,,,
795412,,,,,,,,,,,,,0.000000,0.000000,0.000000,0.000000,,,,,,,,,,,,
795417,,,,,,,,,,,0.000000,0.000000,0.000000,0.000000,0.000000,0.000000,,,,,,,,,,,,
795422,,,,,,,,,,,0.000000,0.000000,0.000000,0.000000,0.000000,0.000000,,,,,,,,,,,,
795427,,,,,,,,,,,0.000000,0.000000,0.000000,0.000000,0.000000,0.000000,,,,,,,,,,,,
795432,,,,,,,,,,,0.000000,0.000000,0.000000,0.000000,0.000000,0.000000,,,,,,,,,,,,
795437,,,,,,,,,,,0.000000,0.000000,0.000000,0.000000,0.000000,0.000000,,,,,,,,,,,,
795442,,,,,,,,,,,0.000000,0.000000,0.000000,0.000000,0.000000,0.000000,,,,,,,,,,,,
795447,,,,,,,,,,,0.000000,0.000000,0.000000,0.000000,0.000000,0.000000,,,,,,,,,,,,
795451,,,,,,,,,,,0.000000,0.000000,,,,,,,,,,,,,,,,
795452,,,,,,,,,,,,,0.000000,0.000000,0.000000,0.000000,,,,,,,,,,,,
795463,,,,,,,,,,,0.000000,0.000000,0.000000,0.000000,0.000000,0.000000,,,,,,,,,,,,
795467,,,,,,,,,,,0.000000,0.000000,0.000000,0.000000,0.000000,0.000000,,,,,,,,,,,,
795472,,,,,,,,,,,0.000000,0.000000,0.000000,0.000000,0.000000,0.000000,,,,,,,,,,,,
795477,,,,,,,,,,,0.000000,0.000000,0.000000,0.000000,0.000000,0.000000,,,,,,,,,,,,
795482,,,,,,,,,,,0.000000,0.000000,0.000000,0.000000,0.000000,0.000000,,,,,,,,,,,,
795487,,,,,,,,,,,0.000000,0.000000,0.000000,0.000000,0.000000,0.000000,,,,,,,,,,,,
795492,,,,,,,,,,,0.000000,0.000000,0.000000,0.000000,0.000000,0.000000,,,,,,,,,,,,
795497,,,,,,,,,,,0.000000,0.000000,0.000000,0.000000,0.000000,0.000000,,,,,,,,,,,,
795502,,,,,,,,,,,0.000000,0.000000,0.000000,0.000000,0.000000,0.000000,,,,,,,,,,,,
795507,,,,,,,,,,,0.000000,0.000000,0.000000,0.000000,0.000000,0.000000,,,,,,,,,,,,
795512,,,,,,,,,,,0.000000,0.000000,0.000000,0.000000,0.000000,0.000000,,,,,,,,,,,,
795524,,,,,,,,,,,0.000000,0.000000,0.000000,0.000000,0.000000,0.000000,,,,,,,,,,,,
795527,,,,,,,,,,,0.000000,0.000000,0.000000,0.000000,0.000000,0.000000,,,,,,,,,,,,
795531,,,,,,,,,,,0.000000,0.000000,,,,,,,,,,,,,,,,
795532,,,,,,,,,,,,,0.000000,0.000000,0.000000,0.000000,,,,,,,,,,,,
795537,,,,,,,,,,,0.000000,0.000000,0.000000,0.000000,0.000000,0.000000,,,,,,,,,,,,
795542,,,,,,,,,,,0.000000,0.000000,0.000000,0.000000,0.000000,0.000000,,,,,,,,,,,,
795546,,,,,,,,,,,0.000000,0.000000,,,,,,,,,,,,,,,,
795547,,,,,,,,,,,,,0.000000,0.000000,0.000000,0.000000,,,,,,,,,,,,
795552,,,,,,,,,,,0.000000,0.000000,0.000000,0.000000,0.000000,0.000000,,,,,,,,,,,,
795557,,,,,,,,,,,0.000000,0.000000,0.000000,0.000000,0.000000,0.000000,,,,,,,,,,,,
795561,,,,,,,,,,,0.000000,0.000000,,,,,,,,,,,,,,,,
795562,,,,,,,,,,,,,0.000000,0.000000,0.000000,0.000000,,,,,,,,,,,,
795567,,,,,,,,,,,0.000000,0.000000,0.000000,0.000000,0.000000,0.000000,,,,,,,,,,,,
795572,,,,,,,,,,,0.000000,0.000000,0.000000,0.000000,0.000000,0.000000,,,,,,,,,,,,
795583,,,,,,,,,,,0.000000,0.000000,0.000000,0.000000,0.000000,0.000000,,,,,,,,,,,,
795587,,,,,,,,,,,0.000000,0.000000,0.000000,0.000000,0.000000,0.000000,,,,,,,,,,,,
795592,,,,,,,,,,,0.000000,0.000000,0.000000,0.000000,0.000000,0.000000,,,,,,,,,,,,
795597,,,,,,,,,,,0.000000,0.000000,0.000000,0.000000,0.000000,0.000000,,,,,,,,,,,,
795602,,,,,,,,,,,0.000000,0.000000,0.000000,0.000000,0.000000,0.000000,,,,,,,,,,,,
795607,,,,,,,,,,,0.000000,0.000000,0.000000,0.000000,0.000000,0.000000,,,,,,,,,,,,
795612,,,,,,,,,,,0.000000,0.000000,0.000000,0.000000,0.000000,0.000000,,,,,,,,,,,,
795617,,,,,,,,,,,0.000000,0.000000,0.000000,0.000000,0.000000,0.000000,,,,,,,,,,,,
795622,,,,,,,,,,,0.000000,0.000000,0.000000,0.000000,0.000000,0.000000,,,,,,,,,,,,
795626,,,,,,,,,,,0.000000,0.000000,,,,,,,,,,,,,,,,
795627,,,,,,,,,,,,,0.000000,0.000000,0.000000,0.000000,,,,,,,,,,,,
795632,,,,,,,,,,,0.000000,0.000000,0.000000,0.000000,0.000000,0.000000,,,,,,,,,,,,
795643,,,,,,,,,,,0.000000,0.000000,0.000000,0.000000,0.000000,0.000000,,,,,,,,,,,,
795647,,,,,,,,,,,0.000000,0.000000,0.000000,0.000000,0.000000,0.000000,,,,,,,,,,,,
795652,,,,,,,,,,,0.000000,0.000000,0.000000,0.000000,0.000000,0.000000,,,,,,,,,,,,
795657,,,,,,,,,,,0.000000,0.000000,0.000000,0.000000,0.000000,0.000000,,,,,,,,,,,,
795661,,,,,,,,,,,0.000000,0.000000,,,,,,,,,,,,,,,,
795662,,,,,,,,,,,,,0.000000,0.000000,0.000000,0.000000,,,,,,,,,,,,
795666,,,,,,,,,,,0.000000,0.000000,,,,,,,,,,,,,,,,
795667,,,,,,,,,,,,,0.000000,0.000000,0.000000,0.000000,,,,,,,,,,,,
795672,,,,,,,,,,,0.000000,0.000000,0.000000,0.000000,0.000000,0.000000,,,,,,,,,,,,
795677,,,,,,,,,,,0.000000,0.000000,0.000000,0.000000,0.000000,0.000000,,,,,,,,,,,,
795681,,,,,,,,,,,0.000000,0.000000,,,,,,,,,,,,,,,,
795682,,,,,,,,,,,,,0.000000,0.000000,0.000000,0.000000,,,,,,,,,,,,
795687,,,,,,,,,,,0.000000,0.000000,0.000000,0.000000,0.000000,0.000000,,,,,,,,,,,,
795692,,,,,,,,,,,0.000000,0.000000,0.000000,0.000000,0.000000,0.000000,,,,,,,,,,,,
795697,,,,,,,,,,,0.000000,0.000000,0.000000,0.000000,0.000000,0.000000,,,,,,,,,,,,
795702,,,,,,,,,,,0.000000,0.000000,0.000000,0.000000,0.000000,0.000000,,,,,,,,,,,,
795707,,,,,,,,,,,0.000000,0.000000,0.000000,0.000000,0.000000,0.000000,,,,,,,,,,,,
795712,,,,,,,,,,,0.000000,0.000000,0.000000,0.000000,0.000000,0.000000,,,,,,,,,,,,
795723,,,,,,,,,,,0.000000,0.000000,0.000000,0.000000,0.000000,0.000000,,,,,,,,,,,,
795727,,,,,,,,,,,0.000000,0.000000,0.000000,0.000000,0.000000,0.000000,,,,,,,,,,,,
795732,,,,,,,,,,,0.000000,0.000000,0.000000,0.000000,0.000000,0.000000,,,,,,,,,,,,
795737,,,,,,,,,,,0.000000,0.000000,0.000000,0.000000,0.000000,0.000000,,,,,,,,,,,,
795742,,,,,,,,,,,0.000000,0.000000,0.000000,0.000000,0.000000,0.000000,,,,,,,,,,,,
795746,,,,,,,,,,,0.000000,0.000000,,,,,,,,,,,,,,,,
795747,,,,,,,,,,,,,0.000000,0.000000,0.000000,0.000000,,,,,,,,,,,,
795751,,,,,,,,,,,0.000000,0.000000,,,,,,,,,,,,,,,,
795752,,,,,,,,,,,,,0.000000,0.000000,0.000000,0.000000,,,,,,,,,,,,
795757,,,,,,,,,,,0.000000,0.000000,0.000000,0.000000,0.000000,0.000000,,,,,,,,,,,,
795762,,,,,,,,,,,0.000000,0.000000,0.000000,0.000000,0.000000,0.000000,,,,,,,,,,,,
795766,,,,,,,,,,,0.000000,0.000000,,,,,,,,,,,,,,,,
795767,,,,,,,,,,,,,0.000000,0.000000,0.000000,0.000000,,,,,,,,,,,,
795772,,,,,,,,,,,0.000000,0.000000,0.000000,0.000000,0.000000,0.000000,,,,,,,,,,,,
795783,,,,,,,,,,,0.000000,0.000000,0.000000,0.000000,0.000000,0.000000,,,,,,,,,,,,
795784,,,,,,,,,,,0.000000,0.000000,0.000000,0.000000,0.000000,0.000000,,,,,,,,,,,,
795787,,,,,,,,,,,0.000000,0.000000,0.000000,0.000000,0.000000,0.000000,,,,,,,,,,,,
795791,,,,,,,,,,,0.000000,0.000000,,,,,,,,,,,,,,,,
795792,,,,,,,,,,,,,0.000000,0.000000,0.000000,0.000000,,,,,,,,,,,,
795797,,,,,,,,,,,0.000000,0.000000,0.000000,0.000000,0.000000,0.000000,,,,,,,,,,,,
795802,,,,,,,,,,,0.000000,0.000000,0.000000,0.000000,0.000000,0.000000,,,,,,,,,,,,
795806,,,,,,,,,,,0.000000,0.000000,,,,,,,,,,,,,,,,
795807,,,,,,,,,,,,,0.000000,0.000000,0.000000,0.000000,,,,,,,,,,,,
795812,,,,,,,,,,,0.000000,0.000000,0.000000,0.000000,0.000000,0.000000,,,,,,,,,,,,
795817,,,,,,,,,,,0.000000,0.000000,0.000000,0.000000,0.000000,0.000000,,,,,,,,,,,,
795822,,,,,,,,,,,0.000000,0.000000,0.000000,0.000000,0.000000,0.000000,,,,,,,,,,,,
795827,,,,,,,,,,,0.000000,0.000000,0.000000,0.000000,0.000000,0.000000,,,,,,,,,,,,
795832,,,,,,,,,,,0.000000,0.000000,0.000000,0.000000,0.000000,0.000000,,,,,,,,,,,,
795843,,,,,,,,,,,0.000000,0.000000,0.000000,0.000000,0.000000,0.000000,,,,,,,,,,,,
795847,,,,,,,,,,,0.000000,0.000000,0.000000,0.000000,0.000000,0.000000,,,,,,,,,,,,
795852,,,,,,,,,,,0.000000,0.000000,0.000000,0.000000,0.000000,0.000000,,,,,,,,,,,,
795857,,,,,,,,,,,0.000000,0.000000,0.000000,0.000000,0.000000,0.000000,,,,,,,,,,,,
795862,,,,,,,,,,,0.000000,0.000000,0.000000,0.000000,0.000000,0.000000,,,,,,,,,,,,
795867,,,,,,,,,,,0.000000,0.000000,0.000000,0.000000,0.000000,0.000000,,,,,,,,,,,,
795871,,,,,,,,,,,0.000000,0.000000,,,,,,,,,,,,,,,,
795872,,,,,,,,,,,,,0.000000,0.000000,0.000000,0.000000,,,,,,,,,,,,
795877,,,,,,,,,,,0.000000,0.000000,0.000000,0.000000,0.000000,0.000000,,,,,,,,,,,,
795882,,,,,,,,,,,0.000000,0.000000,0.000000,0.000000,0.000000,0.000000,,,,,,,,,,,,
795887,,,,,,,,,,,0.000000,0.000000,0.000000,0.000000,0.000000,0.000000,,,,,,,,,,,,
795891,,,,,,,,,,,0.000000,0.000000,,,,,,,,,,,,,,,,
795892,,,,,,,,,,,,,0.000000,0.000000,0.000000,0.000000,,,,,,,,,,,,
795897,,,,,,,,,,,0.000000,0.000000,0.000000,0.000000,0.000000,0.000000,,,,,,,,,,,,
795902,,,,,,,,,,,0.000000,0.000000,0.000000,0.000000,0.000000,0.000000,,,,,,,,,,,,
795907,,,,,,,,,,,0.000000,0.000000,0.000000,0.000000,0.000000,0.000000,,,,,,,,,,,,
795912,,,,,,,,,,,0.000000,0.000000,0.000000,0.000000,0.000000,0.000000,,,,,,,,,,,,
795923,,,,,,,,,,,0.000000,0.000000,0.000000,0.000000,0.000000,0.000000,,,,,,,,,,,,
795927,,,,,,,,,,,0.000000,0.000000,0.000000,0.000000,0.000000,0.000000,,,,,,,,,,,,
795932,,,,,,,,,,,0.000000,0.000000,0.000000,0.000000,0.000000,0.000000,,,,,,,,,,,,
795937,,,,,,,,,,,0.000000,0.000000,0.000000,0.000000,0.000000,0.000000,,,,,,,,,,,,
795942,,,,,,,,,,,0.000000,0.000000,0.000000,0.000000,0.000000,0.000000,,,,,,,,,,,,
795947,,,,,,,,,,,0.000000,0.000000,0.000000,0.000000,0.000000,0.000000,,,,,,,,,,,,
795952,,,,,,,,,,,0.000000,0.000000,0.000000,0.000000,0.000000,0.000000,,,,,,,,,,,,
795957,,,,,,,,,,,0.000000,0.000000,0.000000,0.000000,0.000000,0.000000,,,,,,,,,,,,
795962,,,,,,,,,,,0.000000,0.000000,0.000000,0.000000,0.000000,0.000000,,,,,,,,,,,,
795967,,,,,,,,,,,0.000000,0.000000,0.000000,0.000000,0.000000,0.000000,,,,,,,,,,,,
795972,,,,,,,,,,,0.000000,0.000000,0.000000,0.000000,0.000000,0.000000,,,,,,,,,,,,
795983,,,,,,,,,,,0.000000,0.000000,0.000000,0.000000,0.000000,0.000000,,,,,,,,,,,,
795987,,,,,,,,,,,0.000000,0.000000,0.000000,0.000000,0.000000,0.000000,,,,,,,,,,,,
795992,,,,,,,,,,,0.000000,0.000000,0.000000,0.000000,0.000000,0.000000,,,,,,,,,,,,
795997,,,,,,,,,,,0.000000,0.000000,0.000000,0.000000,0.000000,0.000000,,,,,,,,,,,,
796002,,,,,,,,,,,0.000000,0.000000,0.000000,0.000000,0.000000,0.000000,,,,,,,,,,,,
796007,,,,,,,,,,,0.000000,0.000000,0.000000,0.000000,0.000000,0.000000,,,,,,,,,,,,
796011,,,,,,,,,,,0.000000,0.000000,,,,,,,,,,,,,,,,
796012,,,,,,,,,,,,,0.000000,0.000000,0.000000,0.000000,,,,,,,,,,,,
796017,,,,,,,,,,,0.000000,0.000000,0.000000,0.000000,0.000000,0.000000,,,,,,,,,,,,
796021,,,,,,,,,,,0.000000,0.000000,,,,,,,,,,,,,,,,
796022,,,,,,,,,,,,,0.000000,0.000000,0.000000,0.000000,,,,,,,,,,,,
796026,,,,,,,,,,,0.000000,0.000000,,,,,,,,,,,,,,,,
796027,,,,,,,,,,,,,0.000000,0.000000,0.000000,0.000000,,,,,,,,,,,,
796031,,,,,,,,,,,0.000000,0.000000,,,,,,,,,,,,,,,,
796032,,,,,,,,,,,,,0.000000,0.000000,0.000000,0.000000,,,,,,,,,,,,
796043,,,,,,,,,,,0.000000,0.000000,0.000000,0.000000,0.000000,0.000000,,,,,,,,,,,,
796047,,,,,,,,,,,0.000000,0.000000,0.000000,0.000000,0.000000,0.000000,,,,,,,,,,,,
796052,,,,,,,,,,,0.000000,0.000000,0.000000,0.000000,0.000000,0.000000,,,,,,,,,,,,
796057,,,,,,,,,,,0.000000,0.000000,0.000000,0.000000,0.000000,0.000000,,,,,,,,,,,,
796062,,,,,,,,,,,0.000000,0.000000,0.000000,0.000000,0.000000,0.000000,,,,,,,,,,,,
796067,,,,,,,,,,,0.000000,0.000000,0.000000,0.000000,0.000000,0.000000,,,,,,,,,,,,
796071,,,,,,,,,,,0.000000,0.000000,,,,,,,,,,,,,,,,
796072,,,,,,,,,,,,,0.000000,0.000000,0.000000,0.000000,,,,,,,,,,,,
796077,,,,,,,,,,,0.000000,0.000000,0.000000,0.000000,0.000000,0.000000,,,,,,,,,,,,
796082,,,,,,,,,,,0.000000,0.000000,0.000000,0.000000,0.000000,0.000000,,,,,,,,,,,,
796086,,,,,,,,,,,0.000000,0.000000,,,,,,,,,,,,,,,,
796087,,,,,,,,,,,,,0.000000,0.000000,0.000000,0.000000,,,,,,,,,,,,
796091,,,,,,,,,,,0.000000,0.000000,,,,,,,,,,,,,,,,
796092,,,,,,,,,,,,,0.000000,0.000000,0.000000,0.000000,,,,,,,,,,,,
796103,,,,,,,,,,,0.000000,0.000000,0.000000,0.000000,0.000000,0.000000,,,,,,,,,,,,
796107,,,,,,,,,,,0.000000,0.000000,0.000000,0.000000,0.000000,0.000000,,,,,,,,,,,,
796112,,,,,,,,,,,0.000000,0.000000,0.000000,0.000000,0.000000,0.000000,,,,,,,,,,,,
796117,,,,,,,,,,,0.000000,0.000000,0.000000,0.000000,0.000000,0.000000,,,,,,,,,,,,
796122,,,,,,,,,,,0.000000,0.000000,0.000000,0.000000,0.000000,0.000000,,,,,,,,,,,,
796127,,,,,,,,,,,0.000000,0.000000,0.000000,0.000000,0.000000,0.000000,,,,,,,,,,,,
796131,,,,,,,,,,,0.000000,0.000000,,,,,,,,,,,,,,,,
796132,,,,,,,,,,,,,0.000000,0.000000,0.000000,0.000000,,,,,,,,,,,,
796137,,,,,,,,,,,0.000000,0.000000,0.000000,0.000000,0.000000,0.000000,,,,,,,,,,,,
796142,,,,,,,,,,,0.000000,0.000000,0.000000,0.000000,0.000000,0.000000,,,,,,,,,,,,
796147,,,,,,,,,,,0.000000,0.000000,0.000000,0.000000,0.000000,0.000000,,,,,,,,,,,,
796152,,,,,,,,,,,0.000000,0.000000,0.000000,0.000000,0.000000,0.000000,,,,,,,,,,,,
796157,,,,,,,,,,,0.000000,0.000000,0.000000,0.000000,0.000000,0.000000,,,,,,,,,,,,
796162,,,,,,,,,,,0.000000,0.000000,0.000000,0.000000,0.000000,0.000000,,,,,,,,,,,,
796167,,,,,,,,,,,0.000000,0.000000,0.000000,0.000000,0.000000,0.000000,,,,,,,,,,,,
796172,,,,,,,,,,,0.000000,0.000000,0.000000,0.000000,0.000000,0.000000,,,,,,,,,,,,
796183,,,,,,,,,,,0.000000,0.000000,0.000000,0.000000,0.000000,0.000000,,,,,,,,,,,,
796187,,,,,,,,,,,0.000000,0.000000,0.000000,0.000000,0.000000,0.000000,,,,,,,,,,,,
796192,,,,,,,,,,,0.000000,0.000000,0.000000,0.000000,0.000000,0.000000,,,,,,,,,,,,
796196,,,,,,,,,,,0.000000,0.000000,,,,,,,,,,,,,,,,
796197,,,,,,,,,,,,,0.000000,0.000000,0.000000,0.000000,,,,,,,,,,,,
796201,,,,,,,,,,,0.000000,0.000000,,,,,,,,,,,,,,,,
796202,,,,,,,,,,,,,0.000000,0.000000,0.000000,0.000000,,,,,,,,,,,,
796207,,,,,,,,,,,0.000000,0.000000,0.000000,0.000000,0.000000,0.000000,,,,,,,,,,,,
796211,,,,,,,,,,,0.000000,0.000000,,,,,,,,,,,,,,,,
796212,,,,,,,,,,,,,0.000000,0.000000,0.000000,0.000000,,,,,,,,,,,,
796217,,,,,,,,,,,0.000000,0.000000,0.000000,0.000000,0.000000,0.000000,,,,,,,,,,,,
796221,,,,,,,,,,,0.000000,0.000000,,,,,,,,,,,,,,,,
796222,,,,,,,,,,,,,0.000000,0.000000,0.000000,0.000000,,,,,,,,,,,,
796227,,,,,,,,,,,0.000000,0.000000,0.000000,0.000000,0.000000,0.000000,,,,,,,,,,,,
796232,,,,,,,,,,,0.000000,0.000000,0.000000,0.000000,0.000000,0.000000,,,,,,,,,,,,
796243,,,,,,,,,,,0.000000,0.000000,0.000000,0.000000,0.000000,0.000000,,,,,,,,,,,,
796247,,,,,,,,,,,0.000000,0.000000,0.000000,0.000000,0.000000,0.000000,,,,,,,,,,,,
796252,,,,,,,,,,,0.000000,0.000000,0.000000,0.000000,0.000000,0.000000,,,,,,,,,,,,
796257,,,,,,,,,,,0.000000,0.000000,0.000000,0.000000,0.000000,0.000000,,,,,,,,,,,,
796261,,,,,,,,,,,0.000000,0.000000,,,,,,,,,,,,,,,,
796262,,,,,,,,,,,,,0.000000,0.000000,0.000000,0.000000,,,,,,,,,,,,
796267,,,,,,,,,,,0.000000,0.000000,0.000000,0.000000,0.000000,0.000000,,,,,,,,,,,,
796272,,,,,,,,,,,0.000000,0.000000,0.000000,0.000000,0.000000,0.000000,,,,,,,,,,,,
796277,,,,,,,,,,,0.000000,0.000000,0.000000,0.000000,0.000000,0.000000,,,,,,,,,,,,
796282,,,,,,,,,,,0.000000,0.000000,0.000000,0.000000,0.000000,0.000000,,,,,,,,,,,,
796287,,,,,,,,,,,0.000000,0.000000,0.000000,0.000000,0.000000,0.000000,,,,,,,,,,,,
796291,,,,,,,,,,,0.000000,0.000000,,,,,,,,,,,,,,,,
796292,,,,,,,,,,,,,0.000000,0.000000,0.000000,0.000000,,,,,,,,,,,,
796303,,,,,,,,,,,0.000000,0.000000,0.000000,0.000000,0.000000,0.000000,,,,,,,,,,,,
796307,,,,,,,,,,,0.000000,0.000000,0.000000,0.000000,0.000000,0.000000,,,,,,,,,,,,
796312,,,,,,,,,,,0.000000,0.000000,0.000000,0.000000,0.000000,0.000000,,,,,,,,,,,,
796317,,,,,,,,,,,0.000000,0.000000,0.000000,0.000000,0.000000,0.000000,,,,,,,,,,,,
796321,,,,,,,,,,,0.000000,0.000000,,,,,,,,,,,,,,,,
796322,,,,,,,,,,,,,0.000000,0.000000,0.000000,0.000000,,,,,,,,,,,,
796327,,,,,,,,,,,0.000000,0.000000,0.000000,0.000000,0.000000,0.000000,,,,,,,,,,,,
796331,,,,,,,,,,,0.000000,0.000000,,,,,,,,,,,,,,,,
796332,,,,,,,,,,,,,0.000000,0.000000,0.000000,0.000000,,,,,,,,,,,,
796337,,,,,,,,,,,0.000000,0.000000,0.000000,0.000000,0.000000,0.000000,,,,,,,,,,,,
796342,,,,,,,,,,,0.000000,0.000000,0.000000,0.000000,0.000000,0.000000,,,,,,,,,,,,
796347,,,,,,,,,,,0.000000,0.000000,0.000000,0.000000,0.000000,0.000000,,,,,,,,,,,,
796351,,,,,,,,,,,0.000000,0.000000,,,,,,,,,,,,,,,,
796352,,,,,,,,,,,,,0.000000,0.000000,0.000000,0.000000,,,,,,,,,,,,
796363,,,,,,,,,,,0.000000,0.000000,0.000000,0.000000,0.000000,0.000000,,,,,,,,,,,,
796364,,,,,,,,,,,0.000000,0.000000,0.000000,0.000000,0.000000,0.000000,,,,,,,,,,,,
796367,,,,,,,,,,,0.000000,0.000000,0.000000,0.000000,0.000000,0.000000,,,,,,,,,,,,
796371,,,,,,,,,,,0.000000,0.000000,,,,,,,,,,,,,,,,
796372,,,,,,,,,,,,,0.000000,0.000000,0.000000,0.000000,,,,,,,,,,,,
796376,,,,,,,,,,,0.000000,0.000000,,,,,,,,,,,,,,,,
796377,,,,,,,,,,,,,0.000000,0.000000,0.000000,0.000000,,,,,,,,,,,,
796381,,,,,,,,,,,0.000000,0.000000,,,,,,,,,,,,,,,,
796382,,,,,,,,,,,,,0.000000,0.000000,0.000000,0.000000,,,,,,,,,,,,
796387,,,,,,,,,,,0.000000,0.000000,0.000000,0.000000,0.000000,0.000000,,,,,,,,,,,,
796392,,,,,,,,,,,0.000000,0.000000,0.000000,0.000000,0.000000,0.000000,,,,,,,,,,,,
796397,,,,,,,,,,,0.000000,0.000000,0.000000,0.000000,0.000000,0.000000,,,,,,,,,,,,
796401,,,,,,,,,,,0.000000,0.000000,,,,,,,,,,,,,,,,
796402,,,,,,,,,,,,,0.000000,0.000000,0.000000,0.000000,,,,,,,,,,,,
796407,,,,,,,,,,,0.000000,0.000000,0.000000,0.000000,0.000000,0.000000,,,,,,,,,,,,
796412,,,,,,,,,,,0.000000,0.000000,0.000000,0.000000,0.000000,0.000000,,,,,,,,,,,,
796417,,,,,,,,,,,0.000000,0.000000,0.000000,0.000000,0.000000,0.000000,,,,,,,,,,,,
796421,,,,,,,,,,,0.000000,0.000000,,,,,,,,,,,,,,,,
796422,,,,,,,,,,,,,0.000000,0.000000,0.000000,0.000000,,,,,,,,,,,,
796427,,,,,,,,,,,0.000000,0.000000,0.000000,0.000000,0.000000,0.000000,,,,,,,,,,,,
796432,,,,,,,,,,,0.000000,0.000000,0.000000,0.000000,0.000000,0.000000,,,,,,,,,,,,
796443,,,,,,,,,,,0.000000,0.000000,0.000000,0.000000,0.000000,0.000000,,,,,,,,,,,,
796444,,,,,,,,,,,0.000000,0.000000,0.000000,0.000000,0.000000,0.000000,,,,,,,,,,,,
796447,,,,,,,,,,,0.000000,0.000000,0.000000,0.000000,0.000000,0.000000,,,,,,,,,,,,
796452,,,,,,,,,,,0.000000,0.000000,0.000000,0.000000,0.000000,0.000000,,,,,,,,,,,,
796457,,,,,,,,,,,0.000000,0.000000,0.000000,0.000000,0.000000,0.000000,,,,,,,,,,,,
796461,,,,,,,,,,,0.000000,0.000000,,,,,,,,,,,,,,,,
796462,,,,,,,,,,,,,0.000000,0.000000,0.000000,0.000000,,,,,,,,,,,,
796467,,,,,,,,,,,0.000000,0.000000,0.000000,0.000000,0.000000,0.000000,,,,,,,,,,,,
796471,,,,,,,,,,,0.000000,0.000000,,,,,,,,,,,,,,,,
796472,,,,,,,,,,,,,0.000000,0.000000,0.000000,0.000000,,,,,,,,,,,,
796477,,,,,,,,,,,0.000000,0.000000,0.000000,0.000000,0.000000,0.000000,,,,,,,,,,,,
796481,,,,,,,,,,,0.000000,0.000000,,,,,,,,,,,,,,,,
796482,,,,,,,,,,,,,0.000000,0.000000,0.000000,0.000000,,,,,,,,,,,,
796486,,,,,,,,,,,0.000000,0.000000,,,,,,,,,,,,,,,,
796487,,,,,,,,,,,,,0.000000,0.000000,0.000000,0.000000,,,,,,,,,,,,
796491,,,,,,,,,,,0.000000,0.000000,,,,,,,,,,,,,,,,
796492,,,,,,,,,,,,,0.000000,0.000000,0.000000,0.000000,,,,,,,,,,,,
796504,,,,,,,,,,,0.000000,0.000000,0.000000,0.000000,0.000000,0.000000,,,,,,,,,,,,
796507,,,,,,,,,,,0.000000,0.000000,0.000000,0.000000,0.000000,0.000000,,,,,,,,,,,,
796512,,,,,,,,,,,0.000000,0.000000,0.000000,0.000000,0.000000,0.000000,,,,,,,,,,,,
796517,,,,,,,,,,,0.000000,0.000000,0.000000,0.000000,0.000000,0.000000,,,,,,,,,,,,
796522,,,,,,,,,,,0.000000,0.000000,0.000000,0.000000,0.000000,0.000000,,,,,,,,,,,,
796527,,,,,,,,,,,0.000000,0.000000,0.000000,0.000000,0.000000,0.000000,,,,,,,,,,,,
796531,,,,,,,,,,,0.000000,0.000000,,,,,,,,,,,,,,,,
796532,,,,,,,,,,,,,0.000000,0.000000,0.000000,0.000000,,,,,,,,,,,,
796536,,,,,,,,,,,0.000000,0.000000,,,,,,,,,,,,,,,,
796537,,,,,,,,,,,,,0.000000,0.000000,0.000000,0.000000,,,,,,,,,,,,
796542,,,,,,,,,,,0.000000,0.000000,0.000000,0.000000,0.000000,0.000000,,,,,,,,,,,,
796547,,,,,,,,,,,0.000000,0.000000,0.000000,0.000000,0.000000,0.000000,,,,,,,,,,,,
796552,,,,,,,,,,,0.000000,0.000000,0.000000,0.000000,0.000000,0.000000,,,,,,,,,,,,
796563,,,,,,,,,,,0.000000,0.000000,,,,,,,,,,,,,,,,
796564,,,,,,,,,,,0.000000,0.000000,0.000000,0.000000,0.000000,0.000000,,,,,,,,,,,,
796567,,,,,,,,,,,0.000000,0.000000,0.000000,0.000000,0.000000,0.000000,,,,,,,,,,,,
796572,,,,,,,,,,,0.000000,0.000000,0.000000,0.000000,0.000000,0.000000,,,,,,,,,,,,
796577,,,,,,,,,,,0.000000,0.000000,0.000000,0.000000,0.000000,0.000000,,,,,,,,,,,,
796581,,,,,,,,,,,0.000000,0.000000,,,,,,,,,,,,,,,,
796582,,,,,,,,,,,,,0.000000,0.000000,0.000000,0.000000,,,,,,,,,,,,
796587,,,,,,,,,,,0.000000,0.000000,0.000000,0.000000,0.000000,0.000000,,,,,,,,,,,,
796591,,,,,,,,,,,0.000000,0.000000,,,,,,,,,,,,,,,,
796592,,,,,,,,,,,,,0.000000,0.000000,0.000000,0.000000,,,,,,,,,,,,
796597,,,,,,,,,,,0.000000,0.000000,0.000000,0.000000,0.000000,0.000000,,,,,,,,,,,,
796601,,,,,,,,,,,0.000000,0.000000,,,,,,,,,,,,,,,,
796602,,,,,,,,,,,,,0.000000,0.000000,0.000000,0.000000,,,,,,,,,,,,
796606,,,,,,,,,,,0.000000,0.000000,,,,,,,,,,,,,,,,
796607,,,,,,,,,,,,,0.000000,0.000000,0.000000,0.000000,,,,,,,,,,,,
796611,,,,,,,,,,,0.000000,0.000000,,,,,,,,,,,,,,,,
796612,,,,,,,,,,,,,0.000000,0.000000,0.000000,0.000000,,,,,,,,,,,,
796617,,,,,,,,,,,0.000000,0.000000,0.000000,0.000000,0.000000,0.000000,,,,,,,,,,,,
796622,,,,,,,,,,,0.000000,0.000000,0.000000,0.000000,0.000000,0.000000,,,,,,,,,,,,
796627,,,,,,,,,,,0.000000,0.000000,0.000000,0.000000,0.000000,0.000000,,,,,,,,,,,,
796631,,,,,,,,,,,0.000000,0.000000,,,,,,,,,,,,,,,,
796632,,,,,,,,,,,,,0.000000,0.000000,0.000000,0.000000,,,,,,,,,,,,
796643,,,,,,,,,,,0.000000,0.000000,0.000000,0.000000,0.000000,0.000000,,,,,,,,,,,,
796647,,,,,,,,,,,0.000000,0.000000,0.000000,0.000000,0.000000,0.000000,,,,,,,,,,,,
796652,,,,,,,,,,,0.000000,0.000000,0.000000,0.000000,0.000000,0.000000,,,,,,,,,,,,
796657,,,,,,,,,,,0.000000,0.000000,0.000000,0.000000,0.000000,0.000000,,,,,,,,,,,,
796662,,,,,,,,,,,0.000000,0.000000,0.000000,0.000000,0.000000,0.000000,,,,,,,,,,,,
796667,,,,,,,,,,,0.000000,0.000000,0.000000,0.000000,0.000000,0.000000,,,,,,,,,,,,
796672,,,,,,,,,,,0.000000,0.000000,0.000000,0.000000,0.000000,0.000000,,,,,,,,,,,,
796677,,,,,,,,,,,0.000000,0.000000,0.000000,0.000000,0.000000,0.000000,,,,,,,,,,,,
796682,,,,,,,,,,,0.000000,0.000000,0.000000,0.000000,0.000000,0.000000,,,,,,,,,,,,
796687,,,,,,,,,,,0.000000,0.000000,0.000000,0.000000,0.000000,0.000000,,,,,,,,,,,,
796692,,,,,,,,,,,0.000000,0.000000,0.000000,0.000000,0.000000,0.000000,,,,,,,,,,,,
796703,,,,,,,,,,,0.000000,0.000000,0.000000,0.000000,0.000000,0.000000,,,,,,,,,,,,
796707,,,,,,,,,,,0.000000,0.000000,0.000000,0.000000,0.000000,0.000000,,,,,,,,,,,,
796711,,,,,,,,,,,0.000000,0.000000,,,,,,,,,,,,,,,,
796712,,,,,,,,,,,,,0.000000,0.000000,0.000000,0.000000,,,,,,,,,,,,
796717,,,,,,,,,,,0.000000,0.000000,0.000000,0.000000,0.000000,0.000000,,,,,,,,,,,,
796721,,,,,,,,,,,0.000000,0.000000,,,,,,,,,,,,,,,,
796722,,,,,,,,,,,,,0.000000,0.000000,0.000000,0.000000,,,,,,,,,,,,
796726,,,,,,,,,,,0.000000,0.000000,,,,,,,,,,,,,,,,
796727,,,,,,,,,,,,,0.000000,0.000000,0.000000,0.000000,,,,,,,,,,,,
796732,,,,,,,,,,,0.000000,0.000000,0.000000,0.000000,0.000000,0.000000,,,,,,,,,,,,
796737,,,,,,,,,,,0.000000,0.000000,0.000000,0.000000,0.000000,0.000000,,,,,,,,,,,,
796742,,,,,,,,,,,0.000000,0.000000,0.000000,0.000000,0.000000,0.000000,,,,,,,,,,,,
796747,,,,,,,,,,,0.000000,0.000000,0.000000,0.000000,0.000000,0.000000,,,,,,,,,,,,
796751,,,,,,,,,,,0.000000,0.000000,,,,,,,,,,,,,,,,
796752,,,,,,,,,,,,,0.000000,0.000000,0.000000,0.000000,,,,,,,,,,,,
796763,,,,,,,,,,,0.000000,0.000000,0.000000,0.000000,0.000000,0.000000,,,,,,,,,,,,
796767,,,,,,,,,,,0.000000,0.000000,0.000000,0.000000,0.000000,0.000000,,,,,,,,,,,,
796772,,,,,,,,,,,0.000000,0.000000,0.000000,0.000000,0.000000,0.000000,,,,,,,,,,,,
796777,,,,,,,,,,,0.000000,0.000000,0.000000,0.000000,0.000000,0.000000,,,,,,,,,,,,
796782,,,,,,,,,,,0.000000,0.000000,0.000000,0.000000,0.000000,0.000000,,,,,,,,,,,,
796787,,,,,,,,,,,0.000000,0.000000,0.000000,0.000000,0.000000,0.000000,,,,,,,,,,,,
796791,,,,,,,,,,,0.000000,0.000000,,,,,,,,,,,,,,,,
796792,,,,,,,,,,,,,0.000000,0.000000,0.000000,0.000000,,,,,,,,,,,,
796797,,,,,,,,,,,0.000000,0.000000,0.000000,0.000000,0.000000,0.000000,,,,,,,,,,,,
796802,,,,,,,,,,,0.000000,0.000000,0.000000,0.000000,0.000000,0.000000,,,,,,,,,,,,
796807,,,,,,,,,,,0.000000,0.000000,0.000000,0.000000,0.000000,0.000000,,,,,,,,,,,,
796811,,,,,,,,,,,0.000000,0.000000,,,,,,,,,,,,,,,,
796812,,,,,,,,,,,,,0.000000,0.000000,0.000000,0.000000,,,,,,,,,,,,
796823,,,,,,,,,,,0.000000,0.000000,0.000000,0.000000,0.000000,0.000000,,,,,,,,,,,,
796827,,,,,,,,,,,0.000000,0.000000,0.000000,0.000000,0.000000,0.000000,,,,,,,,,,,,
796832,,,,,,,,,,,0.000000,0.000000,0.000000,0.000000,0.000000,0.000000,,,,,,,,,,,,
796837,,,,,,,,,,,0.000000,0.000000,0.000000,0.000000,0.000000,0.000000,,,,,,,,,,,,
796841,,,,,,,,,,,0.000000,0.000000,,,,,,,,,,,,,,,,
796842,,,,,,,,,,,,,0.000000,0.000000,0.000000,0.000000,,,,,,,,,,,,
796847,,,,,,,,,,,0.000000,0.000000,0.000000,0.000000,0.000000,0.000000,,,,,,,,,,,,
796851,,,,,,,,,,,0.000000,0.000000,,,,,,,,,,,,,,,,
796852,,,,,,,,,,,,,0.000000,0.000000,0.000000,0.000000,,,,,,,,,,,,
796857,,,,,,,,,,,0.000000,0.000000,0.000000,0.000000,0.000000,0.000000,,,,,,,,,,,,
796861,,,,,,,,,,,0.000000,0.000000,,,,,,,,,,,,,,,,
796862,,,,,,,,,,,,,0.000000,0.000000,0.000000,0.000000,,,,,,,,,,,,
796867,,,,,,,,,,,0.000000,0.000000,0.000000,0.000000,0.000000,0.000000,,,,,,,,,,,,
796871,,,,,,,,,,,0.000000,0.000000,,,,,,,,,,,,,,,,
796872,,,,,,,,,,,,,0.000000,0.000000,0.000000,0.000000,,,,,,,,,,,,
796877,,,,,,,,,,,0.000000,0.000000,0.000000,0.000000,0.000000,0.000000,,,,,,,,,,,,
796882,,,,,,,,,,,0.000000,0.000000,0.000000,0.000000,0.000000,0.000000,,,,,,,,,,,,
796887,,,,,,,,,,,0.000000,0.000000,0.000000,0.000000,0.000000,0.000000,,,,,,,,,,,,
796892,,,,,,,,,,,0.000000,0.000000,0.000000,0.000000,0.000000,0.000000,,,,,,,,,,,,
796903,,,,,,,,,,,0.000000,0.000000,0.000000,0.000000,0.000000,0.000000,,,,,,,,,,,,
796907,,,,,,,,,,,0.000000,0.000000,0.000000,0.000000,0.000000,0.000000,,,,,,,,,,,,
796911,,,,,,,,,,,0.000000,0.000000,,,,,,,,,,,,,,,,
796912,,,,,,,,,,,,,0.000000,0.000000,0.000000,0.000000,,,,,,,,,,,,
796917,,,,,,,,,,,0.000000,0.000000,0.000000,0.000000,0.000000,0.000000,,,,,,,,,,,,
796921,,,,,,,,,,,0.000000,0.000000,,,,,,,,,,,,,,,,
796922,,,,,,,,,,,,,0.000000,0.000000,0.000000,0.000000,,,,,,,,,,,,
796927,,,,,,,,,,,0.000000,0.000000,0.000000,0.000000,0.000000,0.000000,,,,,,,,,,,,
796932,,,,,,,,,,,0.000000,0.000000,0.000000,0.000000,0.000000,0.000000,,,,,,,,,,,,
796937,,,,,,,,,,,0.000000,0.000000,0.000000,0.000000,0.000000,0.000000,,,,,,,,,,,,
796942,,,,,,,,,,,0.000000,0.000000,0.000000,0.000000,0.000000,0.000000,,,,,,,,,,,,
796947,,,,,,,,,,,0.000000,0.000000,0.000000,0.000000,0.000000,0.000000,,,,,,,,,,,,
796951,,,,,,,,,,,0.000000,0.000000,,,,,,,,,,,,,,,,
796952,,,,,,,,,,,,,0.000000,0.000000,0.000000,0.000000,,,,,,,,,,,,
796963,,,,,,,,,,,0.000000,0.000000,0.000000,0.000000,0.000000,0.000000,,,,,,,,,,,,
796967,,,,,,,,,,,0.000000,0.000000,0.000000,0.000000,0.000000,0.000000,,,,,,,,,,,,
796972,,,,,,,,,,,0.000000,0.000000,0.000000,0.000000,0.000000,0.000000,,,,,,,,,,,,
796977,,,,,,,,,,,0.000000,0.000000,0.000000,0.000000,0.000000,0.000000,,,,,,,,,,,,
796981,,,,,,,,,,,0.000000,0.000000,,,,,,,,,,,,,,,,
796982,,,,,,,,,,,,,0.000000,0.000000,0.000000,0.000000,,,,,,,,,,,,
796987,,,,,,,,,,,0.000000,0.000000,0.000000,0.000000,0.000000,0.000000,,,,,,,,,,,,
796992,,,,,,,,,,,0.000000,0.000000,0.000000,0.000000,0.000000,0.000000,,,,,,,,,,,,
796997,,,,,,,,,,,0.000000,0.000000,0.000000,0.000000,0.000000,0.000000,,,,,,,,,,,,
797002,,,,,,,,,,,0.000000,0.000000,0.000000,0.000000,0.000000,0.000000,,,,,,,,,,,,
797007,,,,,,,,,,,0.000000,0.000000,0.000000,0.000000,0.000000,0.000000,,,,,,,,,,,,
797011,,,,,,,,,,,0.000000,0.000000,,,,,,,,,,,,,,,,
797012,,,,,,,,,,,,,0.000000,0.000000,0.000000,0.000000,,,,,,,,,,,,
797024,,,,,,,,,,,0.000000,0.000000,0.000000,0.000000,0.000000,0.000000,,,,,,,,,,,,
797027,,,,,,,,,,,0.000000,0.000000,0.000000,0.000000,0.000000,0.000000,,,,,,,,,,,,
797032,,,,,,,,,,,0.000000,0.000000,0.000000,0.000000,0.000000,0.000000,,,,,,,,,,,,
797037,,,,,,,,,,,0.000000,0.000000,0.000000,0.000000,0.000000,0.000000,,,,,,,,,,,,
797041,,,,,,,,,,,0.000000,0.000000,,,,,,,,,,,,,,,,
797042,,,,,,,,,,,,,0.000000,0.000000,0.000000,0.000000,,,,,,,,,,,,
797047,,,,,,,,,,,0.000000,0.000000,0.000000,0.000000,0.000000,0.000000,,,,,,,,,,,,
797052,,,,,,,,,,,0.000000,0.000000,0.000000,0.000000,0.000000,0.000000,,,,,,,,,,,,
797057,,,,,,,,,,,0.000000,0.000000,0.000000,0.000000,0.000000,0.000000,,,,,,,,,,,,
797061,,,,,,,,,,,0.000000,0.000000,,,,,,,,,,,,,,,,
797062,,,,,,,,,,,,,0.000000,0.000000,0.000000,0.000000,,,,,,,,,,,,
797067,,,,,,,,,,,0.000000,0.000000,0.000000,0.000000,0.000000,0.000000,,,,,,,,,,,,
797072,,,,,,,,,,,0.000000,0.000000,0.000000,0.000000,0.000000,0.000000,,,,,,,,,,,,
797077,,,,,,,,,,,0.000000,0.000000,0.000000,0.000000,0.000000,0.000000,,,,,,,,,,,,
797081,,,,,,,,,,,0.000000,0.000000,,,,,,,,,,,,,,,,
797082,,,,,,,,,,,,,0.000000,0.000000,0.000000,0.000000,,,,,,,,,,,,
797087,,,,,,,,,,,0.000000,0.000000,0.000000,0.000000,0.000000,0.000000,,,,,,,,,,,,
797092,,,,,,,,,,,0.000000,0.000000,0.000000,0.000000,0.000000,0.000000,,,,,,,,,,,,
797103,,,,,,,,,,,0.000000,0.000000,0.000000,0.000000,0.000000,0.000000,,,,,,,,,,,,
797107,,,,,,,,,,,0.000000,0.000000,0.000000,0.000000,0.000000,0.000000,,,,,,,,,,,,
797112,,,,,,,,,,,0.000000,0.000000,0.000000,0.000000,0.000000,0.000000,,,,,,,,,,,,
797117,,,,,,,,,,,0.000000,0.000000,0.000000,0.000000,0.000000,0.000000,,,,,,,,,,,,
797122,,,,,,,,,,,0.000000,0.000000,0.000000,0.000000,0.000000,0.000000,,,,,,,,,,,,
797126,,,,,,,,,,,0.000000,0.000000,,,,,,,,,,,,,,,,
797127,,,,,,,,,,,,,0.000000,0.000000,0.000000,0.000000,,,,,,,,,,,,
797132,,,,,,,,,,,0.000000,0.000000,0.000000,0.000000,0.000000,0.000000,,,,,,,,,,,,
797137,,,,,,,,,,,0.000000,0.000000,0.000000,0.000000,0.000000,0.000000,,,,,,,,,,,,
797142,,,,,,,,,,,0.000000,0.000000,0.000000,0.000000,0.000000,0.000000,,,,,,,,,,,,
797147,,,,,,,,,,,0.000000,0.000000,0.000000,0.000000,0.000000,0.000000,,,,,,,,,,,,
797151,,,,,,,,,,,0.000000,0.000000,,,,,,,,,,,,,,,,
797152,,,,,,,,,,,,,0.000000,0.000000,0.000000,0.000000,,,,,,,,,,,,
797163,,,,,,,,,,,0.000000,0.000000,0.000000,0.000000,0.000000,0.000000,,,,,,,,,,,,
797167,,,,,,,,,,,0.000000,0.000000,0.000000,0.000000,0.000000,0.000000,,,,,,,,,,,,
797172,,,,,,,,,,,0.000000,0.000000,0.000000,0.000000,0.000000,0.000000,,,,,,,,,,,,
797177,,,,,,,,,,,0.000000,0.000000,0.000000,0.000000,0.000000,0.000000,,,,,,,,,,,,
797181,,,,,,,,,,,0.000000,0.000000,,,,,,,,,,,,,,,,
797182,,,,,,,,,,,,,0.000000,0.000000,0.000000,0.000000,,,,,,,,,,,,
797187,,,,,,,,,,,0.000000,0.000000,0.000000,0.000000,0.000000,0.000000,,,,,,,,,,,,
797191,,,,,,,,,,,0.000000,0.000000,,,,,,,,,,,,,,,,
797192,,,,,,,,,,,,,0.000000,0.000000,0.000000,0.000000,,,,,,,,,,,,
797197,,,,,,,,,,,0.000000,0.000000,0.000000,0.000000,0.000000,0.000000,,,,,,,,,,,,
797202,,,,,,,,,,,0.000000,0.000000,0.000000,0.000000,0.000000,0.000000,,,,,,,,,,,,
797207,,,,,,,,,,,0.000000,0.000000,0.000000,0.000000,0.000000,0.000000,,,,,,,,,,,,
797212,,,,,,,,,,,0.000000,0.000000,0.000000,0.000000,0.000000,0.000000,,,,,,,,,,,,
797223,,,,,,,,,,,0.000000,0.000000,0.000000,0.000000,0.000000,0.000000,,,,,,,,,,,,
797227,,,,,,,,,,,0.000000,0.000000,0.000000,0.000000,0.000000,0.000000,,,,,,,,,,,,
797232,,,,,,,,,,,0.000000,0.000000,0.000000,0.000000,0.000000,0.000000,,,,,,,,,,,,
797237,,,,,,,,,,,0.000000,0.000000,0.000000,0.000000,0.000000,0.000000,,,,,,,,,,,,
797241,,,,,,,,,,,0.000000,0.000000,,,,,,,,,,,,,,,,
797242,,,,,,,,,,,,,0.000000,0.000000,0.000000,0.000000,,,,,,,,,,,,
797246,,,,,,,,,,,0.000000,0.000000,,,,,,,,,,,,,,,,
797247,,,,,,,,,,,,,0.000000,0.000000,0.000000,0.000000,,,,,,,,,,,,
797251,,,,,,,,,,,0.000000,0.000000,,,,,,,,,,,,,,,,
797252,,,,,,,,,,,,,0.000000,0.000000,0.000000,0.000000,,,,,,,,,,,,
797257,,,,,,,,,,,0.000000,0.000000,0.000000,0.000000,0.000000,0.000000,,,,,,,,,,,,
797261,,,,,,,,,,,0.000000,0.000000,,,,,,,,,,,,,,,,
797262,,,,,,,,,,,,,0.000000,0.000000,0.000000,0.000000,,,,,,,,,,,,
797267,,,,,,,,,,,0.000000,0.000000,0.000000,0.000000,0.000000,0.000000,,,,,,,,,,,,
797271,,,,,,,,,,,0.000000,0.000000,,,,,,,,,,,,,,,,
797272,,,,,,,,,,,,,0.000000,0.000000,0.000000,0.000000,,,,,,,,,,,,
797283,,,,,,,,,,,0.000000,0.000000,0.000000,0.000000,0.000000,0.000000,,,,,,,,,,,,
797287,,,,,,,,,,,0.000000,0.000000,0.000000,0.000000,0.000000,0.000000,,,,,,,,,,,,
797291,,,,,,,,,,,0.000000,0.000000,,,,,,,,,,,,,,,,
797292,,,,,,,,,,,,,0.000000,0.000000,0.000000,0.000000,,,,,,,,,,,,
797297,,,,,,,,,,,0.000000,0.000000,0.000000,0.000000,0.000000,0.000000,,,,,,,,,,,,
797301,,,,,,,,,,,0.000000,0.000000,,,,,,,,,,,,,,,,
797302,,,,,,,,,,,,,0.000000,0.000000,0.000000,0.000000,,,,,,,,,,,,
797307,,,,,,,,,,,0.000000,0.000000,0.000000,0.000000,0.000000,0.000000,,,,,,,,,,,,
797311,,,,,,,,,,,0.000000,0.000000,,,,,,,,,,,,,,,,
797312,,,,,,,,,,,,,0.000000,0.000000,0.000000,0.000000,,,,,,,,,,,,
797317,,,,,,,,,,,0.000000,0.000000,0.000000,0.000000,0.000000,0.000000,,,,,,,,,,,,
797322,,,,,,,,,,,0.000000,0.000000,0.000000,0.000000,0.000000,0.000000,,,,,,,,,,,,
797326,,,,,,,,,,,0.000000,0.000000,,,,,,,,,,,,,,,,
797327,,,,,,,,,,,,,0.000000,0.000000,0.000000,0.000000,,,,,,,,,,,,
797332,,,,,,,,,,,0.000000,0.000000,0.000000,0.000000,0.000000,0.000000,,,,,,,,,,,,
797337,,,,,,,,,,,0.000000,0.000000,0.000000,0.000000,0.000000,0.000000,,,,,,,,,,,,
797341,,,,,,,,,,,0.000000,0.000000,,,,,,,,,,,,,,,,
797342,,,,,,,,,,,,,0.000000,0.000000,0.000000,0.000000,,,,,,,,,,,,
797347,,,,,,,,,,,0.000000,0.000000,0.000000,0.000000,0.000000,0.000000,,,,,,,,,,,,
797352,,,,,,,,,,,0.000000,0.000000,0.000000,0.000000,0.000000,0.000000,,,,,,,,,,,,
797363,,,,,,,,,,,0.000000,0.000000,0.000000,0.000000,0.000000,0.000000,,,,,,,,,,,,
797367,,,,,,,,,,,0.000000,0.000000,0.000000,0.000000,0.000000,0.000000,,,,,,,,,,,,
797371,,,,,,,,,,,0.000000,0.000000,,,,,,,,,,,,,,,,
797372,,,,,,,,,,,,,0.000000,0.000000,0.000000,0.000000,,,,,,,,,,,,
797377,,,,,,,,,,,0.000000,0.000000,0.000000,0.000000,0.000000,0.000000,,,,,,,,,,,,
797382,,,,,,,,,,,0.000000,0.000000,0.000000,0.000000,0.000000,0.000000,,,,,,,,,,,,
797387,,,,,,,,,,,0.000000,0.000000,0.000000,0.000000,0.000000,0.000000,,,,,,,,,,,,
797392,,,,,,,,,,,0.000000,0.000000,0.000000,0.000000,0.000000,0.000000,,,,,,,,,,,,
797397,,,,,,,,,,,0.000000,0.000000,0.000000,0.000000,0.000000,0.000000,,,,,,,,,,,,
797401,,,,,,,,,,,0.000000,0.000000,,,,,,,,,,,,,,,,
797402,,,,,,,,,,,,,0.000000,0.000000,0.000000,0.000000,,,,,,,,,,,,
797407,,,,,,,,,,,0.000000,0.000000,0.000000,0.000000,0.000000,0.000000,,,,,,,,,,,,
797412,,,,,,,,,,,0.000000,0.000000,0.000000,0.000000,0.000000,0.000000,,,,,,,,,,,,
797423,,,,,,,,,,,0.000000,0.000000,0.000000,0.000000,0.000000,0.000000,,,,,,,,,,,,
797427,,,,,,,,,,,0.000000,0.000000,0.000000,0.000000,0.000000,0.000000,,,,,,,,,,,,
797432,,,,,,,,,,,0.000000,0.000000,0.000000,0.000000,0.000000,0.000000,,,,,,,,,,,,
797437,,,,,,,,,,,0.000000,0.000000,0.000000,0.000000,0.000000,0.000000,,,,,,,,,,,,
797441,,,,,,,,,,,0.000000,0.000000,,,,,,,,,,,,,,,,
797442,,,,,,,,,,,,,0.000000,0.000000,0.000000,0.000000,,,,,,,,,,,,
797447,,,,,,,,,,,0.000000,0.000000,0.000000,0.000000,0.000000,0.000000,,,,,,,,,,,,
797452,,,,,,,,,,,0.000000,0.000000,0.000000,0.000000,0.000000,0.000000,,,,,,,,,,,,
797457,,,,,,,,,,,0.000000,0.000000,0.000000,0.000000,0.000000,0.000000,,,,,,,,,,,,
797462,,,,,,,,,,,0.000000,0.000000,0.000000,0.000000,0.000000,0.000000,,,,,,,,,,,,
797467,,,,,,,,,,,0.000000,0.000000,0.000000,0.000000,0.000000,0.000000,,,,,,,,,,,,
797471,,,,,,,,,,,0.000000,0.000000,,,,,,,,,,,,,,,,
797472,,,,,,,,,,,,,0.000000,0.000000,0.000000,0.000000,,,,,,,,,,,,
797487,,,,,,,,,,,0.000000,0.000000,0.000000,0.000000,0.000000,0.000000,,,,,,,,,,,,
797492,,,,,,,,,,,0.000000,0.000000,0.000000,0.000000,0.000000,0.000000,,,,,,,,,,,,
797497,,,,,,,,,,,0.000000,0.000000,0.000000,0.000000,0.000000,0.000000,,,,,,,,,,,,
797502,,,,,,,,,,,0.000000,0.000000,0.000000,0.000000,0.000000,0.000000,,,,,,,,,,,,
797506,,,,,,,,,,,0.000000,0.000000,,,,,,,,,,,,,,,,
797507,,,,,,,,,,,,,0.000000,0.000000,0.000000,0.000000,,,,,,,,,,,,
797512,,,,,,,,,,,0.000000,0.000000,0.000000,0.000000,0.000000,0.000000,,,,,,,,,,,,
797517,,,,,,,,,,,0.000000,0.000000,0.000000,0.000000,0.000000,0.000000,,,,,,,,,,,,
797522,,,,,,,,,,,0.000000,0.000000,0.000000,0.000000,0.000000,0.000000,,,,,,,,,,,,
797527,,,,,,,,,,,0.000000,0.000000,0.000000,0.000000,0.000000,0.000000,,,,,,,,,,,,
797532,,,,,,,,,,,0.000000,0.000000,0.000000,0.000000,0.000000,0.000000,,,,,,,,,,,,
797537,,,,,,,,,,,0.000000,0.000000,0.000000,0.000000,0.000000,0.000000,,,,,,,,,,,,
797542,,,,,,,,,,,0.000000,0.000000,0.000000,0.000000,0.000000,0.000000,,,,,,,,,,,,
797547,,,,,,,,,,,0.000000,0.000000,0.000000,0.000000,0.000000,0.000000,,,,,,,,,,,,
797551,,,,,,,,,,,0.000000,0.000000,,,,,,,,,,,,,,,,
797552,,,,,,,,,,,,,0.000000,0.000000,0.000000,0.000000,,,,,,,,,,,,
797563,,,,,,,,,,,0.000000,0.000000,0.000000,0.000000,0.000000,0.000000,,,,,,,,,,,,
797567,,,,,,,,,,,0.000000,0.000000,0.000000,0.000000,0.000000,0.000000,,,,,,,,,,,,
797572,,,,,,,,,,,0.000000,0.000000,0.000000,0.000000,0.000000,0.000000,,,,,,,,,,,,
797577,,,,,,,,,,,0.000000,0.000000,0.000000,0.000000,0.000000,0.000000,,,,,,,,,,,,
797582,,,,,,,,,,,0.000000,0.000000,0.000000,0.000000,0.000000,0.000000,,,,,,,,,,,,
797587,,,,,,,,,,,0.000000,0.000000,0.000000,0.000000,0.000000,0.000000,,,,,,,,,,,,
797591,,,,,,,,,,,0.000000,0.000000,,,,,,,,,,,,,,,,
797592,,,,,,,,,,,,,0.000000,0.000000,0.000000,0.000000,,,,,,,,,,,,
797597,,,,,,,,,,,0.000000,0.000000,0.000000,0.000000,0.000000,0.000000,,,,,,,,,,,,
797602,,,,,,,,,,,0.000000,0.000000,0.000000,0.000000,0.000000,0.000000,,,,,,,,,,,,
797607,,,,,,,,,,,0.000000,0.000000,0.000000,0.000000,0.000000,0.000000,,,,,,,,,,,,
797612,,,,,,,,,,,0.000000,0.000000,0.000000,0.000000,0.000000,0.000000,,,,,,,,,,,,
797623,,,,,,,,,,,0.000000,0.000000,0.000000,0.000000,0.000000,0.000000,,,,,,,,,,,,
797624,,,,,,,,,,,,,0.000000,0.000000,0.000000,0.000000,,,,,,,,,,,,
797627,,,,,,,,,,,0.000000,0.000000,0.000000,0.000000,0.000000,0.000000,,,,,,,,,,,,
797632,,,,,,,,,,,0.000000,0.000000,0.000000,0.000000,0.000000,0.000000,,,,,,,,,,,,
797637,,,,,,,,,,,0.000000,0.000000,0.000000,0.000000,0.000000,0.000000,,,,,,,,,,,,
797642,,,,,,,,,,,0.000000,0.000000,0.000000,0.000000,0.000000,0.000000,,,,,,,,,,,,
797647,,,,,,,,,,,0.000000,0.000000,0.000000,0.000000,0.000000,0.000000,,,,,,,,,,,,
797651,,,,,,,,,,,0.000000,0.000000,,,,,,,,,,,,,,,,
797652,,,,,,,,,,,,,0.000000,0.000000,0.000000,0.000000,,,,,,,,,,,,
797657,,,,,,,,,,,0.000000,0.000000,0.000000,0.000000,0.000000,0.000000,,,,,,,,,,,,
797662,,,,,,,,,,,0.000000,0.000000,0.000000,0.000000,0.000000,0.000000,,,,,,,,,,,,
797667,,,,,,,,,,,0.000000,0.000000,0.000000,0.000000,0.000000,0.000000,,,,,,,,,,,,
797672,,,,,,,,,,,0.000000,0.000000,0.000000,0.000000,0.000000,0.000000,,,,,,,,,,,,
797683,,,,,,,,,,,0.000000,0.000000,0.000000,0.000000,0.000000,0.000000,,,,,,,,,,,,
797687,,,,,,,,,,,0.000000,0.000000,0.000000,0.000000,0.000000,0.000000,,,,,,,,,,,,
797691,,,,,,,,,,,0.000000,0.000000,,,,,,,,,,,,,,,,
797692,,,,,,,,,,,,,0.000000,0.000000,0.000000,0.000000,,,,,,,,,,,,
797697,,,,,,,,,,,0.000000,0.000000,0.000000,0.000000,0.000000,0.000000,,,,,,,,,,,,
797701,,,,,,,,,,,0.000000,0.000000,,,,,,,,,,,,,,,,
797702,,,,,,,,,,,,,0.000000,0.000000,0.000000,0.000000,,,,,,,,,,,,
797707,,,,,,,,,,,0.000000,0.000000,0.000000,0.000000,0.000000,0.000000,,,,,,,,,,,,
797711,,,,,,,,,,,0.000000,0.000000,,,,,,,,,,,,,,,,
797712,,,,,,,,,,,,,0.000000,0.000000,0.000000,0.000000,,,,,,,,,,,,
797717,,,,,,,,,,,0.000000,0.000000,0.000000,0.000000,0.000000,0.000000,,,,,,,,,,,,
797722,,,,,,,,,,,0.000000,0.000000,0.000000,0.000000,0.000000,0.000000,,,,,,,,,,,,
797727,,,,,,,,,,,0.000000,0.000000,0.000000,0.000000,0.000000,0.000000,,,,,,,,,,,,
797732,,,,,,,,,,,0.000000,0.000000,0.000000,0.000000,0.000000,0.000000,,,,,,,,,,,,
797743,,,,,,,,,,,0.000000,0.000000,0.000000,0.000000,0.000000,0.000000,,,,,,,,,,,,
797747,,,,,,,,,,,0.000000,0.000000,0.000000,0.000000,0.000000,0.000000,,,,,,,,,,,,
797752,,,,,,,,,,,0.000000,0.000000,0.000000,0.000000,0.000000,0.000000,,,,,,,,,,,,
797757,,,,,,,,,,,0.000000,0.000000,0.000000,0.000000,0.000000,0.000000,,,,,,,,,,,,
797762,,,,,,,,,,,0.000000,0.000000,0.000000,0.000000,0.000000,0.000000,,,,,,,,,,,,
797767,,,,,,,,,,,0.000000,0.000000,0.000000,0.000000,0.000000,0.000000,,,,,,,,,,,,
797772,,,,,,,,,,,0.000000,0.000000,0.000000,0.000000,0.000000,0.000000,,,,,,,,,,,,
797777,,,,,,,,,,,0.000000,0.000000,0.000000,0.000000,0.000000,0.000000,,,,,,,,,,,,
797782,,,,,,,,,,,0.000000,0.000000,0.000000,0.000000,0.000000,0.000000,,,,,,,,,,,,
797787,,,,,,,,,,,0.000000,0.000000,0.000000,0.000000,0.000000,0.000000,,,,,,,,,,,,
797792,,,,,,,,,,,0.000000,0.000000,0.000000,0.000000,0.000000,0.000000,,,,,,,,,,,,
797797,,,,,,,,,,,0.000000,0.000000,0.000000,0.000000,0.000000,0.000000,,,,,,,,,,,,
797802,,,,,,,,,,,0.000000,0.000000,0.000000,0.000000,0.000000,0.000000,,,,,,,,,,,,
797807,,,,,,,,,,,0.000000,0.000000,0.000000,0.000000,0.000000,0.000000,,,,,,,,,,,,
797812,,,,,,,,,,,0.000000,0.000000,0.000000,0.000000,0.000000,0.000000,,,,,,,,,,,,
797823,,,,,,,,,,,0.000000,0.000000,0.000000,0.000000,0.000000,0.000000,,,,,,,,,,,,
797827,,,,,,,,,,,0.000000,0.000000,0.000000,0.000000,0.000000,0.000000,,,,,,,,,,,,
797832,,,,,,,,,,,0.000000,0.000000,0.000000,0.000000,0.000000,0.000000,,,,,,,,,,,,
797837,,,,,,,,,,,0.000000,0.000000,0.000000,0.000000,0.000000,0.000000,,,,,,,,,,,,
797841,,,,,,,,,,,0.000000,0.000000,,,,,,,,,,,,,,,,
797842,,,,,,,,,,,,,0.000000,0.000000,0.000000,0.000000,,,,,,,,,,,,
797846,,,,,,,,,,,0.000000,0.000000,,,,,,,,,,,,,,,,
797847,,,,,,,,,,,,,0.000000,0.000000,0.000000,0.000000,,,,,,,,,,,,
797851,,,,,,,,,,,0.000000,0.000000,,,,,,,,,,,,,,,,
797852,,,,,,,,,,,,,0.000000,0.000000,0.000000,0.000000,,,,,,,,,,,,
797857,,,,,,,,,,,0.000000,0.000000,0.000000,0.000000,0.000000,0.000000,,,,,,,,,,,,
797862,,,,,,,,,,,0.000000,0.000000,0.000000,0.000000,0.000000,0.000000,,,,,,,,,,,,
797867,,,,,,,,,,,0.000000,0.000000,0.000000,0.000000,0.000000,0.000000,,,,,,,,,,,,
797872,,,,,,,,,,,0.000000,0.000000,0.000000,0.000000,0.000000,0.000000,,,,,,,,,,,,
797884,,,,,,,,,,,0.000000,0.000000,0.000000,0.000000,0.000000,0.000000,,,,,,,,,,,,
797887,,,,,,,,,,,0.000000,0.000000,0.000000,0.000000,0.000000,0.000000,,,,,,,,,,,,
797892,,,,,,,,,,,0.000000,0.000000,0.000000,0.000000,0.000000,0.000000,,,,,,,,,,,,
797897,,,,,,,,,,,0.000000,0.000000,0.000000,0.000000,0.000000,0.000000,,,,,,,,,,,,
797902,,,,,,,,,,,0.000000,0.000000,0.000000,0.000000,0.000000,0.000000,,,,,,,,,,,,
797907,,,,,,,,,,,0.000000,0.000000,0.000000,0.000000,0.000000,0.000000,,,,,,,,,,,,
797912,,,,,,,,,,,0.000000,0.000000,0.000000,0.000000,0.000000,0.000000,,,,,,,,,,,,
797916,,,,,,,,,,,0.000000,0.000000,,,,,,,,,,,,,,,,
797917,,,,,,,,,,,,,0.000000,0.000000,0.000000,0.000000,,,,,,,,,,,,
797922,,,,,,,,,,,0.000000,0.000000,0.000000,0.000000,0.000000,0.000000,,,,,,,,,,,,
797927,,,,,,,,,,,0.000000,0.000000,0.000000,0.000000,0.000000,0.000000,,,,,,,,,,,,
797931,,,,,,,,,,,0.000000,0.000000,,,,,,,,,,,,,,,,
797932,,,,,,,,,,,,,0.000000,0.000000,0.000000,0.000000,,,,,,,,,,,,
797943,,,,,,,,,,,0.000000,0.000000,0.000000,0.000000,0.000000,0.000000,,,,,,,,,,,,
797947,,,,,,,,,,,0.000000,0.000000,0.000000,0.000000,0.000000,0.000000,,,,,,,,,,,,
797952,,,,,,,,,,,0.000000,0.000000,0.000000,0.000000,0.000000,0.000000,,,,,,,,,,,,
797957,,,,,,,,,,,0.000000,0.000000,0.000000,0.000000,0.000000,0.000000,,,,,,,,,,,,
797962,,,,,,,,,,,0.000000,0.000000,0.000000,0.000000,0.000000,0.000000,,,,,,,,,,,,
797967,,,,,,,,,,,0.000000,0.000000,0.000000,0.000000,0.000000,0.000000,,,,,,,,,,,,
797971,,,,,,,,,,,0.000000,0.000000,,,,,,,,,,,,,,,,
797972,,,,,,,,,,,,,0.000000,0.000000,0.000000,0.000000,,,,,,,,,,,,
797977,,,,,,,,,,,0.000000,0.000000,0.000000,0.000000,0.000000,0.000000,,,,,,,,,,,,
797981,,,,,,,,,,,0.000000,0.000000,,,,,,,,,,,,,,,,
797982,,,,,,,,,,,,,0.000000,0.000000,0.000000,0.000000,,,,,,,,,,,,
797987,,,,,,,,,,,0.000000,0.000000,0.000000,0.000000,0.000000,0.000000,,,,,,,,,,,,
797991,,,,,,,,,,,0.000000,0.000000,,,,,,,,,,,,,,,,
797992,,,,,,,,,,,,,0.000000,0.000000,0.000000,0.000000,,,,,,,,,,,,
797997,,,,,,,,,,,0.000000,0.000000,0.000000,0.000000,0.000000,0.000000,,,,,,,,,,,,
798002,,,,,,,,,,,0.000000,0.000000,0.000000,0.000000,0.000000,0.000000,,,,,,,,,,,,
798007,,,,,,,,,,,0.000000,0.000000,0.000000,0.000000,0.000000,0.000000,,,,,,,,,,,,
798012,,,,,,,,,,,0.000000,0.000000,0.000000,0.000000,0.000000,0.000000,,,,,,,,,,,,
798023,,,,,,,,,,,0.000000,0.000000,0.000000,0.000000,0.000000,0.000000,,,,,,,,,,,,
798027,,,,,,,,,,,0.000000,0.000000,0.000000,0.000000,0.000000,0.000000,,,,,,,,,,,,
798032,,,,,,,,,,,0.000000,0.000000,0.000000,0.000000,0.000000,0.000000,,,,,,,,,,,,
798037,,,,,,,,,,,0.000000,0.000000,0.000000,0.000000,0.000000,0.000000,,,,,,,,,,,,
798041,,,,,,,,,,,0.000000,0.000000,,,,,,,,,,,,,,,,
798042,,,,,,,,,,,,,0.000000,0.000000,0.000000,0.000000,,,,,,,,,,,,
798047,,,,,,,,,,,0.000000,0.000000,0.000000,0.000000,0.000000,0.000000,,,,,,,,,,,,
798052,,,,,,,,,,,0.000000,0.000000,0.000000,0.000000,0.000000,0.000000,,,,,,,,,,,,
798057,,,,,,,,,,,0.000000,0.000000,0.000000,0.000000,0.000000,0.000000,,,,,,,,,,,,
798062,,,,,,,,,,,0.000000,0.000000,0.000000,0.000000,0.000000,0.000000,,,,,,,,,,,,
798067,,,,,,,,,,,0.000000,0.000000,0.000000,0.000000,0.000000,0.000000,,,,,,,,,,,,
798071,,,,,,,,,,,0.000000,0.000000,,,,,,,,,,,,,,,,
798072,,,,,,,,,,,,,0.000000,0.000000,0.000000,0.000000,,,,,,,,,,,,
798083,,,,,,,,,,,0.000000,0.000000,0.000000,0.000000,0.000000,0.000000,,,,,,,,,,,,
798084,,,,,,,,,,,0.000000,0.000000,0.000000,0.000000,0.000000,0.000000,,,,,,,,,,,,
798087,,,,,,,,,,,0.000000,0.000000,0.000000,0.000000,0.000000,0.000000,,,,,,,,,,,,
798092,,,,,,,,,,,0.000000,0.000000,0.000000,0.000000,0.000000,0.000000,,,,,,,,,,,,
798097,,,,,,,,,,,0.000000,0.000000,0.000000,0.000000,0.000000,0.000000,,,,,,,,,,,,
798102,,,,,,,,,,,0.000000,0.000000,0.000000,0.000000,0.000000,0.000000,,,,,,,,,,,,
798107,,,,,,,,,,,0.000000,0.000000,0.000000,0.000000,0.000000,0.000000,,,,,,,,,,,,
798112,,,,,,,,,,,0.000000,0.000000,0.000000,0.000000,0.000000,0.000000,,,,,,,,,,,,
798117,,,,,,,,,,,0.000000,0.000000,0.000000,0.000000,0.000000,0.000000,,,,,,,,,,,,
798121,,,,,,,,,,,0.000000,0.000000,,,,,,,,,,,,,,,,
798122,,,,,,,,,,,,,0.000000,0.000000,0.000000,0.000000,,,,,,,,,,,,
798127,,,,,,,,,,,0.000000,0.000000,0.000000,0.000000,0.000000,0.000000,,,,,,,,,,,,
798131,,,,,,,,,,,0.000000,0.000000,,,,,,,,,,,,,,,,
798132,,,,,,,,,,,,,0.000000,0.000000,0.000000,0.000000,,,,,,,,,,,,
798143,,,,,,,,,,,0.000000,0.000000,0.000000,0.000000,0.000000,0.000000,,,,,,,,,,,,
798144,,,,,,,,,,,0.000000,0.000000,0.000000,0.000000,0.000000,0.000000,,,,,,,,,,,,
798147,,,,,,,,,,,0.000000,0.000000,0.000000,0.000000,0.000000,0.000000,,,,,,,,,,,,
798152,,,,,,,,,,,0.000000,0.000000,0.000000,0.000000,0.000000,0.000000,,,,,,,,,,,,
798157,,,,,,,,,,,0.000000,0.000000,0.000000,0.000000,0.000000,0.000000,,,,,,,,,,,,
798162,,,,,,,,,,,0.000000,0.000000,0.000000,0.000000,0.000000,0.000000,,,,,,,,,,,,
798167,,,,,,,,,,,0.000000,0.000000,0.000000,0.000000,0.000000,0.000000,,,,,,,,,,,,
798171,,,,,,,,,,,0.000000,0.000000,,,,,,,,,,,,,,,,
798172,,,,,,,,,,,,,0.000000,0.000000,0.000000,0.000000,,,,,,,,,,,,
798177,,,,,,,,,,,0.000000,0.000000,0.000000,0.000000,0.000000,0.000000,,,,,,,,,,,,
798182,,,,,,,,,,,0.000000,0.000000,0.000000,0.000000,0.000000,0.000000,,,,,,,,,,,,
798186,,,,,,,,,,,0.000000,0.000000,,,,,,,,,,,,,,,,
798187,,,,,,,,,,,,,0.000000,0.000000,0.000000,0.000000,,,,,,,,,,,,
798192,,,,,,,,,,,0.000000,0.000000,0.000000,0.000000,0.000000,0.000000,,,,,,,,,,,,
798203,,,,,,,,,,,0.000000,0.000000,0.000000,0.000000,0.000000,0.000000,,,,,,,,,,,,
798207,,,,,,,,,,,0.000000,0.000000,0.000000,0.000000,0.000000,0.000000,,,,,,,,,,,,
798212,,,,,,,,,,,0.000000,0.000000,0.000000,0.000000,0.000000,0.000000,,,,,,,,,,,,
798217,,,,,,,,,,,0.000000,0.000000,0.000000,0.000000,0.000000,0.000000,,,,,,,,,,,,
798222,,,,,,,,,,,0.000000,0.000000,0.000000,0.000000,0.000000,0.000000,,,,,,,,,,,,
798227,,,,,,,,,,,0.000000,0.000000,0.000000,0.000000,0.000000,0.000000,,,,,,,,,,,,
798231,,,,,,,,,,,0.000000,0.000000,,,,,,,,,,,,,,,,
798232,,,,,,,,,,,,,0.000000,0.000000,0.000000,0.000000,,,,,,,,,,,,
798237,,,,,,,,,,,0.000000,0.000000,0.000000,0.000000,0.000000,0.000000,,,,,,,,,,,,
798241,,,,,,,,,,,0.000000,0.000000,,,,,,,,,,,,,,,,
798242,,,,,,,,,,,,,0.000000,0.000000,0.000000,0.000000,,,,,,,,,,,,
798246,,,,,,,,,,,0.000000,0.000000,,,,,,,,,,,,,,,,
798247,,,,,,,,,,,,,0.000000,0.000000,0.000000,0.000000,,,,,,,,,,,,
798252,,,,,,,,,,,0.000000,0.000000,0.000000,0.000000,0.000000,0.000000,,,,,,,,,,,,
798257,,,,,,,,,,,0.000000,0.000000,0.000000,0.000000,0.000000,0.000000,,,,,,,,,,,,
798262,,,,,,,,,,,0.000000,0.000000,0.000000,0.000000,0.000000,0.000000,,,,,,,,,,,,
798267,,,,,,,,,,,0.000000,0.000000,0.000000,0.000000,0.000000,0.000000,,,,,,,,,,,,
798271,,,,,,,,,,,0.000000,0.000000,,,,,,,,,,,,,,,,
798272,,,,,,,,,,,,,0.000000,0.000000,0.000000,0.000000,,,,,,,,,,,,
798283,,,,,,,,,,,0.000000,0.000000,0.000000,0.000000,0.000000,0.000000,,,,,,,,,,,,
798287,,,,,,,,,,,0.000000,0.000000,0.000000,0.000000,0.000000,0.000000,,,,,,,,,,,,
798292,,,,,,,,,,,0.000000,0.000000,0.000000,0.000000,0.000000,0.000000,,,,,,,,,,,,
798297,,,,,,,,,,,0.000000,0.000000,0.000000,0.000000,0.000000,0.000000,,,,,,,,,,,,
798302,,,,,,,,,,,0.000000,0.000000,0.000000,0.000000,0.000000,0.000000,,,,,,,,,,,,
798307,,,,,,,,,,,0.000000,0.000000,0.000000,0.000000,0.000000,0.000000,,,,,,,,,,,,
798311,,,,,,,,,,,0.000000,0.000000,,,,,,,,,,,,,,,,
798312,,,,,,,,,,,,,0.000000,0.000000,0.000000,0.000000,,,,,,,,,,,,
798317,,,,,,,,,,,0.000000,0.000000,0.000000,0.000000,0.000000,0.000000,,,,,,,,,,,,
798322,,,,,,,,,,,0.000000,0.000000,0.000000,0.000000,0.000000,0.000000,,,,,,,,,,,,
798327,,,,,,,,,,,0.000000,0.000000,0.000000,0.000000,0.000000,0.000000,,,,,,,,,,,,
798331,,,,,,,,,,,0.000000,0.000000,,,,,,,,,,,,,,,,
798332,,,,,,,,,,,,,0.000000,0.000000,0.000000,0.000000,,,,,,,,,,,,
798343,,,,,,,,,,,0.000000,0.000000,0.000000,0.000000,0.000000,0.000000,,,,,,,,,,,,
798347,,,,,,,,,,,0.000000,0.000000,0.000000,0.000000,0.000000,0.000000,,,,,,,,,,,,
798352,,,,,,,,,,,0.000000,0.000000,0.000000,0.000000,0.000000,0.000000,,,,,,,,,,,,
798357,,,,,,,,,,,0.000000,0.000000,0.000000,0.000000,0.000000,0.000000,,,,,,,,,,,,
798362,,,,,,,,,,,0.000000,0.000000,0.000000,0.000000,0.000000,0.000000,,,,,,,,,,,,
798366,,,,,,,,,,,0.000000,0.000000,,,,,,,,,,,,,,,,
798367,,,,,,,,,,,,,0.000000,0.000000,0.000000,0.000000,,,,,,,,,,,,
798372,,,,,,,,,,,0.000000,0.000000,0.000000,0.000000,0.000000,0.000000,,,,,,,,,,,,
798377,,,,,,,,,,,0.000000,0.000000,0.000000,0.000000,0.000000,0.000000,,,,,,,,,,,,
798382,,,,,,,,,,,0.000000,0.000000,0.000000,0.000000,0.000000,0.000000,,,,,,,,,,,,
798387,,,,,,,,,,,0.000000,0.000000,0.000000,0.000000,0.000000,0.000000,,,,,,,,,,,,
798391,,,,,,,,,,,0.000000,0.000000,,,,,,,,,,,,,,,,
798392,,,,,,,,,,,,,0.000000,0.000000,0.000000,0.000000,,,,,,,,,,,,
798404,,,,,,,,,,,0.000000,0.000000,0.000000,0.000000,0.000000,0.000000,,,,,,,,,,,,
798407,,,,,,,,,,,0.000000,0.000000,0.000000,0.000000,0.000000,0.000000,,,,,,,,,,,,
798412,,,,,,,,,,,0.000000,0.000000,0.000000,0.000000,0.000000,0.000000,,,,,,,,,,,,
798417,,,,,,,,,,,0.000000,0.000000,0.000000,0.000000,0.000000,0.000000,,,,,,,,,,,,
798421,,,,,,,,,,,0.000000,0.000000,,,,,,,,,,,,,,,,
798422,,,,,,,,,,,,,0.000000,0.000000,0.000000,0.000000,,,,,,,,,,,,
798427,,,,,,,,,,,0.000000,0.000000,0.000000,0.000000,0.000000,0.000000,,,,,,,,,,,,
798432,,,,,,,,,,,0.000000,0.000000,0.000000,0.000000,0.000000,0.000000,,,,,,,,,,,,
798437,,,,,,,,,,,0.000000,0.000000,0.000000,0.000000,0.000000,0.000000,,,,,,,,,,,,
798442,,,,,,,,,,,0.000000,0.000000,0.000000,0.000000,0.000000,0.000000,,,,,,,,,,,,
798447,,,,,,,,,,,0.000000,0.000000,0.000000,0.000000,0.000000,0.000000,,,,,,,,,,,,
798452,,,,,,,,,,,0.000000,0.000000,0.000000,0.000000,0.000000,0.000000,,,,,,,,,,,,
798457,,,,,,,,,,,0.000000,0.000000,0.000000,0.000000,0.000000,0.000000,,,,,,,,,,,,
798462,,,,,,,,,,,0.000000,0.000000,0.000000,0.000000,0.000000,0.000000,,,,,,,,,,,,
798466,,,,,,,,,,,0.000000,0.000000,,,,,,,,,,,,,,,,
798467,,,,,,,,,,,,,0.000000,0.000000,0.000000,0.000000,,,,,,,,,,,,
798472,,,,,,,,,,,0.000000,0.000000,0.000000,0.000000,0.000000,0.000000,,,,,,,,,,,,
798483,,,,,,,,,,,0.000000,0.000000,0.000000,0.000000,0.000000,0.000000,,,,,,,,,,,,
798487,,,,,,,,,,,0.000000,0.000000,0.000000,0.000000,0.000000,0.000000,,,,,,,,,,,,
798492,,,,,,,,,,,0.000000,0.000000,0.000000,0.000000,0.000000,0.000000,,,,,,,,,,,,
798497,,,,,,,,,,,0.000000,0.000000,0.000000,0.000000,0.000000,0.000000,,,,,,,,,,,,
798502,,,,,,,,,,,0.000000,0.000000,0.000000,0.000000,0.000000,0.000000,,,,,,,,,,,,
798507,,,,,,,,,,,0.000000,0.000000,0.000000,0.000000,0.000000,0.000000,,,,,,,,,,,,
798511,,,,,,,,,,,0.000000,0.000000,,,,,,,,,,,,,,,,
798512,,,,,,,,,,,,,0.000000,0.000000,0.000000,0.000000,,,,,,,,,,,,
798517,,,,,,,,,,,0.000000,0.000000,0.000000,0.000000,0.000000,0.000000,,,,,,,,,,,,
798522,,,,,,,,,,,0.000000,0.000000,0.000000,0.000000,0.000000,0.000000,,,,,,,,,,,,
798527,,,,,,,,,,,0.000000,0.000000,0.000000,0.000000,0.000000,0.000000,,,,,,,,,,,,
798532,,,,,,,,,,,0.000000,0.000000,0.000000,0.000000,0.000000,0.000000,,,,,,,,,,,,
798543,,,,,,,,,,,0.000000,0.000000,0.000000,0.000000,0.000000,0.000000,,,,,,,,,,,,
798544,,,,,,,,,,,0.000000,0.000000,0.000000,0.000000,0.000000,0.000000,,,,,,,,,,,,
798547,,,,,,,,,,,0.000000,0.000000,0.000000,0.000000,0.000000,0.000000,,,,,,,,,,,,
798552,,,,,,,,,,,0.000000,0.000000,0.000000,0.000000,0.000000,0.000000,,,,,,,,,,,,
798557,,,,,,,,,,,0.000000,0.000000,0.000000,0.000000,0.000000,0.000000,,,,,,,,,,,,
798561,,,,,,,,,,,0.000000,0.000000,,,,,,,,,,,,,,,,
798562,,,,,,,,,,,,,0.000000,0.000000,0.000000,0.000000,,,,,,,,,,,,
798567,,,,,,,,,,,0.000000,0.000000,0.000000,0.000000,0.000000,0.000000,,,,,,,,,,,,
798571,,,,,,,,,,,0.000000,0.000000,,,,,,,,,,,,,,,,
798572,,,,,,,,,,,,,0.000000,0.000000,0.000000,0.000000,,,,,,,,,,,,
798577,,,,,,,,,,,0.000000,0.000000,0.000000,0.000000,0.000000,0.000000,,,,,,,,,,,,
798582,,,,,,,,,,,0.000000,0.000000,0.000000,0.000000,0.000000,0.000000,,,,,,,,,,,,
798587,,,,,,,,,,,0.000000,0.000000,0.000000,0.000000,0.000000,0.000000,,,,,,,,,,,,
798591,,,,,,,,,,,0.000000,0.000000,,,,,,,,,,,,,,,,
798592,,,,,,,,,,,,,0.000000,0.000000,0.000000,0.000000,,,,,,,,,,,,
798603,,,,,,,,,,,0.000000,0.000000,0.000000,0.000000,0.000000,0.000000,,,,,,,,,,,,
798604,,,,,,,,,,,0.000000,0.000000,0.000000,0.000000,0.000000,0.000000,,,,,,,,,,,,
798607,,,,,,,,,,,0.000000,0.000000,0.000000,0.000000,0.000000,0.000000,,,,,,,,,,,,
798612,,,,,,,,,,,0.000000,0.000000,0.000000,0.000000,0.000000,0.000000,,,,,,,,,,,,
798617,,,,,,,,,,,0.000000,0.000000,0.000000,0.000000,0.000000,0.000000,,,,,,,,,,,,
798622,,,,,,,,,,,0.000000,0.000000,0.000000,0.000000,0.000000,0.000000,,,,,,,,,,,,
798627,,,,,,,,,,,0.000000,0.000000,0.000000,0.000000,0.000000,0.000000,,,,,,,,,,,,
798632,,,,,,,,,,,0.000000,0.000000,0.000000,0.000000,0.000000,0.000000,,,,,,,,,,,,
798637,,,,,,,,,,,0.000000,0.000000,0.000000,0.000000,0.000000,0.000000,,,,,,,,,,,,
798642,,,,,,,,,,,0.000000,0.000000,0.000000,0.000000,0.000000,0.000000,,,,,,,,,,,,
798647,,,,,,,,,,,1.286618,-77.747253,0.000000,0.000000,0.012995,-0.785247,,,,,,,,,,,,
798652,,,,,,,,,,,1.286618,-77.747253,0.000000,-1.182890,0.013124,-0.781075,,,,,,,,,,,,
798664,,,,,,,,,,,1.286618,-77.747253,0.000000,-14.010927,0.013381,-0.665474,,,,,,,,,,,,
798667,,,,,,,,,,,1.286618,-77.747253,0.000000,-17.535721,0.013509,-0.636248,,,,,,,,,,,,
798672,,,,,,,,,,,1.286618,-77.747253,0.000000,-24.305593,0.013638,-0.573893,,,,,,,,,,,,
798677,,,,,,,,,,,1.286618,-77.747253,0.000000,-31.083820,0.013767,-0.510777,,,,,,,,,,,,
798682,,,,,,,,,,,1.283955,-77.747330,0.000000,-36.686794,0.013869,-0.458854,,,,,,,,,,,,
798687,,,,,,,,,,,1.283955,-77.747330,0.000000,-42.398624,0.013997,-0.405271,,,,,,,,,,,,
798692,,,,,,,,,,,1.283955,-77.747330,0.000000,-47.027050,0.014125,-0.362058,,,,,,,,,,,,
798697,,,,,,,,,,,1.283955,-77.747330,0.000000,-50.665382,0.014254,-0.328383,,,,,,,,,,,,
798702,,,,,,,,,,,-0.216689,-77.788918,0.000000,-53.990345,-0.000774,-0.297929,,,,,,,,,,,,
798707,,,,,,,,,,,-0.216689,-77.788918,0.000000,-56.437485,-0.000796,-0.275593,,,,,,,,,,,,
798712,,,,,,,,,,,-0.216689,-77.788918,0.000000,-58.673851,-0.000818,-0.255141,,,,,,,,,,,,
798717,,,,,,,,,,,-0.216689,-77.788918,0.000000,-60.126152,-0.000839,-0.242384,,,,,,,,,,,,
798722,,,,,,,,,,,-5.769018,-77.942787,0.591445,-60.861923,-0.062913,-0.238273,,,,,,,,,,,,
798727,,,,,,,,,,,-5.769018,-77.942787,0.540504,-59.168541,-0.063035,-0.257085,,,,,,,,,,,,
798732,,,,,,,,,,,-5.769018,-77.942787,0.493950,-57.621010,-0.063195,-0.274592,,,,,,,,,,,,
798743,,,,,,,,,,,-5.769018,-77.942787,0.412526,-55.740643,-0.063621,-0.297376,,,,,,,,,,,,
798747,,,,,,,,,,,-13.516601,-78.157494,0.376995,-53.305470,-0.142131,-0.326360,,,,,,,,,,,,
798752,,,,,,,,,,,-13.516601,-78.157494,0.344525,-52.262928,-0.143193,-0.339374,,,,,,,,,,,,
798757,,,,,,,,,,,-13.516601,-78.157494,0.314851,-51.901627,-0.144279,-0.345613,,,,,,,,,,,,
798762,,,,,,,,,,,-21.517757,-78.379242,0.287732,-50.980000,-0.226200,-0.359787,,,,,,,,,,,,
798767,,,,,,,,,,,-21.517757,-78.379242,0.262950,-50.729195,-0.228130,-0.365060,,,,,,,,,,,,
798772,,,,,,,,,,,-21.517757,-78.379242,-0.351143,-50.499992,-0.224106,-0.370140,,,,,,,,,,,,
798777,,,,,,,,,,,-21.517757,-78.379242,-1.503788,-50.290531,-0.214581,-0.375043,,,,,,,,,,,,
798782,,,,,,,,,,,-31.397438,-78.653046,-1.965712,-50.690556,-0.311702,-0.376577,,,,,,,,,,,,
798787,,,,,,,,,,,-31.397438,-78.653046,-2.979294,-51.056126,-0.304408,-0.375681,,,,,,,,,,,,
798792,,,,,,,,,,,-31.397438,-78.653046,-4.497022,-51.981655,-0.291920,-0.369093,,,,,,,,,,,,
798816,,,,,,,,,,,-31.397438,-78.653046,-11.713335,-56.709934,-0.226926,-0.327387,,,,,,,,,,,,
798817,,,,,,,,,,,-42.380756,-78.957428,-10.704463,-51.825497,-0.350015,-0.381989,,,,,,,,,,,,
798822,,,,,,,,,,,-42.380756,-78.957428,-12.739710,-52.684761,-0.332627,-0.376024,,,,,,,,,,,,
798827,,,,,,,,,,,-42.380756,-78.957428,-14.599660,-54.061459,-0.316806,-0.364746,,,,,,,,,,,,
798832,,,,,,,,,,,-42.380756,-78.957428,-16.890858,-54.728138,-0.296443,-0.360502,,,,,,,,,,,,
798837,,,,,,,,,,,-42.380756,-78.957428,-18.984715,-55.928841,-0.277844,-0.350798,,,,,,,,,,,,
798842,,,,,,,,,,,-65.768295,-79.605591,-20.898226,-56.434681,-0.497071,-0.354538,,,,,,,,,,,,
798847,,,,,,,,,,,-65.768295,-79.605591,-23.238371,-57.488400,-0.477923,-0.346213,,,,,,,,,,,,
798852,,,,,,,,,,,-65.768295,-79.605591,-26.559849,-57.859917,-0.448629,-0.344672,,,,,,,,,,,,
798864,,,,,,,,,,,-65.768295,-79.605591,-35.153755,-60.753754,-0.368481,-0.318932,,,,,,,,,,,,
798867,,,,,,,,,,,-78.914528,-79.969917,-35.674625,-58.478245,-0.499059,-0.347479,,,,,,,,,,,,
798872,,,,,,,,,,,-78.914528,-79.969917,-39.107857,-59.355949,-0.468707,-0.340764,,,,,,,,,,,,
798877,,,,,,,,,,,-79.999992,-79.999992,-42.245384,-59.566612,-0.451962,-0.341001,,,,,,,,,,,,
798882,,,,,,,,,,,-79.999992,-79.999992,-45.112675,-60.350574,-0.426778,-0.335126,,,,,,,,,,,,
798887,,,,,,,,,,,-79.999992,-79.999992,-48.324448,-61.067017,-0.397828,-0.329855,,,,,,,,,,,,
798892,,,,,,,,,,,-79.999992,-79.999992,-51.851036,-61.721752,-0.365377,-0.325136,,,,,,,,,,,,
798897,,,,,,,,,,,-79.999992,-79.999992,-54.482433,-62.320095,-0.341614,-0.320920,,,,,,,,,,,,
798902,,,,,,,,,,,-79.999992,-79.999992,-55.704300,-62.866901,-0.331825,-0.317166,,,,,,,,,,,,
798907,,,,,,,,,,,-79.999992,-79.999992,-56.820927,-62.775166,-0.322977,-0.319805,,,,,,,,,,,,
798912,,,,,,,,,,,-79.999992,-79.999992,-57.841377,-63.282776,-0.314988,-0.316401,,,,,,,,,,,,
798925,,,,,,,,,,,-79.999992,-79.999992,-60.197769,-66.414650,-0.294818,-0.287238,,,,,,,,,,,,
798927,,,,,,,,,,,-79.739189,-70.589043,-57.378704,-62.468678,-0.322636,-0.233400,,,,,,,,,,,,
798932,,,,,,,,,,,-79.739189,-70.589043,-57.168224,-62.411240,-0.326998,-0.234793,,,,,,,,,,,,
798937,,,,,,,,,,,-79.739189,-70.589043,-56.975872,-62.358749,-0.331198,-0.236140,,,,,,,,,,,,
798942,,,,,,,,,,,-79.494797,-61.770706,-57.391533,-62.310783,-0.326808,-0.148383,,,,,,,,,,,,
798947,,,,,,,,,,,-79.494797,-61.770706,-57.771393,-61.675503,-0.325181,-0.154745,,,,,,,,,,,,
798952,,,,,,,,,,,-79.494797,-61.770706,-57.527088,-61.094936,-0.329821,-0.160618,,,,,,,,,,,,
798957,,,,,,,,,,,-79.494797,-61.770706,-57.303825,-59.972931,-0.334273,-0.172018,,,,,,,,,,,,
798962,,,,,,,,,,,-79.494797,-61.770706,-57.691238,-58.947563,-0.332579,-0.182554,,,,,,,,,,,,
798967,,,,,,,,,,,-79.310455,-55.119183,-57.453838,-58.601955,-0.335295,-0.119147,,,,,,,,,,,,
798972,,,,,,,,,,,-79.310455,-55.119183,-57.236885,-57.694672,-0.339672,-0.127962,,,,,,,,,,,,
798977,,,,,,,,,,,-79.310455,-55.119183,-57.630066,-56.865532,-0.337909,-0.136079,,,,,,,,,,,,
798982,,,,,,,,,,,-79.310455,-55.119183,-57.989380,-56.107807,-0.336448,-0.143557,,,,,,,,,,,,
798987,,,,,,,,,,,-79.310455,-55.119183,-58.317745,-55.415344,-0.335263,-0.150452,,,,,,,,,,,,
798992,,,,,,,,,,,-79.310455,-55.119183,-58.026386,-54.191078,-0.340305,-0.162788,,,,,,,,,,,,
799004,,,,,,,,,,,-79.310455,-55.119183,-60.403225,-53.906170,-0.319814,-0.165371,,,,,,,,,,,,
799007,,,,,,,,,,,-79.078018,-46.731651,-58.157906,-51.629002,-0.342035,-0.103778,,,,,,,,,,,,
799012,,,,,,,,,,,-79.078018,-46.731651,-58.471756,-50.730854,-0.340957,-0.112359,,,,,,,,,,,,
799017,,,,,,,,,,,-79.078018,-46.731651,-58.758575,-49.318619,-0.340120,-0.126223,,,,,,,,,,,,
799022,,,,,,,,,,,-79.078018,-46.731651,-59.612137,-48.619465,-0.333531,-0.133026,,,,,,,,,,,,
799027,,,,,,,,,,,-79.078018,-46.731651,-59.800735,-47.389084,-0.333573,-0.145264,,,,,,,,,,,,
799032,,,,,,,,,,,-79.078018,-46.731651,-60.564533,-46.856121,-0.327786,-0.150581,,,,,,,,,,,,
799037,,,,,,,,,,,-79.078018,-46.731651,-61.262547,-45.777618,-0.322588,-0.161462,,,,,,,,,,,,
799042,,,,,,,,,,,-79.078018,-46.731651,-61.308994,-45.383453,-0.323900,-0.165538,,,,,,,,,,,,
799047,,,,,,,,,,,-79.256157,-53.159931,-61.942886,-44.431793,-0.321074,-0.240210,,,,,,,,,,,,
799052,,,,,,,,,,,-79.256157,-53.159931,-63.113625,-44.153542,-0.310981,-0.243893,,,,,,,,,,,,
799063,,,,,,,,,,,-79.256157,-53.159931,-71.872314,-49.222260,-0.224132,-0.193600,,,,,,,,,,,,
799064,,,,,,,,,,,-79.256157,-53.159931,-65.681938,-45.574181,-0.287394,-0.230839,,,,,,,,,,,,
799067,,,,,,,,,,,-79.344826,-56.359177,-63.573410,-43.423203,-0.310943,-0.285635,,,,,,,,,,,,
799072,,,,,,,,,,,-79.344826,-56.359177,-64.603714,-43.823269,-0.302114,-0.282888,,,,,,,,,,,,
799077,,,,,,,,,,,-79.344826,-56.359177,-64.953835,-43.597431,-0.300052,-0.286423,,,,,,,,,,,,
799082,,,,,,,,,,,-79.344826,-56.359177,-65.273796,-43.982491,-0.298259,-0.283810,,,,,,,,,,,,
799087,,,,,,,,,,,-79.344826,-56.359177,-65.566200,-44.925827,-0.296713,-0.275520,,,,,,,,,,,,
799092,,,,,,,,,,,-79.344826,-56.359177,-65.833420,-45.196472,-0.295392,-0.273930,,,,,,,,,,,,
799097,,,,,,,,,,,-79.344826,-56.359177,-66.077621,-45.443806,-0.294277,-0.272548,,,,,,,,,,,,
799102,,,,,,,,,,,-79.785133,-72.247070,-66.300789,-45.669834,-0.297797,-0.431824,,,,,,,,,,,,
799107,,,,,,,,,,,-79.785133,-72.247070,-66.504738,-46.467842,-0.297085,-0.426422,,,,,,,,,,,,
799112,,,,,,,,,,,-79.785133,-72.247070,-66.691116,-47.788563,-0.296531,-0.415661,,,,,,,,,,,,
799123,,,,,,,,,,,-79.785133,-72.247070,,,,,,,,,,,,,,,,
799124,,,,,,,,,,,-79.785133,-72.247070,-68.720642,-52.342583,-0.277865,-0.373608,,,,,,,,,,,,
799127,,,,,,,,,,,-79.999992,-79.999992,-65.758942,-51.382977,-0.311055,-0.463595,,,,,,,,,,,,
799132,,,,,,,,,,,-79.999992,-79.999992,-66.009560,-54.054688,-0.309948,-0.439472,,,,,,,,,,,,
799137,,,,,,,,,,,-79.999992,-79.999992,-66.238594,-56.496284,-0.309034,-0.417407,,,,,,,,,,,,
799142,,,,,,,,,,,-79.999992,-79.999992,-66.447899,-58.727585,-0.308296,-0.397221,,,,,,,,,,,,
799147,,,,,,,,,,,-79.999992,-79.999992,-66.047729,-60.766705,-0.313693,-0.378753,,,,,,,,,,,,
799152,,,,,,,,,,,-79.999992,-79.999992,-66.273476,-62.038750,-0.312808,-0.367829,,,,,,,,,,,,
799157,,,,,,,,,,,-79.999992,-79.999992,-66.479774,-63.201233,-0.312097,-0.357884,,,,,,,,,,,,
799162,,,,,,,,,,,-79.999992,-79.999992,-66.668304,-63.672146,-0.311545,-0.354808,,,,,,,,,,,,
799167,,,,,,,,,,,-79.999992,-79.999992,-66.840599,-64.693947,-0.311138,-0.346120,,,,,,,,,,,,
799172,,,,,,,,,,,-79.999992,-79.999992,-66.406609,-65.036293,-0.316837,-0.344193,,,,,,,,,,,,
799177,,,,,,,,,,,-79.999992,-79.999992,-66.601440,-65.940598,-0.316229,-0.336556,,,,,,,,,,,,
799182,,,,,,,,,,,-79.999992,-79.999992,-66.779495,-66.175568,-0.315770,-0.335589,,,,,,,,,,,,
799187,,,,,,,,,,,-79.999992,-79.999992,-66.942215,-66.981743,-0.315449,-0.328829,,,,,,,,,,,,
799192,,,,,,,,,,,-79.999992,-79.999992,-67.090919,-67.127037,-0.315253,-0.328663,,,,,,,,,,,,
799204,,,,,,,,,,,-79.999992,-79.999992,-69.054543,-70.165718,-0.297219,-0.299647,,,,,,,,,,,,
799207,,,,,,,,,,,-79.999992,-79.999992,-66.064087,-67.670998,-0.328517,-0.325827,,,,,,,,,,,,
799212,,,,,,,,,,,-79.999992,-79.999992,-66.288422,-68.348373,-0.327645,-0.320218,,,,,,,,,,,,
799217,,,,,,,,,,,-79.999992,-79.999992,-67.084877,-68.375961,-0.320972,-0.321105,,,,,,,,,,,,
799222,,,,,,,,,,,-79.999992,-79.999992,-67.221291,-69.584061,-0.320886,-0.310065,,,,,,,,,,,,
799227,,,,,,,,,,,-79.999992,-79.999992,-67.937401,-69.505219,-0.314931,-0.311903,,,,,,,,,,,,
799232,,,,,,,,,,,-79.999992,-79.999992,-68.000389,-70.024612,-0.315501,-0.307707,,,,,,,,,,,,
799237,,,,,,,,,,,-79.999992,-79.999992,-68.057953,-70.499275,-0.316120,-0.303910,,,,,,,,,,,,
799242,,,,,,,,,,,-79.999992,-79.999992,-68.702003,-70.933052,-0.310809,-0.300479,,,,,,,,,,,,
799247,,,,,,,,,,,-79.999992,-79.999992,-68.699135,-71.329468,-0.311968,-0.297382,,,,,,,,,,,,
799252,,,,,,,,,,,-79.999992,-79.999992,-69.287956,-71.691742,-0.307151,-0.294590,,,,,,,,,,,,
799263,,,,,,,,,,,-79.999992,-79.999992,-78.106293,-80.894485,-0.219157,-0.202473,,,,,,,,,,,,
799264,,,,,,,,,,,-79.999992,-79.999992,-71.970428,-74.518471,-0.281318,-0.266781,,,,,,,,,,,,
799267,,,,,,,,,,,-79.999992,-79.999992,-69.320267,-71.648849,-0.308888,-0.296313,,,,,,,,,,,,
799272,,,,,,,,,,,-79.999992,-79.999992,-69.855591,-71.983612,-0.304549,-0.293767,,,,,,,,,,,,
799277,,,,,,,,,,,-79.999992,-79.999992,-69.753365,-72.880989,-0.306596,-0.285505,,,,,,,,,,,,
799282,,,,,,,,,,,-79.999992,-79.999992,-70.251389,-73.109627,-0.302591,-0.283908,,,,,,,,,,,,
799287,,,,,,,,,,,-79.999992,-79.999992,-70.115074,-72.727127,-0.304942,-0.288460,,,,,,,,,,,,
799292,,,,,,,,,,,-79.999992,-79.999992,-70.581940,-73.560463,-0.301216,-0.280770,,,,,,,,,,,,
799297,,,,,,,,,,,-79.999992,-79.999992,-71.008598,-73.730576,-0.297848,-0.279696,,,,,,,,,,,,
799302,,,,,,,,,,,-79.999992,-79.999992,-71.398506,-73.886040,-0.294809,-0.278753,,,,,,,,,,,,
799307,,,,,,,,,,,-79.999992,-79.999992,-71.754829,-74.028114,-0.292071,-0.277929,,,,,,,,,,,,
799312,,,,,,,,,,,-79.999992,-79.999992,-71.489021,-74.157951,-0.295580,-0.277215,,,,,,,,,,,,
799323,,,,,,,,,,,-79.999992,-79.999992,-73.757729,-75.986702,-0.273446,-0.259014,,,,,,,,,,,,
799327,,,,,,,,,,,-79.999992,-79.999992,-71.545074,-73.582069,-0.296418,-0.283702,,,,,,,,,,,,
799332,,,,,,,,,,,-79.999992,-79.999992,-71.888779,-73.750320,-0.293792,-0.282645,,,,,,,,,,,,
799337,,,,,,,,,,,-79.999992,-79.999992,-72.202873,-73.904083,-0.291431,-0.281717,,,,,,,,,,,,
799342,,,,,,,,,,,-79.999992,-79.999992,-72.489922,-74.044601,-0.289311,-0.280907,,,,,,,,,,,,
799347,,,,,,,,,,,-79.999992,-79.999992,-72.752243,-74.764465,-0.287413,-0.274232,,,,,,,,,,,,
799352,,,,,,,,,,,-79.999992,-79.999992,-72.991974,-74.830879,-0.285716,-0.274085,,,,,,,,,,,,
799357,,,,,,,,,,,-79.999992,-79.999992,-72.619606,-74.891571,-0.290178,-0.273989,,,,,,,,,,,,
799362,,,,,,,,,,,-79.999992,-79.999992,-72.870758,-74.355591,-0.288379,-0.279913,,,,,,,,,,,,
799367,,,,,,,,,,,-79.999992,-79.999992,-73.100281,-74.457222,-0.286774,-0.279451,,,,,,,,,,,,
799372,,,,,,,,,,,-79.999992,-79.999992,-73.310036,-74.550102,-0.285346,-0.279067,,,,,,,,,,,,
799384,,,,,,,,,,,-79.999992,-79.999992,-75.329498,-76.905655,-0.265440,-0.255470,,,,,,,,,,,,
799387,,,,,,,,,,,-79.999992,-79.999992,-72.390022,-73.830421,-0.295596,-0.286840,,,,,,,,,,,,
799392,,,,,,,,,,,-79.999992,-79.999992,-72.069504,-73.977287,-0.299594,-0.285973,,,,,,,,,,,,
799397,,,,,,,,,,,-79.999992,-79.999992,-72.368034,-74.111504,-0.297372,-0.285220,,,,,,,,,,,,
799402,,,,,,,,,,,-79.999992,-79.999992,-72.640854,-74.234161,-0.295379,-0.284570,,,,,,,,,,,,
799407,,,,,,,,,,,-79.999992,-79.999992,-72.890175,-74.346252,-0.293597,-0.284015,,,,,,,,,,,,
799412,,,,,,,,,,,-79.999992,-79.999992,-73.118019,-74.448685,-0.292007,-0.283545,,,,,,,,,,,,
799417,,,,,,,,,,,-79.999992,-79.999992,-72.734795,-73.950851,-0.296566,-0.289129,,,,,,,,,,,,
799422,,,,,,,,,,,0.000000,0.000000,-72.976028,-74.087341,0.513144,0.519645,,,,,,,,,,,,
799427,,,,,,,,,,,0.000000,0.000000,-71.422150,-72.437744,0.504748,0.510393,,,,,,,,,,,,
799432,,,,,,,,,,,0.000000,0.000000,-67.044876,-68.564445,0.467679,0.478516,,,,,,,,,,,,
799437,,,,,,,,,,,0.000000,0.000000,-60.678841,-62.067532,0.410087,0.419754,,,,,,,,,,,,
799442,,,,,,,,,,,-79.999992,-79.999992,-54.861115,-55.538754,-0.450604,-0.447980,,,,,,,,,,,,
799447,,,,,,,,,,,-79.999992,-79.999992,-50.727360,-50.163746,-0.494869,-0.504714,,,,,,,,,,,,
799452,,,,,,,,,,,-79.999992,-79.999992,-49.906872,-48.208912,-0.506083,-0.527441,,,,,,,,,,,,
799462,,,,,,,,,,,-79.999992,-79.999992,-52.490196,-51.612637,-0.485257,-0.498595,,,,,,,,,,,,
799467,,,,,,,,,,,-79.999992,-79.999992,-54.475098,-53.673122,-0.467961,-0.480623,,,,,,,,,,,,
799472,,,,,,,,,,,-79.999992,-79.999992,-57.471931,-57.330475,-0.440245,-0.446316,,,,,,,,,,,,
799477,,,,,,,,,,,-79.999992,-79.999992,-60.210648,-60.081375,-0.414837,-0.420799,,,,,,,,,,,,
799482,,,,,,,,,,,-79.999992,-79.999992,-61.530586,-61.412449,-0.403485,-0.409347,,,,,,,,,,,,
799487,,,,,,,,,,,-79.999992,-79.999992,-62.736839,-63.220322,-0.393148,-0.392946,,,,,,,,,,,,
799492,,,,,,,,,,,-79.968803,-78.874527,-64.430641,-64.872482,-0.377452,-0.366570,,,,,,,,,,,,
799497,,,,,,,,,,,-79.968803,-78.874527,-65.978554,-66.382339,-0.363372,-0.352721,,,,,,,,,,,,
799502,,,,,,,,,,,-79.968803,-78.874527,-67.984589,-68.353600,-0.344510,-0.334060,,,,,,,,,,,,
799507,,,,,,,,,,,-79.968803,-78.874527,-69.817848,-70.155075,-0.327193,-0.316918,,,,,,,,,,,,
799512,,,,,,,,,,,-79.968803,-78.874527,-70.901764,-71.801392,-0.317260,-0.301162,,,,,,,,,,,,
799530,,,,,,,,,,,-79.968803,-78.874527,-75.894402,-78.113808,-0.266408,-0.236123,,,,,,,,,,,,
799532,,,,,,,,,,,-79.872734,-75.407990,-71.131935,-73.160187,-0.313946,-0.251219,,,,,,,,,,,,
799537,,,,,,,,,,,-79.872734,-75.407990,-70.919777,-72.773331,-0.316963,-0.255351,,,,,,,,,,,,
799542,,,,,,,,,,,-79.872734,-75.407990,-71.317337,-72.419800,-0.313843,-0.259185,,,,,,,,,,,,
799547,,,,,,,,,,,-79.872734,-75.407990,-71.680656,-72.096718,-0.311029,-0.262747,,,,,,,,,,,,
799552,,,,,,,,,,,-79.872734,-75.407990,-72.012680,-71.801460,-0.308494,-0.266060,,,,,,,,,,,,
799557,,,,,,,,,,,-79.872734,-75.407990,-71.724663,-72.123077,-0.312189,-0.263173,,,,,,,,,,,,
799562,,,,,,,,,,,-79.872734,-75.407990,-72.052895,-72.416992,-0.309689,-0.260533,,,,,,,,,,,,
799567,,,,,,,,,,,-79.872734,-75.407990,-71.761414,-72.094147,-0.313415,-0.264092,,,,,,,,,,,,
799572,,,,,,,,,,,-79.754074,-71.126244,-72.086479,-72.390556,-0.309744,-0.218184,,,,,,,,,,,,
799584,,,,,,,,,,,-79.754074,-71.126244,-74.797195,-73.970146,-0.282924,-0.201123,,,,,,,,,,,,
799587,,,,,,,,,,,-79.754074,-71.126244,-71.903564,-70.556305,-0.312645,-0.235318,,,,,,,,,,,,
799592,,,,,,,,,,,-79.754074,-71.126244,-72.216393,-70.393723,-0.310271,-0.237017,,,,,,,,,,,,
799597,,,,,,,,,,,-79.754074,-71.126244,-73.093719,-70.245148,-0.302163,-0.238591,,,,,,,,,,,,
799602,,,,,,,,,,,-79.754074,-71.126244,-73.304039,-70.109367,-0.300705,-0.240050,,,,,,,,,,,,
799607,,,,,,,,,,,-79.754074,-71.126244,-73.496239,-69.985283,-0.299409,-0.241405,,,,,,,,,,,,
799612,,,,,,,,,,,-79.754074,-71.126244,-74.263329,-69.871887,-0.292287,-0.242665,,,,,,,,,,,,
799617,,,,,,,,,,,-79.454224,-60.306507,-74.372910,-69.768257,-0.288701,-0.134557,,,,,,,,,,,,
799622,,,,,,,,,,,-79.454224,-60.306507,-75.064491,-69.673553,-0.282224,-0.134568,,,,,,,,,,,,
799627,,,,,,,,,,,-79.454224,-60.306507,-75.105064,-68.995560,-0.282253,-0.140479,,,,,,,,,,,,
799632,,,,,,,,,,,-79.454224,-60.306507,-75.142143,-68.375961,-0.282314,-0.145868,,,,,,,,,,,,
799637,,,,,,,,,,,-79.454224,-60.306507,-75.176025,-67.809731,-0.282403,-0.150780,,,,,,,,,,,,
799642,,,,,,,,,,,-79.454224,-60.306507,-75.798439,-67.292267,-0.276544,-0.155256,,,,,,,,,,,,
799647,,,,,,,,,,,-79.454224,-60.306507,-75.775795,-66.227928,-0.277138,-0.165307,,,,,,,,,,,,
799652,,,,,,,,,,,-79.454224,-60.306507,-75.755104,-65.255264,-0.277715,-0.174539,,,,,,,,,,,,
799664,,,,,,,,,,,-79.375893,-57.480003,-77.320580,-64.768028,-0.260959,-0.149078,,,,,,,,,,,,
799667,,,,,,,,,,,-79.375893,-57.480003,-74.209610,-62.146770,-0.292586,-0.174824,,,,,,,,,,,,
799672,,,,,,,,,,,-79.375893,-57.480003,-74.915260,-60.934170,-0.285975,-0.186605,,,,,,,,,,,,
799677,,,,,,,,,,,-79.375893,-57.480003,-74.968689,-60.417458,-0.285882,-0.191478,,,,,,,,,,,,
799682,,,,,,,,,,,-79.375893,-57.480003,-75.017517,-59.945248,-0.285829,-0.195954,,,,,,,,,,,,
799687,,,,,,,,,,,-79.375893,-57.480003,-75.653580,-59.513710,-0.279841,-0.200066,,,,,,,,,,,,
799692,,,,,,,,,,,-79.396553,-58.225651,-75.643417,-59.119343,-0.280524,-0.211376,,,,,,,,,,,,
799697,,,,,,,,,,,-79.396553,-58.225651,-76.225571,-58.758942,-0.275020,-0.214927,,,,,,,,,,,,
799702,,,,,,,,,,,-79.396553,-58.225651,-76.166138,-58.429581,-0.275937,-0.218200,,,,,,,,,,,,
799707,,,,,,,,,,,-79.396553,-58.225651,-76.111824,-58.128590,-0.276809,-0.221220,,,,,,,,,,,,
799712,,,,,,,,,,,-79.396553,-58.225651,-76.062187,-58.444965,-0.277639,-0.218034,,,,,,,,,,,,
799724,,,,,,,,,,,-79.396553,-58.225651,-78.168488,-59.671799,-0.256149,-0.204979,,,,,,,,,,,,
799727,,,,,,,,,,,-79.396553,-58.225651,-74.984489,-56.898033,-0.288431,-0.232849,,,,,,,,,,,,
799732,,,,,,,,,,,-79.563911,-64.264427,-74.440506,-56.728954,-0.296056,-0.295682,,,,,,,,,,,,
799737,,,,,,,,,,,-79.563911,-64.264427,-74.534821,-57.165882,-0.295616,-0.292022,,,,,,,,,,,,
799742,,,,,,,,,,,-79.563911,-64.264427,-74.621017,-56.973732,-0.295248,-0.294673,,,,,,,,,,,,
799747,,,,,,,,,,,-79.563911,-64.264427,-74.699791,-57.389576,-0.294947,-0.291202,,,,,,,,,,,,
799752,,,,,,,,,,,-79.563911,-64.264427,-74.771774,-57.769604,-0.294707,-0.288051,,,,,,,,,,,,
799757,,,,,,,,,,,-79.563911,-64.264427,-74.837563,-58.116901,-0.294521,-0.285193,,,,,,,,,,,,
799762,,,,,,,,,,,-79.563911,-64.264427,-74.306236,-57.842838,-0.300360,-0.288576,,,,,,,,,,,,
799767,,,,,,,,,,,-79.563911,-64.264427,-74.412117,-58.183826,-0.299817,-0.285774,,,,,,,,,,,,
799772,,,,,,,,,,,-79.931541,-77.529846,-74.508881,-59.086891,-0.303068,-0.411242,,,,,,,,,,,,
799783,,,,,,,,,,,-79.931541,-77.529846,-82.877533,-67.600952,-0.290888,-0.380920,,,,,,,,,,,,
799784,,,,,,,,,,,,,-75.739273,-62.369915,,,,,,,,,,,,,,
799787,,,,,,,,,,,-79.931541,-77.529846,-73.355949,-60.546650,-0.315379,-0.400851,,,,,,,,,,,,
799792,,,,,,,,,,,-79.931541,-77.529846,-73.543678,-61.837646,-0.314141,-0.389510,,,,,,,,,,,,
799797,,,,,,,,,,,-79.931541,-77.529846,-73.715240,-63.017452,-0.313047,-0.379164,,,,,,,,,,,,
799802,,,,,,,,,,,-79.931541,-77.529846,-73.872025,-64.095642,-0.312085,-0.369725,,,,,,,,,,,,
799807,,,,,,,,,,,-79.931541,-77.529846,-74.015305,-65.672409,-0.311244,-0.355143,,,,,,,,,,,,
799812,,,,,,,,,,,-68.594818,-79.683922,-73.554802,-66.521927,-0.201985,-0.369505,,,,,,,,,,,,
799817,,,,,,,,,,,-68.594818,-79.683922,-73.133957,-67.298271,-0.205740,-0.362980,,,,,,,,,,,,
799822,,,,,,,,,,,-68.594818,-79.683922,-72.749359,-68.007751,-0.209170,-0.357053,,,,,,,,,,,,
799827,,,,,,,,,,,-68.594818,-79.683922,-71.806442,-69.247566,-0.218278,-0.345698,,,,,,,,,,,,
799832,,,,,,,,,,,-68.594818,-79.683922,-70.944740,-70.972046,-0.226660,-0.329325,,,,,,,,,,,,
799844,,,,,,,,,,,-68.594818,-79.683922,-71.732590,-73.866463,-0.217543,-0.300848,,,,,,,,,,,,
799847,,,,,,,,,,,-68.594818,-79.683922,-68.511475,-71.053001,-0.249763,-0.329846,,,,,,,,,,,,
799852,,,,,,,,,,,-68.594818,-79.683922,-67.933571,-72.030533,-0.255608,-0.320836,,,,,,,,,,,,
799857,,,,,,,,,,,-59.901855,-79.443001,-67.996887,-72.332420,-0.167235,-0.316119,,,,,,,,,,,,
799862,,,,,,,,,,,-59.901855,-79.443001,-67.463303,-72.608307,-0.171815,-0.314043,,,,,,,,,,,,
799867,,,,,,,,,,,-59.901855,-79.443001,-66.384232,-73.451874,-0.181958,-0.306207,,,,,,,,,,,,
799872,,,,,,,,,,,-59.901855,-79.443001,-65.398102,-73.631340,-0.191269,-0.304993,,,,,,,,,,,,
799877,,,,,,,,,,,-59.901855,-79.443001,-64.496910,-74.386795,-0.199822,-0.297944,,,,,,,,,,,,
799882,,,,,,,,,,,-59.901855,-79.443001,-63.673336,-74.485741,-0.207680,-0.297451,,,,,,,,,,,,
799887,,,,,,,,,,,-59.901855,-79.443001,-63.512142,-75.167610,-0.208931,-0.291059,,,,,,,,,,,,
799892,,,,,,,,,,,-60.443233,-79.458008,-62.773388,-75.199303,-0.221500,-0.291318,,,,,,,,,,,,
799897,,,,,,,,,,,-60.443233,-79.458008,-62.098263,-75.228264,-0.228085,-0.291452,,,,,,,,,,,,
799902,,,,,,,,,,,-60.443233,-79.458008,-62.072731,-75.846176,-0.228178,-0.285634,,,,,,,,,,,,
799907,,,,,,,,,,,-60.443233,-79.458008,-61.457954,-75.819420,-0.234224,-0.286265,,,,,,,,,,,,
799912,,,,,,,,,,,-60.443233,-79.458008,-61.487572,-76.386414,-0.233823,-0.280902,,,,,,,,,,,,
799923,,,,,,,,,,,-60.443233,-79.458008,-68.020531,-85.776245,-0.167736,-0.186372,,,,,,,,,,,,
799924,,,,,,,,,,,-60.443233,-79.458008,-62.753353,-78.979767,-0.220177,-0.254385,,,,,,,,,,,,
799927,,,,,,,,,,,-67.247192,-79.646568,-60.305618,-76.317337,-0.313388,-0.283228,,,,,,,,,,,,
799932,,,,,,,,,,,-67.247192,-79.646568,-60.434486,-76.250000,-0.312780,-0.284241,,,,,,,,,,,,
799937,,,,,,,,,,,-67.247192,-79.646568,-60.552258,-76.779907,-0.312272,-0.279228,,,,,,,,,,,,
799942,,,,,,,,,,,-67.247192,-79.646568,-61.251328,-76.672729,-0.305881,-0.280598,,,,,,,,,,,,
799947,,,,,,,,,,,-67.247192,-79.646568,-61.298740,-77.166229,-0.306002,-0.275911,,,,,,,,,,,,
799952,,,,,,,,,,,-67.247192,-79.646568,-61.342072,-77.025780,-0.306159,-0.277577,,,,,,,,,,,,
799957,,,,,,,,,,,-67.247192,-79.646568,-61.973114,-77.488869,-0.300376,-0.273162,,,,,,,,,,,,
799962,,,,,,,,,,,-73.206390,-79.811722,-61.958363,-77.320633,-0.361240,-0.276745,,,,,,,,,,,,
799967,,,,,,,,,,,-73.206390,-79.811722,-62.536324,-77.166885,-0.356528,-0.278547,,,,,,,,,,,,
799972,,,,,,,,,,,-73.206390,-79.811722,-63.064507,-77.026382,-0.352260,-0.280231,,,,,,,,,,,,
799984,,,,,,,,,,,-73.206390,-79.811722,-66.721924,-79.463295,-0.316354,-0.255182,,,,,,,,,,,,
799987,,,,,,,,,,,-76.849205,-79.912674,-63.932377,-75.576332,-0.381969,-0.295495,,,,,,,,,,,,
799992,,,,,,,,,,,-76.849205,-79.912674,-64.931763,-75.572823,-0.373167,-0.295964,,,,,,,,,,,,
799997,,,,,,,,,,,-76.849205,-79.912674,-65.845070,-75.569611,-0.365134,-0.296430,,,,,,,,,,,,
800002,,,,,,,,,,,-76.849205,-79.912674,-66.088272,-75.566681,-0.363779,-0.296894,,,,,,,,,,,,
800007,,,,,,,,,,,-76.849205,-79.912674,-66.901970,-76.155449,-0.356636,-0.291382,,,,,,,,,,,,
800012,,,,,,,,,,,-76.849205,-79.912674,-67.645584,-76.102058,-0.350121,-0.292297,,,,,,,,,,,,
800017,,,,,,,,,,,-76.849205,-79.912674,-68.325150,-76.053268,-0.344177,-0.293171,,,,,,,,,,,,
800022,,,,,,,,,,,-79.999992,-79.999992,-68.946182,-75.417236,-0.370580,-0.300863,,,,,,,,,,,,
800027,,,,,,,,,,,-79.999992,-79.999992,-70.105171,-75.427429,-0.359980,-0.301218,,,,,,,,,,,,
800032,,,,,,,,,,,-79.999992,-79.999992,-70.572891,-75.436745,-0.356245,-0.301582,,,,,,,,,,,,
800044,,,,,,,,,,,-79.999992,-79.999992,-74.124557,-77.105637,-0.321270,-0.284809,,,,,,,,,,,,
800047,,,,,,,,,,,-79.999992,-79.999992,-71.288864,-73.421738,-0.350498,-0.322306,,,,,,,,,,,,
800052,,,,,,,,,,,-79.999992,-79.999992,-71.654633,-73.603798,-0.347675,-0.321125,,,,,,,,,,,,
800057,,,,,,,,,,,-79.999992,-79.999992,-71.988899,-73.770180,-0.345133,-0.320084,,,,,,,,,,,,
800062,,,,,,,,,,,-79.999992,-79.999992,-72.885818,-73.922234,-0.336875,-0.319172,,,,,,,,,,,,
800067,,,,,,,,,,,-79.999992,-79.999992,-73.705490,-74.061188,-0.329308,-0.318376,,,,,,,,,,,,
800072,,,,,,,,,,,-79.999992,-79.999992,-73.863113,-74.188179,-0.328346,-0.317687,,,,,,,,,,,,
800077,,,,,,,,,,,-79.999992,-79.999992,-74.598610,-74.895676,-0.321531,-0.311123,,,,,,,,,,,,
800082,,,,,,,,,,,-79.999992,-79.999992,-74.679306,-74.950790,-0.321256,-0.311077,,,,,,,,,,,,
800087,,,,,,,,,,,-79.999992,-79.999992,-75.344498,-75.001160,-0.315069,-0.311073,,,,,,,,,,,,
800092,,,,,,,,,,,-79.999992,-79.999992,-75.360954,-75.638634,-0.315369,-0.305134,,,,,,,,,,,,
800097,,,,,,,,,,,-79.999992,-79.999992,-75.967438,-75.629753,-0.309707,-0.305660,,,,,,,,,,,,
800102,,,,,,,,,,,-79.999992,-79.999992,-75.930237,-76.213089,-0.310486,-0.300205,,,,,,,,,,,,
800107,,,,,,,,,,,-79.597084,-79.988831,-76.487686,-76.154732,-0.301194,-0.301061,,,,,,,,,,,,
800112,,,,,,,,,,,-79.597084,-79.988831,-76.405678,-76.101402,-0.302333,-0.301983,,,,,,,,,,,,
800124,,,,,,,,,,,-79.597084,-79.988831,-78.944916,-78.741737,-0.276327,-0.275151,,,,,,,,,,,,
800127,,,,,,,,,,,-79.597084,-79.988831,-76.285492,-75.508362,-0.303252,-0.307933,,,,,,,,,,,,
800132,,,,,,,,,,,-79.597084,-79.988831,-76.220901,-76.102150,-0.304236,-0.302384,,,,,,,,,,,,
800137,,,,,,,,,,,-79.597084,-79.988831,-76.161873,-76.053352,-0.305170,-0.303265,,,,,,,,,,,,
800142,,,,,,,,,,,-77.781296,-79.938507,-76.699371,-76.008759,-0.281745,-0.303601,,,,,,,,,,,,
800147,,,,,,,,,,,-77.781296,-79.938507,-76.599129,-76.559448,-0.282866,-0.298432,,,,,,,,,,,,
800152,,,,,,,,,,,-77.781296,-79.938507,-76.507523,-76.471260,-0.283909,-0.299661,,,,,,,,,,,,
800157,,,,,,,,,,,-77.781296,-79.938507,-76.423805,-76.982117,-0.284882,-0.294848,,,,,,,,,,,,
800162,,,,,,,,,,,-77.538994,-79.931793,-76.938744,-76.857521,-0.277370,-0.296334,,,,,,,,,,,,
800167,,,,,,,,,,,-77.538994,-79.931793,-76.817886,-77.335106,-0.278650,-0.291818,,,,,,,,,,,,
800172,,,,,,,,,,,-77.538994,-79.931793,-76.707436,-77.180107,-0.279838,-0.293643,,,,,,,,,,,,
800184,,,,,,,,,,,-77.538994,-79.931793,-78.707375,-79.591682,-0.258928,-0.268845,,,,,,,,,,,,
800187,,,,,,,,,,,-77.459343,-79.929588,-75.476959,-76.876549,-0.290634,-0.296280,,,,,,,,,,,,
800192,,,,,,,,,,,-77.459343,-79.929588,-75.482010,-76.761047,-0.290781,-0.297752,,,,,,,,,,,,
800197,,,,,,,,,,,-77.459343,-79.929588,-75.486626,-77.246941,-0.290932,-0.293161,,,,,,,,,,,,
800202,,,,,,,,,,,-77.459343,-79.929588,-75.490837,-77.099541,-0.291087,-0.294918,,,,,,,,,,,,
800207,,,,,,,,,,,-77.459343,-79.929588,-75.494690,-77.556282,-0.291245,-0.290588,,,,,,,,,,,,
800212,,,,,,,,,,,-77.459343,-79.929588,-75.498207,-77.973679,-0.291406,-0.286610,,,,,,,,,,,,
800217,,,,,,,,,,,-77.459343,-79.929588,-76.092873,-78.355125,-0.285596,-0.282952,,,,,,,,,,,,
800222,,,,,,,,,,,-77.459343,-79.929588,-76.044868,-78.112274,-0.286217,-0.285563,,,,,,,,,,,,
800227,,,,,,,,,,,-77.611908,-79.933815,-76.000999,-78.481789,-0.288342,-0.282055,,,,,,,,,,,,
800232,,,,,,,,,,,-77.611908,-79.933815,-76.552353,-78.819473,-0.282935,-0.278790,,,,,,,,,,,,
800244,,,,,,,,,,,-77.611908,-79.933815,-78.526909,-81.552261,-0.262266,-0.250434,,,,,,,,,,,,
800247,,,,,,,,,,,-77.611908,-79.933815,-75.903481,-78.076820,-0.288671,-0.285374,,,,,,,,,,,,
800252,,,,,,,,,,,-77.611908,-79.933815,-75.871788,-78.449387,-0.289162,-0.281797,,,,,,,,,,,,
800257,,,,,,,,,,,-77.611908,-79.933815,-75.842827,-78.198418,-0.289629,-0.284480,,,,,,,,,,,,
800262,,,,,,,,,,,-78.304016,-79.952995,-75.816360,-78.560509,-0.297063,-0.281190,,,,,,,,,,,,
800267,,,,,,,,,,,-78.304016,-79.952995,-75.792175,-78.891418,-0.297556,-0.277987,,,,,,,,,,,,
800272,,,,,,,,,,,-78.304016,-79.952995,-75.770073,-78.602379,-0.298031,-0.281013,,,,,,,,,,,,
800277,,,,,,,,,,,-78.304016,-79.952995,-75.749878,-78.929680,-0.298488,-0.277842,,,,,,,,,,,,
800282,,,,,,,,,,,-78.304016,-79.952995,-76.322861,-79.228790,-0.292956,-0.274924,,,,,,,,,,,,
800287,,,,,,,,,,,-78.304016,-79.952995,-76.255051,-78.910690,-0.293839,-0.278209,,,,,,,,,,,,
800292,,,,,,,,,,,-78.683655,-79.963516,-76.193077,-78.619987,-0.298505,-0.281355,,,,,,,,,,,,
800304,,,,,,,,,,,-78.683655,-79.963516,-78.226852,-80.794212,-0.277521,-0.258686,,,,,,,,,,,,
800307,,,,,,,,,,,-78.683655,-79.963516,-75.629272,-77.975502,-0.303802,-0.287071,,,,,,,,,,,,
800312,,,,,,,,,,,-78.683655,-79.963516,-75.621201,-77.765350,-0.304189,-0.289393,,,,,,,,,,,,
800317,,,,,,,,,,,-78.683655,-79.963516,-75.613823,-77.573296,-0.304570,-0.291552,,,,,,,,,,,,
800322,,,,,,,,,,,-79.065224,-79.974091,-75.607079,-77.989227,-0.308799,-0.287697,,,,,,,,,,,,
800327,,,,,,,,,,,-79.065224,-79.974091,-75.600922,-77.777893,-0.309207,-0.290030,,,,,,,,,,,,
800332,,,,,,,,,,,-79.065224,-79.974091,-75.595291,-77.584763,-0.309610,-0.292200,,,,,,,,,,,,
800337,,,,,,,,,,,-79.065224,-79.974091,-76.181595,-77.999710,-0.304036,-0.288248,,,,,,,,,,,,
800342,,,,,,,,,,,-79.118752,-79.975571,-76.125954,-77.787476,-0.305426,-0.290604,,,,,,,,,,,,
800347,,,,,,,,,,,-79.118752,-79.975571,-76.075104,-77.593521,-0.306239,-0.292782,,,,,,,,,,,,
800352,,,,,,,,,,,-79.118752,-79.975571,-76.028633,-77.416267,-0.307013,-0.294811,,,,,,,,,,,,
800357,,,,,,,,,,,-79.118752,-79.975571,-76.577606,-77.845726,-0.301777,-0.290729,,,,,,,,,,,,
800362,,,,,,,,,,,-78.906189,-79.969688,-76.487854,-77.646751,-0.300791,-0.292892,,,,,,,,,,,,
800367,,,,,,,,,,,-78.906189,-79.969688,-76.405830,-77.464912,-0.301861,-0.294961,,,,,,,,,,,,
800372,,,,,,,,,,,-78.906189,-79.969688,-76.922318,-77.890182,-0.296895,-0.290916,,,,,,,,,,,,
800383,,,,,,,,,,,-78.906189,-79.969688,-78.835884,-79.644211,-0.277030,-0.272691,,,,,,,,,,,,
800387,,,,,,,,,,,-78.634117,-79.962135,-76.185844,-76.924553,-0.301055,-0.300115,,,,,,,,,,,,
800392,,,,,,,,,,,-78.634117,-79.962135,-76.129837,-77.396362,-0.301865,-0.295654,,,,,,,,,,,,
800397,,,,,,,,,,,-78.634117,-79.962135,-76.670097,-77.827538,-0.296659,-0.291556,,,,,,,,,,,,
800402,,,,,,,,,,,-78.634117,-79.962135,-76.572380,-77.630127,-0.297843,-0.293763,,,,,,,,,,,,
800407,,,,,,,,,,,-78.634117,-79.962135,-77.074524,-78.041168,-0.292977,-0.289845,,,,,,,,,,,,
800412,,,,,,,,,,,-78.634117,-79.962135,-76.941971,-78.416801,-0.294472,-0.286243,,,,,,,,,,,,
800417,,,,,,,,,,,-78.634117,-79.962135,-77.412285,-78.168640,-0.289891,-0.288904,,,,,,,,,,,,
800422,,,,,,,,,,,-78.634117,-79.962135,-77.250641,-78.533295,-0.291646,-0.285400,,,,,,,,,,,,
800427,,,,,,,,,,,-78.634117,-79.962135,-77.102921,-78.275101,-0.293276,-0.288151,,,,,,,,,,,,
800432,,,,,,,,,,,-78.223511,-79.950760,-77.559372,-78.630592,-0.284672,-0.284614,,,,,,,,,,,,
800443,,,,,,,,,,,-78.223511,-79.950760,-78.827423,-80.262566,-0.271128,-0.267475,,,,,,,,,,,,
800447,,,,,,,,,,,-78.223511,-79.950760,-76.178116,-77.489647,-0.297825,-0.295451,,,,,,,,,,,,
800452,,,,,,,,,,,-78.223511,-79.950760,-76.122772,-77.912788,-0.298589,-0.291423,,,,,,,,,,,,
800457,,,,,,,,,,,-78.223511,-79.950760,-76.663643,-77.708038,-0.293336,-0.293695,,,,,,,,,,,,
800462,,,,,,,,,,,-78.223511,-79.950760,-76.566483,-78.112366,-0.294473,-0.289835,,,,,,,,,,,,
800467,,,,,,,,,,,-77.910713,-79.942093,-77.069138,-78.481873,-0.286403,-0.286200,,,,,,,,,,,,
800472,,,,,,,,,,,-77.910713,-79.942093,-76.937050,-78.228104,-0.287821,-0.288909,,,,,,,,,,,,
800477,,,,,,,,,,,-77.910713,-79.942093,-76.816338,-78.587639,-0.289138,-0.285449,,,,,,,,,,,,
800482,,,,,,,,,,,-77.910713,-79.942093,-76.706024,-78.324760,-0.290361,-0.288239,,,,,,,,,,,,
800487,,,,,,,,,,,-77.910713,-79.942093,-76.605209,-78.084526,-0.291500,-0.290828,,,,,,,,,,,,
800492,,,,,,,,,,,-77.910713,-79.942093,-76.513077,-78.456429,-0.292561,-0.287257,,,,,,,,,,,,
800502,,,,,,,,,,,-77.910713,-79.942093,-84.709114,-86.485085,-0.209921,-0.206316,,,,,,,,,,,,
800503,,,,,,,,,,,-77.910713,-79.942093,-77.413101,-79.036110,-0.282931,-0.280897,,,,,,,,,,,,
800507,,,,,,,,,,,-77.750938,-79.937668,-76.068497,-77.551720,-0.294947,-0.295935,,,,,,,,,,,,
800512,,,,,,,,,,,-77.750938,-79.937668,-76.022598,-77.378067,-0.295579,-0.297927,,,,,,,,,,,,
800517,,,,,,,,,,,-77.750938,-79.937668,-75.980652,-77.810814,-0.296176,-0.293813,,,,,,,,,,,,
800522,,,,,,,,,,,-77.750938,-79.937668,-75.942314,-77.614845,-0.296740,-0.296005,,,,,,,,,,,,
800527,,,,,,,,,,,-77.750938,-79.937668,-75.907280,-78.027199,-0.297275,-0.292072,,,,,,,,,,,,
800532,,,,,,,,,,,-77.750938,-79.937668,-75.875267,-77.812592,-0.297782,-0.294431,,,,,,,,,,,,
800537,,,,,,,,,,,-77.750938,-79.937668,-76.437454,-78.207916,-0.292292,-0.290650,,,,,,,,,,,,
800542,,,,,,,,,,,-77.750938,-79.937668,-76.359772,-77.977745,-0.293208,-0.293148,,,,,,,,,,,,
800547,,,,,,,,,,,-77.596054,-79.933380,-76.288780,-78.358841,-0.292499,-0.289452,,,,,,,,,,,,
800552,,,,,,,,,,,-77.596054,-79.933380,-76.223907,-78.707115,-0.293285,-0.286092,,,,,,,,,,,,
800557,,,,,,,,,,,-77.596054,-79.933380,-76.164619,-78.433952,-0.294021,-0.288973,,,,,,,,,,,,
800562,,,,,,,,,,,-77.596054,-79.933380,-76.701881,-78.775757,-0.288738,-0.285671,,,,,,,,,,,,
800567,,,,,,,,,,,-77.596054,-79.933380,-76.601425,-78.496681,-0.289842,-0.288605,,,,,,,,,,,,
800572,,,,,,,,,,,-77.596054,-79.933380,-76.509621,-78.833084,-0.290869,-0.285351,,,,,,,,,,,,
800581,,,,,,,,,,,-77.596054,-79.933380,-82.931618,-85.646408,-0.226115,-0.216647,,,,,,,,,,,,
800582,,,,,,,,,,,-77.596054,-79.933380,-76.380142,-78.269669,-0.291752,-0.290580,,,,,,,,,,,,
800587,,,,,,,,,,,-77.507339,-79.930916,-76.307396,-78.625626,-0.291712,-0.287127,,,,,,,,,,,,
800592,,,,,,,,,,,-77.507339,-79.930916,-76.240921,-78.950920,-0.292503,-0.283972,,,,,,,,,,,,
800597,,,,,,,,,,,-77.507339,-79.930916,-76.180168,-78.656754,-0.293244,-0.287041,,,,,,,,,,,,
800602,,,,,,,,,,,-77.507339,-79.930916,-76.124649,-78.979370,-0.293937,-0.283910,,,,,,,,,,,,
800607,,,,,,,,,,,-77.507339,-79.930916,-76.665359,-78.682755,-0.288614,-0.287001,,,,,,,,,,,,
800612,,,,,,,,,,,-77.507339,-79.930916,-76.568047,-79.003128,-0.289681,-0.283890,,,,,,,,,,,,
800617,,,,,,,,,,,-77.507339,-79.930916,-76.479118,-78.704468,-0.290673,-0.286999,,,,,,,,,,,,
800622,,,,,,,,,,,-77.458961,-79.929573,-76.397850,-79.022972,-0.291108,-0.283891,,,,,,,,,,,,
800627,,,,,,,,,,,-77.458961,-79.929573,-76.915024,-78.722603,-0.285991,-0.287016,,,,,,,,,,,,
800632,,,,,,,,,,,-77.458961,-79.929573,-76.796211,-79.039551,-0.287245,-0.283935,,,,,,,,,,,,
800642,,,,,,,,,,,-77.458961,-79.929573,-77.109055,-79.523109,-0.283460,-0.278431,,,,,,,,,,,,
800647,,,,,,,,,,,-77.449501,-79.929314,-75.790642,-77.996773,-0.296716,-0.293885,,,,,,,,,,,,
800652,,,,,,,,,,,-77.449501,-79.929314,-75.768669,-78.376236,-0.297103,-0.290246,,,,,,,,,,,,
800657,,,,,,,,,,,-77.449501,-79.929314,-75.748589,-78.131569,-0.297474,-0.292873,,,,,,,,,,,,
800662,,,,,,,,,,,-77.319878,-79.925720,-76.321686,-78.499420,-0.290547,-0.289301,,,,,,,,,,,,
800667,,,,,,,,,,,-77.319878,-79.925720,-76.253975,-78.835587,-0.291331,-0.286048,,,,,,,,,,,,
800672,,,,,,,,,,,-77.319878,-79.925720,-76.192101,-78.551353,-0.292062,-0.289028,,,,,,,,,,,,
800677,,,,,,,,,,,-77.319878,-79.925720,-76.135551,-78.883049,-0.292746,-0.285815,,,,,,,,,,,,
800682,,,,,,,,,,,-77.266945,-79.924255,-76.083878,-78.594727,-0.292852,-0.288817,,,,,,,,,,,,
800687,,,,,,,,,,,-77.266945,-79.924255,-76.036652,-78.922684,-0.293447,-0.285637,,,,,,,,,,,,
800692,,,,,,,,,,,-77.266945,-79.924255,-75.993492,-78.630951,-0.294006,-0.288684,,,,,,,,,,,,
800701,,,,,,,,,,,-77.266945,-79.924255,-83.051392,-85.461685,-0.222849,-0.219823,,,,,,,,,,,,
800702,,,,,,,,,,,-77.266945,-79.924255,-75.898155,-78.100853,-0.294518,-0.293614,,,,,,,,,,,,
800707,,,,,,,,,,,-77.287712,-79.924835,-75.866928,-78.471352,-0.295180,-0.290060,,,,,,,,,,,,
800712,,,,,,,,,,,-77.287712,-79.924835,-75.838387,-78.218491,-0.295610,-0.292759,,,,,,,,,,,,
800717,,,,,,,,,,,-77.287712,-79.924835,-76.403748,-78.578857,-0.290045,-0.289290,,,,,,,,,,,,
800722,,,,,,,,,,,-77.189041,-79.922089,-76.328972,-78.908180,-0.289892,-0.286071,,,,,,,,,,,,
800727,,,,,,,,,,,-77.189041,-79.922089,-76.260635,-78.617699,-0.290668,-0.289106,,,,,,,,,,,,
800732,,,,,,,,,,,-77.189041,-79.922089,-76.198181,-78.352234,-0.291392,-0.291918,,,,,,,,,,,,
800737,,,,,,,,,,,-77.189041,-79.922089,-76.141113,-78.701080,-0.292067,-0.288551,,,,,,,,,,,,
800742,,,,,,,,,,,-77.229591,-79.923218,-76.088959,-78.428436,-0.293108,-0.291438,,,,,,,,,,,,
800747,,,,,,,,,,,-77.229591,-79.923218,-76.632736,-78.770721,-0.287730,-0.288131,,,,,,,,,,,,
800752,,,,,,,,,,,-77.229591,-79.923218,-76.538239,-79.083519,-0.288745,-0.285087,,,,,,,,,,,,
800762,,,,,,,,,,,-77.229591,-79.923218,-84.140663,-87.058159,-0.212029,-0.204627,,,,,,,,,,,,
800763,,,,,,,,,,,-77.229591,-79.923218,-76.893608,-79.559822,-0.284533,-0.279647,,,,,,,,,,,,
800767,,,,,,,,,,,-77.131088,-79.920479,-75.593750,-78.030319,-0.296701,-0.295103,,,,,,,,,,,,
800772,,,,,,,,,,,-77.131088,-79.920479,-75.588737,-78.406891,-0.296905,-0.291489,,,,,,,,,,,,
800777,,,,,,,,,,,-77.131088,-79.920479,-75.584160,-78.159584,-0.297105,-0.294138,,,,,,,,,,,,
800782,,,,,,,,,,,-77.202797,-79.922470,-76.171417,-78.525024,-0.292053,-0.290643,,,,,,,,,,,,
800787,,,,,,,,,,,-77.202797,-79.922470,-76.116653,-78.267540,-0.292709,-0.293384,,,,,,,,,,,,
800792,,,,,,,,,,,-77.202797,-79.922470,-76.066605,-78.623680,-0.293323,-0.289952,,,,,,,,,,,,
800797,,,,,,,,,,,-77.305382,-79.925316,-76.020866,-78.949142,-0.294935,-0.286824,,,,,,,,,,,,
800802,,,,,,,,,,,-77.305382,-79.925316,-76.570511,-78.655128,-0.289512,-0.289891,,,,,,,,,,,,
800807,,,,,,,,,,,-77.305382,-79.925316,-76.481369,-78.386436,-0.290486,-0.292731,,,,,,,,,,,,
800812,,,,,,,,,,,-77.305382,-79.925316,-76.399910,-78.732338,-0.291391,-0.289392,,,,,,,,,,,,
800817,,,,,,,,,,,-77.305382,-79.925316,-76.325462,-78.457001,-0.292234,-0.292292,,,,,,,,,,,,
800822,,,,,,,,,,,-77.377563,-79.927315,-76.257431,-78.796822,-0.293748,-0.289027,,,,,,,,,,,,
800827,,,,,,,,,,,-77.377563,-79.927315,-76.195259,-79.107376,-0.294488,-0.286003,,,,,,,,,,,,
800832,,,,,,,,,,,-77.377563,-79.927315,-76.138435,-78.799736,-0.295180,-0.289192,,,,,,,,,,,,
800841,,,,,,,,,,,-77.377563,-79.927315,-82.000961,-85.024483,-0.236092,-0.226435,,,,,,,,,,,,
800842,,,,,,,,,,,-77.579994,-79.932915,-75.529648,-78.292755,-0.303035,-0.293973,,,,,,,,,,,,
800847,,,,,,,,,,,-77.579994,-79.932915,-75.530159,-78.646721,-0.303235,-0.290561,,,,,,,,,,,,
800852,,,,,,,,,,,-77.579994,-79.932915,-76.122070,-78.378754,-0.297461,-0.293397,,,,,,,,,,,,
800857,,,,,,,,,,,-77.579994,-79.932915,-76.071556,-78.725311,-0.298117,-0.290052,,,,,,,,,,,,
800862,,,,,,,,,,,-77.579994,-79.932915,-76.025391,-79.042023,-0.298734,-0.286974,,,,,,,,,,,,
800867,,,,,,,,,,,-77.579994,-79.932915,-76.574646,-78.740013,-0.293342,-0.290113,,,,,,,,,,,,
800872,,,,,,,,,,,-77.579994,-79.932915,-76.485146,-79.055458,-0.294347,-0.287046,,,,,,,,,,,,
800877,,,,,,,,,,,-77.579994,-79.932915,-76.994804,-79.343735,-0.289309,-0.284223,,,,,,,,,,,,
800882,,,,,,,,,,,-77.579994,-79.932915,-76.869118,-79.607178,-0.290637,-0.281621,,,,,,,,,,,,
800887,,,,,,,,,,,-77.579994,-79.932915,-76.754257,-79.256485,-0.291868,-0.285195,,,,,,,,,,,,
800892,,,,,,,,,,,-78.111496,-79.947647,-77.240738,-78.936005,-0.292405,-0.288649,,,,,,,,,,,,
800902,,,,,,,,,,,-78.111496,-79.947647,-76.990746,-78.896126,-0.294468,-0.288514,,,,,,,,,,,,
800907,,,,,,,,,,,0.000000,0.000000,-76.273964,-78.606682,0.487106,0.515929,,,,,,,,,,,,
800912,,,,,,,,,,,0.000000,0.000000,-74.436028,-77.159279,0.476170,0.509171,,,,,,,,,,,,
800917,,,,,,,,,,,0.000000,0.000000,-70.390617,-72.879311,0.442755,0.473659,,,,,,,,,,,,
800922,,,,,,,,,,,0.000000,0.000000,-64.327858,-66.602203,0.388561,0.417548,,,,,,,,,,,,
800927,,,,,,,,,,,0.000000,0.000000,-58.195843,-59.682854,0.333060,0.354323,,,,,,,,,,,,
800932,,,,,,,,,,,0.000000,0.000000,-52.591980,-52.176579,0.282281,0.284478,,,,,,,,,,,,
800937,,,,,,,,,,,0.000000,0.000000,-46.879333,-44.725376,0.229842,0.214438,,,,,,,,,,,,
800942,,,,,,,,,,,0.000000,0.000000,-40.475826,-37.915947,0.169855,0.150135,,,,,,,,,,,,
800947,,,,,,,,,,,0.000000,0.000000,-35.215302,-31.101570,0.120771,0.085102,,,,,,,,,,,,
800952,,,,,,,,,,,0.000000,0.000000,-30.999311,-26.057007,0.081711,0.037262,,,,,,,,,,,,
800962,,,,,,,,,,,0.000000,0.000000,-25.889322,-20.680710,0.036033,-0.012170,,,,,,,,,,,,
800967,,,,,,,,,,,0.000000,0.000000,-23.659470,-19.490921,0.016100,-0.022119,,,,,,,,,,,,
800972,,,,,,,,,,,0.000000,0.000000,-21.621675,-18.403608,-0.002115,-0.031152,,,,,,,,,,,,
800977,,,,,,,,,,,0.000000,0.000000,-19.759396,-17.409946,-0.018762,-0.039347,,,,,,,,,,,,
800982,,,,,,,,,,,0.000000,0.000000,-18.057514,-16.501869,-0.033975,-0.046778,,,,,,,,,,,,
800987,,,,,,,,,,,0.000000,0.000000,-16.502216,-15.672005,-0.047878,-0.053509,,,,,,,,,,,,
800992,,,,,,,,,,,0.000000,0.000000,-16.263767,-16.096506,-0.048636,-0.047655,,,,,,,,,,,,
800997,,,,,,,,,,,0.000000,0.000000,-16.045855,-16.484446,-0.049211,-0.042127,,,,,,,,,,,,
801002,,,,,,,,,,,0.000000,0.000000,-15.846711,-17.430416,-0.049618,-0.030924,,,,,,,,,,,,
801007,,,,,,,,,,,0.000000,0.000000,-16.256165,-17.703465,-0.043897,-0.026423,,,,,,,,,,,,
801012,,,,,,,,,,,0.000000,0.000000,-16.630352,-18.544441,-0.038493,-0.016159,,,,,,,,,,,,
801017,,,,,,,,,,,0.000000,0.000000,-16.972311,-19.312984,-0.033376,-0.006542,,,,,,,,,,,,
801022,,,,,,,,,,,0.000000,0.000000,-17.284817,-19.423887,-0.028522,-0.003491,,,,,,,,,,,,
801027,,,,,,,,,,,0.000000,0.000000,-17.570406,-19.525238,-0.023909,-0.000525,,,,,,,,,,,,
801032,,,,,,,,,,,0.000000,0.000000,-17.831398,-19.617861,-0.019516,0.002363,,,,,,,,,,,,
801043,,,,,,,,,,,0.000000,0.000000,-18.675560,-20.167540,-0.007163,0.012084,,,,,,,,,,,,
801047,,,,,,,,,,,0.000000,0.000000,-18.249920,-19.613396,-0.009595,0.008503,,,,,,,,,,,,
801052,,,,,,,,,,,0.000000,0.000000,-18.452385,-19.106979,-0.005725,0.005350,,,,,,,,,,,,
801057,,,,,,,,,,,0.000000,0.000000,-18.637411,-18.644180,-0.002011,0.002586,,,,,,,,,,,,
801062,,,,,,,,,,,0.000000,0.000000,-18.215057,-18.812689,-0.004413,0.006153,,,,,,,,,,,,
801067,,,,,,,,,,,0.000000,0.000000,-18.420525,-18.375238,-0.000516,0.003616,,,,,,,,,,,,
801072,,,,,,,,,,,0.000000,0.000000,-18.016851,-17.975466,-0.002751,0.001416,,,,,,,,,,,,
801077,,,,,,,,,,,0.000000,0.000000,-17.647945,-17.610125,-0.004676,-0.000477,,,,,,,,,,,,
801082,,,,,,,,,,,0.000000,0.000000,-17.310814,-17.276251,-0.006316,-0.002088,,,,,,,,,,,,
801087,,,,,,,,,,,0.000000,0.000000,-17.002720,-16.971134,-0.007696,-0.003442,,,,,,,,,,,,
801092,,,,,,,,,,,0.000000,0.000000,-16.721163,-17.283741,-0.008840,0.001413,,,,,,,,,,,,
801103,,,,,,,,,,,0.000000,0.000000,-16.667332,-16.596668,-0.005888,-0.001982,,,,,,,,,,,,
801107,,,,,,,,,,,0.000000,0.000000,-16.414661,-15.758638,-0.006773,-0.008787,,,,,,,,,,,,
801112,,,,,,,,,,,0.000000,0.000000,-15.592308,-15.584233,-0.013437,-0.008973,,,,,,,,,,,,
801117,,,,,,,,,,,0.000000,0.000000,-15.432229,-14.833405,-0.013495,-0.014997,,,,,,,,,,,,
801122,,,,,,,,,,,0.000000,0.000000,-15.285937,-14.738690,-0.013429,-0.014471,,,,,,,,,,,,
801127,,,,,,,,,,,0.000000,0.000000,-14.560802,-14.060689,-0.019224,-0.019845,,,,,,,,,,,,
801132,,,,,,,,,,,0.000000,0.000000,-13.898122,-13.441084,-0.024461,-0.024697,,,,,,,,,,,,
801137,,,,,,,,,,,0.000000,0.000000,-13.883964,-12.874846,-0.023215,-0.029072,,,,,,,,,,,,
801142,,,,,,,,,,,0.000000,0.000000,-13.279580,-12.357377,-0.027930,-0.033010,,,,,,,,,,,,
801147,,,,,,,,,,,0.000000,0.000000,-12.727252,-11.884479,-0.032181,-0.036551,,,,,,,,,,,,
801152,,,,,,,,,,,0.000000,0.000000,-11.631051,-11.452311,-0.041980,-0.039727,,,,,,,,,,,,
801163,,,,,,,,,,,0.000000,0.000000,-10.794772,-10.645496,-0.048082,-0.045566,,,,,,,,,,,,
801167,,,,,,,,,,,0.000000,0.000000,-10.456461,-10.320043,-0.050419,-0.047789,,,,,,,,,,,,
801172,,,,,,,,,,,0.000000,0.000000,-10.147288,-9.431175,-0.052496,-0.055734,,,,,,,,,,,,
801177,,,,,,,,,,,0.000000,0.000000,-9.273300,-9.210311,-0.060309,-0.057022,,,,,,,,,,,,
801182,,,,,,,,,,,0.000000,0.000000,-9.066033,-9.008470,-0.061475,-0.058139,,,,,,,,,,,,
801187,,,,,,,,,,,0.000000,0.000000,-8.285174,-8.824013,-0.068455,-0.059102,,,,,,,,,,,,
801192,,,,,,,,,,,0.000000,0.000000,-8.163015,-8.655443,-0.068860,-0.059922,,,,,,,,,,,,
801197,,,,,,,,,,,0.000000,0.000000,-8.051378,-8.501393,-0.069172,-0.060612,,,,,,,,,,,,
801202,,,,,,,,,,,0.000000,0.000000,-7.949356,-8.360612,-0.069397,-0.061184,,,,,,,,,,,,
801207,,,,,,,,,,,0.000000,0.000000,-7.264677,-8.231956,-0.075517,-0.061647,,,,,,,,,,,,
801212,,,,,,,,,,,0.000000,0.000000,-7.230413,-7.522935,-0.075137,-0.067985,,,,,,,,,,,,
801223,,,,,,,,,,,0.000000,0.000000,-7.199101,-8.057873,-0.074730,-0.061830,,,,,,,,,,,,
801224,,,,,,,,,,,0.000000,0.000000,-6.579041,-7.363847,-0.080273,-0.068034,,,,,,,,,,,,
801227,,,,,,,,,,,0.000000,0.000000,-6.603832,-7.321042,-0.079364,-0.067730,,,,,,,,,,,,
801232,,,,,,,,,,,0.000000,0.000000,-6.035043,-6.690479,-0.084449,-0.073366,,,,,,,,,,,,
801237,,,,,,,,,,,0.000000,0.000000,-6.106688,-6.705672,-0.083122,-0.072544,,,,,,,,,,,,
801242,,,,,,,,,,,0.000000,0.000000,-5.580718,-6.719556,-0.087823,-0.071733,,,,,,,,,,,,
801247,,,,,,,,,,,0.000000,0.000000,-5.691494,-6.732244,-0.086146,-0.070933,,,,,,,,,,,,
801252,,,,,,,,,,,0.000000,0.000000,-5.792729,-6.743839,-0.084555,-0.070143,,,,,,,,,,,,
801257,,,,,,,,,,,0.000000,0.000000,-5.293800,-6.162991,-0.089015,-0.075335,,,,,,,,,,,,
801262,,,,,,,,,,,0.000000,0.000000,-5.429289,-6.223616,-0.087117,-0.074106,,,,,,,,,,,,
801267,,,,,,,,,,,0.000000,0.000000,-5.553108,-6.279020,-0.085323,-0.072924,,,,,,,,,,,,
801272,,,,,,,,,,,0.000000,0.000000,-5.074818,-6.329651,-0.089599,-0.071785,,,,,,,,,,,,
801277,,,,,,,,,,,0.000000,0.000000,-5.229167,-6.375922,-0.087532,-0.070685,,,,,,,,,,,,
801282,,,,,,,,,,,0.000000,0.000000,-5.370223,-6.418208,-0.085585,-0.069620,,,,,,,,,,,,
801287,,,,,,,,,,,0.000000,0.000000,-5.499129,-6.456851,-0.083746,-0.068588,,,,,,,,,,,,
801292,,,,,,,,,,,0.000000,0.000000,-5.025488,-6.492166,-0.087980,-0.067586,,,,,,,,,,,,
801303,,,,,,,,,,,0.000000,0.000000,-5.278084,-6.502992,-0.084348,-0.066115,,,,,,,,,,,,
801307,,,,,,,,,,,0.000000,0.000000,-5.414926,-5.942888,-0.082439,-0.071122,,,,,,,,,,,,
801312,,,,,,,,,,,0.000000,0.000000,-4.948537,-6.022470,-0.086608,-0.069724,,,,,,,,,,,,
801317,,,,,,,,,,,0.000000,0.000000,-5.113764,-6.095199,-0.084444,-0.068387,,,,,,,,,,,,
801322,,,,,,,,,,,0.000000,0.000000,-5.264759,-6.161663,-0.082408,-0.067106,,,,,,,,,,,,
801327,,,,,,,,,,,0.000000,0.000000,-5.402749,-6.222402,-0.080487,-0.065877,,,,,,,,,,,,
801332,,,,,,,,,,,0.000000,0.000000,-5.528854,-6.277910,-0.078673,-0.064694,,,,,,,,,,,,
801337,,,,,,,,,,,0.000000,0.000000,-5.052652,-6.328638,-0.082930,-0.063554,,,,,,,,,,,,
801342,,,,,,,,,,,0.000000,0.000000,-5.208911,-6.374996,-0.080847,-0.062453,,,,,,,,,,,,
801347,,,,,,,,,,,0.000000,0.000000,-5.351712,-6.417361,-0.078883,-0.061387,,,,,,,,,,,,
801352,,,,,,,,,,,0.000000,0.000000,-5.482213,-6.456077,-0.077030,-0.060355,,,,,,,,,,,,
801363,,,,,,,,,,,0.000000,0.000000,-5.659521,-6.472852,-0.074072,-0.058831,,,,,,,,,,,,
801367,,,,,,,,,,,0.000000,0.000000,-5.763510,-5.915344,-0.072456,-0.063815,,,,,,,,,,,,
801372,,,,,,,,,,,0.000000,0.000000,-5.267098,-5.997299,-0.076893,-0.062396,,,,,,,,,,,,
801377,,,,,,,,,,,0.000000,0.000000,-5.404887,-6.072195,-0.074975,-0.061039,,,,,,,,,,,,
801382,,,,,,,,,,,0.000000,0.000000,-5.530807,-6.140641,-0.073162,-0.059741,,,,,,,,,,,,
801387,,,,,,,,,,,0.000000,0.000000,-5.645883,-6.203191,-0.071447,-0.058495,,,,,,,,,,,,
801392,,,,,,,,,,,0.000000,0.000000,-5.751047,-6.260354,-0.069820,-0.057297,,,,,,,,,,,,
801397,,,,,,,,,,,0.000000,0.000000,-5.847153,-6.312593,-0.068275,-0.056144,,,,,,,,,,,,
801402,,,,,,,,,,,0.000000,0.000000,-5.934981,-5.768888,-0.066803,-0.061004,,,,,,,,,,,,
801407,,,,,,,,,,,0.000000,0.000000,-6.015245,-5.863457,-0.065399,-0.059472,,,,,,,,,,,,
801412,,,,,,,,,,,0.000000,0.000000,-6.088595,-5.949881,-0.064056,-0.058013,,,,,,,,,,,,
801423,,,,,,,,,,,0.000000,0.000000,-6.165946,-6.050098,-0.061991,-0.055743,,,,,,,,,,,,
801427,,,,,,,,,,,0.000000,0.000000,-6.226317,-5.529002,-0.060765,-0.060401,,,,,,,,,,,,
801432,,,,,,,,,,,0.000000,0.000000,-6.281488,-5.644233,-0.059585,-0.058685,,,,,,,,,,,,
801437,,,,,,,,,,,0.000000,0.000000,-5.740462,-5.749539,-0.064421,-0.057057,,,,,,,,,,,,
801442,,,,,,,,,,,0.000000,0.000000,-5.837480,-5.845775,-0.062868,-0.055510,,,,,,,,,,,,
801447,,,,,,,,,,,0.000000,0.000000,-5.926142,-5.933722,-0.061388,-0.054037,,,,,,,,,,,,
801452,,,,,,,,,,,0.000000,0.000000,-6.007167,-5.422649,-0.059977,-0.058605,,,,,,,,,,,,
801457,,,,,,,,,,,0.000000,0.000000,-6.081213,-5.547040,-0.058629,-0.056807,,,,,,,,,,,,
801462,,,,,,,,,,,0.000000,0.000000,-6.148882,-5.660717,-0.057337,-0.055104,,,,,,,,,,,,
801467,,,,,,,,,,,0.000000,0.000000,-5.619277,-5.173158,-0.062071,-0.059462,,,,,,,,,,,,
801472,,,,,,,,,,,0.000000,0.000000,-5.726733,-5.319038,-0.060424,-0.057471,,,,,,,,,,,,
801483,,,,,,,,,,,0.000000,0.000000,-5.863734,-5.523244,-0.057826,-0.054273,,,,,,,,,,,,
801487,,,,,,,,,,,0.000000,0.000000,-5.358689,-5.047526,-0.062341,-0.058525,,,,,,,,,,,,
801492,,,,,,,,,,,0.000000,0.000000,-4.897144,-5.204227,-0.066466,-0.056438,,,,,,,,,,,,
801497,,,,,,,,,,,0.000000,0.000000,-5.066797,-5.347431,-0.064263,-0.054471,,,,,,,,,,,,
801502,,,,,,,,,,,0.000000,0.000000,-4.630393,-5.478300,-0.068164,-0.052614,,,,,,,,,,,,
801507,,,,,,,,,,,0.000000,0.000000,-4.823021,-5.006453,-0.065756,-0.056832,,,,,,,,,,,,
801512,,,,,,,,,,,0.000000,0.000000,-4.999058,-5.166691,-0.063495,-0.054713,,,,,,,,,,,,
801517,,,,,,,,,,,0.000000,0.000000,-5.159933,-5.313128,-0.061371,-0.052717,,,,,,,,,,,,
801522,,,,,,,,,,,0.000000,0.000000,-4.715507,-4.855507,-0.065343,-0.056808,,,,,,,,,,,,
801527,,,,,,,,,,,0.000000,0.000000,-4.309360,-5.028747,-0.068974,-0.054573,,,,,,,,,,,,
801532,,,,,,,,,,,0.000000,0.000000,-3.938194,-4.595620,-0.072292,-0.058445,,,,,,,,,,,,
801537,,,,,,,,,,,0.000000,0.000000,-4.190441,-4.791243,-0.069350,-0.056009,,,,,,,,,,,,
801542,,,,,,,,,,,0.000000,0.000000,-3.829518,-4.970017,-0.072576,-0.053724,,,,,,,,,,,,
801547,,,,,,,,,,,0.000000,0.000000,-4.091125,-4.541949,-0.069551,-0.057551,,,,,,,,,,,,
801552,,,,,,,,,,,0.000000,0.000000,-4.330201,-4.742195,-0.066727,-0.055074,,,,,,,,,,,,
801563,,,,,,,,,,,0.000000,0.000000,-4.156906,-4.500986,-0.067590,-0.056544,,,,,,,,,,,,
801567,,,,,,,,,,,0.000000,0.000000,-3.798871,-4.113315,-0.070790,-0.060009,,,,,,,,,,,,
801572,,,,,,,,,,,0.000000,0.000000,-3.471673,-4.350479,-0.073715,-0.057202,,,,,,,,,,,,
801577,,,,,,,,,,,0.000000,0.000000,-3.764102,-4.567216,-0.070414,-0.054578,,,,,,,,,,,,
801582,,,,,,,,,,,0.000000,0.000000,-3.439899,-4.173841,-0.073312,-0.058095,,,,,,,,,,,,
801587,,,,,,,,,,,0.000000,0.000000,-3.735065,-4.405792,-0.069987,-0.055335,,,,,,,,,,,,
801592,,,,,,,,,,,0.000000,0.000000,-4.004807,-4.026320,-0.066889,-0.058727,,,,,,,,,,,,
801597,,,,,,,,,,,0.000000,0.000000,-3.659873,-4.270977,-0.069973,-0.055853,,,,,,,,,,,,
801602,,,,,,,,,,,0.000000,0.000000,-3.344647,-3.903117,-0.072791,-0.059141,,,,,,,,,,,,
801607,,,,,,,,,,,0.000000,0.000000,-3.648017,-4.158386,-0.069392,-0.056173,,,,,,,,,,,,
801612,,,,,,,,,,,0.000000,0.000000,-3.333812,-3.800223,-0.072201,-0.059374,,,,,,,,,,,,
801623,,,,,,,,,,,0.000000,0.000000,-4.229560,-4.064354,-0.066077,-0.059456,,,,,,,,,,,,
801624,,,,,,,,,,,,,-3.865267,-3.714290,,,,,,,,,,,,,,
801627,,,,,,,,,,,0.000000,0.000000,-3.532351,-3.985823,-0.069053,-0.056342,,,,,,,,,,,,
801632,,,,,,,,,,,0.000000,0.000000,-3.819554,-3.642523,-0.065799,-0.059411,,,,,,,,,,,,
801637,,,,,,,,,,,0.000000,0.000000,-3.490575,-3.920237,-0.068739,-0.056242,,,,,,,,,,,,
801642,,,,,,,,,,,0.000000,0.000000,-3.189931,-3.582586,-0.071427,-0.059260,,,,,,,,,,,,
801647,,,,,,,,,,,0.000000,0.000000,-3.506626,-3.865462,-0.067909,-0.056045,,,,,,,,,,,,
801652,,,,,,,,,,,0.000000,0.000000,-3.796045,-3.532529,-0.064635,-0.059021,,,,,,,,,,,,
801657,,,,,,,,,,,0.000000,0.000000,-3.469090,-3.819716,-0.067558,-0.055767,,,,,,,,,,,,
801662,,,,,,,,,,,0.000000,0.000000,-3.761742,-3.490723,-0.064255,-0.058708,,,,,,,,,,,,
801667,,,,,,,,,,,0.000000,0.000000,-3.437742,-3.781512,-0.067152,-0.055422,,,,,,,,,,,,
801672,,,,,,,,,,,0.000000,0.000000,-3.733094,-3.455809,-0.063825,-0.058333,,,,,,,,,,,,
801687,,,,,,,,,,,0.000000,0.000000,-3.343143,-3.625462,-0.066624,-0.055443,,,,,,,,,,,,
801692,,,,,,,,,,,0.000000,0.000000,-3.646642,-3.904645,-0.063224,-0.052261,,,,,,,,,,,,
801697,,,,,,,,,,,0.000000,0.000000,-3.332556,-3.568337,-0.066032,-0.055267,,,,,,,,,,,,
801702,,,,,,,,,,,0.000000,0.000000,-3.636967,-3.852441,-0.062624,-0.052041,,,,,,,,,,,,
801707,,,,,,,,,,,0.000000,0.000000,-3.915159,-3.520629,-0.059450,-0.055007,,,,,,,,,,,,
801712,,,,,,,,,,,0.000000,0.000000,-3.577946,-3.808841,-0.062465,-0.051744,,,,,,,,,,,,
801717,,,,,,,,,,,0.000000,0.000000,-3.269777,-3.480785,-0.065220,-0.054676,,,,,,,,,,,,
801722,,,,,,,,,,,0.000000,0.000000,-3.579595,-3.772429,-0.061763,-0.051383,,,,,,,,,,,,
801727,,,,,,,,,,,0.000000,0.000000,-3.271284,-3.447509,-0.064519,-0.054287,,,,,,,,,,,,
801732,,,,,,,,,,,0.000000,0.000000,-2.989527,-3.150574,-0.067038,-0.056941,,,,,,,,,,,,
801737,,,,,,,,,,,0.000000,0.000000,-2.732039,-3.470660,-0.069340,-0.053393,,,,,,,,,,,,
801742,,,,,,,,,,,0.000000,0.000000,-3.088173,-3.763176,-0.065469,-0.050092,,,,,,,,,,,,
801747,,,,,,,,,,,0.000000,0.000000,-2.822188,-3.439053,-0.067847,-0.052989,,,,,,,,,,,,
801752,,,,,,,,,,,0.000000,0.000000,-3.170557,-3.142847,-0.064046,-0.055637,,,,,,,,,,,,
801763,,,,,,,,,,,0.000000,0.000000,-3.728923,-3.705781,-0.057682,-0.049232,,,,,,,,,,,,
801767,,,,,,,,,,,0.000000,0.000000,-3.407750,-3.386601,-0.060553,-0.052085,,,,,,,,,,,,
801772,,,,,,,,,,,0.000000,0.000000,-3.114240,-3.094912,-0.063176,-0.054692,,,,,,,,,,,,
801777,,,,,,,,,,,0.000000,0.000000,-2.846010,-2.828347,-0.065574,-0.057075,,,,,,,,,,,,
801782,,,,,,,,,,,0.000000,0.000000,-2.600883,-3.176186,-0.067765,-0.053279,,,,,,,,,,,,
801787,,,,,,,,,,,0.000000,0.000000,-2.376868,-2.902620,-0.069768,-0.055724,,,,,,,,,,,,
801792,,,,,,,,,,,0.000000,0.000000,-2.172148,-3.244062,-0.071598,-0.051986,,,,,,,,,,,,
801797,,,,,,,,,,,0.000000,0.000000,-1.985060,-2.964650,-0.073270,-0.054483,,,,,,,,,,,,
801802,,,,,,,,,,,0.000000,0.000000,-2.405532,-2.709304,-0.068825,-0.056766,,,,,,,,,,,,
801807,,,,,,,,,,,0.000000,0.000000,-2.789788,-3.067396,-0.064703,-0.052878,,,,,,,,,,,,
801812,,,,,,,,,,,0.000000,0.000000,-2.549503,-2.803201,-0.066851,-0.055240,,,,,,,,,,,,
801823,,,,,,,,,,,0.000000,0.000000,-2.669741,-2.881619,-0.065090,-0.053852,,,,,,,,,,,,
801827,,,,,,,,,,,0.000000,0.000000,-2.439796,-2.633425,-0.067145,-0.056071,,,,,,,,,,,,
801832,,,,,,,,,,,0.000000,0.000000,-2.821100,-2.998052,-0.063050,-0.052125,,,,,,,,,,,,
801837,,,,,,,,,,,0.000000,0.000000,-2.578119,-2.739829,-0.065222,-0.054433,,,,,,,,,,,,
801842,,,,,,,,,,,0.000000,0.000000,-2.356065,-2.503847,-0.067207,-0.056542,,,,,,,,,,,,
801847,,,,,,,,,,,0.000000,0.000000,-2.153136,-2.879635,-0.069021,-0.052496,,,,,,,,,,,,
801852,,,,,,,,,,,0.000000,0.000000,-2.559131,-2.631612,-0.064705,-0.054713,,,,,,,,,,,,
801857,,,,,,,,,,,0.000000,0.000000,-2.338713,-2.404951,-0.066675,-0.056740,,,,,,,,,,,,
801862,,,,,,,,,,,0.000000,0.000000,-2.137279,-2.789257,-0.068476,-0.052618,,,,,,,,,,,,
801867,,,,,,,,,,,0.000000,0.000000,-2.544639,-2.549017,-0.064148,-0.054765,,,,,,,,,,,,
801872,,,,,,,,,,,0.000000,0.000000,-2.325469,-2.329470,-0.066107,-0.056728,,,,,,,,,,,,
801883,,,,,,,,,,,0.000000,0.000000,-1.942134,-2.485979,-0.069534,-0.054642,,,,,,,,,,,,
801887,,,,,,,,,,,0.000000,0.000000,-2.366302,-2.271861,-0.065055,-0.056556,,,,,,,,,,,,
801892,,,,,,,,,,,0.000000,0.000000,-2.162492,-2.076185,-0.066877,-0.058305,,,,,,,,,,,,
801897,,,,,,,,,,,0.000000,0.000000,-1.976236,-2.488808,-0.068542,-0.053930,,,,,,,,,,,,
801902,,,,,,,,,,,0.000000,0.000000,-1.806023,-2.274446,-0.070064,-0.055846,,,,,,,,,,,,
801907,,,,,,,,,,,0.000000,0.000000,-1.650470,-2.078548,-0.071454,-0.057597,,,,,,,,,,,,
801912,,,,,,,,,,,0.000000,0.000000,-2.099759,-2.490967,-0.066751,-0.053224,,,,,,,,,,,,
801917,,,,,,,,,,,0.000000,0.000000,-1.918906,-2.276420,-0.068368,-0.055142,,,,,,,,,,,,
801922,,,,,,,,,,,0.000000,0.000000,-1.753631,-2.080351,-0.069845,-0.056894,,,,,,,,,,,,
801927,,,,,,,,,,,0.000000,0.000000,-1.602590,-2.492615,-0.071195,-0.052523,,,,,,,,,,,,
801932,,,,,,,,,,,0.000000,0.000000,-1.464559,-2.277925,-0.072429,-0.054442,,,,,,,,,,,,
801943,,,,,,,,,,,0.000000,0.000000,-1.223138,-2.442931,-0.074587,-0.052280,,,,,,,,,,,,
801947,,,,,,,,,,,0.000000,0.000000,-1.117789,-2.232521,-0.075529,-0.054161,,,,,,,,,,,,
801952,,,,,,,,,,,0.000000,0.000000,-1.021513,-2.040234,-0.076390,-0.055880,,,,,,,,,,,,
801957,,,,,,,,,,,0.000000,0.000000,-0.933530,-2.455953,-0.077176,-0.051477,,,,,,,,,,,,
801962,,,,,,,,,,,0.000000,0.000000,-0.853125,-2.244421,-0.077895,-0.053368,,,,,,,,,,,,
801967,,,,,,,,,,,0.000000,0.000000,-0.779645,-2.642554,-0.078552,-0.049122,,,,,,,,,,,,
801972,,,,,,,,,,,0.000000,0.000000,-0.712494,-2.414950,-0.079152,-0.051157,,,,,,,,,,,,
801977,,,,,,,,,,,0.000000,0.000000,-0.651127,-2.206950,-0.079701,-0.053016,,,,,,,,,,,,
801982,,,,,,,,,,,0.000000,0.000000,-0.595045,-2.608310,-0.080202,-0.048742,,,,,,,,,,,,
801987,,,,,,,,,,,0.000000,0.000000,-0.543794,-2.383655,-0.080660,-0.050750,,,,,,,,,,,,
801992,,,,,,,,,,,0.000000,0.000000,-0.496957,-2.178351,-0.081079,-0.052585,,,,,,,,,,,,
801997,,,,,,,,,,,0.000000,0.000000,-0.454154,-2.582174,-0.081461,-0.048289,,,,,,,,,,,,
802002,,,,,,,,,,,0.000000,0.000000,-0.415038,-2.359771,-0.081811,-0.050277,,,,,,,,,,,,
802007,,,,,,,,,,,0.000000,0.000000,-0.379290,-2.156523,-0.082131,-0.052093,,,,,,,,,,,,
802012,,,,,,,,,,,0.000000,0.000000,-0.346622,-2.562226,-0.082423,-0.047780,,,,,,,,,,,,
802025,,,,,,,,,,,0.000000,0.000000,-0.289484,-2.139864,-0.082933,-0.051556,,,,,,,,,,,,
802027,,,,,,,,,,,0.000000,0.000000,-0.264551,-2.547002,-0.083156,-0.047230,,,,,,,,,,,,
802032,,,,,,,,,,,0.000000,0.000000,-0.241765,-2.327628,-0.083360,-0.049191,,,,,,,,,,,,
802037,,,,,,,,,,,0.000000,0.000000,-0.220942,-2.127149,-0.083546,-0.050983,,,,,,,,,,,,
802042,,,,,,,,,,,0.000000,0.000000,-0.201912,-1.943937,-0.083716,-0.052620,,,,,,,,,,,,
802047,,,,,,,,,,,0.000000,0.000000,-0.184521,-1.776506,-0.083872,-0.054117,,,,,,,,,,,,
802052,,,,,,,,,,,0.000000,0.000000,-0.168628,-2.214940,-0.084014,-0.049511,,,,,,,,,,,,
802057,,,,,,,,,,,0.000000,0.000000,-0.154104,-2.024166,-0.084143,-0.051217,,,,,,,,,,,,
802062,,,,,,,,,,,0.000000,0.000000,-0.140831,-1.849824,-0.084262,-0.052775,,,,,,,,,,,,
802067,,,,,,,,,,,0.000000,0.000000,-0.128701,-1.690499,-0.084371,-0.054199,,,,,,,,,,,,
802072,,,,,,,,,,,0.000000,0.000000,-0.117616,-1.544896,-0.084470,-0.055501,,,,,,,,,,,,
802083,,,,,,,,,,,0.000000,0.000000,-0.098228,-1.830735,-0.084643,-0.052259,,,,,,,,,,,,
802087,,,,,,,,,,,0.000000,0.000000,-0.089768,-1.673054,-0.084719,-0.053668,,,,,,,,,,,,
802092,,,,,,,,,,,0.000000,0.000000,-0.082036,-1.528953,-0.084788,-0.054957,,,,,,,,,,,,
802097,,,,,,,,,,,0.000000,0.000000,-0.074970,-1.397264,-0.084851,-0.056134,,,,,,,,,,,,
802102,,,,,,,,,,,0.000000,0.000000,-0.068513,-1.868363,-0.084909,-0.051236,,,,,,,,,,,,
802107,,,,,,,,,,,0.000000,0.000000,-0.062612,-1.707440,-0.084961,-0.052674,,,,,,,,,,,,
802112,,,,,,,,,,,0.000000,0.000000,-0.057219,-1.560378,-0.085010,-0.053989,,,,,,,,,,,,
802117,,,,,,,,,,,0.000000,0.000000,-0.052291,-1.425982,-0.085054,-0.055190,,,,,,,,,,,,
802122,,,,,,,,,,,0.000000,0.000000,-0.047787,-1.894607,-0.085094,-0.050315,,,,,,,,,,,,
802127,,,,,,,,,,,0.000000,0.000000,-0.043671,-1.731424,-0.085131,-0.051773,,,,,,,,,,,,
802132,,,,,,,,,,,0.000000,0.000000,-0.039910,-1.582296,-0.085164,-0.053106,,,,,,,,,,,,
802143,,,,,,,,,,,0.000000,0.000000,-0.036472,-1.446013,-0.085195,-0.054325,,,,,,,,,,,,
802144,,,,,,,,,,,0.000000,0.000000,-0.033331,-1.321467,-0.085223,-0.055438,,,,,,,,,,,,
802147,,,,,,,,,,,0.000000,0.000000,-0.030460,-1.207649,-0.085249,-0.056455,,,,,,,,,,,,
802152,,,,,,,,,,,0.000000,0.000000,-0.027837,-1.695079,-0.085272,-0.051411,,,,,,,,,,,,
802157,,,,,,,,,,,0.000000,0.000000,-0.025439,-1.549081,-0.085294,-0.052717,,,,,,,,,,,,
802162,,,,,,,,,,,0.000000,0.000000,-0.023248,-1.415659,-0.085313,-0.053909,,,,,,,,,,,,
802167,,,,,,,,,,,0.000000,0.000000,-0.021246,-1.293728,-0.085331,-0.054999,,,,,,,,,,,,
802172,,,,,,,,,,,0.000000,0.000000,-0.019416,-1.182299,-0.085347,-0.055995,,,,,,,,,,,,
802177,,,,,,,,,,,0.000000,0.000000,-0.017743,-1.080467,-0.085362,-0.056905,,,,,,,,,,,,
802182,,,,,,,,,,,0.000000,0.000000,-0.016215,-0.987406,-0.085376,-0.057737,,,,,,,,,,,,
802187,,,,,,,,,,,0.000000,0.000000,-0.014819,-0.902361,-0.085389,-0.058498,,,,,,,,,,,,
802192,,,,,,,,,,,0.000000,0.000000,-0.013542,-0.824640,-0.085400,-0.059192,,,,,,,,,,,,
802197,,,,,,,,,,,0.000000,0.000000,-0.012376,-0.753614,-0.085410,-0.059827,,,,,,,,,,,,
802202,,,,,,,,,,,0.000000,0.000000,-0.011310,-0.688705,-0.085420,-0.060407,,,,,,,,,,,,
802207,,,,,,,,,,,0.000000,0.000000,-0.010336,-0.629386,-0.085429,-0.060938,,,,,,,,,,,,
802212,,,,,,,,,,,0.000000,0.000000,-0.009446,-0.575177,-0.085437,-0.061422,,,,,,,,,,,,
802223,,,,,,,,,,,0.000000,0.000000,-0.007889,-0.480364,-0.085450,-0.062270,,,,,,,,,,,,
802227,,,,,,,,,,,0.000000,0.000000,-0.007209,-0.438990,-0.085457,-0.062640,,,,,,,,,,,,
802232,,,,,,,,,,,0.000000,0.000000,-0.006588,-0.401180,-0.085462,-0.062978,,,,,,,,,,,,
802237,,,,,,,,,,,0.000000,0.000000,-0.006021,-0.366626,-0.085467,-0.063286,,,,,,,,,,,,
802242,,,,,,,,,,,0.000000,0.000000,-0.005502,-0.335048,-0.085472,-0.063569,,,,,,,,,,,,
802247,,,,,,,,,,,0.000000,0.000000,-0.005028,-0.306191,-0.085476,-0.063827,,,,,,,,,,,,
802252,,,,,,,,,,,0.000000,0.000000,-0.004595,-0.279818,-0.085480,-0.064062,,,,,,,,,,,,
802257,,,,,,,,,,,0.000000,0.000000,-0.004199,-0.255718,-0.085483,-0.064278,,,,,,,,,,,,
802262,,,,,,,,,,,0.000000,0.000000,-0.003838,-0.233693,-0.085487,-0.064475,,,,,,,,,,,,
802267,,,,,,,,,,,0.000000,0.000000,-0.003507,-0.213565,-0.085490,-0.064655,,,,,,,,,,,,
802272,,,,,,,,,,,0.000000,0.000000,-0.003205,-0.195170,-0.085492,-0.064819,,,,,,,,,,,,
802283,,,,,,,,,,,0.000000,0.000000,-0.002677,-0.162998,-0.085497,-0.065107,,,,,,,,,,,,
802287,,,,,,,,,,,0.000000,0.000000,-0.002446,-0.148959,-0.085499,-0.065232,,,,,,,,,,,,
802292,,,,,,,,,,,0.000000,0.000000,-0.002236,-0.136129,-0.085501,-0.065347,,,,,,,,,,,,
802297,,,,,,,,,,,0.000000,0.000000,-0.002043,-0.124404,-0.085503,-0.065452,,,,,,,,,,,,
802302,,,,,,,,,,,0.000000,0.000000,-0.001867,-0.113689,-0.085504,-0.065547,,,,,,,,,,,,
802307,,,,,,,,,,,0.000000,0.000000,-0.001706,-0.103897,-0.085506,-0.065635,,,,,,,,,,,,
802312,,,,,,,,,,,0.000000,0.000000,-0.001559,-0.094949,-0.085507,-0.065715,,,,,,,,,,,,
802317,,,,,,,,,,,0.000000,0.000000,-0.001425,-0.086771,-0.085508,-0.065788,,,,,,,,,,,,
802322,,,,,,,,,,,0.000000,0.000000,-0.001302,-0.079297,-0.085509,-0.065855,,,,,,,,,,,,
802327,,,,,,,,,,,0.000000,0.000000,-0.001190,-0.072467,-0.085510,-0.065916,,,,,,,,,,,,
802332,,,,,,,,,,,0.000000,0.000000,-0.001088,-0.066226,-0.085511,-0.065972,,,,,,,,,,,,
802343,,,,,,,,,,,0.000000,0.000000,-0.000994,-0.060522,-0.085512,-0.066023,,,,,,,,,,,,
802344,,,,,,,,,,,,,-0.000908,-0.055309,-0.085513,-0.066069,,,,,,,,,,,,
802347,,,,,,,,,,,0.000000,0.000000,-0.000830,-0.050545,-0.085514,-0.066112,,,,,,,,,,,,
802352,,,,,,,,,,,0.000000,0.000000,-0.000759,-0.046192,-0.085514,-0.066151,,,,,,,,,,,,
802357,,,,,,,,,,,0.000000,0.000000,-0.000693,-0.042213,-0.085515,-0.066186,,,,,,,,,,,,
802362,,,,,,,,,,,0.000000,0.000000,-0.000634,-0.038577,-0.085515,-0.066219,,,,,,,,,,,,
802367,,,,,,,,,,,0.000000,0.000000,-0.000579,-0.035255,-0.085516,-0.066249,,,,,,,,,,,,
802372,,,,,,,,,,,0.000000,0.000000,-0.000529,-0.032218,-0.085516,-0.066276,,,,,,,,,,,,
802377,,,,,,,,,,,0.000000,0.000000,-0.000484,-0.029443,-0.085517,-0.066301,,,,,,,,,,,,
802382,,,,,,,,,,,0.000000,0.000000,-0.000442,-0.026907,-0.085517,-0.066323,,,,,,,,,,,,
802387,,,,,,,,,,,0.000000,0.000000,-0.000404,-0.024590,-0.085517,-0.066344,,,,,,,,,,,,
802392,,,,,,,,,,,0.000000,0.000000,-0.000369,-0.022472,-0.085518,-0.066363,,,,,,,,,,,,
802403,,,,,,,,,,,0.000000,0.000000,-0.000308,-0.018767,-0.085518,-0.066396,,,,,,,,,,,,
802407,,,,,,,,,,,0.000000,0.000000,-0.000282,-0.017151,-0.085518,-0.066410,,,,,,,,,,,,
802412,,,,,,,,,,,0.000000,0.000000,-0.000257,-0.015674,-0.085519,-0.066424,,,,,,,,,,,,
802417,,,,,,,,,,,0.000000,0.000000,-0.000235,-0.014324,-0.085519,-0.066436,,,,,,,,,,,,
802422,,,,,,,,,,,0.000000,0.000000,-0.000215,-0.013090,-0.085519,-0.066447,,,,,,,,,,,,
802427,,,,,,,,,,,0.000000,0.000000,-0.000196,-0.011963,-0.085519,-0.066457,,,,,,,,,,,,
802432,,,,,,,,,,,0.000000,0.000000,-0.000180,-0.010932,-0.085519,-0.066466,,,,,,,,,,,,
802437,,,,,,,,,,,0.000000,0.000000,-0.000164,-0.009991,-0.085520,-0.066474,,,,,,,,,,,,
802442,,,,,,,,,,,0.000000,0.000000,-0.000150,-0.009130,-0.085520,-0.066482,,,,,,,,,,,,
802447,,,,,,,,,,,0.000000,0.000000,-0.000137,-0.008344,-0.085520,-0.066489,,,,,,,,,,,,
802452,,,,,,,,,,,0.000000,0.000000,-0.000125,-0.007625,-0.085520,-0.066496,,,,,,,,,,,,
802457,,,,,,,,,,,0.000000,0.000000,-0.000114,-0.006968,-0.085520,-0.066501,,,,,,,,,,,,
802462,,,,,,,,,,,0.000000,0.000000,-0.000105,-0.006368,-0.085520,-0.066507,,,,,,,,,,,,
802467,,,,,,,,,,,0.000000,0.000000,-0.000096,-0.005820,-0.085520,-0.066512,,,,,,,,,,,,
802472,,,,,,,,,,,0.000000,0.000000,-0.000087,-0.005318,-0.085520,-0.066516,,,,,,,,,,,,
802483,,,,,,,,,,,0.000000,0.000000,-0.000073,-0.004442,-0.085520,-0.066524,,,,,,,,,,,,
802487,,,,,,,,,,,0.000000,0.000000,-0.000067,-0.004059,-0.085520,-0.066527,,,,,,,,,,,,
802492,,,,,,,,,,,0.000000,0.000000,-0.000061,-0.003710,-0.085520,-0.066531,,,,,,,,,,,,
802497,,,,,,,,,,,0.000000,0.000000,-0.000056,-0.003390,-0.085520,-0.066533,,,,,,,,,,,,
802502,,,,,,,,,,,0.000000,0.000000,-0.000051,-0.594543,-0.085521,-0.060562,,,,,,,,,,,,
802507,,,,,,,,,,,0.000000,0.000000,-0.000046,-0.543335,-0.085521,-0.061020,,,,,,,,,,,,
802512,,,,,,,,,,,0.000000,0.000000,-0.000042,-0.496537,-0.085521,-0.061438,,,,,,,,,,,,
802517,,,,,,,,,,,0.000000,0.000000,-0.000039,-0.453770,-0.085521,-0.061821,,,,,,,,,,,,
802522,,,,,,,,,,,0.000000,0.000000,-0.000035,-0.414687,-0.085521,-0.062170,,,,,,,,,,,,
802527,,,,,,,,,,,0.000000,0.000000,-0.000032,-0.378970,-0.085521,-0.062489,,,,,,,,,,,,
802532,,,,,,,,,,,0.000000,0.000000,-0.000030,-0.346329,-0.085521,-0.062781,,,,,,,,,,,,
802543,,,,,,,,,,,0.000000,0.000000,-0.000025,-0.289240,-0.085521,-0.063292,,,,,,,,,,,,
802547,,,,,,,,,,,0.000000,0.000000,-0.000023,-0.264327,-0.085521,-0.063514,,,,,,,,,,,,
802552,,,,,,,,,,,0.000000,0.000000,-0.000021,-0.241561,-0.085521,-0.063718,,,,,,,,,,,,
802557,,,,,,,,,,,0.000000,0.000000,-0.000019,-0.220755,-0.085521,-0.063904,,,,,,,,,,,,
802562,,,,,,,,,,,0.000000,0.000000,-0.000017,-0.201741,-0.085521,-0.064074,,,,,,,,,,,,
802567,,,,,,,,,,,0.000000,0.000000,-0.000016,-0.184365,-0.085521,-0.064229,,,,,,,,,,,,
802572,,,,,,,,,,,0.000000,0.000000,-0.000014,-0.168486,-0.085521,-0.064371,,,,,,,,,,,,
802577,,,,,,,,,,,0.000000,0.000000,-0.000013,-0.153974,-0.085521,-0.064501,,,,,,,,,,,,
802582,,,,,,,,,,,0.000000,0.000000,-0.000012,-0.140712,-0.085521,-0.064619,,,,,,,,,,,,
802587,,,,,,,,,,,0.000000,0.000000,-0.000011,-0.128593,-0.085521,-0.064728,,,,,,,,,,,,
802592,,,,,,,,,,,0.000000,0.000000,-0.000010,-0.117517,-0.085521,-0.064827,,,,,,,,,,,,
802603,,,,,,,,,,,0.000000,0.000000,-0.000009,-0.107395,-0.085521,-0.064917,,,,,,,,,,,,
802604,,,,,,,,,,,0.000000,0.000000,-0.000008,-0.098145,-0.085521,-0.065000,,,,,,,,,,,,
802607,,,,,,,,,,,0.000000,0.000000,-0.000008,-0.089692,-0.085521,-0.065075,,,,,,,,,,,,
802612,,,,,,,,,,,0.000000,0.000000,-0.000007,-0.081967,-0.085521,-0.065144,,,,,,,,,,,,
802617,,,,,,,,,,,0.000000,0.000000,-0.000006,-0.074907,-0.085521,-0.065207,,,,,,,,,,,,
802622,,,,,,,,,,,0.000000,0.000000,-0.000006,-0.068455,-0.085521,-0.065265,,,,,,,,,,,,
802627,,,,,,,,,,,0.000000,0.000000,-0.000005,-0.062559,-0.085521,-0.065318,,,,,,,,,,,,
802632,,,,,,,,,,,0.000000,0.000000,-0.000005,-0.057171,-0.085521,-0.065366,,,,,,,,,,,,
802637,,,,,,,,,,,0.000000,0.000000,-0.000004,-0.052247,-0.085521,-0.065410,,,,,,,,,,,,
802642,,,,,,,,,,,0.000000,0.000000,-0.000004,-0.047747,-0.085521,-0.065450,,,,,,,,,,,,
802647,,,,,,,,,,,0.000000,0.000000,-0.000004,-0.043634,-0.085521,-0.065487,,,,,,,,,,,,
802652,,,,,,,,,,,0.000000,0.000000,-0.000003,-0.039876,-0.085521,-0.065521,,,,,,,,,,,,
802657,,,,,,,,,,,0.000000,0.000000,-0.000003,-0.036442,-0.085521,-0.065551,,,,,,,,,,,,
802662,,,,,,,,,,,0.000000,0.000000,-0.000003,-0.033303,-0.085521,-0.065579,,,,,,,,,,,,
802667,,,,,,,,,,,0.000000,0.000000,-0.000003,-0.030434,-0.085521,-0.065605,,,,,,,,,,,,
802672,,,,,,,,,,,0.000000,0.000000,-0.000002,-0.027813,-0.085521,-0.065628,,,,,,,,,,,,
802683,,,,,,,,,,,0.000000,0.000000,-0.000002,-0.023228,-0.085521,-0.065669,,,,,,,,,,,,
802687,,,,,,,,,,,0.000000,0.000000,-0.000002,-0.021228,-0.085521,-0.065687,,,,,,,,,,,,
802692,,,,,,,,,,,0.000000,0.000000,-0.000002,-0.019399,-0.085521,-0.065704,,,,,,,,,,,,
802697,,,,,,,,,,,0.000000,0.000000,-0.000002,-0.017728,-0.085521,-0.065719,,,,,,,,,,,,
802702,,,,,,,,,,,0.000000,0.000000,-0.000001,-0.016202,-0.085521,-0.065732,,,,,,,,,,,,
802707,,,,,,,,,,,0.000000,0.000000,-0.000001,-0.014806,-0.085521,-0.065745,,,,,,,,,,,,
802712,,,,,,,,,,,0.000000,0.000000,-0.000001,-0.013531,-0.085521,-0.065756,,,,,,,,,,,,
802717,,,,,,,,,,,0.000000,0.000000,-0.000001,-0.012365,-0.085521,-0.065766,,,,,,,,,,,,
802722,,,,,,,,,,,0.000000,0.000000,-0.000001,-0.011300,-0.085521,-0.065776,,,,,,,,,,,,
802727,,,,,,,,,,,0.000000,0.000000,-0.000001,-0.010327,-0.085521,-0.065785,,,,,,,,,,,,
