ts,x,y,yaw,x_des,y_des,yaw_des,v_ff,w_ff,v_actual,w_actual,omega_l_cmd,omega_r_cmd,omega_l_meas,omega_r_meas,duty_l,duty_r,x_err,y_err,yaw_err,x_raw,y_raw,yaw_raw,acc_x,acc_y,acc_z,gyro_x,gyro_y,gyro_z
210764,,,,,,,,,,,0.000000,0.000000,0.000000,0.000000,0.000000,0.000000,,,,,,,,,,,,
210769,,,,,,,,,,,0.000000,0.000000,0.000000,0.000000,0.000000,0.000000,,,,,,,,,,,,
210774,,,,,,,,,,,0.000000,0.000000,0.000000,0.000000,0.000000,0.000000,,,,,,,,,,,,
210779,,,,,,,,,,,0.000000,0.000000,0.000000,0.000000,0.000000,0.000000,,,,,,,,,,,,
210784,,,,,,,,,,,0.000000,0.000000,0.000000,0.000000,0.000000,0.000000,,,,,,,,,,,,
210789,,,,,,,,,,,0.000000,0.000000,0.000000,0.000000,0.000000,0.000000,,,,,,,,,,,,
210794,,,,,,,,,,,0.000000,0.000000,0.000000,0.000000,0.000000,0.000000,,,,,,,,,,,,
210799,,,,,,,,,,,0.000000,0.000000,0.000000,0.000000,0.000000,0.000000,,,,,,,,,,,,
210804,,,,,,,,,,,0.000000,0.000000,0.000000,0.000000,0.000000,0.000000,,,,,,,,,,,,
210809,,,,,,,,,,,0.000000,0.000000,0.000000,0.000000,0.000000,0.000000,,,,,,,,,,,,
210814,,,,,,,,,,,0.000000,0.000000,0.000000,0.000000,0.000000,0.000000,,,,,,,,,,,,
210819,,,,,,,,,,,0.000000,0.000000,0.000000,0.000000,0.000000,0.000000,,,,,,,,,,,,
210824,,,,,,,,,,,0.000000,0.000000,0.000000,0.000000,0.000000,0.000000,,,,,,,,,,,,
210829,,,,,,,,,,,0.000000,0.000000,0.000000,0.000000,0.000000,0.000000,,,,,,,,,,,,
210834,,,,,,,,,,,0.000000,0.000000,0.000000,0.000000,0.000000,0.000000,,,,,,,,,,,,
210839,,,,,,,,,,,0.000000,0.000000,0.000000,0.000000,0.000000,0.000000,,,,,,,,,,,,
210844,,,,,,,,,,,0.000000,0.000000,0.000000,0.000000,0.000000,0.000000,,,,,,,,,,,,
210849,,,,,,,,,,,0.000000,0.000000,0.000000,0.000000,0.000000,0.000000,,,,,,,,,,,,
210854,,,,,,,,,,,0.000000,0.000000,0.000000,0.000000,0.000000,0.000000,,,,,,,,,,,,
210859,,,,,,,,,,,0.000000,0.000000,0.000000,0.000000,0.000000,0.000000,,,,,,,,,,,,
210864,,,,,,,,,,,0.000000,0.000000,0.000000,0.000000,0.000000,0.000000,,,,,,,,,,,,
210869,,,,,,,,,,,0.000000,0.000000,0.000000,0.000000,0.000000,0.000000,,,,,,,,,,,,
210874,,,,,,,,,,,0.000000,0.000000,0.000000,0.000000,0.000000,0.000000,,,,,,,,,,,,
210879,,,,,,,,,,,0.000000,0.000000,0.000000,0.000000,0.000000,0.000000,,,,,,,,,,,,
210884,,,,,,,,,,,0.000000,0.000000,0.000000,0.000000,0.000000,0.000000,,,,,,,,,,,,
210889,,,,,,,,,,,0.000000,0.000000,0.000000,0.000000,0.000000,0.000000,,,,,,,,,,,,
210894,,,,,,,,,,,0.000000,0.000000,0.000000,0.000000,0.000000,0.000000,,,,,,,,,,,,
210899,,,,,,,,,,,0.000000,0.000000,0.000000,0.000000,0.000000,0.000000,,,,,,,,,,,,
210904,,,,,,,,,,,0.000000,0.000000,0.000000,0.000000,0.000000,0.000000,,,,,,,,,,,,
210909,,,,,,,,,,,0.000000,0.000000,0.000000,0.000000,0.000000,0.000000,,,,,,,,,,,,
210914,,,,,,,,,,,0.000000,0.000000,0.000000,0.000000,0.000000,0.000000,,,,,,,,,,,,
210919,,,,,,,,,,,0.000000,0.000000,0.000000,0.000000,0.000000,0.000000,,,,,,,,,,,,
210924,,,,,,,,,,,0.000000,0.000000,0.000000,0.000000,0.000000,0.000000,,,,,,,,,,,,
210929,,,,,,,,,,,0.000000,0.000000,0.000000,0.000000,0.000000,0.000000,,,,,,,,,,,,
210934,,,,,,,,,,,0.000000,0.000000,0.000000,0.000000,0.000000,0.000000,,,,,,,,,,,,
210939,,,,,,,,,,,0.000000,0.000000,0.000000,0.000000,0.000000,0.000000,,,,,,,,,,,,
210944,,,,,,,,,,,0.000000,0.000000,0.000000,0.000000,0.000000,0.000000,,,,,,,,,,,,
210949,,,,,,,,,,,0.000000,0.000000,0.000000,0.000000,0.000000,0.000000,,,,,,,,,,,,
210954,,,,,,,,,,,0.000000,0.000000,0.000000,0.000000,0.000000,0.000000,,,,,,,,,,,,
210959,,,,,,,,,,,0.000000,0.000000,0.000000,0.000000,0.000000,0.000000,,,,,,,,,,,,
210964,,,,,,,,,,,0.000000,0.000000,0.000000,0.000000,0.000000,0.000000,,,,,,,,,,,,
210969,,,,,,,,,,,0.000000,0.000000,0.000000,0.000000,0.000000,0.000000,,,,,,,,,,,,
210974,,,,,,,,,,,0.000000,0.000000,,,0.000000,0.000000,,,,,,,,,,,,
211296,,,,,,,,,,,0.000000,0.000000,0.000000,0.000000,0.000000,0.000000,,,,,,,,,,,,
211297,,,,,,,,,,,0.000000,0.000000,0.000000,0.000000,0.000000,0.000000,,,,,,,,,,,,
211302,,,,,,,,,,,0.000000,0.000000,0.000000,0.000000,0.000000,0.000000,,,,,,,,,,,,
211310,,,,,,,,,,,0.000000,0.000000,0.000000,0.000000,0.000000,0.000000,,,,,,,,,,,,
211314,,,,,,,,,,,0.000000,0.000000,0.000000,0.000000,0.000000,0.000000,,,,,,,,,,,,
211319,,,,,,,,,,,0.000000,0.000000,0.000000,0.000000,0.000000,0.000000,,,,,,,,,,,,
211324,,,,,,,,,,,0.000000,0.000000,0.000000,0.000000,0.000000,0.000000,,,,,,,,,,,,
211329,,,,,,,,,,,0.000000,0.000000,0.000000,0.000000,0.000000,0.000000,,,,,,,,,,,,
211334,,,,,,,,,,,0.000000,0.000000,0.000000,0.000000,0.000000,0.000000,,,,,,,,,,,,
211339,,,,,,,,,,,0.000000,0.000000,0.000000,0.000000,0.000000,0.000000,,,,,,,,,,,,
211344,,,,,,,,,,,0.000000,0.000000,0.000000,0.000000,0.000000,0.000000,,,,,,,,,,,,
211356,,,,,,,,,,,0.000000,0.000000,0.000000,0.000000,0.000000,0.000000,,,,,,,,,,,,
211359,,,,,,,,,,,0.000000,0.000000,0.000000,0.000000,0.000000,0.000000,,,,,,,,,,,,
211364,,,,,,,,,,,0.000000,0.000000,0.000000,0.000000,0.000000,0.000000,,,,,,,,,,,,
211369,,,,,,,,,,,0.000000,0.000000,0.000000,0.000000,0.000000,0.000000,,,,,,,,,,,,
211374,,,,,,,,,,,0.000000,0.000000,0.000000,0.000000,0.000000,0.000000,,,,,,,,,,,,
211379,,,,,,,,,,,0.000000,0.000000,0.000000,0.000000,0.000000,0.000000,,,,,,,,,,,,
211384,,,,,,,,,,,0.000000,0.000000,0.000000,0.000000,0.000000,0.000000,,,,,,,,,,,,
211389,,,,,,,,,,,0.000000,0.000000,0.000000,0.000000,0.000000,0.000000,,,,,,,,,,,,
211394,,,,,,,,,,,0.000000,0.000000,0.000000,0.000000,0.000000,0.000000,,,,,,,,,,,,
211399,,,,,,,,,,,0.000000,0.000000,0.000000,0.000000,0.000000,0.000000,,,,,,,,,,,,
211404,,,,,,,,,,,0.000000,0.000000,0.000000,0.000000,0.000000,0.000000,,,,,,,,,,,,
211416,,,,,,,,,,,0.000000,0.000000,0.000000,0.000000,0.000000,0.000000,,,,,,,,,,,,
211419,,,,,,,,,,,0.000000,0.000000,0.000000,0.000000,0.000000,0.000000,,,,,,,,,,,,
211424,,,,,,,,,,,0.000000,0.000000,0.000000,0.000000,0.000000,0.000000,,,,,,,,,,,,
211429,,,,,,,,,,,0.000000,0.000000,0.000000,0.000000,0.000000,0.000000,,,,,,,,,,,,
211434,,,,,,,,,,,0.000000,0.000000,0.000000,0.000000,0.000000,0.000000,,,,,,,,,,,,
211439,,,,,,,,,,,0.000000,0.000000,0.000000,0.000000,0.000000,0.000000,,,,,,,,,,,,
211444,,,,,,,,,,,0.000000,0.000000,0.000000,0.000000,0.000000,0.000000,,,,,,,,,,,,
211449,,,,,,,,,,,0.000000,0.000000,0.000000,0.000000,0.000000,0.000000,,,,,,,,,,,,
211454,,,,,,,,,,,0.000000,0.000000,0.000000,0.000000,0.000000,0.000000,,,,,,,,,,,,
211459,,,,,,,,,,,0.000000,0.000000,0.000000,0.000000,0.000000,0.000000,,,,,,,,,,,,
211464,,,,,,,,,,,0.000000,0.000000,0.000000,0.000000,0.000000,0.000000,,,,,,,,,,,,
211469,,,,,,,,,,,0.000000,0.000000,0.000000,0.000000,0.000000,0.000000,,,,,,,,,,,,
211474,,,,,,,,,,,0.000000,0.000000,0.000000,0.000000,0.000000,0.000000,,,,,,,,,,,,
211479,,,,,,,,,,,0.000000,0.000000,0.000000,0.000000,0.000000,0.000000,,,,,,,,,,,,
211484,,,,,,,,,,,0.000000,0.000000,0.000000,0.000000,0.000000,0.000000,,,,,,,,,,,,
211496,,,,,,,,,,,0.000000,0.000000,0.000000,0.000000,0.000000,0.000000,,,,,,,,,,,,
211499,,,,,,,,,,,0.000000,0.000000,0.000000,0.000000,0.000000,0.000000,,,,,,,,,,,,
211504,,,,,,,,,,,0.000000,0.000000,0.000000,0.000000,0.000000,0.000000,,,,,,,,,,,,
211509,,,,,,,,,,,0.000000,0.000000,0.000000,0.000000,0.000000,0.000000,,,,,,,,,,,,
211514,,,,,,,,,,,0.000000,0.000000,0.000000,0.000000,0.000000,0.000000,,,,,,,,,,,,
211519,,,,,,,,,,,0.000000,0.000000,0.000000,0.000000,0.000000,0.000000,,,,,,,,,,,,
211524,,,,,,,,,,,0.000000,0.000000,0.000000,0.000000,0.000000,0.000000,,,,,,,,,,,,
211529,,,,,,,,,,,0.000000,0.000000,0.000000,0.000000,0.000000,0.000000,,,,,,,,,,,,
211534,,,,,,,,,,,0.000000,0.000000,0.000000,0.000000,0.000000,0.000000,,,,,,,,,,,,
211539,,,,,,,,,,,0.000000,0.000000,0.000000,0.000000,0.000000,0.000000,,,,,,,,,,,,
211544,,,,,,,,,,,0.000000,0.000000,0.000000,0.000000,0.000000,0.000000,,,,,,,,,,,,
211556,,,,,,,,,,,0.000000,0.000000,0.000000,0.000000,0.000000,0.000000,,,,,,,,,,,,
211559,,,,,,,,,,,0.000000,0.000000,0.000000,0.000000,0.000000,0.000000,,,,,,,,,,,,
211564,,,,,,,,,,,0.000000,0.000000,0.000000,0.000000,0.000000,0.000000,,,,,,,,,,,,
211569,,,,,,,,,,,0.000000,0.000000,0.000000,0.000000,0.000000,0.000000,,,,,,,,,,,,
211574,,,,,,,,,,,0.000000,0.000000,0.000000,0.000000,0.000000,0.000000,,,,,,,,,,,,
211579,,,,,,,,,,,0.000000,0.000000,0.000000,0.000000,0.000000,0.000000,,,,,,,,,,,,
211584,,,,,,,,,,,0.000000,0.000000,0.000000,0.000000,0.000000,0.000000,,,,,,,,,,,,
211589,,,,,,,,,,,0.000000,0.000000,0.000000,0.000000,0.000000,0.000000,,,,,,,,,,,,
211594,,,,,,,,,,,0.000000,0.000000,0.000000,0.000000,0.000000,0.000000,,,,,,,,,,,,
211599,,,,,,,,,,,0.000000,0.000000,0.000000,0.000000,0.000000,0.000000,,,,,,,,,,,,
211604,,,,,,,,,,,0.000000,0.000000,0.000000,0.000000,0.000000,0.000000,,,,,,,,,,,,
211616,,,,,,,,,,,0.000000,0.000000,0.000000,0.000000,0.000000,0.000000,,,,,,,,,,,,
211619,,,,,,,,,,,0.000000,0.000000,0.000000,0.000000,0.000000,0.000000,,,,,,,,,,,,
211624,,,,,,,,,,,0.000000,0.000000,0.000000,0.000000,0.000000,0.000000,,,,,,,,,,,,
211629,,,,,,,,,,,0.000000,0.000000,0.000000,0.000000,0.000000,0.000000,,,,,,,,,,,,
211634,,,,,,,,,,,0.000000,0.000000,0.000000,0.000000,0.000000,0.000000,,,,,,,,,,,,
211639,,,,,,,,,,,0.000000,0.000000,0.000000,0.000000,0.000000,0.000000,,,,,,,,,,,,
211644,,,,,,,,,,,0.000000,0.000000,0.000000,0.000000,0.000000,0.000000,,,,,,,,,,,,
211649,,,,,,,,,,,0.000000,0.000000,0.000000,0.000000,0.000000,0.000000,,,,,,,,,,,,
211654,,,,,,,,,,,0.000000,0.000000,0.000000,0.000000,0.000000,0.000000,,,,,,,,,,,,
211659,,,,,,,,,,,0.000000,0.000000,0.000000,0.000000,0.000000,0.000000,,,,,,,,,,,,
211664,,,,,,,,,,,0.000000,0.000000,0.000000,0.000000,0.000000,0.000000,,,,,,,,,,,,
211676,,,,,,,,,,,0.000000,0.000000,0.000000,0.000000,0.000000,0.000000,,,,,,,,,,,,
211679,,,,,,,,,,,0.000000,0.000000,0.000000,0.000000,0.000000,0.000000,,,,,,,,,,,,
211684,,,,,,,,,,,0.000000,0.000000,0.000000,0.000000,0.000000,0.000000,,,,,,,,,,,,
211689,,,,,,,,,,,0.000000,0.000000,0.000000,0.000000,0.000000,0.000000,,,,,,,,,,,,
211694,,,,,,,,,,,0.000000,0.000000,0.000000,0.000000,0.000000,0.000000,,,,,,,,,,,,
211699,,,,,,,,,,,0.000000,0.000000,0.000000,0.000000,0.000000,0.000000,,,,,,,,,,,,
211704,,,,,,,,,,,0.000000,0.000000,0.000000,0.000000,0.000000,0.000000,,,,,,,,,,,,
211709,,,,,,,,,,,0.000000,0.000000,0.000000,0.000000,0.000000,0.000000,,,,,,,,,,,,
211714,,,,,,,,,,,0.000000,0.000000,0.000000,0.000000,0.000000,0.000000,,,,,,,,,,,,
211719,,,,,,,,,,,0.000000,0.000000,0.000000,0.000000,0.000000,0.000000,,,,,,,,,,,,
211724,,,,,,,,,,,0.000000,0.000000,0.000000,0.000000,0.000000,0.000000,,,,,,,,,,,,
211729,,,,,,,,,,,0.000000,0.000000,0.000000,0.000000,0.000000,0.000000,,,,,,,,,,,,
211734,,,,,,,,,,,0.000000,0.000000,0.000000,0.000000,0.000000,0.000000,,,,,,,,,,,,
211739,,,,,,,,,,,0.000000,0.000000,0.000000,0.000000,0.000000,0.000000,,,,,,,,,,,,
211744,,,,,,,,,,,0.000000,0.000000,0.000000,0.000000,0.000000,0.000000,,,,,,,,,,,,
211756,,,,,,,,,,,0.000000,0.000000,0.000000,0.000000,0.000000,0.000000,,,,,,,,,,,,
211759,,,,,,,,,,,0.000000,0.000000,0.000000,0.000000,0.000000,0.000000,,,,,,,,,,,,
211764,,,,,,,,,,,0.000000,0.000000,0.000000,0.000000,0.000000,0.000000,,,,,,,,,,,,
211769,,,,,,,,,,,0.000000,0.000000,0.000000,0.000000,0.000000,0.000000,,,,,,,,,,,,
211774,,,,,,,,,,,0.000000,0.000000,0.000000,0.000000,0.000000,0.000000,,,,,,,,,,,,
211779,,,,,,,,,,,0.000000,0.000000,0.000000,0.000000,0.000000,0.000000,,,,,,,,,,,,
211784,,,,,,,,,,,0.000000,0.000000,0.000000,0.000000,0.000000,0.000000,,,,,,,,,,,,
211789,,,,,,,,,,,0.000000,0.000000,0.000000,0.000000,0.000000,0.000000,,,,,,,,,,,,
211794,,,,,,,,,,,0.000000,0.000000,0.000000,0.000000,0.000000,0.000000,,,,,,,,,,,,
211799,,,,,,,,,,,0.000000,0.000000,0.000000,0.000000,0.000000,0.000000,,,,,,,,,,,,
211804,,,,,,,,,,,0.000000,0.000000,0.000000,0.000000,0.000000,0.000000,,,,,,,,,,,,
211816,,,,,,,,,,,0.000000,0.000000,0.000000,0.000000,0.000000,0.000000,,,,,,,,,,,,
211819,,,,,,,,,,,0.000000,0.000000,0.000000,0.000000,0.000000,0.000000,,,,,,,,,,,,
211824,,,,,,,,,,,0.000000,0.000000,0.000000,0.000000,0.000000,0.000000,,,,,,,,,,,,
211829,,,,,,,,,,,0.000000,0.000000,0.000000,0.000000,0.000000,0.000000,,,,,,,,,,,,
211834,,,,,,,,,,,0.000000,0.000000,0.000000,0.000000,0.000000,0.000000,,,,,,,,,,,,
211839,,,,,,,,,,,0.000000,0.000000,0.000000,0.000000,0.000000,0.000000,,,,,,,,,,,,
211844,,,,,,,,,,,0.000000,0.000000,0.000000,0.000000,0.000000,0.000000,,,,,,,,,,,,
211849,,,,,,,,,,,0.000000,0.000000,0.000000,0.000000,0.000000,0.000000,,,,,,,,,,,,
211854,,,,,,,,,,,0.000000,0.000000,0.000000,0.000000,0.000000,0.000000,,,,,,,,,,,,
211859,,,,,,,,,,,0.000000,0.000000,0.000000,0.000000,0.000000,0.000000,,,,,,,,,,,,
211864,,,,,,,,,,,0.000000,0.000000,0.000000,0.000000,0.000000,0.000000,,,,,,,,,,,,
211876,,,,,,,,,,,0.000000,0.000000,0.000000,0.000000,0.000000,0.000000,,,,,,,,,,,,
211879,,,,,,,,,,,0.000000,0.000000,0.000000,0.000000,0.000000,0.000000,,,,,,,,,,,,
211884,,,,,,,,,,,0.000000,0.000000,0.000000,0.000000,0.000000,0.000000,,,,,,,,,,,,
211889,,,,,,,,,,,0.000000,0.000000,0.000000,0.000000,0.000000,0.000000,,,,,,,,,,,,
211894,,,,,,,,,,,0.000000,0.000000,0.000000,0.000000,0.000000,0.000000,,,,,,,,,,,,
211899,,,,,,,,,,,0.000000,0.000000,0.000000,0.000000,0.000000,0.000000,,,,,,,,,,,,
211904,,,,,,,,,,,0.000000,0.000000,0.000000,0.000000,0.000000,0.000000,,,,,,,,,,,,
211909,,,,,,,,,,,0.000000,0.000000,0.000000,0.000000,0.000000,0.000000,,,,,,,,,,,,
211914,,,,,,,,,,,0.000000,0.000000,0.000000,0.000000,0.000000,0.000000,,,,,,,,,,,,
211919,,,,,,,,,,,0.000000,0.000000,0.000000,0.000000,0.000000,0.000000,,,,,,,,,,,,
211924,,,,,,,,,,,0.000000,0.000000,0.000000,0.000000,0.000000,0.000000,,,,,,,,,,,,
211936,,,,,,,,,,,0.000000,0.000000,0.000000,0.000000,0.000000,0.000000,,,,,,,,,,,,
211939,,,,,,,,,,,0.000000,0.000000,0.000000,0.000000,0.000000,0.000000,,,,,,,,,,,,
211944,,,,,,,,,,,0.000000,0.000000,0.000000,0.000000,0.000000,0.000000,,,,,,,,,,,,
211949,,,,,,,,,,,0.000000,0.000000,0.000000,0.000000,0.000000,0.000000,,,,,,,,,,,,
211954,,,,,,,,,,,0.000000,0.000000,0.000000,0.000000,0.000000,0.000000,,,,,,,,,,,,
211959,,,,,,,,,,,0.000000,0.000000,0.000000,0.000000,0.000000,0.000000,,,,,,,,,,,,
211964,,,,,,,,,,,0.000000,0.000000,0.000000,0.000000,0.000000,0.000000,,,,,,,,,,,,
211969,,,,,,,,,,,0.000000,0.000000,0.000000,0.000000,0.000000,0.000000,,,,,,,,,,,,
211974,,,,,,,,,,,0.000000,0.000000,0.000000,0.000000,0.000000,0.000000,,,,,,,,,,,,
211979,,,,,,,,,,,0.000000,0.000000,0.000000,0.000000,0.000000,0.000000,,,,,,,,,,,,
211984,,,,,,,,,,,0.000000,0.000000,0.000000,0.000000,0.000000,0.000000,,,,,,,,,,,,
211989,,,,,,,,,,,0.000000,0.000000,0.000000,0.000000,0.000000,0.000000,,,,,,,,,,,,
211994,,,,,,,,,,,0.000000,0.000000,0.000000,0.000000,0.000000,0.000000,,,,,,,,,,,,
211999,,,,,,,,,,,0.000000,0.000000,0.000000,0.000000,0.000000,0.000000,,,,,,,,,,,,
212004,,,,,,,,,,,0.000000,0.000000,0.000000,0.000000,0.000000,0.000000,,,,,,,,,,,,
212016,,,,,,,,,,,0.000000,0.000000,0.000000,0.000000,0.000000,0.000000,,,,,,,,,,,,
212019,,,,,,,,,,,0.000000,0.000000,0.000000,0.000000,0.000000,0.000000,,,,,,,,,,,,
212024,,,,,,,,,,,0.000000,0.000000,0.000000,0.000000,0.000000,0.000000,,,,,,,,,,,,
212029,,,,,,,,,,,0.000000,0.000000,0.000000,0.000000,0.000000,0.000000,,,,,,,,,,,,
212034,,,,,,,,,,,0.000000,0.000000,0.000000,0.000000,0.000000,0.000000,,,,,,,,,,,,
212039,,,,,,,,,,,0.000000,0.000000,0.000000,0.000000,0.000000,0.000000,,,,,,,,,,,,
212044,,,,,,,,,,,0.000000,0.000000,0.000000,0.000000,0.000000,0.000000,,,,,,,,,,,,
212049,,,,,,,,,,,0.000000,0.000000,0.000000,0.000000,0.000000,0.000000,,,,,,,,,,,,
212054,,,,,,,,,,,0.000000,0.000000,0.000000,0.000000,0.000000,0.000000,,,,,,,,,,,,
212059,,,,,,,,,,,0.000000,0.000000,0.000000,0.000000,0.000000,0.000000,,,,,,,,,,,,
212064,,,,,,,,,,,0.000000,0.000000,0.000000,0.000000,0.000000,0.000000,,,,,,,,,,,,
212076,,,,,,,,,,,0.000000,0.000000,0.000000,0.000000,0.000000,0.000000,,,,,,,,,,,,
212079,,,,,,,,,,,0.000000,0.000000,0.000000,0.000000,0.000000,0.000000,,,,,,,,,,,,
212084,,,,,,,,,,,0.000000,0.000000,0.000000,0.000000,0.000000,0.000000,,,,,,,,,,,,
212089,,,,,,,,,,,0.000000,0.000000,0.000000,0.000000,0.000000,0.000000,,,,,,,,,,,,
212094,,,,,,,,,,,0.000000,0.000000,0.000000,0.000000,0.000000,0.000000,,,,,,,,,,,,
212099,,,,,,,,,,,0.000000,0.000000,0.000000,0.000000,0.000000,0.000000,,,,,,,,,,,,
212104,,,,,,,,,,,0.000000,0.000000,0.000000,0.000000,0.000000,0.000000,,,,,,,,,,,,
212109,,,,,,,,,,,0.000000,0.000000,0.000000,0.000000,0.000000,0.000000,,,,,,,,,,,,
212114,,,,,,,,,,,0.000000,0.000000,0.000000,0.000000,0.000000,0.000000,,,,,,,,,,,,
212119,,,,,,,,,,,0.000000,0.000000,0.000000,0.000000,0.000000,0.000000,,,,,,,,,,,,
212124,,,,,,,,,,,0.000000,0.000000,0.000000,0.000000,0.000000,0.000000,,,,,,,,,,,,
212135,,,,,,,,,,,0.000000,0.000000,0.000000,0.000000,0.000000,0.000000,,,,,,,,,,,,
212139,,,,,,,,,,,0.000000,0.000000,0.000000,0.000000,0.000000,0.000000,,,,,,,,,,,,
212144,,,,,,,,,,,0.000000,0.000000,0.000000,0.000000,0.000000,0.000000,,,,,,,,,,,,
212149,,,,,,,,,,,0.000000,0.000000,0.000000,0.000000,0.000000,0.000000,,,,,,,,,,,,
212154,,,,,,,,,,,0.000000,0.000000,0.000000,0.000000,0.000000,0.000000,,,,,,,,,,,,
212159,,,,,,,,,,,0.000000,0.000000,0.000000,0.000000,0.000000,0.000000,,,,,,,,,,,,
212164,,,,,,,,,,,0.000000,0.000000,0.000000,0.000000,0.000000,0.000000,,,,,,,,,,,,
212169,,,,,,,,,,,0.000000,0.000000,0.000000,0.000000,0.000000,0.000000,,,,,,,,,,,,
212174,,,,,,,,,,,0.000000,0.000000,0.000000,0.000000,0.000000,0.000000,,,,,,,,,,,,
212179,,,,,,,,,,,0.000000,0.000000,0.000000,0.000000,0.000000,0.000000,,,,,,,,,,,,
212184,,,,,,,,,,,0.000000,0.000000,0.000000,0.000000,0.000000,0.000000,,,,,,,,,,,,
212189,,,,,,,,,,,0.000000,0.000000,0.000000,0.000000,0.000000,0.000000,,,,,,,,,,,,
212194,,,,,,,,,,,0.000000,0.000000,0.000000,0.000000,0.000000,0.000000,,,,,,,,,,,,
212199,,,,,,,,,,,0.000000,0.000000,0.000000,0.000000,0.000000,0.000000,,,,,,,,,,,,
212204,,,,,,,,,,,0.000000,0.000000,0.000000,0.000000,0.000000,0.000000,,,,,,,,,,,,
212215,,,,,,,,,,,0.000000,0.000000,0.000000,0.000000,0.000000,0.000000,,,,,,,,,,,,
212219,,,,,,,,,,,0.000000,0.000000,0.000000,0.000000,0.000000,0.000000,,,,,,,,,,,,
212224,,,,,,,,,,,0.000000,0.000000,0.000000,0.000000,0.000000,0.000000,,,,,,,,,,,,
212229,,,,,,,,,,,0.000000,0.000000,0.000000,0.000000,0.000000,0.000000,,,,,,,,,,,,
212234,,,,,,,,,,,0.000000,0.000000,0.000000,0.000000,0.000000,0.000000,,,,,,,,,,,,
212239,,,,,,,,,,,0.000000,0.000000,0.000000,0.000000,0.000000,0.000000,,,,,,,,,,,,
212244,,,,,,,,,,,0.000000,0.000000,0.000000,0.000000,0.000000,0.000000,,,,,,,,,,,,
212249,,,,,,,,,,,0.000000,0.000000,0.000000,0.000000,0.000000,0.000000,,,,,,,,,,,,
212254,,,,,,,,,,,0.000000,0.000000,0.000000,0.000000,0.000000,0.000000,,,,,,,,,,,,
212259,,,,,,,,,,,0.000000,0.000000,0.000000,0.000000,0.000000,0.000000,,,,,,,,,,,,
212264,,,,,,,,,,,0.000000,0.000000,0.000000,0.000000,0.000000,0.000000,,,,,,,,,,,,
212277,,,,,,,,,,,0.000000,0.000000,0.000000,0.000000,0.000000,0.000000,,,,,,,,,,,,
212278,,,,,,,,,,,0.000000,0.000000,0.000000,0.000000,0.000000,0.000000,,,,,,,,,,,,
212279,,,,,,,,,,,0.000000,0.000000,0.000000,0.000000,0.000000,0.000000,,,,,,,,,,,,
212284,,,,,,,,,,,0.000000,0.000000,0.000000,0.000000,0.000000,0.000000,,,,,,,,,,,,
212289,,,,,,,,,,,0.000000,0.000000,0.000000,0.000000,0.000000,0.000000,,,,,,,,,,,,
212294,,,,,,,,,,,0.000000,0.000000,0.000000,0.000000,0.000000,0.000000,,,,,,,,,,,,
212299,,,,,,,,,,,0.000000,0.000000,0.000000,0.000000,0.000000,0.000000,,,,,,,,,,,,
212304,,,,,,,,,,,0.000000,0.000000,0.000000,0.000000,0.000000,0.000000,,,,,,,,,,,,
212309,,,,,,,,,,,0.000000,0.000000,0.000000,0.000000,0.000000,0.000000,,,,,,,,,,,,
212314,,,,,,,,,,,0.000000,0.000000,0.000000,0.000000,0.000000,0.000000,,,,,,,,,,,,
212319,,,,,,,,,,,0.000000,0.000000,0.000000,0.000000,0.000000,0.000000,,,,,,,,,,,,
212324,,,,,,,,,,,0.000000,0.000000,0.000000,0.000000,0.000000,0.000000,,,,,,,,,,,,
212336,,,,,,,,,,,0.000000,0.000000,0.000000,0.000000,0.000000,0.000000,,,,,,,,,,,,
212339,,,,,,,,,,,0.000000,0.000000,0.000000,0.000000,0.000000,0.000000,,,,,,,,,,,,
212344,,,,,,,,,,,0.000000,0.000000,0.000000,0.000000,0.000000,0.000000,,,,,,,,,,,,
212349,,,,,,,,,,,0.000000,0.000000,0.000000,0.000000,0.000000,0.000000,,,,,,,,,,,,
212354,,,,,,,,,,,0.000000,0.000000,0.000000,0.000000,0.000000,0.000000,,,,,,,,,,,,
212359,,,,,,,,,,,0.000000,0.000000,0.000000,0.000000,0.000000,0.000000,,,,,,,,,,,,
212364,,,,,,,,,,,0.000000,0.000000,0.000000,0.000000,0.000000,0.000000,,,,,,,,,,,,
212369,,,,,,,,,,,0.000000,0.000000,0.000000,0.000000,0.000000,0.000000,,,,,,,,,,,,
212374,,,,,,,,,,,0.000000,0.000000,0.000000,0.000000,0.000000,0.000000,,,,,,,,,,,,
212379,,,,,,,,,,,0.000000,0.000000,0.000000,0.000000,0.000000,0.000000,,,,,,,,,,,,
212384,,,,,,,,,,,0.000000,0.000000,0.000000,0.000000,0.000000,0.000000,,,,,,,,,,,,
212396,,,,,,,,,,,0.000000,0.000000,0.000000,0.000000,0.000000,0.000000,,,,,,,,,,,,
212399,,,,,,,,,,,0.000000,0.000000,0.000000,0.000000,0.000000,0.000000,,,,,,,,,,,,
212404,,,,,,,,,,,0.000000,0.000000,0.000000,0.000000,0.000000,0.000000,,,,,,,,,,,,
212409,,,,,,,,,,,0.000000,0.000000,0.000000,0.000000,0.000000,0.000000,,,,,,,,,,,,
212414,,,,,,,,,,,0.000000,0.000000,0.000000,0.000000,0.000000,0.000000,,,,,,,,,,,,
212419,,,,,,,,,,,0.000000,0.000000,0.000000,0.000000,0.000000,0.000000,,,,,,,,,,,,
212424,,,,,,,,,,,0.000000,0.000000,0.000000,0.000000,0.000000,0.000000,,,,,,,,,,,,
212429,,,,,,,,,,,0.000000,0.000000,0.000000,0.000000,0.000000,0.000000,,,,,,,,,,,,
212434,,,,,,,,,,,0.000000,0.000000,0.000000,0.000000,0.000000,0.000000,,,,,,,,,,,,
212439,,,,,,,,,,,0.000000,0.000000,0.000000,0.000000,0.000000,0.000000,,,,,,,,,,,,
212444,,,,,,,,,,,0.000000,0.000000,0.000000,0.000000,0.000000,0.000000,,,,,,,,,,,,
212449,,,,,,,,,,,0.000000,0.000000,0.000000,0.000000,0.000000,0.000000,,,,,,,,,,,,
212454,,,,,,,,,,,0.000000,0.000000,0.000000,0.000000,0.000000,0.000000,,,,,,,,,,,,
212459,,,,,,,,,,,0.000000,0.000000,0.000000,0.000000,0.000000,0.000000,,,,,,,,,,,,
212464,,,,,,,,,,,0.000000,0.000000,0.000000,0.000000,0.000000,0.000000,,,,,,,,,,,,
212476,,,,,,,,,,,0.000000,0.000000,0.000000,0.000000,0.000000,0.000000,,,,,,,,,,,,
212479,,,,,,,,,,,0.000000,0.000000,0.000000,0.000000,0.000000,0.000000,,,,,,,,,,,,
212484,,,,,,,,,,,0.000000,0.000000,0.000000,0.000000,0.000000,0.000000,,,,,,,,,,,,
212489,,,,,,,,,,,0.000000,0.000000,0.000000,0.000000,0.000000,0.000000,,,,,,,,,,,,
212494,,,,,,,,,,,0.000000,0.000000,0.000000,0.000000,0.000000,0.000000,,,,,,,,,,,,
212499,,,,,,,,,,,0.000000,0.000000,0.000000,0.000000,0.000000,0.000000,,,,,,,,,,,,
212504,,,,,,,,,,,0.000000,0.000000,0.000000,0.000000,0.000000,0.000000,,,,,,,,,,,,
212509,,,,,,,,,,,0.000000,0.000000,0.000000,0.000000,0.000000,0.000000,,,,,,,,,,,,
212514,,,,,,,,,,,0.000000,0.000000,0.000000,0.000000,0.000000,0.000000,,,,,,,,,,,,
212519,,,,,,,,,,,0.000000,0.000000,0.000000,0.000000,0.000000,0.000000,,,,,,,,,,,,
212524,,,,,,,,,,,0.000000,0.000000,0.000000,0.000000,0.000000,0.000000,,,,,,,,,,,,
212536,,,,,,,,,,,0.000000,0.000000,0.000000,0.000000,0.000000,0.000000,,,,,,,,,,,,
212539,,,,,,,,,,,0.000000,0.000000,0.000000,0.000000,0.000000,0.000000,,,,,,,,,,,,
212544,,,,,,,,,,,0.000000,0.000000,0.000000,0.000000,0.000000,0.000000,,,,,,,,,,,,
212549,,,,,,,,,,,0.000000,0.000000,0.000000,0.000000,0.000000,0.000000,,,,,,,,,,,,
212554,,,,,,,,,,,0.000000,0.000000,0.000000,0.000000,0.000000,0.000000,,,,,,,,,,,,
212559,,,,,,,,,,,0.000000,0.000000,0.000000,0.000000,0.000000,0.000000,,,,,,,,,,,,
212564,,,,,,,,,,,0.000000,0.000000,0.000000,0.000000,0.000000,0.000000,,,,,,,,,,,,
212569,,,,,,,,,,,0.000000,0.000000,0.000000,0.000000,0.000000,0.000000,,,,,,,,,,,,
212574,,,,,,,,,,,0.000000,0.000000,0.000000,0.000000,0.000000,0.000000,,,,,,,,,,,,
212579,,,,,,,,,,,0.000000,0.000000,0.000000,0.000000,0.000000,0.000000,,,,,,,,,,,,
212584,,,,,,,,,,,0.000000,0.000000,0.000000,0.000000,0.000000,0.000000,,,,,,,,,,,,
212596,,,,,,,,,,,0.000000,0.000000,0.000000,0.000000,0.000000,0.000000,,,,,,,,,,,,
212599,,,,,,,,,,,0.000000,0.000000,0.000000,0.000000,0.000000,0.000000,,,,,,,,,,,,
212604,,,,,,,,,,,0.000000,0.000000,0.000000,0.000000,0.000000,0.000000,,,,,,,,,,,,
212609,,,,,,,,,,,0.000000,0.000000,0.000000,0.000000,0.000000,0.000000,,,,,,,,,,,,
212614,,,,,,,,,,,0.000000,0.000000,0.000000,0.000000,0.000000,0.000000,,,,,,,,,,,,
212619,,,,,,,,,,,0.000000,0.000000,0.000000,0.000000,0.000000,0.000000,,,,,,,,,,,,
212624,,,,,,,,,,,0.000000,0.000000,0.000000,0.000000,0.000000,0.000000,,,,,,,,,,,,
212629,,,,,,,,,,,0.000000,0.000000,0.000000,0.000000,0.000000,0.000000,,,,,,,,,,,,
212634,,,,,,,,,,,0.000000,0.000000,0.000000,0.000000,0.000000,0.000000,,,,,,,,,,,,
212639,,,,,,,,,,,0.000000,0.000000,0.000000,0.000000,0.000000,0.000000,,,,,,,,,,,,
212644,,,,,,,,,,,0.000000,0.000000,0.000000,0.000000,0.000000,0.000000,,,,,,,,,,,,
212649,,,,,,,,,,,0.000000,0.000000,0.000000,0.000000,0.000000,0.000000,,,,,,,,,,,,
212654,,,,,,,,,,,0.000000,0.000000,0.000000,0.000000,0.000000,0.000000,,,,,,,,,,,,
212659,,,,,,,,,,,0.000000,0.000000,0.000000,0.000000,0.000000,0.000000,,,,,,,,,,,,
212664,,,,,,,,,,,0.000000,0.000000,0.000000,0.000000,0.000000,0.000000,,,,,,,,,,,,
212676,,,,,,,,,,,0.000000,0.000000,0.000000,0.000000,0.000000,0.000000,,,,,,,,,,,,
212679,,,,,,,,,,,0.000000,0.000000,0.000000,0.000000,0.000000,0.000000,,,,,,,,,,,,
212684,,,,,,,,,,,0.000000,0.000000,0.000000,0.000000,0.000000,0.000000,,,,,,,,,,,,
212689,,,,,,,,,,,0.000000,0.000000,0.000000,0.000000,0.000000,0.000000,,,,,,,,,,,,
212694,,,,,,,,,,,0.000000,0.000000,0.000000,0.000000,0.000000,0.000000,,,,,,,,,,,,
212699,,,,,,,,,,,0.000000,0.000000,0.000000,0.000000,0.000000,0.000000,,,,,,,,,,,,
212704,,,,,,,,,,,0.000000,0.000000,0.000000,0.000000,0.000000,0.000000,,,,,,,,,,,,
212709,,,,,,,,,,,0.000000,0.000000,0.000000,0.000000,0.000000,0.000000,,,,,,,,,,,,
212714,,,,,,,,,,,0.000000,0.000000,0.000000,0.000000,0.000000,0.000000,,,,,,,,,,,,
212719,,,,,,,,,,,0.000000,0.000000,0.000000,0.000000,0.000000,0.000000,,,,,,,,,,,,
212724,,,,,,,,,,,0.000000,0.000000,0.000000,0.000000,0.000000,0.000000,,,,,,,,,,,,
212737,,,,,,,,,,,0.000000,0.000000,0.000000,0.000000,0.000000,0.000000,,,,,,,,,,,,
212739,,,,,,,,,,,0.000000,0.000000,0.000000,0.000000,0.000000,0.000000,,,,,,,,,,,,
212744,,,,,,,,,,,0.000000,0.000000,0.000000,0.000000,0.000000,0.000000,,,,,,,,,,,,
212749,,,,,,,,,,,0.000000,0.000000,0.000000,0.000000,0.000000,0.000000,,,,,,,,,,,,
212754,,,,,,,,,,,0.000000,0.000000,0.000000,0.000000,0.000000,0.000000,,,,,,,,,,,,
212759,,,,,,,,,,,0.000000,0.000000,0.000000,0.000000,0.000000,0.000000,,,,,,,,,,,,
212764,,,,,,,,,,,0.000000,0.000000,0.000000,0.000000,0.000000,0.000000,,,,,,,,,,,,
212769,,,,,,,,,,,0.000000,0.000000,0.000000,0.000000,0.000000,0.000000,,,,,,,,,,,,
212774,,,,,,,,,,,0.000000,0.000000,0.000000,0.000000,0.000000,0.000000,,,,,,,,,,,,
212779,,,,,,,,,,,0.000000,0.000000,0.000000,0.000000,0.000000,0.000000,,,,,,,,,,,,
212784,,,,,,,,,,,0.000000,0.000000,0.000000,0.000000,0.000000,0.000000,,,,,,,,,,,,
212796,,,,,,,,,,,0.000000,0.000000,0.000000,0.000000,0.000000,0.000000,,,,,,,,,,,,
212799,,,,,,,,,,,0.000000,0.000000,0.000000,0.000000,0.000000,0.000000,,,,,,,,,,,,
212804,,,,,,,,,,,0.000000,0.000000,0.000000,0.000000,0.000000,0.000000,,,,,,,,,,,,
212809,,,,,,,,,,,0.000000,0.000000,0.000000,0.000000,0.000000,0.000000,,,,,,,,,,,,
212814,,,,,,,,,,,0.000000,0.000000,0.000000,0.000000,0.000000,0.000000,,,,,,,,,,,,
212819,,,,,,,,,,,0.000000,0.000000,0.000000,0.000000,0.000000,0.000000,,,,,,,,,,,,
212824,,,,,,,,,,,0.000000,0.000000,0.000000,0.000000,0.000000,0.000000,,,,,,,,,,,,
212829,,,,,,,,,,,0.000000,0.000000,0.000000,0.000000,0.000000,0.000000,,,,,,,,,,,,
212834,,,,,,,,,,,0.000000,0.000000,0.000000,0.000000,0.000000,0.000000,,,,,,,,,,,,
212839,,,,,,,,,,,0.000000,0.000000,0.000000,0.000000,0.000000,0.000000,,,,,,,,,,,,
212844,,,,,,,,,,,0.000000,0.000000,0.000000,0.000000,0.000000,0.000000,,,,,,,,,,,,
212856,,,,,,,,,,,0.000000,0.000000,0.000000,0.000000,0.000000,0.000000,,,,,,,,,,,,
212859,,,,,,,,,,,0.000000,0.000000,0.000000,0.000000,0.000000,0.000000,,,,,,,,,,,,
212864,,,,,,,,,,,0.000000,0.000000,0.000000,0.000000,0.000000,0.000000,,,,,,,,,,,,
212869,,,,,,,,,,,0.000000,0.000000,0.000000,0.000000,0.000000,0.000000,,,,,,,,,,,,
212874,,,,,,,,,,,0.000000,0.000000,0.000000,0.000000,0.000000,0.000000,,,,,,,,,,,,
212879,,,,,,,,,,,0.000000,0.000000,0.000000,0.000000,0.000000,0.000000,,,,,,,,,,,,
212884,,,,,,,,,,,0.000000,0.000000,0.000000,0.000000,0.000000,0.000000,,,,,,,,,,,,
212889,,,,,,,,,,,0.000000,0.000000,0.000000,0.000000,0.000000,0.000000,,,,,,,,,,,,
212894,,,,,,,,,,,0.000000,0.000000,0.000000,0.000000,0.000000,0.000000,,,,,,,,,,,,
212899,,,,,,,,,,,0.000000,0.000000,0.000000,0.000000,0.000000,0.000000,,,,,,,,,,,,
212904,,,,,,,,,,,0.000000,0.000000,0.000000,0.000000,0.000000,0.000000,,,,,,,,,,,,
212909,,,,,,,,,,,0.000000,0.000000,0.000000,0.000000,0.000000,0.000000,,,,,,,,,,,,
212914,,,,,,,,,,,0.000000,0.000000,0.000000,0.000000,0.000000,0.000000,,,,,,,,,,,,
212919,,,,,,,,,,,0.000000,0.000000,0.000000,0.000000,0.000000,0.000000,,,,,,,,,,,,
212924,,,,,,,,,,,0.000000,0.000000,0.000000,0.000000,0.000000,0.000000,,,,,,,,,,,,
212936,,,,,,,,,,,0.000000,0.000000,0.000000,0.000000,0.000000,0.000000,,,,,,,,,,,,
212939,,,,,,,,,,,0.000000,0.000000,0.000000,0.000000,0.000000,0.000000,,,,,,,,,,,,
212944,,,,,,,,,,,0.000000,0.000000,0.000000,0.000000,0.000000,0.000000,,,,,,,,,,,,
212949,,,,,,,,,,,0.000000,0.000000,0.000000,0.000000,0.000000,0.000000,,,,,,,,,,,,
212954,,,,,,,,,,,0.000000,0.000000,0.000000,0.000000,0.000000,0.000000,,,,,,,,,,,,
212959,,,,,,,,,,,0.000000,0.000000,0.000000,0.000000,0.000000,0.000000,,,,,,,,,,,,
212964,,,,,,,,,,,0.000000,0.000000,0.000000,0.000000,0.000000,0.000000,,,,,,,,,,,,
212969,,,,,,,,,,,0.000000,0.000000,0.000000,0.000000,0.000000,0.000000,,,,,,,,,,,,
212974,,,,,,,,,,,0.000000,0.000000,0.000000,0.000000,0.000000,0.000000,,,,,,,,,,,,
212979,,,,,,,,,,,0.000000,0.000000,0.000000,0.000000,0.000000,0.000000,,,,,,,,,,,,
212984,,,,,,,,,,,0.000000,0.000000,0.000000,0.000000,0.000000,0.000000,,,,,,,,,,,,
212996,,,,,,,,,,,0.000000,0.000000,0.000000,0.000000,0.000000,0.000000,,,,,,,,,,,,
212999,,,,,,,,,,,0.000000,0.000000,0.000000,0.000000,0.000000,0.000000,,,,,,,,,,,,
213004,,,,,,,,,,,0.000000,0.000000,0.000000,0.000000,0.000000,0.000000,,,,,,,,,,,,
213009,,,,,,,,,,,0.000000,0.000000,0.000000,0.000000,0.000000,0.000000,,,,,,,,,,,,
213014,,,,,,,,,,,0.000000,0.000000,0.000000,0.000000,0.000000,0.000000,,,,,,,,,,,,
213019,,,,,,,,,,,0.000000,0.000000,0.000000,0.000000,0.000000,0.000000,,,,,,,,,,,,
213024,,,,,,,,,,,0.000000,0.000000,0.000000,0.000000,0.000000,0.000000,,,,,,,,,,,,
213029,,,,,,,,,,,0.000000,0.000000,0.000000,0.000000,0.000000,0.000000,,,,,,,,,,,,
213034,,,,,,,,,,,0.000000,0.000000,0.000000,0.000000,0.000000,0.000000,,,,,,,,,,,,
213039,,,,,,,,,,,0.000000,0.000000,0.000000,0.000000,0.000000,0.000000,,,,,,,,,,,,
213044,,,,,,,,,,,0.000000,0.000000,0.000000,0.000000,0.000000,0.000000,,,,,,,,,,,,
213056,,,,,,,,,,,0.000000,0.000000,0.000000,0.000000,0.000000,0.000000,,,,,,,,,,,,
213059,,,,,,,,,,,0.000000,0.000000,0.000000,0.000000,0.000000,0.000000,,,,,,,,,,,,
213064,,,,,,,,,,,0.000000,0.000000,0.000000,0.000000,0.000000,0.000000,,,,,,,,,,,,
213069,,,,,,,,,,,0.000000,0.000000,0.000000,0.000000,0.000000,0.000000,,,,,,,,,,,,
213074,,,,,,,,,,,0.000000,0.000000,0.000000,0.000000,0.000000,0.000000,,,,,,,,,,,,
213079,,,,,,,,,,,0.000000,0.000000,0.000000,0.000000,0.000000,0.000000,,,,,,,,,,,,
213084,,,,,,,,,,,0.000000,0.000000,0.000000,0.000000,0.000000,0.000000,,,,,,,,,,,,
213089,,,,,,,,,,,0.000000,0.000000,0.000000,0.000000,0.000000,0.000000,,,,,,,,,,,,
213094,,,,,,,,,,,0.000000,0.000000,0.000000,0.000000,0.000000,0.000000,,,,,,,,,,,,
213099,,,,,,,,,,,0.000000,0.000000,0.000000,0.000000,0.000000,0.000000,,,,,,,,,,,,
213104,,,,,,,,,,,0.000000,0.000000,0.000000,0.000000,0.000000,0.000000,,,,,,,,,,,,
213109,,,,,,,,,,,0.000000,0.000000,0.000000,0.000000,0.000000,0.000000,,,,,,,,,,,,
213114,,,,,,,,,,,0.000000,0.000000,0.000000,0.000000,0.000000,0.000000,,,,,,,,,,,,
213119,,,,,,,,,,,0.000000,0.000000,0.000000,0.000000,0.000000,0.000000,,,,,,,,,,,,
213124,,,,,,,,,,,0.000000,0.000000,0.000000,0.000000,0.000000,0.000000,,,,,,,,,,,,
213136,,,,,,,,,,,0.000000,0.000000,0.000000,0.000000,0.000000,0.000000,,,,,,,,,,,,
213139,,,,,,,,,,,0.000000,0.000000,0.000000,0.000000,0.000000,0.000000,,,,,,,,,,,,
213144,,,,,,,,,,,0.000000,0.000000,0.000000,0.000000,0.000000,0.000000,,,,,,,,,,,,
213149,,,,,,,,,,,0.000000,0.000000,0.000000,0.000000,0.000000,0.000000,,,,,,,,,,,,
213154,,,,,,,,,,,0.000000,0.000000,0.000000,0.000000,0.000000,0.000000,,,,,,,,,,,,
213159,,,,,,,,,,,0.000000,0.000000,0.000000,0.000000,0.000000,0.000000,,,,,,,,,,,,
213164,,,,,,,,,,,0.000000,0.000000,0.000000,0.000000,0.000000,0.000000,,,,,,,,,,,,
213169,,,,,,,,,,,0.000000,0.000000,0.000000,0.000000,0.000000,0.000000,,,,,,,,,,,,
213174,,,,,,,,,,,0.000000,0.000000,0.000000,0.000000,0.000000,0.000000,,,,,,,,,,,,
213179,,,,,,,,,,,0.000000,0.000000,0.000000,0.000000,0.000000,0.000000,,,,,,,,,,,,
213184,,,,,,,,,,,0.000000,0.000000,0.000000,0.000000,0.000000,0.000000,,,,,,,,,,,,
213196,,,,,,,,,,,0.000000,0.000000,0.000000,0.000000,0.000000,0.000000,,,,,,,,,,,,
213199,,,,,,,,,,,0.000000,0.000000,0.000000,0.000000,0.000000,0.000000,,,,,,,,,,,,
213204,,,,,,,,,,,0.000000,0.000000,0.000000,0.000000,0.000000,0.000000,,,,,,,,,,,,
213209,,,,,,,,,,,0.000000,0.000000,0.000000,0.000000,0.000000,0.000000,,,,,,,,,,,,
213214,,,,,,,,,,,0.000000,0.000000,0.000000,0.000000,0.000000,0.000000,,,,,,,,,,,,
213219,,,,,,,,,,,0.000000,0.000000,0.000000,0.000000,0.000000,0.000000,,,,,,,,,,,,
213224,,,,,,,,,,,0.000000,0.000000,0.000000,0.000000,0.000000,0.000000,,,,,,,,,,,,
213229,,,,,,,,,,,0.000000,0.000000,0.000000,0.000000,0.000000,0.000000,,,,,,,,,,,,
213234,,,,,,,,,,,0.000000,0.000000,0.000000,0.000000,0.000000,0.000000,,,,,,,,,,,,
213239,,,,,,,,,,,0.000000,0.000000,0.000000,0.000000,0.000000,0.000000,,,,,,,,,,,,
213244,,,,,,,,,,,0.000000,0.000000,0.000000,0.000000,0.000000,0.000000,,,,,,,,,,,,
213256,,,,,,,,,,,0.000000,0.000000,0.000000,0.000000,0.000000,0.000000,,,,,,,,,,,,
213259,,,,,,,,,,,0.000000,0.000000,0.000000,0.000000,0.000000,0.000000,,,,,,,,,,,,
213264,,,,,,,,,,,0.000000,0.000000,0.000000,0.000000,0.000000,0.000000,,,,,,,,,,,,
213269,,,,,,,,,,,0.000000,0.000000,0.000000,0.000000,0.000000,0.000000,,,,,,,,,,,,
213274,,,,,,,,,,,0.000000,0.000000,0.000000,0.000000,0.000000,0.000000,,,,,,,,,,,,
213279,,,,,,,,,,,0.000000,0.000000,0.000000,0.000000,0.000000,0.000000,,,,,,,,,,,,
213284,,,,,,,,,,,0.000000,0.000000,0.000000,0.000000,0.000000,0.000000,,,,,,,,,,,,
213289,,,,,,,,,,,0.000000,0.000000,0.000000,0.000000,0.000000,0.000000,,,,,,,,,,,,
213294,,,,,,,,,,,0.000000,0.000000,0.000000,0.000000,0.000000,0.000000,,,,,,,,,,,,
213299,,,,,,,,,,,0.000000,0.000000,0.000000,0.000000,0.000000,0.000000,,,,,,,,,,,,
213304,,,,,,,,,,,0.000000,0.000000,0.000000,0.000000,0.000000,0.000000,,,,,,,,,,,,
213316,,,,,,,,,,,0.000000,0.000000,0.000000,0.000000,0.000000,0.000000,,,,,,,,,,,,
213319,,,,,,,,,,,0.000000,0.000000,0.000000,0.000000,0.000000,0.000000,,,,,,,,,,,,
213324,,,,,,,,,,,0.000000,0.000000,0.000000,0.000000,0.000000,0.000000,,,,,,,,,,,,
213329,,,,,,,,,,,0.000000,0.000000,0.000000,0.000000,0.000000,0.000000,,,,,,,,,,,,
213334,,,,,,,,,,,0.000000,0.000000,0.000000,0.000000,0.000000,0.000000,,,,,,,,,,,,
213339,,,,,,,,,,,0.000000,0.000000,0.000000,0.000000,0.000000,0.000000,,,,,,,,,,,,
213344,,,,,,,,,,,0.000000,0.000000,0.000000,0.000000,0.000000,0.000000,,,,,,,,,,,,
213349,,,,,,,,,,,0.000000,0.000000,0.000000,0.000000,0.000000,0.000000,,,,,,,,,,,,
213354,,,,,,,,,,,0.000000,0.000000,0.000000,0.000000,0.000000,0.000000,,,,,,,,,,,,
213359,,,,,,,,,,,0.000000,0.000000,0.000000,0.000000,0.000000,0.000000,,,,,,,,,,,,
213364,,,,,,,,,,,0.000000,0.000000,0.000000,0.000000,0.000000,0.000000,,,,,,,,,,,,
213369,,,,,,,,,,,0.000000,0.000000,0.000000,0.000000,0.000000,0.000000,,,,,,,,,,,,
213374,,,,,,,,,,,0.000000,0.000000,0.000000,0.000000,0.000000,0.000000,,,,,,,,,,,,
213379,,,,,,,,,,,0.000000,0.000000,0.000000,0.000000,0.000000,0.000000,,,,,,,,,,,,
213384,,,,,,,,,,,0.000000,0.000000,0.000000,0.000000,0.000000,0.000000,,,,,,,,,,,,
213396,,,,,,,,,,,0.000000,0.000000,0.000000,0.000000,0.000000,0.000000,,,,,,,,,,,,
213399,,,,,,,,,,,0.000000,0.000000,0.000000,0.000000,0.000000,0.000000,,,,,,,,,,,,
213404,,,,,,,,,,,0.000000,0.000000,0.000000,0.000000,0.000000,0.000000,,,,,,,,,,,,
213409,,,,,,,,,,,0.000000,0.000000,0.000000,0.000000,0.000000,0.000000,,,,,,,,,,,,
213414,,,,,,,,,,,0.000000,0.000000,0.000000,0.000000,0.000000,0.000000,,,,,,,,,,,,
213419,,,,,,,,,,,0.000000,0.000000,0.000000,0.000000,0.000000,0.000000,,,,,,,,,,,,
213424,,,,,,,,,,,0.000000,0.000000,0.000000,0.000000,0.000000,0.000000,,,,,,,,,,,,
213429,,,,,,,,,,,0.000000,0.000000,0.000000,0.000000,0.000000,0.000000,,,,,,,,,,,,
213434,,,,,,,,,,,0.000000,0.000000,0.000000,0.000000,0.000000,0.000000,,,,,,,,,,,,
213439,,,,,,,,,,,0.000000,0.000000,0.000000,0.000000,0.000000,0.000000,,,,,,,,,,,,
213444,,,,,,,,,,,0.000000,0.000000,0.000000,0.000000,0.000000,0.000000,,,,,,,,,,,,
213460,,,,,,,,,,,0.000000,0.000000,0.000000,0.000000,0.000000,0.000000,,,,,,,,,,,,
213464,,,,,,,,,,,0.000000,0.000000,0.000000,0.000000,0.000000,0.000000,,,,,,,,,,,,
213469,,,,,,,,,,,0.000000,0.000000,0.000000,0.000000,0.000000,0.000000,,,,,,,,,,,,
213474,,,,,,,,,,,0.000000,0.000000,0.000000,0.000000,0.000000,0.000000,,,,,,,,,,,,
213479,,,,,,,,,,,0.000000,0.000000,0.000000,0.000000,0.000000,0.000000,,,,,,,,,,,,
213484,,,,,,,,,,,0.000000,0.000000,0.000000,0.000000,0.000000,0.000000,,,,,,,,,,,,
213489,,,,,,,,,,,0.000000,0.000000,0.000000,0.000000,0.000000,0.000000,,,,,,,,,,,,
213494,,,,,,,,,,,0.000000,0.000000,0.000000,0.000000,0.000000,0.000000,,,,,,,,,,,,
213499,,,,,,,,,,,0.000000,0.000000,0.000000,0.000000,0.000000,0.000000,,,,,,,,,,,,
213504,,,,,,,,,,,0.000000,0.000000,0.000000,0.000000,0.000000,0.000000,,,,,,,,,,,,
213515,,,,,,,,,,,0.000000,0.000000,0.000000,0.000000,0.000000,0.000000,,,,,,,,,,,,
213516,,,,,,,,,,,0.000000,0.000000,0.000000,0.000000,0.000000,0.000000,,,,,,,,,,,,
213519,,,,,,,,,,,0.000000,0.000000,0.000000,0.000000,0.000000,0.000000,,,,,,,,,,,,
213524,,,,,,,,,,,0.000000,0.000000,0.000000,0.000000,0.000000,0.000000,,,,,,,,,,,,
213529,,,,,,,,,,,0.000000,0.000000,0.000000,0.000000,0.000000,0.000000,,,,,,,,,,,,
213534,,,,,,,,,,,0.000000,0.000000,0.000000,0.000000,0.000000,0.000000,,,,,,,,,,,,
213539,,,,,,,,,,,0.000000,0.000000,0.000000,0.000000,0.000000,0.000000,,,,,,,,,,,,
213544,,,,,,,,,,,0.000000,0.000000,0.000000,0.000000,0.000000,0.000000,,,,,,,,,,,,
213549,,,,,,,,,,,0.000000,0.000000,0.000000,0.000000,0.000000,0.000000,,,,,,,,,,,,
213554,,,,,,,,,,,0.000000,0.000000,0.000000,0.000000,0.000000,0.000000,,,,,,,,,,,,
213559,,,,,,,,,,,0.000000,0.000000,0.000000,0.000000,0.000000,0.000000,,,,,,,,,,,,
213564,,,,,,,,,,,0.000000,0.000000,0.000000,0.000000,0.000000,0.000000,,,,,,,,,,,,
213569,,,,,,,,,,,0.000000,0.000000,0.000000,0.000000,0.000000,0.000000,,,,,,,,,,,,
213574,,,,,,,,,,,0.000000,0.000000,0.000000,0.000000,0.000000,0.000000,,,,,,,,,,,,
213579,,,,,,,,,,,0.000000,0.000000,0.000000,0.000000,0.000000,0.000000,,,,,,,,,,,,
213584,,,,,,,,,,,0.000000,0.000000,0.000000,0.000000,0.000000,0.000000,,,,,,,,,,,,
213595,,,,,,,,,,,0.000000,0.000000,0.000000,0.000000,0.000000,0.000000,,,,,,,,,,,,
213599,,,,,,,,,,,0.000000,0.000000,0.000000,0.000000,0.000000,0.000000,,,,,,,,,,,,
213604,,,,,,,,,,,0.000000,0.000000,0.000000,0.000000,0.000000,0.000000,,,,,,,,,,,,
213609,,,,,,,,,,,0.000000,0.000000,0.000000,0.000000,0.000000,0.000000,,,,,,,,,,,,
213614,,,,,,,,,,,0.000000,0.000000,0.000000,0.000000,0.000000,0.000000,,,,,,,,,,,,
213619,,,,,,,,,,,0.000000,0.000000,0.000000,0.000000,0.000000,0.000000,,,,,,,,,,,,
213624,,,,,,,,,,,0.000000,0.000000,0.000000,0.000000,0.000000,0.000000,,,,,,,,,,,,
213629,,,,,,,,,,,0.000000,0.000000,0.000000,0.000000,0.000000,0.000000,,,,,,,,,,,,
213634,,,,,,,,,,,0.000000,0.000000,0.000000,0.000000,0.000000,0.000000,,,,,,,,,,,,
213639,,,,,,,,,,,0.000000,0.000000,0.000000,0.000000,0.000000,0.000000,,,,,,,,,,,,
213644,,,,,,,,,,,0.000000,0.000000,0.000000,0.000000,0.000000,0.000000,,,,,,,,,,,,
213653,,,,,,,,,,,0.000000,0.000000,,,,,,,,,,,,,,,,
213654,,,,,,,,,,,0.000000,0.000000,0.000000,0.000000,0.000000,0.000000,,,,,,,,,,,,
213659,,,,,,,,,,,0.000000,0.000000,0.000000,0.000000,0.000000,0.000000,,,,,,,,,,,,
213664,,,,,,,,,,,0.000000,0.000000,0.000000,0.000000,0.000000,0.000000,,,,,,,,,,,,
213669,,,,,,,,,,,0.000000,0.000000,0.000000,0.000000,0.000000,0.000000,,,,,,,,,,,,
213674,,,,,,,,,,,0.000000,0.000000,0.000000,0.000000,0.000000,0.000000,,,,,,,,,,,,
213679,,,,,,,,,,,0.000000,0.000000,0.000000,0.000000,0.000000,0.000000,,,,,,,,,,,,
213684,,,,,,,,,,,0.000000,0.000000,0.000000,0.000000,0.000000,0.000000,,,,,,,,,,,,
213689,,,,,,,,,,,0.000000,0.000000,0.000000,0.000000,0.000000,0.000000,,,,,,,,,,,,
213694,,,,,,,,,,,0.000000,0.000000,0.000000,0.000000,0.000000,0.000000,,,,,,,,,,,,
213699,,,,,,,,,,,0.000000,0.000000,0.000000,0.000000,0.000000,0.000000,,,,,,,,,,,,
213704,,,,,,,,,,,0.000000,0.000000,0.000000,0.000000,0.000000,0.000000,,,,,,,,,,,,
213715,,,,,,,,,,,0.000000,0.000000,0.000000,0.000000,0.000000,0.000000,,,,,,,,,,,,
213719,,,,,,,,,,,0.000000,0.000000,0.000000,0.000000,0.000000,0.000000,,,,,,,,,,,,
213724,,,,,,,,,,,0.000000,0.000000,0.000000,0.000000,0.000000,0.000000,,,,,,,,,,,,
213729,,,,,,,,,,,0.000000,0.000000,0.000000,0.000000,0.000000,0.000000,,,,,,,,,,,,
213734,,,,,,,,,,,0.000000,0.000000,0.000000,0.000000,0.000000,0.000000,,,,,,,,,,,,
213739,,,,,,,,,,,0.000000,0.000000,0.000000,0.000000,0.000000,0.000000,,,,,,,,,,,,
213744,,,,,,,,,,,0.000000,0.000000,0.000000,0.000000,0.000000,0.000000,,,,,,,,,,,,
213749,,,,,,,,,,,0.000000,0.000000,0.000000,0.000000,0.000000,0.000000,,,,,,,,,,,,
213754,,,,,,,,,,,0.000000,0.000000,0.000000,0.000000,0.000000,0.000000,,,,,,,,,,,,
213759,,,,,,,,,,,0.000000,0.000000,0.000000,0.000000,0.000000,0.000000,,,,,,,,,,,,
213764,,,,,,,,,,,0.000000,0.000000,0.000000,0.000000,0.000000,0.000000,,,,,,,,,,,,
213775,,,,,,,,,,,0.000000,0.000000,0.000000,0.000000,0.000000,0.000000,,,,,,,,,,,,
213779,,,,,,,,,,,0.000000,0.000000,0.000000,0.000000,0.000000,0.000000,,,,,,,,,,,,
213784,,,,,,,,,,,0.000000,0.000000,0.000000,0.000000,0.000000,0.000000,,,,,,,,,,,,
213789,,,,,,,,,,,0.000000,0.000000,0.000000,0.000000,0.000000,0.000000,,,,,,,,,,,,
213794,,,,,,,,,,,0.000000,0.000000,0.000000,0.000000,0.000000,0.000000,,,,,,,,,,,,
213799,,,,,,,,,,,0.000000,0.000000,0.000000,0.000000,0.000000,0.000000,,,,,,,,,,,,
213804,,,,,,,,,,,0.000000,0.000000,0.000000,0.000000,0.000000,0.000000,,,,,,,,,,,,
213809,,,,,,,,,,,0.000000,0.000000,0.000000,0.000000,0.000000,0.000000,,,,,,,,,,,,
213814,,,,,,,,,,,0.000000,0.000000,0.000000,0.000000,0.000000,0.000000,,,,,,,,,,,,
213819,,,,,,,,,,,0.000000,0.000000,0.000000,0.000000,0.000000,0.000000,,,,,,,,,,,,
213824,,,,,,,,,,,0.000000,0.000000,0.000000,0.000000,0.000000,0.000000,,,,,,,,,,,,
213829,,,,,,,,,,,0.000000,0.000000,0.000000,0.000000,0.000000,0.000000,,,,,,,,,,,,
213834,,,,,,,,,,,0.000000,0.000000,0.000000,0.000000,0.000000,0.000000,,,,,,,,,,,,
213839,,,,,,,,,,,0.000000,0.000000,0.000000,0.000000,0.000000,0.000000,,,,,,,,,,,,
213844,,,,,,,,,,,0.000000,0.000000,0.000000,0.000000,0.000000,0.000000,,,,,,,,,,,,
213856,,,,,,,,,,,0.000000,0.000000,0.000000,0.000000,0.000000,0.000000,,,,,,,,,,,,
213859,,,,,,,,,,,0.000000,0.000000,0.000000,0.000000,0.000000,0.000000,,,,,,,,,,,,
213864,,,,,,,,,,,0.000000,0.000000,0.000000,0.000000,0.000000,0.000000,,,,,,,,,,,,
213869,,,,,,,,,,,0.000000,0.000000,0.000000,0.000000,0.000000,0.000000,,,,,,,,,,,,
213874,,,,,,,,,,,0.000000,0.000000,0.000000,0.000000,0.000000,0.000000,,,,,,,,,,,,
213879,,,,,,,,,,,0.000000,0.000000,0.000000,0.000000,0.000000,0.000000,,,,,,,,,,,,
213884,,,,,,,,,,,0.000000,0.000000,0.000000,0.000000,0.000000,0.000000,,,,,,,,,,,,
213889,,,,,,,,,,,0.000000,0.000000,0.000000,0.000000,0.000000,0.000000,,,,,,,,,,,,
213894,,,,,,,,,,,0.000000,0.000000,0.000000,0.000000,0.000000,0.000000,,,,,,,,,,,,
213899,,,,,,,,,,,0.000000,0.000000,0.000000,0.000000,0.000000,0.000000,,,,,,,,,,,,
213904,,,,,,,,,,,0.000000,0.000000,0.000000,0.000000,0.000000,0.000000,,,,,,,,,,,,
213916,,,,,,,,,,,0.000000,0.000000,0.000000,0.000000,0.000000,0.000000,,,,,,,,,,,,
213919,,,,,,,,,,,0.000000,0.000000,0.000000,0.000000,0.000000,0.000000,,,,,,,,,,,,
213924,,,,,,,,,,,0.000000,0.000000,0.000000,0.000000,0.000000,0.000000,,,,,,,,,,,,
213929,,,,,,,,,,,0.000000,0.000000,0.000000,0.000000,0.000000,0.000000,,,,,,,,,,,,
213934,,,,,,,,,,,0.000000,0.000000,0.000000,0.000000,0.000000,0.000000,,,,,,,,,,,,
213939,,,,,,,,,,,0.000000,0.000000,0.000000,0.000000,0.000000,0.000000,,,,,,,,,,,,
213944,,,,,,,,,,,0.000000,0.000000,0.000000,0.000000,0.000000,0.000000,,,,,,,,,,,,
213949,,,,,,,,,,,0.000000,0.000000,0.000000,0.000000,0.000000,0.000000,,,,,,,,,,,,
213954,,,,,,,,,,,0.000000,0.000000,0.000000,0.000000,0.000000,0.000000,,,,,,,,,,,,
213959,,,,,,,,,,,0.000000,0.000000,0.000000,0.000000,0.000000,0.000000,,,,,,,,,,,,
213964,,,,,,,,,,,0.000000,0.000000,0.000000,0.000000,0.000000,0.000000,,,,,,,,,,,,
213976,,,,,,,,,,,0.000000,0.000000,0.000000,0.000000,0.000000,0.000000,,,,,,,,,,,,
213979,,,,,,,,,,,0.000000,0.000000,0.000000,0.000000,0.000000,0.000000,,,,,,,,,,,,
213984,,,,,,,,,,,0.000000,0.000000,0.000000,0.000000,0.000000,0.000000,,,,,,,,,,,,
213989,,,,,,,,,,,0.000000,0.000000,0.000000,0.000000,0.000000,0.000000,,,,,,,,,,,,
213994,,,,,,,,,,,0.000000,0.000000,0.000000,0.000000,0.000000,0.000000,,,,,,,,,,,,
213999,,,,,,,,,,,0.000000,0.000000,0.000000,0.000000,0.000000,0.000000,,,,,,,,,,,,
214004,,,,,,,,,,,0.000000,0.000000,0.000000,0.000000,0.000000,0.000000,,,,,,,,,,,,
214009,,,,,,,,,,,0.000000,0.000000,0.000000,0.000000,0.000000,0.000000,,,,,,,,,,,,
214014,,,,,,,,,,,0.000000,0.000000,0.000000,0.000000,0.000000,0.000000,,,,,,,,,,,,
214019,,,,,,,,,,,0.000000,0.000000,0.000000,0.000000,0.000000,0.000000,,,,,,,,,,,,
214024,,,,,,,,,,,0.000000,0.000000,0.000000,0.000000,0.000000,0.000000,,,,,,,,,,,,
214029,,,,,,,,,,,0.000000,0.000000,0.000000,0.000000,0.000000,0.000000,,,,,,,,,,,,
214034,,,,,,,,,,,0.000000,0.000000,0.000000,0.000000,0.000000,0.000000,,,,,,,,,,,,
214039,,,,,,,,,,,0.000000,0.000000,0.000000,0.000000,0.000000,0.000000,,,,,,,,,,,,
214044,,,,,,,,,,,0.000000,0.000000,0.000000,0.000000,0.000000,0.000000,,,,,,,,,,,,
214056,,,,,,,,,,,0.000000,0.000000,0.000000,0.000000,0.000000,0.000000,,,,,,,,,,,,
214059,,,,,,,,,,,0.000000,0.000000,0.000000,0.000000,0.000000,0.000000,,,,,,,,,,,,
214064,,,,,,,,,,,0.000000,0.000000,0.000000,0.000000,0.000000,0.000000,,,,,,,,,,,,
214069,,,,,,,,,,,0.000000,0.000000,0.000000,0.000000,0.000000,0.000000,,,,,,,,,,,,
214074,,,,,,,,,,,0.000000,0.000000,0.000000,0.000000,0.000000,0.000000,,,,,,,,,,,,
214079,,,,,,,,,,,0.000000,0.000000,0.000000,0.000000,0.000000,0.000000,,,,,,,,,,,,
214084,,,,,,,,,,,0.000000,0.000000,0.000000,0.000000,0.000000,0.000000,,,,,,,,,,,,
214089,,,,,,,,,,,0.000000,0.000000,0.000000,0.000000,0.000000,0.000000,,,,,,,,,,,,
214094,,,,,,,,,,,0.000000,0.000000,0.000000,0.000000,0.000000,0.000000,,,,,,,,,,,,
214099,,,,,,,,,,,0.000000,0.000000,0.000000,0.000000,0.000000,0.000000,,,,,,,,,,,,
214104,,,,,,,,,,,0.000000,0.000000,0.000000,0.000000,0.000000,0.000000,,,,,,,,,,,,
214116,,,,,,,,,,,0.000000,0.000000,0.000000,0.000000,0.000000,0.000000,,,,,,,,,,,,
214119,,,,,,,,,,,0.000000,0.000000,0.000000,0.000000,0.000000,0.000000,,,,,,,,,,,,
214124,,,,,,,,,,,0.000000,0.000000,0.000000,0.000000,0.000000,0.000000,,,,,,,,,,,,
214129,,,,,,,,,,,0.000000,0.000000,0.000000,0.000000,0.000000,0.000000,,,,,,,,,,,,
214134,,,,,,,,,,,0.000000,0.000000,0.000000,0.000000,0.000000,0.000000,,,,,,,,,,,,
214139,,,,,,,,,,,0.000000,0.000000,0.000000,0.000000,0.000000,0.000000,,,,,,,,,,,,
214144,,,,,,,,,,,0.000000,0.000000,0.000000,0.000000,0.000000,0.000000,,,,,,,,,,,,
214149,,,,,,,,,,,0.000000,0.000000,0.000000,0.000000,0.000000,0.000000,,,,,,,,,,,,
214154,,,,,,,,,,,0.000000,0.000000,0.000000,0.000000,0.000000,0.000000,,,,,,,,,,,,
214159,,,,,,,,,,,0.000000,0.000000,0.000000,0.000000,0.000000,0.000000,,,,,,,,,,,,
214164,,,,,,,,,,,0.000000,0.000000,0.000000,0.000000,0.000000,0.000000,,,,,,,,,,,,
214176,,,,,,,,,,,0.000000,0.000000,0.000000,0.000000,0.000000,0.000000,,,,,,,,,,,,
214179,,,,,,,,,,,0.000000,0.000000,0.000000,0.000000,0.000000,0.000000,,,,,,,,,,,,
214184,,,,,,,,,,,0.000000,0.000000,0.000000,0.000000,0.000000,0.000000,,,,,,,,,,,,
214189,,,,,,,,,,,0.000000,0.000000,0.000000,0.000000,0.000000,0.000000,,,,,,,,,,,,
214194,,,,,,,,,,,0.000000,0.000000,0.000000,0.000000,0.000000,0.000000,,,,,,,,,,,,
214199,,,,,,,,,,,0.000000,0.000000,0.000000,0.000000,0.000000,0.000000,,,,,,,,,,,,
214204,,,,,,,,,,,0.000000,0.000000,0.000000,0.000000,0.000000,0.000000,,,,,,,,,,,,
214209,,,,,,,,,,,0.000000,0.000000,0.000000,0.000000,0.000000,0.000000,,,,,,,,,,,,
214214,,,,,,,,,,,0.000000,0.000000,0.000000,0.000000,0.000000,0.000000,,,,,,,,,,,,
214219,,,,,,,,,,,0.000000,0.000000,0.000000,0.000000,0.000000,0.000000,,,,,,,,,,,,
214224,,,,,,,,,,,0.000000,0.000000,0.000000,0.000000,0.000000,0.000000,,,,,,,,,,,,
214236,,,,,,,,,,,0.000000,0.000000,0.000000,0.000000,0.000000,0.000000,,,,,,,,,,,,
214239,,,,,,,,,,,0.000000,0.000000,0.000000,0.000000,0.000000,0.000000,,,,,,,,,,,,
214244,,,,,,,,,,,0.000000,0.000000,0.000000,0.000000,0.000000,0.000000,,,,,,,,,,,,
214249,,,,,,,,,,,0.000000,0.000000,0.000000,0.000000,0.000000,0.000000,,,,,,,,,,,,
214254,,,,,,,,,,,0.000000,0.000000,0.000000,0.000000,0.000000,0.000000,,,,,,,,,,,,
214259,,,,,,,,,,,0.000000,0.000000,0.000000,0.000000,0.000000,0.000000,,,,,,,,,,,,
214264,,,,,,,,,,,0.000000,0.000000,0.000000,0.000000,0.000000,0.000000,,,,,,,,,,,,
214269,,,,,,,,,,,0.000000,0.000000,0.000000,0.000000,0.000000,0.000000,,,,,,,,,,,,
214274,,,,,,,,,,,0.000000,0.000000,0.000000,0.000000,0.000000,0.000000,,,,,,,,,,,,
214279,,,,,,,,,,,0.000000,0.000000,0.000000,0.000000,0.000000,0.000000,,,,,,,,,,,,
214284,,,,,,,,,,,0.000000,0.000000,0.000000,0.000000,0.000000,0.000000,,,,,,,,,,,,
214289,,,,,,,,,,,0.000000,0.000000,0.000000,0.000000,0.000000,0.000000,,,,,,,,,,,,
214294,,,,,,,,,,,0.000000,0.000000,0.000000,0.000000,0.000000,0.000000,,,,,,,,,,,,
214299,,,,,,,,,,,0.000000,0.000000,0.000000,0.000000,0.000000,0.000000,,,,,,,,,,,,
214304,,,,,,,,,,,0.000000,0.000000,0.000000,0.000000,0.000000,0.000000,,,,,,,,,,,,
214316,,,,,,,,,,,0.000000,0.000000,0.000000,0.000000,0.000000,0.000000,,,,,,,,,,,,
214319,,,,,,,,,,,0.000000,0.000000,0.000000,0.000000,0.000000,0.000000,,,,,,,,,,,,
214324,,,,,,,,,,,0.000000,0.000000,0.000000,0.000000,0.000000,0.000000,,,,,,,,,,,,
214329,,,,,,,,,,,0.000000,0.000000,0.000000,0.000000,0.000000,0.000000,,,,,,,,,,,,
214334,,,,,,,,,,,0.000000,0.000000,0.000000,0.000000,0.000000,0.000000,,,,,,,,,,,,
214339,,,,,,,,,,,0.000000,0.000000,0.000000,0.000000,0.000000,0.000000,,,,,,,,,,,,
214344,,,,,,,,,,,0.000000,0.000000,0.000000,0.000000,0.000000,0.000000,,,,,,,,,,,,
214349,,,,,,,,,,,0.000000,0.000000,0.000000,0.000000,0.000000,0.000000,,,,,,,,,,,,
214354,,,,,,,,,,,0.000000,0.000000,0.000000,0.000000,0.000000,0.000000,,,,,,,,,,,,
214359,,,,,,,,,,,0.000000,0.000000,0.000000,0.000000,0.000000,0.000000,,,,,,,,,,,,
214364,,,,,,,,,,,0.000000,0.000000,0.000000,0.000000,0.000000,0.000000,,,,,,,,,,,,
214376,,,,,,,,,,,0.000000,0.000000,0.000000,0.000000,0.000000,0.000000,,,,,,,,,,,,
214379,,,,,,,,,,,0.000000,0.000000,0.000000,0.000000,0.000000,0.000000,,,,,,,,,,,,
214384,,,,,,,,,,,0.000000,0.000000,0.000000,0.000000,0.000000,0.000000,,,,,,,,,,,,
214389,,,,,,,,,,,0.000000,0.000000,0.000000,0.000000,0.000000,0.000000,,,,,,,,,,,,
214394,,,,,,,,,,,0.000000,0.000000,0.000000,0.000000,0.000000,0.000000,,,,,,,,,,,,
214399,,,,,,,,,,,0.000000,0.000000,0.000000,0.000000,0.000000,0.000000,,,,,,,,,,,,
214404,,,,,,,,,,,0.000000,0.000000,0.000000,0.000000,0.000000,0.000000,,,,,,,,,,,,
214409,,,,,,,,,,,0.000000,0.000000,0.000000,0.000000,0.000000,0.000000,,,,,,,,,,,,
214414,,,,,,,,,,,0.000000,0.000000,0.000000,0.000000,0.000000,0.000000,,,,,,,,,,,,
214419,,,,,,,,,,,0.000000,0.000000,0.000000,0.000000,0.000000,0.000000,,,,,,,,,,,,
214424,,,,,,,,,,,0.000000,0.000000,0.000000,0.000000,0.000000,0.000000,,,,,,,,,,,,
214436,,,,,,,,,,,0.000000,0.000000,0.000000,0.000000,0.000000,0.000000,,,,,,,,,,,,
214439,,,,,,,,,,,0.000000,0.000000,0.000000,0.000000,0.000000,0.000000,,,,,,,,,,,,
214444,,,,,,,,,,,0.000000,0.000000,0.000000,0.000000,0.000000,0.000000,,,,,,,,,,,,
214449,,,,,,,,,,,0.000000,0.000000,0.000000,0.000000,0.000000,0.000000,,,,,,,,,,,,
214454,,,,,,,,,,,0.000000,0.000000,0.000000,0.000000,0.000000,0.000000,,,,,,,,,,,,
214459,,,,,,,,,,,0.000000,0.000000,0.000000,0.000000,0.000000,0.000000,,,,,,,,,,,,
214464,,,,,,,,,,,0.000000,0.000000,0.000000,0.000000,0.000000,0.000000,,,,,,,,,,,,
214469,,,,,,,,,,,0.000000,0.000000,0.000000,0.000000,0.000000,0.000000,,,,,,,,,,,,
214474,,,,,,,,,,,0.000000,0.000000,0.000000,0.000000,0.000000,0.000000,,,,,,,,,,,,
214479,,,,,,,,,,,0.000000,0.000000,0.000000,0.000000,0.000000,0.000000,,,,,,,,,,,,
214484,,,,,,,,,,,0.000000,0.000000,0.000000,0.000000,0.000000,0.000000,,,,,,,,,,,,
214496,,,,,,,,,,,0.000000,0.000000,0.000000,0.000000,0.000000,0.000000,,,,,,,,,,,,
214499,,,,,,,,,,,0.000000,0.000000,0.000000,0.000000,0.000000,0.000000,,,,,,,,,,,,
214504,,,,,,,,,,,0.000000,0.000000,0.000000,0.000000,0.000000,0.000000,,,,,,,,,,,,
214509,,,,,,,,,,,0.000000,0.000000,0.000000,0.000000,0.000000,0.000000,,,,,,,,,,,,
214514,,,,,,,,,,,0.000000,0.000000,0.000000,0.000000,0.000000,0.000000,,,,,,,,,,,,
214519,,,,,,,,,,,0.000000,0.000000,0.000000,0.000000,0.000000,0.000000,,,,,,,,,,,,
214524,,,,,,,,,,,0.000000,0.000000,0.000000,0.000000,0.000000,0.000000,,,,,,,,,,,,
214529,,,,,,,,,,,0.000000,0.000000,0.000000,0.000000,0.000000,0.000000,,,,,,,,,,,,
214534,,,,,,,,,,,0.000000,0.000000,0.000000,0.000000,0.000000,0.000000,,,,,,,,,,,,
214539,,,,,,,,,,,0.000000,0.000000,0.000000,0.000000,0.000000,0.000000,,,,,,,,,,,,
214544,,,,,,,,,,,0.000000,0.000000,0.000000,0.000000,0.000000,0.000000,,,,,,,,,,,,
214549,,,,,,,,,,,0.000000,0.000000,0.000000,0.000000,0.000000,0.000000,,,,,,,,,,,,
214554,,,,,,,,,,,0.000000,0.000000,0.000000,0.000000,0.000000,0.000000,,,,,,,,,,,,
214559,,,,,,,,,,,0.000000,0.000000,0.000000,0.000000,0.000000,0.000000,,,,,,,,,,,,
214564,,,,,,,,,,,0.000000,0.000000,0.000000,0.000000,0.000000,0.000000,,,,,,,,,,,,
214576,,,,,,,,,,,0.000000,0.000000,0.000000,0.000000,0.000000,0.000000,,,,,,,,,,,,
214579,,,,,,,,,,,0.000000,0.000000,0.000000,0.000000,0.000000,0.000000,,,,,,,,,,,,
214584,,,,,,,,,,,0.000000,0.000000,0.000000,0.000000,0.000000,0.000000,,,,,,,,,,,,
214589,,,,,,,,,,,0.000000,0.000000,0.000000,0.000000,0.000000,0.000000,,,,,,,,,,,,
214594,,,,,,,,,,,0.000000,0.000000,0.000000,0.000000,0.000000,0.000000,,,,,,,,,,,,
214599,,,,,,,,,,,0.000000,0.000000,0.000000,0.000000,0.000000,0.000000,,,,,,,,,,,,
214604,,,,,,,,,,,0.000000,0.000000,0.000000,0.000000,0.000000,0.000000,,,,,,,,,,,,
214609,,,,,,,,,,,0.000000,0.000000,0.000000,0.000000,0.000000,0.000000,,,,,,,,,,,,
214614,,,,,,,,,,,0.000000,0.000000,0.000000,0.000000,0.000000,0.000000,,,,,,,,,,,,
214619,,,,,,,,,,,0.000000,0.000000,0.000000,0.000000,0.000000,0.000000,,,,,,,,,,,,
214624,,,,,,,,,,,0.000000,0.000000,0.000000,0.000000,0.000000,0.000000,,,,,,,,,,,,
214636,,,,,,,,,,,0.000000,0.000000,0.000000,0.000000,0.000000,0.000000,,,,,,,,,,,,
214639,,,,,,,,,,,0.000000,0.000000,0.000000,0.000000,0.000000,0.000000,,,,,,,,,,,,
214644,,,,,,,,,,,0.000000,0.000000,0.000000,0.000000,0.000000,0.000000,,,,,,,,,,,,
214649,,,,,,,,,,,0.000000,0.000000,0.000000,0.000000,0.000000,0.000000,,,,,,,,,,,,
214654,,,,,,,,,,,0.000000,0.000000,0.000000,0.000000,0.000000,0.000000,,,,,,,,,,,,
214659,,,,,,,,,,,0.000000,0.000000,0.000000,0.000000,0.000000,0.000000,,,,,,,,,,,,
214664,,,,,,,,,,,0.000000,0.000000,0.000000,0.000000,0.000000,0.000000,,,,,,,,,,,,
214669,,,,,,,,,,,0.000000,0.000000,0.000000,0.000000,0.000000,0.000000,,,,,,,,,,,,
214674,,,,,,,,,,,0.000000,0.000000,0.000000,0.000000,0.000000,0.000000,,,,,,,,,,,,
214679,,,,,,,,,,,0.000000,0.000000,0.000000,0.000000,0.000000,0.000000,,,,,,,,,,,,
214684,,,,,,,,,,,0.000000,0.000000,0.000000,0.000000,0.000000,0.000000,,,,,,,,,,,,
214696,,,,,,,,,,,0.000000,0.000000,0.000000,0.000000,0.000000,0.000000,,,,,,,,,,,,
214699,,,,,,,,,,,0.000000,0.000000,0.000000,0.000000,0.000000,0.000000,,,,,,,,,,,,
214704,,,,,,,,,,,0.000000,0.000000,0.000000,0.000000,0.000000,0.000000,,,,,,,,,,,,
214709,,,,,,,,,,,0.000000,0.000000,0.000000,0.000000,0.000000,0.000000,,,,,,,,,,,,
214714,,,,,,,,,,,0.000000,0.000000,0.000000,0.000000,0.000000,0.000000,,,,,,,,,,,,
214719,,,,,,,,,,,0.000000,0.000000,0.000000,0.000000,0.000000,0.000000,,,,,,,,,,,,
214724,,,,,,,,,,,0.000000,0.000000,0.000000,0.000000,0.000000,0.000000,,,,,,,,,,,,
214729,,,,,,,,,,,0.000000,0.000000,0.000000,0.000000,0.000000,0.000000,,,,,,,,,,,,
214734,,,,,,,,,,,0.000000,0.000000,0.000000,0.000000,0.000000,0.000000,,,,,,,,,,,,
214739,,,,,,,,,,,0.000000,0.000000,0.000000,0.000000,0.000000,0.000000,,,,,,,,,,,,
214744,,,,,,,,,,,0.000000,0.000000,0.000000,0.000000,0.000000,0.000000,,,,,,,,,,,,
214749,,,,,,,,,,,0.000000,0.000000,0.000000,0.000000,0.000000,0.000000,,,,,,,,,,,,
214754,,,,,,,,,,,0.000000,0.000000,0.000000,0.000000,0.000000,0.000000,,,,,,,,,,,,
214759,,,,,,,,,,,0.000000,0.000000,0.000000,0.000000,0.000000,0.000000,,,,,,,,,,,,
214764,,,,,,,,,,,0.000000,0.000000,0.000000,0.000000,0.000000,0.000000,,,,,,,,,,,,
214776,,,,,,,,,,,0.000000,0.000000,0.000000,0.000000,0.000000,0.000000,,,,,,,,,,,,
214779,,,,,,,,,,,0.000000,0.000000,0.000000,0.000000,0.000000,0.000000,,,,,,,,,,,,
214784,,,,,,,,,,,0.000000,0.000000,0.000000,0.000000,0.000000,0.000000,,,,,,,,,,,,
214789,,,,,,,,,,,0.000000,0.000000,0.000000,0.000000,0.000000,0.000000,,,,,,,,,,,,
214794,,,,,,,,,,,0.000000,0.000000,0.000000,0.000000,0.000000,0.000000,,,,,,,,,,,,
214799,,,,,,,,,,,0.000000,0.000000,0.000000,0.000000,0.000000,0.000000,,,,,,,,,,,,
214804,,,,,,,,,,,0.000000,0.000000,0.000000,0.000000,0.000000,0.000000,,,,,,,,,,,,
214809,,,,,,,,,,,0.000000,0.000000,0.000000,0.000000,0.000000,0.000000,,,,,,,,,,,,
214814,,,,,,,,,,,0.000000,0.000000,0.000000,0.000000,0.000000,0.000000,,,,,,,,,,,,
214819,,,,,,,,,,,0.000000,0.000000,0.000000,0.000000,0.000000,0.000000,,,,,,,,,,,,
214824,,,,,,,,,,,0.000000,0.000000,0.000000,0.000000,0.000000,0.000000,,,,,,,,,,,,
214836,,,,,,,,,,,0.000000,0.000000,0.000000,0.000000,0.000000,0.000000,,,,,,,,,,,,
214839,,,,,,,,,,,0.000000,0.000000,0.000000,0.000000,0.000000,0.000000,,,,,,,,,,,,
214844,,,,,,,,,,,0.000000,0.000000,0.000000,0.000000,0.000000,0.000000,,,,,,,,,,,,
214849,,,,,,,,,,,0.000000,0.000000,0.000000,0.000000,0.000000,0.000000,,,,,,,,,,,,
214854,,,,,,,,,,,0.000000,0.000000,0.000000,0.000000,0.000000,0.000000,,,,,,,,,,,,
214859,,,,,,,,,,,0.000000,0.000000,0.000000,0.000000,0.000000,0.000000,,,,,,,,,,,,
214864,,,,,,,,,,,0.000000,0.000000,0.000000,0.000000,0.000000,0.000000,,,,,,,,,,,,
214869,,,,,,,,,,,0.000000,0.000000,0.000000,0.000000,0.000000,0.000000,,,,,,,,,,,,
214874,,,,,,,,,,,0.000000,0.000000,0.000000,0.000000,0.000000,0.000000,,,,,,,,,,,,
214879,,,,,,,,,,,0.000000,0.000000,0.000000,0.000000,0.000000,0.000000,,,,,,,,,,,,
214884,,,,,,,,,,,0.000000,0.000000,0.000000,0.000000,0.000000,0.000000,,,,,,,,,,,,
214896,,,,,,,,,,,0.000000,0.000000,0.000000,0.000000,0.000000,0.000000,,,,,,,,,,,,
214899,,,,,,,,,,,0.000000,0.000000,0.000000,0.000000,0.000000,0.000000,,,,,,,,,,,,
214904,,,,,,,,,,,0.000000,0.000000,0.000000,0.000000,0.000000,0.000000,,,,,,,,,,,,
214909,,,,,,,,,,,0.000000,0.000000,0.000000,0.000000,0.000000,0.000000,,,,,,,,,,,,
214914,,,,,,,,,,,0.000000,0.000000,0.000000,0.000000,0.000000,0.000000,,,,,,,,,,,,
214919,,,,,,,,,,,0.000000,0.000000,0.000000,0.000000,0.000000,0.000000,,,,,,,,,,,,
214924,,,,,,,,,,,0.000000,0.000000,0.000000,0.000000,0.000000,0.000000,,,,,,,,,,,,
214929,,,,,,,,,,,0.000000,0.000000,0.000000,0.000000,0.000000,0.000000,,,,,,,,,,,,
214934,,,,,,,,,,,0.000000,0.000000,0.000000,0.000000,0.000000,0.000000,,,,,,,,,,,,
214939,,,,,,,,,,,0.000000,0.000000,0.000000,0.000000,0.000000,0.000000,,,,,,,,,,,,
214944,,,,,,,,,,,0.000000,0.000000,0.000000,0.000000,0.000000,0.000000,,,,,,,,,,,,
214956,,,,,,,,,,,0.000000,0.000000,0.000000,0.000000,0.000000,0.000000,,,,,,,,,,,,
214959,,,,,,,,,,,0.000000,0.000000,0.000000,0.000000,0.000000,0.000000,,,,,,,,,,,,
214964,,,,,,,,,,,0.000000,0.000000,0.000000,0.000000,0.000000,0.000000,,,,,,,,,,,,
214969,,,,,,,,,,,0.000000,0.000000,0.000000,0.000000,0.000000,0.000000,,,,,,,,,,,,
214974,,,,,,,,,,,0.000000,0.000000,0.000000,0.000000,0.000000,0.000000,,,,,,,,,,,,
214979,,,,,,,,,,,0.000000,0.000000,0.000000,0.000000,0.000000,0.000000,,,,,,,,,,,,
214984,,,,,,,,,,,0.000000,0.000000,0.000000,0.000000,0.000000,0.000000,,,,,,,,,,,,
214989,,,,,,,,,,,0.000000,0.000000,0.000000,0.000000,0.000000,0.000000,,,,,,,,,,,,
214994,,,,,,,,,,,0.000000,0.000000,0.000000,0.000000,0.000000,0.000000,,,,,,,,,,,,
214999,,,,,,,,,,,0.000000,0.000000,0.000000,0.000000,0.000000,0.000000,,,,,,,,,,,,
215004,,,,,,,,,,,0.000000,0.000000,0.000000,0.000000,0.000000,0.000000,,,,,,,,,,,,
215009,,,,,,,,,,,0.000000,0.000000,0.000000,0.000000,0.000000,0.000000,,,,,,,,,,,,
215014,,,,,,,,,,,0.000000,0.000000,0.000000,0.000000,0.000000,0.000000,,,,,,,,,,,,
215019,,,,,,,,,,,0.000000,0.000000,0.000000,0.000000,0.000000,0.000000,,,,,,,,,,,,
215024,,,,,,,,,,,0.000000,0.000000,0.000000,0.000000,0.000000,0.000000,,,,,,,,,,,,
215036,,,,,,,,,,,0.000000,0.000000,0.000000,0.000000,0.000000,0.000000,,,,,,,,,,,,
215039,,,,,,,,,,,0.000000,0.000000,0.000000,0.000000,0.000000,0.000000,,,,,,,,,,,,
215044,,,,,,,,,,,0.000000,0.000000,0.000000,0.000000,0.000000,0.000000,,,,,,,,,,,,
215049,,,,,,,,,,,0.000000,0.000000,0.000000,0.000000,0.000000,0.000000,,,,,,,,,,,,
215054,,,,,,,,,,,0.000000,0.000000,0.000000,0.000000,0.000000,0.000000,,,,,,,,,,,,
215059,,,,,,,,,,,0.000000,0.000000,0.000000,0.000000,0.000000,0.000000,,,,,,,,,,,,
215064,,,,,,,,,,,0.000000,0.000000,0.000000,0.000000,0.000000,0.000000,,,,,,,,,,,,
215069,,,,,,,,,,,0.000000,0.000000,0.000000,0.000000,0.000000,0.000000,,,,,,,,,,,,
215074,,,,,,,,,,,0.000000,0.000000,0.000000,0.000000,0.000000,0.000000,,,,,,,,,,,,
215079,,,,,,,,,,,0.000000,0.000000,0.000000,0.000000,0.000000,0.000000,,,,,,,,,,,,
215084,,,,,,,,,,,0.000000,0.000000,0.000000,0.000000,0.000000,0.000000,,,,,,,,,,,,
215096,,,,,,,,,,,0.000000,0.000000,0.000000,0.000000,0.000000,0.000000,,,,,,,,,,,,
215099,,,,,,,,,,,0.000000,0.000000,0.000000,0.000000,0.000000,0.000000,,,,,,,,,,,,
215104,,,,,,,,,,,0.000000,0.000000,0.000000,0.000000,0.000000,0.000000,,,,,,,,,,,,
215109,,,,,,,,,,,0.000000,0.000000,0.000000,0.000000,0.000000,0.000000,,,,,,,,,,,,
215114,,,,,,,,,,,0.000000,0.000000,0.000000,0.000000,0.000000,0.000000,,,,,,,,,,,,
215119,,,,,,,,,,,0.000000,0.000000,0.000000,0.000000,0.000000,0.000000,,,,,,,,,,,,
215124,,,,,,,,,,,0.000000,0.000000,0.000000,0.000000,0.000000,0.000000,,,,,,,,,,,,
215129,,,,,,,,,,,0.000000,0.000000,0.000000,0.000000,0.000000,0.000000,,,,,,,,,,,,
215134,,,,,,,,,,,0.000000,0.000000,0.000000,0.000000,0.000000,0.000000,,,,,,,,,,,,
215139,,,,,,,,,,,0.000000,0.000000,0.000000,0.000000,0.000000,0.000000,,,,,,,,,,,,
215144,,,,,,,,,,,0.000000,0.000000,0.000000,0.000000,0.000000,0.000000,,,,,,,,,,,,
215156,,,,,,,,,,,0.000000,0.000000,0.000000,0.000000,0.000000,0.000000,,,,,,,,,,,,
215157,,,,,,,,,,,,,0.000000,0.000000,,,,,,,,,,,,,,
215159,,,,,,,,,,,0.000000,0.000000,0.000000,0.000000,0.000000,0.000000,,,,,,,,,,,,
215164,,,,,,,,,,,0.000000,0.000000,0.000000,0.000000,0.000000,0.000000,,,,,,,,,,,,
215169,,,,,,,,,,,0.000000,0.000000,0.000000,0.000000,0.000000,0.000000,,,,,,,,,,,,
215174,,,,,,,,,,,0.000000,0.000000,0.000000,0.000000,0.000000,0.000000,,,,,,,,,,,,
215179,,,,,,,,,,,0.000000,0.000000,0.000000,0.000000,0.000000,0.000000,,,,,,,,,,,,
215184,,,,,,,,,,,0.000000,0.000000,0.000000,0.000000,0.000000,0.000000,,,,,,,,,,,,
215189,,,,,,,,,,,0.000000,0.000000,0.000000,0.000000,0.000000,0.000000,,,,,,,,,,,,
215194,,,,,,,,,,,0.000000,0.000000,0.000000,0.000000,0.000000,0.000000,,,,,,,,,,,,
215199,,,,,,,,,,,0.000000,0.000000,0.000000,0.000000,0.000000,0.000000,,,,,,,,,,,,
215204,,,,,,,,,,,0.000000,0.000000,0.000000,0.000000,0.000000,0.000000,,,,,,,,,,,,
215209,,,,,,,,,,,0.000000,0.000000,0.000000,0.000000,0.000000,0.000000,,,,,,,,,,,,
215214,,,,,,,,,,,0.000000,0.000000,0.000000,0.000000,0.000000,0.000000,,,,,,,,,,,,
215219,,,,,,,,,,,0.000000,0.000000,0.000000,0.000000,0.000000,0.000000,,,,,,,,,,,,
215224,,,,,,,,,,,0.000000,0.000000,0.000000,0.000000,0.000000,0.000000,,,,,,,,,,,,
215236,,,,,,,,,,,0.000000,0.000000,0.000000,0.000000,0.000000,0.000000,,,,,,,,,,,,
215239,,,,,,,,,,,0.000000,0.000000,0.000000,0.000000,0.000000,0.000000,,,,,,,,,,,,
215244,,,,,,,,,,,0.000000,0.000000,0.000000,0.000000,0.000000,0.000000,,,,,,,,,,,,
215249,,,,,,,,,,,0.000000,0.000000,0.000000,0.000000,0.000000,0.000000,,,,,,,,,,,,
215254,,,,,,,,,,,0.000000,0.000000,0.000000,0.000000,0.000000,0.000000,,,,,,,,,,,,
215259,,,,,,,,,,,0.000000,0.000000,0.000000,0.000000,0.000000,0.000000,,,,,,,,,,,,
215264,,,,,,,,,,,0.000000,0.000000,0.000000,0.000000,0.000000,0.000000,,,,,,,,,,,,
215269,,,,,,,,,,,0.000000,0.000000,0.000000,0.000000,0.000000,0.000000,,,,,,,,,,,,
215274,,,,,,,,,,,0.000000,0.000000,0.000000,0.000000,0.000000,0.000000,,,,,,,,,,,,
215279,,,,,,,,,,,0.000000,0.000000,0.000000,0.000000,0.000000,0.000000,,,,,,,,,,,,
215284,,,,,,,,,,,0.000000,0.000000,0.000000,0.000000,0.000000,0.000000,,,,,,,,,,,,
215308,,,,,,,,,,,0.000000,0.000000,0.000000,0.000000,0.000000,0.000000,,,,,,,,,,,,
215309,,,,,,,,,,,0.000000,0.000000,0.000000,0.000000,0.000000,0.000000,,,,,,,,,,,,
215314,,,,,,,,,,,0.000000,0.000000,0.000000,0.000000,0.000000,0.000000,,,,,,,,,,,,
215319,,,,,,,,,,,0.000000,0.000000,0.000000,0.000000,0.000000,0.000000,,,,,,,,,,,,
215324,,,,,,,,,,,0.000000,0.000000,0.000000,0.000000,0.000000,0.000000,,,,,,,,,,,,
215329,,,,,,,,,,,0.000000,0.000000,0.000000,0.000000,0.000000,0.000000,,,,,,,,,,,,
215334,,,,,,,,,,,0.000000,0.000000,0.000000,0.000000,0.000000,0.000000,,,,,,,,,,,,
215339,,,,,,,,,,,0.000000,0.000000,0.000000,0.000000,0.000000,0.000000,,,,,,,,,,,,
215344,,,,,,,,,,,0.000000,0.000000,0.000000,0.000000,0.000000,0.000000,,,,,,,,,,,,
215356,,,,,,,,,,,0.000000,0.000000,0.000000,0.000000,0.000000,0.000000,,,,,,,,,,,,
215359,,,,,,,,,,,0.000000,0.000000,0.000000,0.000000,0.000000,0.000000,,,,,,,,,,,,
215364,,,,,,,,,,,0.000000,0.000000,0.000000,0.000000,0.000000,0.000000,,,,,,,,,,,,
215369,,,,,,,,,,,0.000000,0.000000,0.000000,0.000000,0.000000,0.000000,,,,,,,,,,,,
215374,,,,,,,,,,,0.000000,0.000000,0.000000,0.000000,0.000000,0.000000,,,,,,,,,,,,
215379,,,,,,,,,,,0.000000,0.000000,0.000000,0.000000,0.000000,0.000000,,,,,,,,,,,,
215384,,,,,,,,,,,0.000000,0.000000,0.000000,0.000000,0.000000,0.000000,,,,,,,,,,,,
215389,,,,,,,,,,,0.000000,0.000000,0.000000,0.000000,0.000000,0.000000,,,,,,,,,,,,
215394,,,,,,,,,,,0.000000,0.000000,0.000000,0.000000,0.000000,0.000000,,,,,,,,,,,,
215399,,,,,,,,,,,0.000000,0.000000,0.000000,0.000000,0.000000,0.000000,,,,,,,,,,,,
215404,,,,,,,,,,,0.000000,0.000000,0.000000,0.000000,0.000000,0.000000,,,,,,,,,,,,
215416,,,,,,,,,,,0.000000,0.000000,0.000000,0.000000,0.000000,0.000000,,,,,,,,,,,,
215419,,,,,,,,,,,0.000000,0.000000,0.000000,0.000000,0.000000,0.000000,,,,,,,,,,,,
215424,,,,,,,,,,,0.000000,0.000000,0.000000,0.000000,0.000000,0.000000,,,,,,,,,,,,
215429,,,,,,,,,,,0.000000,0.000000,0.000000,0.000000,0.000000,0.000000,,,,,,,,,,,,
215434,,,,,,,,,,,0.000000,0.000000,0.000000,0.000000,0.000000,0.000000,,,,,,,,,,,,
215439,,,,,,,,,,,0.000000,0.000000,0.000000,0.000000,0.000000,0.000000,,,,,,,,,,,,
215444,,,,,,,,,,,0.000000,0.000000,0.000000,0.000000,0.000000,0.000000,,,,,,,,,,,,
215449,,,,,,,,,,,0.000000,0.000000,0.000000,0.000000,0.000000,0.000000,,,,,,,,,,,,
215454,,,,,,,,,,,0.000000,0.000000,0.000000,0.000000,0.000000,0.000000,,,,,,,,,,,,
215459,,,,,,,,,,,0.000000,0.000000,0.000000,0.000000,0.000000,0.000000,,,,,,,,,,,,
215464,,,,,,,,,,,0.000000,0.000000,0.000000,0.000000,0.000000,0.000000,,,,,,,,,,,,
215469,,,,,,,,,,,0.000000,0.000000,0.000000,0.000000,0.000000,0.000000,,,,,,,,,,,,
215474,,,,,,,,,,,0.000000,0.000000,0.000000,0.000000,0.000000,0.000000,,,,,,,,,,,,
215479,,,,,,,,,,,0.000000,0.000000,0.000000,0.000000,0.000000,0.000000,,,,,,,,,,,,
215484,,,,,,,,,,,0.000000,0.000000,0.000000,0.000000,0.000000,0.000000,,,,,,,,,,,,
215499,,,,,,,,,,,0.000000,0.000000,0.000000,0.000000,0.000000,0.000000,,,,,,,,,,,,
215504,,,,,,,,,,,0.000000,0.000000,0.000000,0.000000,0.000000,0.000000,,,,,,,,,,,,
215509,,,,,,,,,,,0.000000,0.000000,0.000000,0.000000,0.000000,0.000000,,,,,,,,,,,,
215514,,,,,,,,,,,0.000000,0.000000,0.000000,0.000000,0.000000,0.000000,,,,,,,,,,,,
215519,,,,,,,,,,,0.000000,0.000000,0.000000,0.000000,0.000000,0.000000,,,,,,,,,,,,
215524,,,,,,,,,,,0.000000,0.000000,0.000000,0.000000,0.000000,0.000000,,,,,,,,,,,,
215529,,,,,,,,,,,0.000000,0.000000,0.000000,0.000000,0.000000,0.000000,,,,,,,,,,,,
215534,,,,,,,,,,,0.000000,0.000000,0.000000,0.000000,0.000000,0.000000,,,,,,,,,,,,
215539,,,,,,,,,,,0.000000,0.000000,0.000000,0.000000,0.000000,0.000000,,,,,,,,,,,,
215544,,,,,,,,,,,0.000000,0.000000,0.000000,0.000000,0.000000,0.000000,,,,,,,,,,,,
215555,,,,,,,,,,,0.000000,0.000000,0.000000,0.000000,0.000000,0.000000,,,,,,,,,,,,
215559,,,,,,,,,,,0.000000,0.000000,0.000000,0.000000,0.000000,0.000000,,,,,,,,,,,,
215564,,,,,,,,,,,0.000000,0.000000,0.000000,0.000000,0.000000,0.000000,,,,,,,,,,,,
215569,,,,,,,,,,,0.000000,0.000000,0.000000,0.000000,0.000000,0.000000,,,,,,,,,,,,
215574,,,,,,,,,,,0.000000,0.000000,0.000000,0.000000,0.000000,0.000000,,,,,,,,,,,,
215579,,,,,,,,,,,0.000000,0.000000,0.000000,0.000000,0.000000,0.000000,,,,,,,,,,,,
215584,,,,,,,,,,,0.000000,0.000000,0.000000,0.000000,0.000000,0.000000,,,,,,,,,,,,
215589,,,,,,,,,,,0.000000,0.000000,0.000000,0.000000,0.000000,0.000000,,,,,,,,,,,,
215594,,,,,,,,,,,0.000000,0.000000,0.000000,0.000000,0.000000,0.000000,,,,,,,,,,,,
215599,,,,,,,,,,,0.000000,0.000000,0.000000,0.000000,0.000000,0.000000,,,,,,,,,,,,
215604,,,,,,,,,,,0.000000,0.000000,0.000000,0.000000,0.000000,0.000000,,,,,,,,,,,,
215614,,,,,,,,,,,0.000000,0.000000,0.000000,0.000000,0.000000,0.000000,,,,,,,,,,,,
215619,,,,,,,,,,,0.000000,0.000000,0.000000,0.000000,0.000000,0.000000,,,,,,,,,,,,
215624,,,,,,,,,,,0.000000,0.000000,0.000000,0.000000,0.000000,0.000000,,,,,,,,,,,,
215629,,,,,,,,,,,0.000000,0.000000,0.000000,0.000000,0.000000,0.000000,,,,,,,,,,,,
215634,,,,,,,,,,,0.000000,0.000000,0.000000,0.000000,0.000000,0.000000,,,,,,,,,,,,
215639,,,,,,,,,,,0.000000,0.000000,0.000000,0.000000,0.000000,0.000000,,,,,,,,,,,,
215644,,,,,,,,,,,0.000000,0.000000,0.000000,0.000000,0.000000,0.000000,,,,,,,,,,,,
215649,,,,,,,,,,,0.000000,0.000000,0.000000,0.000000,0.000000,0.000000,,,,,,,,,,,,
215654,,,,,,,,,,,0.000000,0.000000,0.000000,0.000000,0.000000,0.000000,,,,,,,,,,,,
215659,,,,,,,,,,,0.000000,0.000000,0.000000,0.000000,0.000000,0.000000,,,,,,,,,,,,
215664,,,,,,,,,,,0.000000,0.000000,0.000000,0.000000,0.000000,0.000000,,,,,,,,,,,,
215669,,,,,,,,,,,0.000000,0.000000,0.000000,0.000000,0.000000,0.000000,,,,,,,,,,,,
215674,,,,,,,,,,,0.000000,0.000000,0.000000,0.000000,0.000000,0.000000,,,,,,,,,,,,
215679,,,,,,,,,,,0.000000,0.000000,0.000000,0.000000,0.000000,0.000000,,,,,,,,,,,,
215684,,,,,,,,,,,0.000000,0.000000,0.000000,0.000000,0.000000,0.000000,,,,,,,,,,,,
215695,,,,,,,,,,,0.000000,0.000000,0.000000,0.000000,0.000000,0.000000,,,,,,,,,,,,
215699,,,,,,,,,,,0.000000,0.000000,0.000000,0.000000,0.000000,0.000000,,,,,,,,,,,,
215704,,,,,,,,,,,0.000000,0.000000,0.000000,0.000000,0.000000,0.000000,,,,,,,,,,,,
215709,,,,,,,,,,,0.000000,0.000000,0.000000,0.000000,0.000000,0.000000,,,,,,,,,,,,
215714,,,,,,,,,,,0.000000,0.000000,0.000000,0.000000,0.000000,0.000000,,,,,,,,,,,,
215719,,,,,,,,,,,0.000000,0.000000,0.000000,0.000000,0.000000,0.000000,,,,,,,,,,,,
215724,,,,,,,,,,,0.000000,0.000000,0.000000,0.000000,0.000000,0.000000,,,,,,,,,,,,
215729,,,,,,,,,,,0.000000,0.000000,0.000000,0.000000,0.000000,0.000000,,,,,,,,,,,,
215734,,,,,,,,,,,0.000000,0.000000,0.000000,0.000000,0.000000,0.000000,,,,,,,,,,,,
215739,,,,,,,,,,,0.000000,0.000000,0.000000,0.000000,0.000000,0.000000,,,,,,,,,,,,
215744,,,,,,,,,,,0.000000,0.000000,0.000000,0.000000,0.000000,0.000000,,,,,,,,,,,,
215754,,,,,,,,,,,0.000000,0.000000,0.000000,0.000000,0.000000,0.000000,,,,,,,,,,,,
215759,,,,,,,,,,,0.000000,0.000000,0.000000,0.000000,0.000000,0.000000,,,,,,,,,,,,
215764,,,,,,,,,,,0.000000,0.000000,0.000000,0.000000,0.000000,0.000000,,,,,,,,,,,,
215769,,,,,,,,,,,0.000000,0.000000,0.000000,0.000000,0.000000,0.000000,,,,,,,,,,,,
215774,,,,,,,,,,,0.000000,0.000000,0.000000,0.000000,0.000000,0.000000,,,,,,,,,,,,
215779,,,,,,,,,,,0.000000,0.000000,0.000000,0.000000,0.000000,0.000000,,,,,,,,,,,,
215784,,,,,,,,,,,0.000000,0.000000,0.000000,0.000000,0.000000,0.000000,,,,,,,,,,,,
215789,,,,,,,,,,,0.000000,0.000000,0.000000,0.000000,0.000000,0.000000,,,,,,,,,,,,
215794,,,,,,,,,,,0.000000,0.000000,0.000000,0.000000,0.000000,0.000000,,,,,,,,,,,,
215799,,,,,,,,,,,0.000000,0.000000,0.000000,0.000000,0.000000,0.000000,,,,,,,,,,,,
215804,,,,,,,,,,,0.000000,0.000000,0.000000,0.000000,0.000000,0.000000,,,,,,,,,,,,
215816,,,,,,,,,,,0.000000,0.000000,0.000000,0.000000,0.000000,0.000000,,,,,,,,,,,,
215819,,,,,,,,,,,0.000000,0.000000,0.000000,0.000000,0.000000,0.000000,,,,,,,,,,,,
215824,,,,,,,,,,,0.000000,0.000000,0.000000,0.000000,0.000000,0.000000,,,,,,,,,,,,
215829,,,,,,,,,,,0.000000,0.000000,0.000000,0.000000,0.000000,0.000000,,,,,,,,,,,,
215834,,,,,,,,,,,0.000000,0.000000,0.000000,0.000000,0.000000,0.000000,,,,,,,,,,,,
215839,,,,,,,,,,,0.000000,0.000000,0.000000,0.000000,0.000000,0.000000,,,,,,,,,,,,
215844,,,,,,,,,,,0.000000,0.000000,0.000000,0.000000,0.000000,0.000000,,,,,,,,,,,,
215849,,,,,,,,,,,0.000000,0.000000,0.000000,0.000000,0.000000,0.000000,,,,,,,,,,,,
215854,,,,,,,,,,,0.000000,0.000000,0.000000,0.000000,0.000000,0.000000,,,,,,,,,,,,
215859,,,,,,,,,,,0.000000,0.000000,0.000000,0.000000,0.000000,0.000000,,,,,,,,,,,,
215864,,,,,,,,,,,0.000000,0.000000,0.000000,0.000000,0.000000,0.000000,,,,,,,,,,,,
215876,,,,,,,,,,,0.000000,0.000000,0.000000,0.000000,0.000000,0.000000,,,,,,,,,,,,
215879,,,,,,,,,,,0.000000,0.000000,0.000000,0.000000,0.000000,0.000000,,,,,,,,,,,,
215884,,,,,,,,,,,0.000000,0.000000,0.000000,0.000000,0.000000,0.000000,,,,,,,,,,,,
215889,,,,,,,,,,,0.000000,0.000000,0.000000,0.000000,0.000000,0.000000,,,,,,,,,,,,
215894,,,,,,,,,,,0.000000,0.000000,0.000000,0.000000,0.000000,0.000000,,,,,,,,,,,,
215899,,,,,,,,,,,0.000000,0.000000,0.000000,0.000000,0.000000,0.000000,,,,,,,,,,,,
215904,,,,,,,,,,,0.000000,0.000000,0.000000,0.000000,0.000000,0.000000,,,,,,,,,,,,
215909,,,,,,,,,,,0.000000,0.000000,0.000000,0.000000,0.000000,0.000000,,,,,,,,,,,,
215914,,,,,,,,,,,0.000000,0.000000,0.000000,0.000000,0.000000,0.000000,,,,,,,,,,,,
215919,,,,,,,,,,,0.000000,0.000000,0.000000,0.000000,0.000000,0.000000,,,,,,,,,,,,
215924,,,,,,,,,,,0.000000,0.000000,0.000000,0.000000,0.000000,0.000000,,,,,,,,,,,,
215929,,,,,,,,,,,0.000000,0.000000,0.000000,0.000000,0.000000,0.000000,,,,,,,,,,,,
215934,,,,,,,,,,,0.000000,0.000000,0.000000,0.000000,0.000000,0.000000,,,,,,,,,,,,
215939,,,,,,,,,,,0.000000,0.000000,0.000000,0.000000,0.000000,0.000000,,,,,,,,,,,,
215944,,,,,,,,,,,0.000000,0.000000,0.000000,0.000000,0.000000,0.000000,,,,,,,,,,,,
215956,,,,,,,,,,,0.000000,0.000000,0.000000,0.000000,0.000000,0.000000,,,,,,,,,,,,
215959,,,,,,,,,,,0.000000,0.000000,0.000000,0.000000,0.000000,0.000000,,,,,,,,,,,,
215964,,,,,,,,,,,0.000000,0.000000,0.000000,0.000000,0.000000,0.000000,,,,,,,,,,,,
215969,,,,,,,,,,,0.000000,0.000000,0.000000,0.000000,0.000000,0.000000,,,,,,,,,,,,
215974,,,,,,,,,,,0.000000,0.000000,0.000000,0.000000,0.000000,0.000000,,,,,,,,,,,,
215979,,,,,,,,,,,0.000000,0.000000,0.000000,0.000000,0.000000,0.000000,,,,,,,,,,,,
215984,,,,,,,,,,,0.000000,0.000000,0.000000,0.000000,0.000000,0.000000,,,,,,,,,,,,
215989,,,,,,,,,,,0.000000,0.000000,0.000000,0.000000,0.000000,0.000000,,,,,,,,,,,,
215994,,,,,,,,,,,-11.987399,-82.166611,0.000000,0.000000,-0.121073,-0.829883,,,,,,,,,,,,
215999,,,,,,,,,,,-11.987399,-82.166611,0.000000,-2.365779,-0.122271,-0.814205,,,,,,,,,,,,
216004,,,,,,,,,,,-11.987399,-82.166611,0.000000,-6.893573,-0.123470,-0.776454,,,,,,,,,,,,
216016,,,,,,,,,,,-12.003854,-82.166679,-1.081007,-23.104280,-0.114999,-0.626007,,,,,,,,,,,,
216019,,,,,,,,,,,-12.003854,-82.166679,-0.987900,-26.437307,-0.117032,-0.598250,,,,,,,,,,,,
216024,,,,,,,,,,,-12.003854,-82.166679,-0.902812,-33.623375,-0.118993,-0.531244,,,,,,,,,,,,
216029,,,,,,,,,,,-12.368246,-82.168404,-1.416497,-40.190506,-0.118595,-0.469788,,,,,,,,,,,,
216034,,,,,,,,,,,-12.368246,-82.168404,-1.294494,-46.192009,-0.120922,-0.413370,,,,,,,,,,,,
216039,,,,,,,,,,,-12.368246,-82.168404,-1.774444,-51.085155,-0.117182,-0.367547,,,,,,,,,,,,
216044,,,,,,,,,,,-12.368246,-82.168404,-1.621611,-54.965408,-0.119785,-0.331465,,,,,,,,,,,,
216049,,,,,,,,,,,-15.736278,-82.184326,-2.073386,-57.920010,-0.150314,-0.304504,,,,,,,,,,,,
216054,,,,,,,,,,,-15.736278,-82.184326,-1.894805,-60.620132,-0.153484,-0.279660,,,,,,,,,,,,
216059,,,,,,,,,,,-15.736278,-82.184326,-2.914495,-63.087692,-0.144569,-0.256894,,,,,,,,,,,,
216064,,,,,,,,,,,-15.736278,-82.184326,-3.846358,-64.751274,-0.136440,-0.242001,,,,,,,,,,,,
216076,,,,,,,,,,,-15.736278,-82.184326,-3.752820,-64.347107,-0.139736,-0.249004,,,,,,,,,,,,
216079,,,,,,,,,,,-21.251808,-82.210403,-3.429589,-60.579212,-0.199906,-0.289107,,,,,,,,,,,,
216084,,,,,,,,,,,-21.251808,-82.210403,-3.725643,-58.318737,-0.198698,-0.314101,,,,,,,,,,,,
216089,,,,,,,,,,,-21.251808,-82.210403,-3.996197,-56.844402,-0.197718,-0.331381,,,,,,,,,,,,
216094,,,,,,,,,,,-27.533760,-82.240105,-4.243449,-56.088497,-0.260394,-0.341852,,,,,,,,,,,,
216099,,,,,,,,,,,-27.533760,-82.240105,-5.060850,-55.397697,-0.254468,-0.351444,,,,,,,,,,,,
216104,,,,,,,,,,,-27.533760,-82.240105,-5.807847,-55.357841,-0.249170,-0.354531,,,,,,,,,,,,
216109,,,,,,,,,,,-35.350285,-82.277069,-6.490506,-54.729973,-0.323395,-0.363934,,,,,,,,,,,,
216114,,,,,,,,,,,-35.350285,-82.277069,-6.522923,-54.156181,-0.325953,-0.372484,,,,,,,,,,,,
216119,,,,,,,,,,,-35.350285,-82.277069,-7.735436,-53.631813,-0.316590,-0.380592,,,,,,,,,,,,
216124,,,,,,,,,,,-35.350285,-82.277069,-8.843516,-53.152607,-0.308160,-0.388297,,,,,,,,,,,,
216129,,,,,,,,,,,-43.760960,-82.316833,-9.856157,-53.306122,-0.385531,-0.390060,,,,,,,,,,,,
216134,,,,,,,,,,,-43.760960,-82.316833,-11.964469,-53.446415,-0.367627,-0.391544,,,,,,,,,,,,
216139,,,,,,,,,,,-43.760960,-82.316833,-13.891191,-53.574623,-0.351347,-0.393136,,,,,,,,,,,,
216144,,,,,,,,,,,-43.760960,-82.316833,-16.243410,-53.691788,-0.330576,-0.394827,,,,,,,,,,,,
216157,,,,,,,,,,,-52.550755,-82.358391,-21.673367,-56.783150,-0.370146,-0.368974,,,,,,,,,,,,
216159,,,,,,,,,,,-52.550755,-82.358391,-21.580969,-54.258186,-0.374167,-0.397033,,,,,,,,,,,,
216164,,,,,,,,,,,-52.550755,-82.358391,-23.862309,-54.907921,-0.354222,-0.393281,,,,,,,,,,,,
216169,,,,,,,,,,,-62.357662,-82.404762,-25.947157,-55.501694,-0.435084,-0.390497,,,,,,,,,,,,
216174,,,,,,,,,,,-62.357662,-82.404762,-29.035326,-56.635769,-0.407535,-0.381734,,,,,,,,,,,,
216179,,,,,,,,,,,-62.357662,-82.404762,-31.266066,-57.672169,-0.388336,-0.373843,,,,,,,,,,,,
216184,,,,,,,,,,,-62.357662,-82.404762,-33.304672,-58.027859,-0.370856,-0.372724,,,,,,,,,,,,
216189,,,,,,,,,,,-73.321907,-82.456596,-35.759136,-58.352913,-0.459710,-0.372402,,,,,,,,,,,,
216194,,,,,,,,,,,-73.321907,-82.456596,-38.002197,-59.241413,-0.440811,-0.365838,,,,,,,,,,,,
216199,,,,,,,,,,,-73.321907,-82.456596,-40.643509,-60.053387,-0.417666,-0.359959,,,,,,,,,,,,
216204,,,,,,,,,,,-73.321907,-82.456596,-43.057323,-60.203979,-0.396554,-0.360678,,,,,,,,,,,,
216216,,,,,,,,,,,-73.321907,-82.456596,-50.063705,-63.843365,-0.330735,-0.327470,,,,,,,,,,,,
216219,,,,,,,,,,,-82.500000,-82.500000,-48.708931,-61.301746,-0.439443,-0.355440,,,,,,,,,,,,
216224,,,,,,,,,,,-82.500000,-82.500000,-50.428070,-61.936264,-0.425458,-0.351151,,,,,,,,,,,,
216229,,,,,,,,,,,-82.500000,-82.500000,-51.999138,-62.516129,-0.412798,-0.347351,,,,,,,,,,,,
216234,,,,,,,,,,,-82.500000,-82.500000,-53.434891,-63.046051,-0.401347,-0.343997,,,,,,,,,,,,
216239,,,,,,,,,,,-82.500000,-82.500000,-54.746983,-62.938885,-0.391001,-0.347025,,,,,,,,,,,,
216244,,,,,,,,,,,-82.500000,-82.500000,-55.946064,-63.432396,-0.381666,-0.343997,,,,,,,,,,,,
216249,,,,,,,,,,,-82.500000,-82.500000,-57.041866,-63.883400,-0.373253,-0.341348,,,,,,,,,,,,
216254,,,,,,,,,,,-82.500000,-82.500000,-58.043289,-64.295555,-0.365685,-0.339047,,,,,,,,,,,,
216259,,,,,,,,,,,-82.500000,-82.500000,-58.367012,-64.672211,-0.364861,-0.337063,,,,,,,,,,,,
216264,,,,,,,,,,,-82.500000,-82.500000,-59.254299,-64.424980,-0.358313,-0.341343,,,,,,,,,,,,
216276,,,,,,,,,,,-82.500000,-82.500000,-62.458786,-67.368576,-0.329687,-0.314363,,,,,,,,,,,,
216279,,,,,,,,,,,-82.449776,-71.879028,-60.627869,-64.523331,-0.349676,-0.237342,,,,,,,,,,,,
216284,,,,,,,,,,,-82.449776,-71.879028,-60.728981,-64.880371,-0.350837,-0.234471,,,,,,,,,,,,
216289,,,,,,,,,,,-82.412384,-63.969570,-61.412830,-64.615219,-0.345725,-0.157963,,,,,,,,,,,,
216294,,,,,,,,,,,-82.412384,-63.969570,-61.446335,-63.781456,-0.347487,-0.166320,,,,,,,,,,,,
216299,,,,,,,,,,,-82.412384,-63.969570,-61.476952,-63.019505,-0.349274,-0.174034,,,,,,,,,,,,
216304,,,,,,,,,,,-82.412384,-63.969570,-61.504932,-62.323181,-0.351085,-0.181162,,,,,,,,,,,,
216309,,,,,,,,,,,-82.380135,-57.148312,-61.530502,-61.686832,-0.352592,-0.118859,,,,,,,,,,,,
216314,,,,,,,,,,,-82.380135,-57.148312,-61.553871,-60.513847,-0.354441,-0.130253,,,,,,,,,,,,
216319,,,,,,,,,,,-82.380135,-57.148312,-61.575226,-60.033337,-0.356308,-0.134769,,,,,,,,,,,,
216324,,,,,,,,,,,-82.380135,-57.148312,-61.594742,-59.002766,-0.358191,-0.144889,,,,,,,,,,,,
216336,,,,,,,,,,,-82.380135,-57.148312,-62.251411,-57.975632,-0.355063,-0.154514,,,,,,,,,,,,
216339,,,,,,,,,,,-82.356316,-52.111519,-60.438354,-55.347958,-0.375147,-0.130099,,,,,,,,,,,,
216344,,,,,,,,,,,-82.356316,-52.111519,-60.555790,-54.720940,-0.376153,-0.136108,,,,,,,,,,,,
216349,,,,,,,,,,,-82.349663,-50.703709,-61.254555,-53.556484,-0.371208,-0.133389,,,,,,,,,,,,
216354,,,,,,,,,,,-82.349663,-50.703709,-61.301693,-52.492321,-0.372842,-0.143852,,,,,,,,,,,,
216359,,,,,,,,,,,-82.349663,-50.703709,-61.936214,-52.111259,-0.368538,-0.147522,,,,,,,,,,,,
216364,,,,,,,,,,,-82.349663,-50.703709,-62.516083,-50.580132,-0.364723,-0.162845,,,,,,,,,,,,
216369,,,,,,,,,,,-82.361946,-53.303860,-63.046009,-49.772324,-0.361478,-0.197278,,,,,,,,,,,,
216374,,,,,,,,,,,-82.361946,-53.303860,-63.530293,-49.625538,-0.358518,-0.199114,,,,,,,,,,,,
216379,,,,,,,,,,,-82.361946,-53.303860,-63.972862,-48.899948,-0.355931,-0.206810,,,,,,,,,,,,
216384,,,,,,,,,,,-82.361946,-53.303860,-64.377312,-48.828300,-0.353685,-0.207974,,,,,,,,,,,,
216389,,,,,,,,,,,-82.388443,-58.905289,-65.338371,-48.171379,-0.346045,-0.271631,,,,,,,,,,,,
216394,,,,,,,,,,,-82.388443,-58.905289,-65.625214,-48.162483,-0.344853,-0.272794,,,,,,,,,,,,
216399,,,,,,,,,,,-82.388443,-58.905289,-66.478790,-47.562908,-0.337908,-0.279924,,,,,,,,,,,,
216404,,,,,,,,,,,-82.388443,-58.905289,-66.667404,-47.606419,-0.337594,-0.280619,,,,,,,,,,,,
216416,,,,,,,,,,,-82.388443,-58.905289,-69.781853,-48.947441,-0.308378,-0.268739,,,,,,,,,,,,
216419,,,,,,,,,,,-82.426224,-66.897110,-67.320198,-47.097366,-0.334883,-0.369138,,,,,,,,,,,,
216424,,,,,,,,,,,-82.426224,-66.897110,-67.436348,-47.772419,-0.335220,-0.364300,,,,,,,,,,,,
216429,,,,,,,,,,,-82.466499,-75.414963,-67.542488,-48.389328,-0.336054,-0.446012,,,,,,,,,,,,
216434,,,,,,,,,,,-82.466499,-75.414963,-68.230934,-49.544548,-0.330593,-0.437047,,,,,,,,,,,,
216439,,,,,,,,,,,-82.466499,-75.414963,-68.268639,-50.600269,-0.331636,-0.428971,,,,,,,,,,,,
216444,,,,,,,,,,,-82.466499,-75.414963,-68.894539,-52.156506,-0.326734,-0.415735,,,,,,,,,,,,
216449,,,,,,,,,,,-82.500000,-82.500000,-68.875084,-54.170147,-0.328626,-0.469281,,,,,,,,,,,,
216454,,,,,,,,,,,-82.500000,-82.500000,-69.448753,-56.010353,-0.324194,-0.453528,,,,,,,,,,,,
216459,,,,,,,,,,,-82.500000,-82.500000,-69.381569,-58.283508,-0.326178,-0.433219,,,,,,,,,,,,
216464,,,,,,,,,,,-82.500000,-82.500000,-69.320168,-59.769432,-0.328110,-0.420632,,,,,,,,,,,,
216476,,,,,,,,,,,-82.500000,-82.500000,-71.405884,-66.182968,-0.308799,-0.359201,,,,,,,,,,,,
216479,,,,,,,,,,,-82.500000,-82.500000,-68.804352,-64.622726,-0.336184,-0.376591,,,,,,,,,,,,
216484,,,,,,,,,,,-82.500000,-82.500000,-68.792671,-66.154099,-0.337671,-0.362912,,,,,,,,,,,,
216489,,,,,,,,,,,-82.500000,-82.500000,-68.781990,-66.962128,-0.339150,-0.356386,,,,,,,,,,,,
216494,,,,,,,,,,,-82.500000,-82.500000,-68.772232,-67.700562,-0.340620,-0.350481,,,,,,,,,,,,
216499,,,,,,,,,,,-82.500000,-82.500000,-68.763313,-67.783943,-0.342083,-0.351119,,,,,,,,,,,,
216504,,,,,,,,,,,-82.500000,-82.500000,-69.346611,-68.451591,-0.337565,-0.345848,,,,,,,,,,,,
216509,,,,,,,,,,,-82.500000,-82.500000,-69.288223,-68.470291,-0.339470,-0.347064,,,,,,,,,,,,
216514,,,,,,,,,,,-82.500000,-82.500000,-69.234863,-69.078827,-0.341330,-0.342320,,,,,,,,,,,,
216519,,,,,,,,,,,-82.500000,-82.500000,-69.186096,-69.043503,-0.343150,-0.344019,,,,,,,,,,,,
216524,,,,,,,,,,,-82.500000,-82.500000,-69.732979,-69.602669,-0.338957,-0.339717,,,,,,,,,,,,
216536,,,,,,,,,,,-82.500000,-82.500000,-72.342087,-72.773766,-0.314281,-0.309330,,,,,,,,,,,,
216539,,,,,,,,,,,-82.500000,-82.500000,-69.068474,-70.054413,-0.348360,-0.337768,,,,,,,,,,,,
216544,,,,,,,,,,,-82.500000,-82.500000,-69.625488,-70.526505,-0.344077,-0.334245,,,,,,,,,,,,
216549,,,,,,,,,,,-82.500000,-82.500000,-70.134521,-70.957939,-0.340224,-0.331085,,,,,,,,,,,,
216554,,,,,,,,,,,-82.500000,-82.500000,-70.599716,-71.352211,-0.336762,-0.328257,,,,,,,,,,,,
216559,,,,,,,,,,,-82.500000,-82.500000,-71.024841,-71.712524,-0.333658,-0.325732,,,,,,,,,,,,
216564,,,,,,,,,,,-82.500000,-82.500000,-70.821907,-72.633247,-0.336855,-0.317512,,,,,,,,,,,,
216569,,,,,,,,,,,-82.500000,-82.500000,-71.227898,-72.883224,-0.333922,-0.315974,,,,,,,,,,,,
216574,,,,,,,,,,,-82.500000,-82.500000,-71.598915,-73.111671,-0.331302,-0.314628,,,,,,,,,,,,
216579,,,,,,,,,,,-82.500000,-82.500000,-71.937981,-73.320442,-0.328968,-0.313458,,,,,,,,,,,,
216584,,,,,,,,,,,-82.500000,-82.500000,-72.247841,-74.102676,-0.326894,-0.306476,,,,,,,,,,,,
216589,,,,,,,,,,,-82.500000,-82.500000,-72.531013,-74.226089,-0.325060,-0.306069,,,,,,,,,,,,
216594,,,,,,,,,,,-82.500000,-82.500000,-72.789795,-74.338875,-0.323443,-0.305757,,,,,,,,,,,,
216599,,,,,,,,,,,-82.500000,-82.500000,-73.026291,-74.441948,-0.322025,-0.305532,,,,,,,,,,,,
216604,,,,,,,,,,,-82.500000,-82.500000,-73.242416,-75.127586,-0.320790,-0.299413,,,,,,,,,,,,
216616,,,,,,,,,,,-82.500000,-82.500000,-75.222084,-77.336998,-0.301740,-0.277623,,,,,,,,,,,,
216619,,,,,,,,,,,-82.500000,-82.500000,-72.883301,-74.816063,-0.326089,-0.303601,,,,,,,,,,,,
216624,,,,,,,,,,,-82.500000,-82.500000,-73.111740,-74.878036,-0.324744,-0.303743,,,,,,,,,,,,
216629,,,,,,,,,,,-82.500000,-82.500000,-73.320503,-74.934669,-0.323574,-0.303933,,,,,,,,,,,,
216634,,,,,,,,,,,-82.500000,-82.500000,-73.511284,-75.577873,-0.322565,-0.298193,,,,,,,,,,,,
216639,,,,,,,,,,,-82.500000,-82.500000,-73.685638,-75.574226,-0.321703,-0.298922,,,,,,,,,,,,
216644,,,,,,,,,,,-82.500000,-82.500000,-74.436417,-76.162338,-0.315002,-0.293675,,,,,,,,,,,,
216649,,,,,,,,,,,-82.500000,-82.500000,-74.531090,-76.108353,-0.314852,-0.294854,,,,,,,,,,,,
216654,,,,,,,,,,,-82.500000,-82.500000,-74.617607,-76.650467,-0.314775,-0.290018,,,,,,,,,,,,
216659,,,,,,,,,,,-82.500000,-82.500000,-74.696671,-76.554443,-0.314764,-0.291573,,,,,,,,,,,,
216664,,,,,,,,,,,-82.500000,-82.500000,-74.768921,-76.466690,-0.314815,-0.293054,,,,,,,,,,,,
216677,,,,,,,,,,,-82.500000,-82.500000,-78.709908,-80.076881,-0.275486,-0.256682,,,,,,,,,,,,
216679,,,,,,,,,,,-82.500000,-82.500000,-74.296387,-75.545624,-0.320442,-0.302690,,,,,,,,,,,,
216684,,,,,,,,,,,-82.500000,-82.500000,-74.994560,-76.136200,-0.314210,-0.297420,,,,,,,,,,,,
216689,,,,,,,,,,,-82.500000,-82.500000,-75.041153,-76.084465,-0.314490,-0.298579,,,,,,,,,,,,
216694,,,,,,,,,,,-82.500000,-82.500000,-75.675179,-76.628632,-0.308833,-0.293725,,,,,,,,,,,,
216699,,,,,,,,,,,-82.500000,-82.500000,-75.663155,-77.125931,-0.309637,-0.289289,,,,,,,,,,,,
216704,,,,,,,,,,,-82.500000,-82.500000,-76.243607,-76.988953,-0.304458,-0.291210,,,,,,,,,,,,
216709,,,,,,,,,,,-82.500000,-82.500000,-76.182625,-77.455215,-0.305699,-0.287052,,,,,,,,,,,,
216714,,,,,,,,,,,-82.500000,-82.500000,-76.126892,-77.289879,-0.306894,-0.289226,,,,,,,,,,,,
216719,,,,,,,,,,,-82.500000,-82.500000,-76.075958,-77.138779,-0.308046,-0.291273,,,,,,,,,,,,
216724,,,,,,,,,,,-82.500000,-82.500000,-76.620857,-77.592140,-0.303185,-0.287230,,,,,,,,,,,,
216736,,,,,,,,,,,-82.500000,-82.500000,,,-0.209139,-0.187959,,,,,,,,,,,,
216737,,,,,,,,,,,-82.500000,-82.500000,-79.175560,-79.935791,-0.277621,-0.263553,,,,,,,,,,,,
216739,,,,,,,,,,,-82.500000,-82.500000,-75.313377,-76.599571,-0.316961,-0.297506,,,,,,,,,,,,
216744,,,,,,,,,,,-82.500000,-82.500000,-75.923958,-77.099373,-0.311513,-0.293048,,,,,,,,,,,,
216749,,,,,,,,,,,-82.500000,-82.500000,-75.890503,-76.964684,-0.312509,-0.294948,,,,,,,,,,,,
216754,,,,,,,,,,,-82.500000,-82.500000,-76.451378,-76.841591,-0.307505,-0.296745,,,,,,,,,,,,
216759,,,,,,,,,,,-82.500000,-82.500000,-76.372498,-77.320549,-0.308906,-0.292473,,,,,,,,,,,,
216764,,,,,,,,,,,-82.500000,-82.500000,-76.300415,-77.166809,-0.310247,-0.294544,,,,,,,,,,,,
216769,,,,,,,,,,,-82.500000,-82.500000,-76.825981,-77.617752,-0.305559,-0.290523,,,,,,,,,,,,
216774,,,,,,,,,,,-82.500000,-82.500000,-76.714836,-77.438416,-0.307249,-0.292822,,,,,,,,,,,,
216779,,,,,,,,,,,-82.500000,-82.500000,-76.613266,-77.865967,-0.308853,-0.289010,,,,,,,,,,,,
216784,,,,,,,,,,,-82.500000,-82.500000,-77.111885,-77.665245,-0.304406,-0.291501,,,,,,,,,,,,
216796,,,,,,,,,,,-82.500000,-82.500000,-86.439232,-87.536377,-0.210739,-0.192286,,,,,,,,,,,,
216797,,,,,,,,,,,-82.500000,-82.500000,-79.585648,-79.996849,-0.279566,-0.267932,,,,,,,,,,,,
216799,,,,,,,,,,,-82.500000,-82.500000,-76.279587,-76.655373,-0.313248,-0.301931,,,,,,,,,,,,
216804,,,,,,,,,,,-82.500000,-82.500000,-76.215500,-77.150368,-0.314518,-0.297516,,,,,,,,,,,,
216809,,,,,,,,,,,-82.500000,-82.500000,-76.748383,-77.011284,-0.309764,-0.299455,,,,,,,,,,,,
216814,,,,,,,,,,,-82.500000,-82.500000,-76.643921,-77.475624,-0.311394,-0.295315,,,,,,,,,,,,
216819,,,,,,,,,,,-82.500000,-82.500000,-76.548454,-77.308525,-0.312944,-0.297505,,,,,,,,,,,,
216824,,,,,,,,,,,-82.500000,-82.500000,-76.461212,-77.747261,-0.314420,-0.293593,,,,,,,,,,,,
216829,,,,,,,,,,,-82.500000,-82.500000,-76.972931,-77.556770,-0.309856,-0.295992,,,,,,,,,,,,
216834,,,,,,,,,,,-82.500000,-82.500000,-76.849129,-77.974129,-0.311659,-0.292271,,,,,,,,,,,,
216839,,,,,,,,,,,-82.500000,-82.500000,-77.327438,-77.764091,-0.307393,-0.294845,,,,,,,,,,,,
216844,,,,,,,,,,,-82.500000,-82.500000,-77.764549,-78.163589,-0.303496,-0.291283,,,,,,,,,,,,
216849,,,,,,,,,,,-82.500000,-82.500000,-77.572563,-78.528679,-0.305908,-0.288030,,,,,,,,,,,,
216854,,,,,,,,,,,-82.500000,-82.500000,-77.988564,-78.862328,-0.302199,-0.285057,,,,,,,,,,,,
216859,,,,,,,,,,,-82.500000,-82.500000,-78.368729,-79.167236,-0.298811,-0.282341,,,,,,,,,,,,
216864,,,,,,,,,,,-82.500000,-82.500000,-78.716156,-78.854439,-0.295715,-0.285834,,,,,,,,,,,,
216876,,,,,,,,,,,-82.500000,-82.500000,-80.334023,-81.040955,-0.279212,-0.263561,,,,,,,,,,,,
216879,,,,,,,,,,,-82.500000,-82.500000,-78.146393,-78.200996,-0.301524,-0.292391,,,,,,,,,,,,
216884,,,,,,,,,,,-82.500000,-82.500000,-77.921524,-78.562866,-0.304231,-0.289166,,,,,,,,,,,,
216889,,,,,,,,,,,-82.500000,-82.500000,-78.307465,-78.302124,-0.300790,-0.292193,,,,,,,,,,,,
216894,,,,,,,,,,,-82.500000,-82.500000,-78.068718,-78.655281,-0.303621,-0.289046,,,,,,,,,,,,
216899,,,,,,,,,,,-82.500000,-82.500000,-77.850540,-78.386581,-0.306268,-0.292144,,,,,,,,,,,,
216904,,,,,,,,,,,-82.500000,-82.500000,-77.651154,-78.732468,-0.308747,-0.289062,,,,,,,,,,,,
216909,,,,,,,,,,,-82.500000,-82.500000,-78.060379,-79.048561,-0.305098,-0.286246,,,,,,,,,,,,
216914,,,,,,,,,,,-82.500000,-82.500000,-78.434364,-78.745987,-0.301765,-0.289647,,,,,,,,,,,,
216919,,,,,,,,,,,-82.500000,-82.500000,-78.184692,-79.060921,-0.304693,-0.286842,,,,,,,,,,,,
216924,,,,,,,,,,,-82.500000,-82.500000,-78.547966,-78.757278,-0.301456,-0.290253,,,,,,,,,,,,
216936,,,,,,,,,,,-82.500000,-82.500000,-87.751625,-88.534355,-0.208894,-0.191878,,,,,,,,,,,,
216937,,,,,,,,,,,-82.500000,-82.500000,-80.785004,-81.500320,-0.278732,-0.262319,,,,,,,,,,,,
216939,,,,,,,,,,,-82.500000,-82.500000,-77.375641,-78.029350,-0.313338,-0.297476,,,,,,,,,,,,
216944,,,,,,,,,,,-82.500000,-82.500000,-77.217155,-77.814560,-0.315451,-0.300092,,,,,,,,,,,,
216949,,,,,,,,,,,-82.500000,-82.500000,-77.663765,-78.209717,-0.311468,-0.296569,,,,,,,,,,,,
216954,,,,,,,,,,,-82.500000,-82.500000,-77.480461,-77.979393,-0.313803,-0.299325,,,,,,,,,,,,
216959,,,,,,,,,,,-82.500000,-82.500000,-77.904388,-78.360352,-0.310024,-0.295929,,,,,,,,,,,,
216964,,,,,,,,,,,-82.500000,-82.500000,-77.700363,-78.117050,-0.312544,-0.298800,,,,,,,,,,,,
216969,,,,,,,,,,,-82.500000,-82.500000,-77.513908,-78.486153,-0.314907,-0.295511,,,,,,,,,,,,
216974,,,,,,,,,,,-82.500000,-82.500000,-77.934959,-78.232018,-0.311153,-0.298479,,,,,,,,,,,,
216979,,,,,,,,,,,-82.500000,-82.500000,-77.728302,-78.591217,-0.313697,-0.295278,,,,,,,,,,,,
216984,,,,,,,,,,,-82.500000,-82.500000,-77.539444,-78.919479,-0.316081,-0.292353,,,,,,,,,,,,
216997,,,,,,,,,,,-82.500000,-82.500000,-80.432289,-81.044334,-0.286808,-0.270632,,,,,,,,,,,,
216999,,,,,,,,,,,-82.500000,-82.500000,-77.053307,-77.612640,-0.321143,-0.305438,,,,,,,,,,,,
217004,,,,,,,,,,,-82.500000,-82.500000,-77.514030,-78.025185,-0.317034,-0.301760,,,,,,,,,,,,
217009,,,,,,,,,,,-82.500000,-82.500000,-77.343628,-77.810753,-0.319254,-0.304373,,,,,,,,,,,,
217014,,,,,,,,,,,-82.500000,-82.500000,-77.779343,-78.206238,-0.315369,-0.300847,,,,,,,,,,,,
217019,,,,,,,,,,,-82.500000,-82.500000,-77.586082,-78.567657,-0.317793,-0.297627,,,,,,,,,,,,
217024,,,,,,,,,,,-82.500000,-82.500000,-78.000916,-78.306503,-0.314094,-0.300657,,,,,,,,,,,,
217029,,,,,,,,,,,-82.500000,-82.500000,-78.380020,-78.659286,-0.310715,-0.297514,,,,,,,,,,,,
217034,,,,,,,,,,,-82.500000,-82.500000,-78.135025,-78.390236,-0.313602,-0.300615,,,,,,,,,,,,
217039,,,,,,,,,,,-82.500000,-82.500000,-78.502579,-78.735809,-0.310326,-0.297536,,,,,,,,,,,,
217044,,,,,,,,,,,-82.500000,-82.500000,-78.247032,-78.460175,-0.313307,-0.300696,,,,,,,,,,,,
217056,,,,,,,,,,,-82.500000,-82.500000,,,,,,,,,,,,,,,,
217057,,,,,,,,,,,-82.500000,-82.500000,-81.074181,-81.792694,-0.284621,-0.266806,,,,,,,,,,,,
217059,,,,,,,,,,,-82.500000,-82.500000,-77.639915,-78.296539,-0.319450,-0.302188,,,,,,,,,,,,
217064,,,,,,,,,,,-82.500000,-82.500000,-77.458664,-78.058739,-0.321766,-0.305010,,,,,,,,,,,,
217069,,,,,,,,,,,-82.500000,-82.500000,-77.884476,-78.432861,-0.317970,-0.301676,,,,,,,,,,,,
217074,,,,,,,,,,,-82.500000,-82.500000,-78.273605,-78.774765,-0.314501,-0.298629,,,,,,,,,,,,
217079,,,,,,,,,,,-82.500000,-82.500000,-78.037781,-78.495773,-0.317306,-0.301820,,,,,,,,,,,,
217084,,,,,,,,,,,-82.500000,-82.500000,-78.413712,-78.832253,-0.313955,-0.298822,,,,,,,,,,,,
217089,,,,,,,,,,,-82.500000,-82.500000,-78.757263,-79.139755,-0.310894,-0.296083,,,,,,,,,,,,
217094,,,,,,,,,,,-82.500000,-82.500000,-79.071220,-79.420769,-0.308097,-0.293580,,,,,,,,,,,,
217099,,,,,,,,,,,-82.500000,-82.500000,-78.766693,-79.677582,-0.311516,-0.291294,,,,,,,,,,,,
217104,,,,,,,,,,,-82.500000,-82.500000,-79.079842,-79.912277,-0.308726,-0.289206,,,,,,,,,,,,
217109,,,,,,,,,,,-82.500000,-82.500000,-79.366020,-80.126755,-0.306178,-0.287299,,,,,,,,,,,,
217114,,,,,,,,,,,-82.500000,-82.500000,-79.627548,-79.731316,-0.303850,-0.291530,,,,,,,,,,,,
217119,,,,,,,,,,,-82.500000,-82.500000,-79.275101,-79.961380,-0.307697,-0.289483,,,,,,,,,,,,
217124,,,,,,,,,,,-82.500000,-82.500000,-79.544456,-79.580185,-0.305299,-0.293587,,,,,,,,,,,,
217136,,,,,,,,,,,-82.500000,-82.500000,-89.253731,-89.877831,-0.207531,-0.189873,,,,,,,,,,,,
217137,,,,,,,,,,,,,-81.566292,-82.136635,-0.284498,-0.267321,,,,,,,,,,,,
217139,,,,,,,,,,,-82.500000,-82.500000,-78.681084,-79.202301,-0.313732,-0.296994,,,,,,,,,,,,
217144,,,,,,,,,,,-82.500000,-82.500000,-78.410156,-78.886482,-0.316851,-0.300514,,,,,,,,,,,,
217149,,,,,,,,,,,-82.500000,-82.500000,-78.754013,-79.189316,-0.313787,-0.297817,,,,,,,,,,,,
217154,,,,,,,,,,,-82.500000,-82.500000,-79.068253,-79.466064,-0.310987,-0.295353,,,,,,,,,,,,
217159,,,,,,,,,,,-82.500000,-82.500000,-79.355423,-79.127533,-0.308430,-0.299075,,,,,,,,,,,,
217164,,,,,,,,,,,-82.500000,-82.500000,-79.026421,-79.409599,-0.312067,-0.296563,,,,,,,,,,,,
217169,,,,,,,,,,,-82.500000,-82.500000,-79.317200,-79.667374,-0.309478,-0.294269,,,,,,,,,,,,
217174,,,,,,,,,,,-82.500000,-82.500000,-78.991486,-79.311501,-0.313086,-0.298147,,,,,,,,,,,,
217179,,,,,,,,,,,-82.500000,-82.500000,-79.285271,-79.577721,-0.310470,-0.295777,,,,,,,,,,,,
217184,,,,,,,,,,,-82.500000,-82.500000,-79.553749,-79.821014,-0.308079,-0.293612,,,,,,,,,,,,
217197,,,,,,,,,,,-82.500000,-82.500000,-82.165497,-82.337761,-0.281319,-0.267701,,,,,,,,,,,,
217199,,,,,,,,,,,-82.500000,-82.500000,-78.637238,-78.794662,-0.316988,-0.303502,,,,,,,,,,,,
217204,,,,,,,,,,,-82.500000,-82.500000,-78.370087,-78.513954,-0.320073,-0.306708,,,,,,,,,,,,
217209,,,,,,,,,,,-82.500000,-82.500000,-78.717392,-78.848869,-0.316978,-0.303724,,,,,,,,,,,,
217214,,,,,,,,,,,-82.500000,-82.500000,-78.443336,-79.154938,-0.320124,-0.300998,,,,,,,,,,,,
217219,,,,,,,,,,,-82.500000,-82.500000,-78.784332,-79.434647,-0.317086,-0.298507,,,,,,,,,,,,
217224,,,,,,,,,,,-82.500000,-82.500000,-78.504517,-79.098816,-0.320283,-0.302205,,,,,,,,,,,,
217229,,,,,,,,,,,-82.500000,-82.500000,-78.840248,-79.383354,-0.317292,-0.299672,,,,,,,,,,,,
217234,,,,,,,,,,,-82.500000,-82.500000,-79.147057,-79.643387,-0.314559,-0.297357,,,,,,,,,,,,
217239,,,,,,,,,,,-82.500000,-82.500000,-79.427444,-79.881027,-0.312063,-0.295242,,,,,,,,,,,,
217244,,,,,,,,,,,-82.500000,-82.500000,-79.683678,-80.098198,-0.309782,-0.293311,,,,,,,,,,,,
217257,,,,,,,,,,,-82.500000,-82.500000,-82.223061,-82.569260,-0.283668,-0.267808,,,,,,,,,,,,
217259,,,,,,,,,,,-82.500000,-82.500000,-78.689842,-79.006226,-0.319382,-0.303788,,,,,,,,,,,,
217264,,,,,,,,,,,-82.500000,-82.500000,-79.009605,-79.298744,-0.316533,-0.301183,,,,,,,,,,,,
217269,,,,,,,,,,,-82.500000,-82.500000,-79.301834,-79.566063,-0.313931,-0.298803,,,,,,,,,,,,
217274,,,,,,,,,,,-82.500000,-82.500000,-79.568886,-79.810364,-0.311553,-0.296629,,,,,,,,,,,,
217279,,,,,,,,,,,-82.500000,-82.500000,-79.221497,-79.442177,-0.315355,-0.300617,,,,,,,,,,,,
217284,,,,,,,,,,,-82.500000,-82.500000,-79.495468,-79.697144,-0.312916,-0.298347,,,,,,,,,,,,
217289,,,,,,,,,,,-82.500000,-82.500000,-79.745850,-79.930153,-0.310687,-0.296274,,,,,,,,,,,,
217294,,,,,,,,,,,-82.500000,-82.500000,-79.383217,-80.143089,-0.314625,-0.294381,,,,,,,,,,,,
217299,,,,,,,,,,,-82.500000,-82.500000,-79.643265,-80.337685,-0.312310,-0.292651,,,,,,,,,,,,
217304,,,,,,,,,,,-82.500000,-82.500000,-79.880913,-79.924080,-0.310196,-0.297045,,,,,,,,,,,,
217309,,,,,,,,,,,-82.500000,-82.500000,-80.098091,-80.137543,-0.308264,-0.295146,,,,,,,,,,,,
217314,,,,,,,,,,,-82.500000,-82.500000,-79.705116,-80.332619,-0.312474,-0.293412,,,,,,,,,,,,
217319,,,,,,,,,,,-82.500000,-82.500000,-79.937439,-80.510895,-0.310407,-0.291828,,,,,,,,,,,,
217324,,,,,,,,,,,-82.500000,-82.500000,-80.149750,-80.082367,-0.308518,-0.296355,,,,,,,,,,,,
217336,,,,,,,,,,,-82.500000,-82.500000,-82.071808,-82.606979,-0.288610,-0.270374,,,,,,,,,,,,
217339,,,,,,,,,,,-82.500000,-82.500000,-79.143059,-79.632141,-0.318233,-0.300409,,,,,,,,,,,,
217344,,,,,,,,,,,-82.500000,-82.500000,-79.423790,-79.870750,-0.315734,-0.298286,,,,,,,,,,,,
217349,,,,,,,,,,,-82.500000,-82.500000,-79.088898,-79.497360,-0.319424,-0.302320,,,,,,,,,,,,
217354,,,,,,,,,,,-82.500000,-82.500000,-79.374290,-79.747574,-0.316882,-0.300093,,,,,,,,,,,,
217359,,,,,,,,,,,-82.500000,-82.500000,-79.635109,-79.976234,-0.314561,-0.298059,,,,,,,,,,,,
217364,,,,,,,,,,,-82.500000,-82.500000,-79.873459,-79.593758,-0.312440,-0.302174,,,,,,,,,,,,
217369,,,,,,,,,,,-82.500000,-82.500000,-79.499832,-79.835670,-0.316476,-0.300022,,,,,,,,,,,,
217374,,,,,,,,,,,-82.500000,-82.500000,-79.749832,-80.056747,-0.314251,-0.298055,,,,,,,,,,,,
217379,,,,,,,,,,,-82.500000,-82.500000,-79.386856,-80.258781,-0.318192,-0.296259,,,,,,,,,,,,
217384,,,,,,,,,,,-82.500000,-82.500000,-79.646591,-80.443413,-0.315880,-0.294618,,,,,,,,,,,,
217396,,,,,,,,,,,-82.500000,-82.500000,-81.702530,-82.368004,-0.294775,-0.274687,,,,,,,,,,,,
217399,,,,,,,,,,,-82.500000,-82.500000,-78.805588,-79.413742,-0.324114,-0.304539,,,,,,,,,,,,
217404,,,,,,,,,,,-82.500000,-82.500000,-79.115387,-79.671158,-0.321354,-0.302247,,,,,,,,,,,,
217409,,,,,,,,,,,-82.500000,-82.500000,-79.989944,-79.906403,-0.312860,-0.300154,,,,,,,,,,,,
217414,,,,,,,,,,,-82.500000,-82.500000,-79.606285,-80.121384,-0.316986,-0.298242,,,,,,,,,,,,
217419,,,,,,,,,,,-82.500000,-82.500000,-79.847115,-80.317848,-0.314843,-0.296496,,,,,,,,,,,,
217424,,,,,,,,,,,-82.500000,-82.500000,-80.067207,-80.497391,-0.312885,-0.294901,,,,,,,,,,,,
217429,,,,,,,,,,,-82.500000,-82.500000,-80.268341,-80.070030,-0.311097,-0.299417,,,,,,,,,,,,
217434,,,,,,,,,,,-82.500000,-82.500000,-80.452148,-80.270920,-0.309463,-0.297631,,,,,,,,,,,,
217439,,,,,,,,,,,-82.500000,-82.500000,-80.620125,-80.454506,-0.307972,-0.296000,,,,,,,,,,,,
217444,,,,,,,,,,,-82.500000,-82.500000,-80.182190,-80.622284,-0.312583,-0.294510,,,,,,,,,,,,
217456,,,,,,,,,,,-82.500000,-82.500000,-82.639404,-83.057892,-0.287204,-0.269324,,,,,,,,,,,,
217459,,,,,,,,,,,-82.500000,-82.500000,-79.661766,-79.452766,-0.317264,-0.305680,,,,,,,,,,,,
217464,,,,,,,,,,,-82.500000,-82.500000,-79.306374,-79.706825,-0.321137,-0.303419,,,,,,,,,,,,
217469,,,,,,,,,,,-82.500000,-82.500000,-79.573036,-79.938995,-0.318763,-0.301353,,,,,,,,,,,,
217474,,,,,,,,,,,-82.500000,-82.500000,-79.816734,-80.151169,-0.316595,-0.299466,,,,,,,,,,,,
217479,,,,,,,,,,,-82.500000,-82.500000,-80.039444,-80.345070,-0.314614,-0.297743,,,,,,,,,,,,
217484,,,,,,,,,,,-82.500000,-82.500000,-80.242966,-79.930824,-0.312804,-0.302142,,,,,,,,,,,,
217489,,,,,,,,,,,-82.500000,-82.500000,-80.428963,-80.143707,-0.311151,-0.300249,,,,,,,,,,,,
217494,,,,,,,,,,,-82.500000,-82.500000,-80.007492,-80.338249,-0.315615,-0.298520,,,,,,,,,,,,
217499,,,,,,,,,,,-82.500000,-82.500000,-80.213768,-80.516037,-0.313781,-0.296940,,,,,,,,,,,,
217504,,,,,,,,,,,-82.500000,-82.500000,-80.402275,-80.678513,-0.312106,-0.295498,,,,,,,,,,,,
217516,,,,,,,,,,,-82.500000,-82.500000,-90.629112,-90.881561,-0.209025,-0.192629,,,,,,,,,,,,
217517,,,,,,,,,,,-82.500000,-82.500000,-83.414650,-83.053917,-0.281078,-0.270850,,,,,,,,,,,,
217519,,,,,,,,,,,-82.500000,-82.500000,-79.778801,-79.449135,-0.317708,-0.307203,,,,,,,,,,,,
217524,,,,,,,,,,,-82.500000,-82.500000,-79.413330,-79.703506,-0.321672,-0.304939,,,,,,,,,,,,
217529,,,,,,,,,,,-82.500000,-82.500000,-79.670784,-79.935966,-0.319380,-0.302871,,,,,,,,,,,,
217534,,,,,,,,,,,-82.500000,-82.500000,-79.906059,-80.148407,-0.317287,-0.300982,,,,,,,,,,,,
217539,,,,,,,,,,,-82.500000,-82.500000,-80.121071,-80.342545,-0.315374,-0.299256,,,,,,,,,,,,
217544,,,,,,,,,,,-82.500000,-82.500000,-80.317566,-80.519966,-0.313628,-0.297680,,,,,,,,,,,,
217549,,,,,,,,,,,-82.499992,-82.499992,-80.497139,-80.682106,-0.312032,-0.296240,,,,,,,,,,,,
217554,,,,,,,,,,,-82.499992,-82.499992,-80.661240,-80.830276,-0.310575,-0.294925,,,,,,,,,,,,
217559,,,,,,,,,,,-82.499992,-82.499992,-80.811211,-80.965691,-0.309244,-0.293725,,,,,,,,,,,,
217564,,,,,,,,,,,-82.499992,-82.499992,-80.948265,-81.089439,-0.308029,-0.292628,,,,,,,,,,,,
217569,,,,,,,,,,,-82.499680,-82.432716,-81.073517,-80.611084,-0.306916,-0.296921,,,,,,,,,,,,
217574,,,,,,,,,,,-82.499680,-82.432716,-81.187981,-80.765373,-0.305902,-0.295545,,,,,,,,,,,,
217579,,,,,,,,,,,-82.499680,-82.432716,-80.701134,-80.906372,-0.310951,-0.294288,,,,,,,,,,,,
217584,,,,,,,,,,,-82.499680,-82.432716,-80.847664,-81.035225,-0.309651,-0.293139,,,,,,,,,,,,
217596,,,,,,,,,,,-82.499680,-82.432716,-83.195183,-83.402763,-0.285252,-0.268548,,,,,,,,,,,,
217599,,,,,,,,,,,-82.497643,-82.001900,-80.169678,-79.767937,-0.315720,-0.300812,,,,,,,,,,,,
217604,,,,,,,,,,,-82.497643,-82.001900,-79.770538,-79.994850,-0.319984,-0.298743,,,,,,,,,,,,
217609,,,,,,,,,,,-82.496498,-81.761322,-79.997223,-80.202217,-0.317955,-0.294420,,,,,,,,,,,,
217614,,,,,,,,,,,-82.496498,-81.761322,-80.204384,-80.391724,-0.316113,-0.292662,,,,,,,,,,,,
217619,,,,,,,,,,,-82.496498,-81.761322,-80.393700,-80.564903,-0.314430,-0.291049,,,,,,,,,,,,
217624,,,,,,,,,,,-82.496498,-81.761322,-79.975266,-80.723167,-0.318867,-0.289571,,,,,,,,,,,,
217629,,,,,,,,,,,-82.495216,-81.488358,-80.184319,-80.867805,-0.316994,-0.285457,,,,,,,,,,,,
217634,,,,,,,,,,,-82.495216,-81.488358,-80.375366,-80.408539,-0.315296,-0.290157,,,,,,,,,,,,
217639,,,,,,,,,,,-82.495216,-81.488358,-80.549957,-80.580276,-0.313745,-0.288531,,,,,,,,,,,,
217644,,,,,,,,,,,-82.495216,-81.488358,-80.709511,-80.737221,-0.312328,-0.287036,,,,,,,,,,,,
217660,,,,,,,,,,,-82.495216,-81.488358,-80.416222,-79.943420,-0.313604,-0.293171,,,,,,,,,,,,
217664,,,,,,,,,,,-82.494293,-81.292770,-78.812958,-78.380882,-0.329995,-0.307132,,,,,,,,,,,,
217669,,,,,,,,,,,-82.493324,-81.089783,-79.122124,-78.727257,-0.327231,-0.301875,,,,,,,,,,,,
217674,,,,,,,,,,,-82.493324,-81.089783,-79.404655,-78.452354,-0.324715,-0.304887,,,,,,,,,,,,
217679,,,,,,,,,,,-82.493324,-81.089783,-79.662857,-78.792572,-0.322416,-0.301715,,,,,,,,,,,,
217684,,,,,,,,,,,-82.493324,-81.089783,-79.898819,-79.103493,-0.320315,-0.298804,,,,,,,,,,,,
217689,,,,,,,,,,,-82.493324,-81.089783,-80.114456,-78.796188,-0.318397,-0.302107,,,,,,,,,,,,
217694,,,,,,,,,,,-82.493011,-81.022682,-80.311523,-79.106796,-0.316641,-0.298521,,,,,,,,,,,,
217699,,,,,,,,,,,-82.493011,-81.022682,-80.491615,-79.390648,-0.315041,-0.295846,,,,,,,,,,,,
217704,,,,,,,,,,,-82.493011,-81.022682,-80.656197,-79.650055,-0.313578,-0.293389,,,,,,,,,,,,
217716,,,,,,,,,,,-82.493011,-81.022682,-83.035271,-82.194984,-0.288897,-0.266931,,,,,,,,,,,,
217719,,,,,,,,,,,-82.492966,-81.013458,-80.023537,-79.255630,-0.319260,-0.296408,,,,,,,,,,,,
217724,,,,,,,,,,,-82.492966,-81.013458,-80.228432,-79.526665,-0.317438,-0.293846,,,,,,,,,,,,
217729,,,,,,,,,,,-82.492966,-81.013458,-80.415680,-79.182907,-0.315773,-0.297467,,,,,,,,,,,,
217734,,,,,,,,,,,-82.493004,-81.019768,-80.586800,-79.460205,-0.314253,-0.294913,,,,,,,,,,,,
217739,,,,,,,,,,,-82.493004,-81.019768,-80.743179,-79.713623,-0.312864,-0.292509,,,,,,,,,,,,
217744,,,,,,,,,,,-82.493004,-81.019768,-80.886093,-79.945213,-0.311596,-0.290301,,,,,,,,,,,,
217749,,,,,,,,,,,-82.492470,-80.907578,-81.016693,-80.156853,-0.310432,-0.287138,,,,,,,,,,,,
217754,,,,,,,,,,,-82.492470,-80.907578,-81.136047,-80.350266,-0.309374,-0.285259,,,,,,,,,,,,
217759,,,,,,,,,,,-82.492470,-80.907578,-81.245125,-80.527016,-0.308408,-0.283530,,,,,,,,,,,,
217764,,,,,,,,,,,-82.492470,-80.907578,-81.344803,-80.097099,-0.307526,-0.287910,,,,,,,,,,,,
217769,,,,,,,,,,,-82.492470,-80.907578,-81.435898,-80.295662,-0.306721,-0.285985,,,,,,,,,,,,
217774,,,,,,,,,,,-82.491737,-80.753532,-81.519142,-79.885674,-0.305978,-0.288632,,,,,,,,,,,,
217779,,,,,,,,,,,-82.491737,-80.753532,-81.595222,-80.102440,-0.305307,-0.286529,,,,,,,,,,,,
217784,,,,,,,,,,,-82.491737,-80.753532,-81.073303,-80.300537,-0.310668,-0.284593,,,,,,,,,,,,
217796,,,,,,,,,,,-82.491737,-80.753532,-83.383629,-82.197731,-0.286601,-0.264558,,,,,,,,,,,,
217799,,,,,,,,,,,-82.491180,-80.635941,-80.341896,-79.258141,-0.317227,-0.292916,,,,,,,,,,,,
217804,,,,,,,,,,,-82.491180,-80.635941,-80.519371,-78.937515,-0.315650,-0.296292,,,,,,,,,,,,
217809,,,,,,,,,,,-82.490952,-80.587349,-80.681557,-79.235947,-0.314206,-0.292957,,,,,,,,,,,,
217814,,,,,,,,,,,-82.490952,-80.587349,-80.829773,-78.917229,-0.312890,-0.296311,,,,,,,,,,,,
217819,,,,,,,,,,,-82.490952,-80.587349,-80.373779,-79.217407,-0.317662,-0.293446,,,,,,,,,,,,
217824,,,,,,,,,,,-82.490952,-80.587349,-80.548508,-79.491737,-0.316109,-0.290812,,,,,,,,,,,,
217829,,,,,,,,,,,-82.490952,-80.587349,-80.708183,-79.150993,-0.314691,-0.294364,,,,,,,,,,,,
217834,,,,,,,,,,,-82.490784,-80.551231,-80.854111,-79.431038,-0.313393,-0.291314,,,,,,,,,,,,
217839,,,,,,,,,,,-82.490784,-80.551231,-80.396027,-79.095520,-0.318184,-0.294815,,,,,,,,,,,,
217844,,,,,,,,,,,-82.490784,-80.551231,-80.568840,-79.380348,-0.316648,-0.292084,,,,,,,,,,,,
217856,,,,,,,,,,,-82.490784,-80.551231,-83.013260,-81.480179,-0.291381,-0.270196,,,,,,,,,,,,
217859,,,,,,,,,,,-82.490494,-80.489265,-80.003426,-78.602386,-0.321725,-0.298543,,,,,,,,,,,,
217864,,,,,,,,,,,-82.490494,-80.489265,-79.618607,-78.338242,-0.325861,-0.301400,,,,,,,,,,,,
217869,,,,,,,,,,,-82.490112,-80.410072,-79.858376,-78.688293,-0.323722,-0.297279,,,,,,,,,,,,
217874,,,,,,,,,,,-82.490112,-80.410072,-80.668938,-79.008194,-0.315799,-0.294221,,,,,,,,,,,,
217879,,,,,,,,,,,-82.490112,-80.410072,-80.818245,-78.709099,-0.314473,-0.297382,,,,,,,,,,,,
217884,,,,,,,,,,,-82.490112,-80.410072,-80.363243,-79.027206,-0.319236,-0.294339,,,,,,,,,,,,
217889,,,,,,,,,,,-82.490257,-80.438858,-80.538879,-78.726471,-0.317676,-0.297805,,,,,,,,,,,,
217894,,,,,,,,,,,-82.490257,-80.438858,-80.699387,-79.043083,-0.316250,-0.294779,,,,,,,,,,,,
217899,,,,,,,,,,,-82.490257,-80.438858,-80.846069,-79.332428,-0.314948,-0.291996,,,,,,,,,,,,
217904,,,,,,,,,,,-82.490257,-80.438858,-80.980118,-79.596848,-0.313758,-0.289436,,,,,,,,,,,,
217916,,,,,,,,,,,-82.490257,-80.438858,-82.816238,-81.069542,-0.294616,-0.273819,,,,,,,,,,,,
217919,,,,,,,,,,,-82.490189,-80.425545,-80.414818,-78.818565,-0.318837,-0.296356,,,,,,,,,,,,
217924,,,,,,,,,,,-82.490189,-80.425545,-80.586014,-78.535797,-0.317315,-0.299373,,,,,,,,,,,,
217929,,,,,,,,,,,-82.490211,-80.430008,-80.151016,-78.868828,-0.321900,-0.296243,,,,,,,,,,,,
217934,,,,,,,,,,,-82.490211,-80.430008,-80.344933,-79.173180,-0.320175,-0.293325,,,,,,,,,,,,
217939,,,,,,,,,,,-82.490211,-80.430008,-80.522148,-79.451317,-0.318600,-0.290642,,,,,,,,,,,,
217944,,,,,,,,,,,-82.490211,-80.430008,-80.684097,-79.114052,-0.317161,-0.294146,,,,,,,,,,,,
217949,,,,,,,,,,,-82.489830,-80.349098,-80.832100,-79.397278,-0.315843,-0.290600,,,,,,,,,,,,
217954,,,,,,,,,,,-82.489830,-80.349098,-80.967354,-79.656113,-0.314642,-0.288081,,,,,,,,,,,,
217959,,,,,,,,,,,-82.489830,-80.349098,-81.090958,-79.301208,-0.313546,-0.291735,,,,,,,,,,,,
217964,,,,,,,,,,,-82.489830,-80.349098,-81.203918,-79.568321,-0.312545,-0.289142,,,,,,,,,,,,
217976,,,,,,,,,,,-82.489830,-80.349098,-83.543648,-81.045715,-0.288214,-0.273465,,,,,,,,,,,,
217979,,,,,,,,,,,-82.490051,-80.396965,-79.896683,-78.205345,-0.324946,-0.302566,,,,,,,,,,,,
217984,,,,,,,,,,,-82.490051,-80.396965,-80.112503,-78.566841,-0.323025,-0.299134,,,,,,,,,,,,
217989,,,,,,,,,,,-82.490051,-80.396965,-80.309738,-78.897202,-0.321271,-0.295981,,,,,,,,,,,,
217994,,,,,,,,,,,-82.490517,-80.494446,-80.489983,-78.607666,-0.319673,-0.300039,,,,,,,,,,,,
217999,,,,,,,,,,,-82.490517,-80.494446,-80.654701,-78.934509,-0.318210,-0.296927,,,,,,,,,,,,
218004,,,,,,,,,,,-82.490517,-80.494446,-80.805237,-79.233200,-0.316873,-0.294066,,,,,,,,,,,,
218009,,,,,,,,,,,-82.491104,-80.618858,-81.534248,-79.506165,-0.309684,-0.292692,,,,,,,,,,,,
218014,,,,,,,,,,,-82.491104,-80.618858,-81.017578,-79.164177,-0.314998,-0.296257,,,,,,,,,,,,
218019,,,,,,,,,,,-82.491104,-80.618858,-81.136856,-79.443092,-0.313941,-0.293586,,,,,,,,,,,,
218024,,,,,,,,,,,-82.491104,-80.618858,-81.837303,-79.697983,-0.307002,-0.291129,,,,,,,,,,,,
218029,,,,,,,,,,,-82.491844,-80.774109,-81.885979,-79.930916,-0.306583,-0.290436,,,,,,,,,,,,
218034,,,,,,,,,,,-82.491844,-80.774109,-81.930458,-80.143791,-0.306194,-0.288371,,,,,,,,,,,,
218039,,,,,,,,,,,-82.491844,-80.774109,-81.971107,-79.746880,-0.305840,-0.292443,,,,,,,,,,,,
218044,,,,,,,,,,,-82.491844,-80.774109,-82.008255,-79.975601,-0.305517,-0.290235,,,,,,,,,,,,
218056,,,,,,,,,,,-82.491844,-80.774109,-83.623955,-81.977303,-0.288345,-0.269270,,,,,,,,,,,,
218059,,,,,,,,,,,-82.492615,-80.939919,-81.152969,-79.056694,-0.313197,-0.300322,,,,,,,,,,,,
218064,,,,,,,,,,,-82.492615,-80.939919,-80.669144,-79.344864,-0.318217,-0.297600,,,,,,,,,,,,
218069,,,,,,,,,,,-82.493431,-81.111511,-80.818436,-79.016769,-0.316900,-0.302806,,,,,,,,,,,,
218074,,,,,,,,,,,-82.493431,-81.111511,-80.954865,-79.308380,-0.315690,-0.300070,,,,,,,,,,,,
218079,,,,,,,,,,,-82.493431,-81.111511,-81.079544,-79.574875,-0.314584,-0.297559,,,,,,,,,,,,
218084,,,,,,,,,,,-82.493431,-81.111511,-81.193481,-79.226967,-0.313575,-0.301227,,,,,,,,,,,,
218089,,,,,,,,,,,-82.494476,-81.333366,-81.297607,-79.500473,-0.312664,-0.300893,,,,,,,,,,,,
218094,,,,,,,,,,,-82.494476,-81.333366,-81.392769,-79.750420,-0.311822,-0.298552,,,,,,,,,,,,
218099,,,,,,,,,,,-82.494476,-81.333366,-81.479729,-79.978836,-0.311054,-0.296404,,,,,,,,,,,,
218104,,,,,,,,,,,0.000000,0.000000,-81.559204,-80.187584,0.522841,0.527036,,,,,,,,,,,,
218116,,,,,,,,,,,0.000000,0.000000,-74.600861,-73.455345,0.468881,0.475097,,,,,,,,,,,,
218119,,,,,,,,,,,0.000000,0.000000,-68.175476,-67.128624,0.411445,0.418543,,,,,,,,,,,,
218124,,,,,,,,,,,0.000000,0.000000,-61.712063,-59.572487,0.352982,0.348939,,,,,,,,,,,,
218129,,,,,,,,,,,0.000000,0.000000,-55.213902,-51.484272,0.293521,0.273205,,,,,,,,,,,,
218134,,,,,,,,,,,0.000000,0.000000,-48.683983,-44.092697,0.233091,0.203699,,,,,,,,,,,,
218139,,,,,,,,,,,0.000000,0.000000,-42.125042,-37.337761,0.171714,0.139883,,,,,,,,,,,,
218144,,,,,,,,,,,0.000000,0.000000,-36.722469,-31.164627,0.121360,0.081268,,,,,,,,,,,,
218149,,,,,,,,,,,0.000000,0.000000,-32.968109,-27.297522,0.087114,0.045327,,,,,,,,,,,,
218154,,,,,,,,,,,0.000000,0.000000,-30.720005,-24.946381,0.067704,0.024310,,,,,,,,,,,,
218159,,,,,,,,,,,0.000000,0.000000,-28.074085,-23.389189,0.044053,0.011077,,,,,,,,,,,,
218164,,,,,,,,,,,0.000000,0.000000,-26.247503,-21.966118,0.028412,-0.000957,,,,,,,,,,,,
218178,,,,,,,,,,,0.000000,0.000000,-21.920813,-19.966690,-0.010265,-0.016770,,,,,,,,,,,,
218179,,,,,,,,,,,0.000000,0.000000,-20.032768,-18.246956,-0.027142,-0.032142,,,,,,,,,,,,
218184,,,,,,,,,,,0.000000,0.000000,-18.307343,-17.858232,-0.042565,-0.034244,,,,,,,,,,,,
218189,,,,,,,,,,,0.000000,0.000000,-17.321972,-17.502989,-0.050687,-0.036046,,,,,,,,,,,,
218194,,,,,,,,,,,0.000000,0.000000,-17.012917,-17.178343,-0.052076,-0.037575,,,,,,,,,,,,
218199,,,,,,,,,,,0.000000,0.000000,-16.730480,-17.473103,-0.053227,-0.032880,,,,,,,,,,,,
218204,,,,,,,,,,,0.000000,0.000000,-17.063816,-17.742476,-0.048188,-0.028412,,,,,,,,,,,,
218209,,,,,,,,,,,0.000000,0.000000,-17.368441,-17.988647,-0.043404,-0.024151,,,,,,,,,,,,
218214,,,,,,,,,,,0.000000,0.000000,-17.646828,-18.213615,-0.038856,-0.020080,,,,,,,,,,,,
218219,,,,,,,,,,,0.000000,0.000000,-18.492682,-18.419209,-0.028548,-0.016182,,,,,,,,,,,,
218224,,,,,,,,,,,0.000000,0.000000,-18.674238,-18.607094,-0.024865,-0.012443,,,,,,,,,,,,
218229,,,,,,,,,,,0.000000,0.000000,-19.431602,-19.370241,-0.015348,-0.002874,,,,,,,,,,,,
218234,,,,,,,,,,,0.000000,0.000000,-20.123734,-19.476213,-0.006415,0.000133,,,,,,,,,,,,
218239,,,,,,,,,,,0.000000,0.000000,-20.164806,-19.573057,-0.003987,0.003059,,,,,,,,,,,,
218244,,,,,,,,,,,0.000000,0.000000,-20.202343,-19.070116,-0.001592,-0.000063,,,,,,,,,,,,
218256,,,,,,,,,,,0.000000,0.000000,-20.655674,-19.169582,0.007267,0.004946,,,,,,,,,,,,
218259,,,,,,,,,,,0.000000,0.000000,-20.059486,-18.109947,0.003311,-0.003840,,,,,,,,,,,,
218264,,,,,,,,,,,0.000000,0.000000,-20.106092,-18.324469,0.005788,0.000138,,,,,,,,,,,,
218269,,,,,,,,,,,0.000000,0.000000,-20.148685,-17.929068,0.008229,-0.002023,,,,,,,,,,,,
218274,,,,,,,,,,,0.000000,0.000000,-20.187611,-17.567722,0.010637,-0.003880,,,,,,,,,,,,
218279,,,,,,,,,,,0.000000,0.000000,-19.631737,-17.237501,0.007041,-0.005458,,,,,,,,,,,,
218284,,,,,,,,,,,0.000000,0.000000,-19.123741,-16.935722,0.003874,-0.006782,,,,,,,,,,,,
218289,,,,,,,,,,,0.000000,0.000000,-18.659500,-16.659935,0.001097,-0.007874,,,,,,,,,,,,
218294,,,,,,,,,,,0.000000,0.000000,-18.826689,-16.407902,0.004652,-0.008754,,,,,,,,,,,,
218299,,,,,,,,,,,0.000000,0.000000,-18.388031,-16.769020,0.002104,-0.003466,,,,,,,,,,,,
218304,,,,,,,,,,,0.000000,0.000000,-17.987156,-16.507591,-0.000106,-0.004429,,,,,,,,,,,,
218316,,,,,,,,,,,0.000000,0.000000,-17.184132,-15.948462,-0.004537,-0.006681,,,,,,,,,,,,
218319,,,,,,,,,,,0.000000,0.000000,-16.295504,-15.166262,-0.011794,-0.012986,,,,,,,,,,,,
218324,,,,,,,,,,,0.000000,0.000000,-16.074858,-14.451433,-0.012393,-0.018689,,,,,,,,,,,,
218329,,,,,,,,,,,0.000000,0.000000,-15.281772,-14.389618,-0.018796,-0.017868,,,,,,,,,,,,
218334,,,,,,,,,,,0.000000,0.000000,-14.556994,-13.741682,-0.024588,-0.022973,,,,,,,,,,,,
218339,,,,,,,,,,,0.000000,0.000000,-13.894643,-13.149553,-0.029822,-0.027580,,,,,,,,,,,,
218344,,,,,,,,,,,0.000000,0.000000,-13.289339,-12.608424,-0.034546,-0.031730,,,,,,,,,,,,
218349,,,,,,,,,,,0.000000,0.000000,-12.736171,-12.113903,-0.038804,-0.035464,,,,,,,,,,,,
218354,,,,,,,,,,,0.000000,0.000000,-12.230647,-11.661975,-0.042636,-0.038817,,,,,,,,,,,,
218359,,,,,,,,,,,0.000000,0.000000,-11.768663,-11.248972,-0.046079,-0.041822,,,,,,,,,,,,
218364,,,,,,,,,,,0.000000,0.000000,-11.346471,-10.871541,-0.049167,-0.044509,,,,,,,,,,,,
218374,,,,,,,,,,,0.000000,0.000000,,,-0.051929,-0.046906,,,,,,,,,,,,
218375,,,,,,,,,,,0.000000,0.000000,-10.016600,-9.619958,-0.060368,-0.055011,,,,,,,,,,,,
218379,,,,,,,,,,,0.000000,0.000000,-9.745313,-9.382833,-0.062106,-0.056444,,,,,,,,,,,,
218384,,,,,,,,,,,0.000000,0.000000,-9.497392,-9.166133,-0.063635,-0.057694,,,,,,,,,,,,
218389,,,,,,,,,,,0.000000,0.000000,-9.270824,-8.968097,-0.064974,-0.058777,,,,,,,,,,,,
218394,,,,,,,,,,,0.000000,0.000000,-9.063771,-8.787118,-0.066138,-0.059709,,,,,,,,,,,,
218399,,,,,,,,,,,0.000000,0.000000,-8.283107,-8.621727,-0.073116,-0.060500,,,,,,,,,,,,
218404,,,,,,,,,,,0.000000,0.000000,-8.161126,-8.470581,-0.073520,-0.061165,,,,,,,,,,,,
218409,,,,,,,,,,,0.000000,0.000000,-8.641096,-7.741008,-0.067856,-0.067686,,,,,,,,,,,,
218414,,,,,,,,,,,0.000000,0.000000,-7.896837,-7.665719,-0.074509,-0.067673,,,,,,,,,,,,
218419,,,,,,,,,,,0.000000,0.000000,-7.808125,-7.005469,-0.074616,-0.073575,,,,,,,,,,,,
218424,,,,,,,,,,,0.000000,0.000000,-7.727055,-6.993531,-0.074654,-0.072995,,,,,,,,,,,,
218434,,,,,,,,,,,0.000000,0.000000,-6.993815,-6.381207,-0.080521,-0.077781,,,,,,,,,,,,
218439,,,,,,,,,,,0.000000,0.000000,-6.391437,-6.423037,-0.085906,-0.076721,,,,,,,,,,,,
218444,,,,,,,,,,,0.000000,0.000000,-6.432386,-6.461265,-0.084853,-0.075692,,,,,,,,,,,,
218449,,,,,,,,,,,0.000000,0.000000,-6.469808,-5.904755,-0.083832,-0.080667,,,,,,,,,,,,
218454,,,,,,,,,,,0.000000,0.000000,-6.504007,-5.987622,-0.082840,-0.079240,,,,,,,,,,,,
218459,,,,,,,,,,,0.000000,0.000000,-6.535260,-6.063352,-0.081874,-0.077876,,,,,,,,,,,,
218464,,,,,,,,,,,0.000000,0.000000,-5.972377,-6.132559,-0.086905,-0.076571,,,,,,,,,,,,
218469,,,,,,,,,,,0.000000,0.000000,-6.049420,-6.195805,-0.085530,-0.075319,,,,,,,,,,,,
218474,,,,,,,,,,,0.000000,0.000000,-6.119827,-5.662159,-0.084214,-0.080089,,,,,,,,,,,,
218479,,,,,,,,,,,0.000000,0.000000,-6.184170,-5.765921,-0.082952,-0.078475,,,,,,,,,,,,
218484,,,,,,,,,,,0.000000,0.000000,-5.651526,-5.860746,-0.087713,-0.076940,,,,,,,,,,,,
218489,,,,,,,,,,,0.000000,0.000000,-5.756204,-5.947403,-0.086091,-0.075479,,,,,,,,,,,,
218494,,,,,,,,,,,0.000000,0.000000,-5.260421,-6.026597,-0.090523,-0.074084,,,,,,,,,,,,
218499,,,,,,,,,,,0.000000,0.000000,-5.398785,-6.098970,-0.088599,-0.072751,,,,,,,,,,,,
218504,,,,,,,,,,,0.000000,0.000000,-5.525231,-6.165109,-0.086782,-0.071473,,,,,,,,,,,,
218516,,,,,,,,,,,0.000000,0.000000,-5.695448,-6.229847,-0.083887,-0.069521,,,,,,,,,,,,
218519,,,,,,,,,,,0.000000,0.000000,-5.796343,-5.693269,-0.082299,-0.074317,,,,,,,,,,,,
218524,,,,,,,,,,,0.000000,0.000000,-5.297102,-5.794352,-0.086761,-0.072727,,,,,,,,,,,,
218529,,,,,,,,,,,0.000000,0.000000,-5.432307,-5.886728,-0.084866,-0.071215,,,,,,,,,,,,
218534,,,,,,,,,,,0.000000,0.000000,-5.555866,-5.971148,-0.083075,-0.069773,,,,,,,,,,,,
218539,,,,,,,,,,,0.000000,0.000000,-5.668783,-6.048296,-0.081379,-0.068397,,,,,,,,,,,,
218544,,,,,,,,,,,0.000000,0.000000,-5.771974,-6.118800,-0.079770,-0.067080,,,,,,,,,,,,
218549,,,,,,,,,,,0.000000,0.000000,-5.274833,-6.183231,-0.084214,-0.065817,,,,,,,,,,,,
218554,,,,,,,,,,,0.000000,0.000000,-5.411955,-6.242113,-0.082301,-0.064604,,,,,,,,,,,,
218559,,,,,,,,,,,0.000000,0.000000,-6.128712,-5.704479,-0.074521,-0.069410,,,,,,,,,,,,
218564,,,,,,,,,,,0.000000,0.000000,-6.192290,-5.804595,-0.073266,-0.067829,,,,,,,,,,,,
218576,,,,,,,,,,,0.000000,0.000000,-6.252548,-5.928761,-0.071354,-0.065345,,,,,,,,,,,,
218579,,,,,,,,,,,0.000000,0.000000,-6.305459,-6.009561,-0.070194,-0.063936,,,,,,,,,,,,
218584,,,,,,,,,,,0.000000,0.000000,-6.353814,-6.083401,-0.069075,-0.062590,,,,,,,,,,,,
218589,,,,,,,,,,,0.000000,0.000000,-5.806559,-6.150881,-0.073967,-0.061300,,,,,,,,,,,,
218594,,,,,,,,,,,0.000000,0.000000,-5.897883,-6.212550,-0.072464,-0.060062,,,,,,,,,,,,
218599,,,,,,,,,,,0.000000,0.000000,-5.981342,-5.677462,-0.071031,-0.064845,,,,,,,,,,,,
218604,,,,,,,,,,,0.000000,0.000000,-6.057613,-5.779905,-0.069663,-0.063243,,,,,,,,,,,,
218609,,,,,,,,,,,0.000000,0.000000,-5.535870,-5.873526,-0.074327,-0.061719,,,,,,,,,,,,
218614,,,,,,,,,,,0.000000,0.000000,-5.650509,-5.959083,-0.072615,-0.060268,,,,,,,,,,,,
218619,,,,,,,,,,,0.000000,0.000000,-5.755274,-6.037271,-0.070992,-0.058882,,,,,,,,,,,,
218624,,,,,,,,,,,0.000000,0.000000,-5.851016,-6.108724,-0.069449,-0.057557,,,,,,,,,,,,
218636,,,,,,,,,,,0.000000,0.000000,-5.967530,-6.182757,-0.067034,-0.055521,,,,,,,,,,,,
218639,,,,,,,,,,,0.000000,0.000000,-5.453546,-5.650235,-0.071629,-0.060282,,,,,,,,,,,,
218644,,,,,,,,,,,0.000000,0.000000,-5.575275,-5.755023,-0.069854,-0.058658,,,,,,,,,,,,
218649,,,,,,,,,,,0.000000,0.000000,-5.686521,-5.850787,-0.068173,-0.057115,,,,,,,,,,,,
218654,,,,,,,,,,,0.000000,0.000000,-5.196739,-5.346858,-0.072551,-0.061620,,,,,,,,,,,,
218659,,,,,,,,,,,0.000000,0.000000,-5.340588,-5.477777,-0.070579,-0.059763,,,,,,,,,,,,
218664,,,,,,,,,,,0.000000,0.000000,-4.880602,-5.597419,-0.074690,-0.058007,,,,,,,,,,,,
218669,,,,,,,,,,,0.000000,0.000000,-5.051680,-5.706757,-0.072475,-0.056343,,,,,,,,,,,,
218674,,,,,,,,,,,0.000000,0.000000,-5.208022,-5.215233,-0.070390,-0.060737,,,,,,,,,,,,
218679,,,,,,,,,,,0.000000,0.000000,-4.759454,-5.357489,-0.074400,-0.058778,,,,,,,,,,,,
218684,,,,,,,,,,,0.000000,0.000000,-5.532411,-5.487492,-0.066117,-0.056930,,,,,,,,,,,,
218689,,,,,,,,,,,0.000000,0.000000,-5.055903,-5.014853,-0.070377,-0.061154,,,,,,,,,,,,
218694,,,,,,,,,,,0.000000,0.000000,-4.620438,-5.174368,-0.074269,-0.059042,,,,,,,,,,,,
218699,,,,,,,,,,,0.000000,0.000000,-4.813923,-5.320143,-0.071853,-0.057052,,,,,,,,,,,,
218704,,,,,,,,,,,0.000000,0.000000,-4.399299,-4.861918,-0.075559,-0.061148,,,,,,,,,,,,
218716,,,,,,,,,,,0.000000,0.000000,-4.755117,-5.141477,-0.071005,-0.057276,,,,,,,,,,,,
218719,,,,,,,,,,,0.000000,0.000000,-4.937003,-4.698641,-0.068693,-0.061234,,,,,,,,,,,,
218724,,,,,,,,,,,0.000000,0.000000,-5.103222,-4.885391,-0.066520,-0.058878,,,,,,,,,,,,
218729,,,,,,,,,,,0.000000,0.000000,-4.663681,-4.464611,-0.070449,-0.062640,,,,,,,,,,,,
218734,,,,,,,,,,,0.000000,0.000000,-4.853442,-4.671518,-0.068066,-0.060103,,,,,,,,,,,,
218739,,,,,,,,,,,0.000000,0.000000,-4.435414,-4.269159,-0.071803,-0.063700,,,,,,,,,,,,
218744,,,,,,,,,,,0.000000,0.000000,-4.644836,-4.492901,-0.069244,-0.061013,,,,,,,,,,,,
218749,,,,,,,,,,,0.000000,0.000000,-4.836220,-4.105927,-0.066847,-0.064472,,,,,,,,,,,,
218754,,,,,,,,,,,0.000000,0.000000,-4.419676,-4.343727,-0.070570,-0.061660,,,,,,,,,,,,
218759,,,,,,,,,,,0.000000,0.000000,-4.039008,-4.561046,-0.073973,-0.059031,,,,,,,,,,,,
218764,,,,,,,,,,,0.000000,0.000000,-4.282572,-4.168202,-0.071109,-0.062542,,,,,,,,,,,,
218776,,,,,,,,,,,0.000000,0.000000,-5.096603,-4.992084,-0.066383,-0.057648,,,,,,,,,,,,
218777,,,,,,,,,,,,,-4.657631,-4.562114,,,,,,,,,,,,,,
218779,,,,,,,,,,,0.000000,0.000000,-4.256469,-4.169178,-0.069969,-0.061160,,,,,,,,,,,,
218784,,,,,,,,,,,0.000000,0.000000,-4.481303,-4.401531,-0.067273,-0.058397,,,,,,,,,,,,
218789,,,,,,,,,,,0.000000,0.000000,-4.095328,-4.022427,-0.070723,-0.061785,,,,,,,,,,,,
218794,,,,,,,,,,,0.000000,0.000000,-3.742596,-4.267419,-0.073876,-0.058909,,,,,,,,,,,,
218799,,,,,,,,,,,0.000000,0.000000,-4.011691,-3.899865,-0.070784,-0.062194,,,,,,,,,,,,
218804,,,,,,,,,,,0.000000,0.000000,-4.257608,-4.155414,-0.067899,-0.059223,,,,,,,,,,,,
218809,,,,,,,,,,,0.000000,0.000000,-3.890899,-4.388952,-0.071177,-0.056449,,,,,,,,,,,,
218814,,,,,,,,,,,0.000000,0.000000,-4.147220,-4.010931,-0.068199,-0.059828,,,,,,,,,,,,
218819,,,,,,,,,,,0.000000,0.000000,-4.381464,-4.256913,-0.065419,-0.056943,,,,,,,,,,,,
218824,,,,,,,,,,,0.000000,0.000000,-4.004087,-3.890265,-0.068792,-0.060220,,,,,,,,,,,,
218836,,,,,,,,,,,0.000000,0.000000,-3.344046,-4.329993,-0.074692,-0.054916,,,,,,,,,,,,
218839,,,,,,,,,,,0.000000,0.000000,-3.056022,-3.957050,-0.077267,-0.058250,,,,,,,,,,,,
218844,,,,,,,,,,,0.000000,0.000000,-3.384251,-3.616228,-0.073646,-0.061296,,,,,,,,,,,,
218849,,,,,,,,,,,0.000000,0.000000,-3.092765,-3.896206,-0.076251,-0.058107,,,,,,,,,,,,
218854,,,,,,,,,,,0.000000,0.000000,-3.417830,-4.152070,-0.072659,-0.055133,,,,,,,,,,,,
218859,,,,,,,,,,,0.000000,0.000000,-3.714896,-3.794451,-0.069317,-0.058330,,,,,,,,,,,,
218864,,,,,,,,,,,0.000000,0.000000,-3.986376,-4.059080,-0.066203,-0.055278,,,,,,,,,,,,
218869,,,,,,,,,,,0.000000,0.000000,-3.643029,-4.300915,-0.069273,-0.052429,,,,,,,,,,,,
218874,,,,,,,,,,,0.000000,0.000000,-3.329254,-3.930477,-0.072077,-0.055741,,,,,,,,,,,,
218879,,,,,,,,,,,0.000000,0.000000,-3.042505,-4.183389,-0.074641,-0.052793,,,,,,,,,,,,
218884,,,,,,,,,,,0.000000,0.000000,-2.780453,-3.823073,-0.076983,-0.056014,,,,,,,,,,,,
