ts,x,y,yaw,x_des,y_des,yaw_des,v_ff,w_ff,v_actual,w_actual,omega_l_cmd,omega_r_cmd,omega_l_meas,omega_r_meas,duty_l,duty_r,x_err,y_err,yaw_err,x_raw,y_raw,yaw_raw,acc_x,acc_y,acc_z,gyro_x,gyro_y,gyro_z
27126,,,,,,,,,,,0.000000,0.000000,0.000000,0.000000,0.000000,0.000000,,,,,,,,,,,,
27131,,,,,,,,,,,0.000000,0.000000,0.000000,0.000000,0.000000,0.000000,,,,,,,,,,,,
27136,,,,,,,,,,,0.000000,0.000000,0.000000,0.000000,0.000000,0.000000,,,,,,,,,,,,
27141,,,,,,,,,,,0.000000,0.000000,0.000000,0.000000,0.000000,0.000000,,,,,,,,,,,,
27146,,,,,,,,,,,0.000000,0.000000,0.000000,0.000000,0.000000,0.000000,,,,,,,,,,,,
27151,,,,,,,,,,,0.000000,0.000000,0.000000,0.000000,0.000000,0.000000,,,,,,,,,,,,
27156,,,,,,,,,,,0.000000,0.000000,0.000000,0.000000,0.000000,0.000000,,,,,,,,,,,,
27161,,,,,,,,,,,0.000000,0.000000,0.000000,0.000000,0.000000,0.000000,,,,,,,,,,,,
27166,,,,,,,,,,,0.000000,0.000000,0.000000,0.000000,0.000000,0.000000,,,,,,,,,,,,
27171,,,,,,,,,,,0.000000,0.000000,0.000000,0.000000,0.000000,0.000000,,,,,,,,,,,,
27176,,,,,,,,,,,0.000000,0.000000,0.000000,0.000000,0.000000,0.000000,,,,,,,,,,,,
27181,,,,,,,,,,,0.000000,0.000000,0.000000,0.000000,0.000000,0.000000,,,,,,,,,,,,
27186,,,,,,,,,,,0.000000,0.000000,0.000000,0.000000,0.000000,0.000000,,,,,,,,,,,,
27191,,,,,,,,,,,0.000000,0.000000,0.000000,0.000000,0.000000,0.000000,,,,,,,,,,,,
27196,,,,,,,,,,,0.000000,0.000000,0.000000,0.000000,0.000000,0.000000,,,,,,,,,,,,
27201,,,,,,,,,,,0.000000,0.000000,0.000000,0.000000,0.000000,0.000000,,,,,,,,,,,,
27206,,,,,,,,,,,0.000000,0.000000,0.000000,0.000000,0.000000,0.000000,,,,,,,,,,,,
27211,,,,,,,,,,,0.000000,0.000000,0.000000,0.000000,0.000000,0.000000,,,,,,,,,,,,
27216,,,,,,,,,,,0.000000,0.000000,0.000000,0.000000,0.000000,0.000000,,,,,,,,,,,,
27221,,,,,,,,,,,0.000000,0.000000,0.000000,0.000000,0.000000,0.000000,,,,,,,,,,,,
27226,,,,,,,,,,,0.000000,0.000000,0.000000,0.000000,0.000000,0.000000,,,,,,,,,,,,
27231,,,,,,,,,,,0.000000,0.000000,0.000000,0.000000,0.000000,0.000000,,,,,,,,,,,,
27236,,,,,,,,,,,0.000000,0.000000,0.000000,0.000000,0.000000,0.000000,,,,,,,,,,,,
27241,,,,,,,,,,,0.000000,0.000000,0.000000,0.000000,0.000000,0.000000,,,,,,,,,,,,
27246,,,,,,,,,,,0.000000,0.000000,0.000000,0.000000,0.000000,0.000000,,,,,,,,,,,,
27251,,,,,,,,,,,0.000000,0.000000,0.000000,0.000000,0.000000,0.000000,,,,,,,,,,,,
27256,,,,,,,,,,,0.000000,0.000000,0.000000,0.000000,0.000000,0.000000,,,,,,,,,,,,
27261,,,,,,,,,,,0.000000,0.000000,0.000000,0.000000,0.000000,0.000000,,,,,,,,,,,,
27266,,,,,,,,,,,0.000000,0.000000,0.000000,0.000000,0.000000,0.000000,,,,,,,,,,,,
27271,,,,,,,,,,,0.000000,0.000000,0.000000,0.000000,0.000000,0.000000,,,,,,,,,,,,
27276,,,,,,,,,,,0.000000,0.000000,0.000000,0.000000,0.000000,0.000000,,,,,,,,,,,,
27281,,,,,,,,,,,0.000000,0.000000,0.000000,0.000000,0.000000,0.000000,,,,,,,,,,,,
27286,,,,,,,,,,,0.000000,0.000000,0.000000,0.000000,0.000000,0.000000,,,,,,,,,,,,
27291,,,,,,,,,,,0.000000,0.000000,0.000000,0.000000,0.000000,0.000000,,,,,,,,,,,,
27296,,,,,,,,,,,0.000000,0.000000,0.000000,0.000000,0.000000,0.000000,,,,,,,,,,,,
27301,,,,,,,,,,,0.000000,0.000000,0.000000,0.000000,0.000000,0.000000,,,,,,,,,,,,
27306,,,,,,,,,,,0.000000,0.000000,0.000000,0.000000,0.000000,0.000000,,,,,,,,,,,,
27311,,,,,,,,,,,0.000000,0.000000,0.000000,0.000000,0.000000,0.000000,,,,,,,,,,,,
27316,,,,,,,,,,,0.000000,0.000000,0.000000,0.000000,0.000000,0.000000,,,,,,,,,,,,
27321,,,,,,,,,,,0.000000,0.000000,0.000000,0.000000,0.000000,0.000000,,,,,,,,,,,,
27326,,,,,,,,,,,0.000000,0.000000,0.000000,0.000000,0.000000,0.000000,,,,,,,,,,,,
27331,,,,,,,,,,,0.000000,0.000000,0.000000,0.000000,0.000000,0.000000,,,,,,,,,,,,
27336,,,,,,,,,,,0.000000,0.000000,,,0.000000,0.000000,,,,,,,,,,,,
27658,,,,,,,,,,,0.000000,0.000000,0.000000,0.000000,0.000000,0.000000,,,,,,,,,,,,
27665,,,,,,,,,,,0.000000,0.000000,0.000000,0.000000,0.000000,0.000000,,,,,,,,,,,,
27670,,,,,,,,,,,0.000000,0.000000,0.000000,0.000000,0.000000,0.000000,,,,,,,,,,,,
27671,,,,,,,,,,,0.000000,0.000000,0.000000,0.000000,0.000000,0.000000,,,,,,,,,,,,
27676,,,,,,,,,,,0.000000,0.000000,0.000000,0.000000,0.000000,0.000000,,,,,,,,,,,,
27681,,,,,,,,,,,0.000000,0.000000,0.000000,0.000000,0.000000,0.000000,,,,,,,,,,,,
27686,,,,,,,,,,,0.000000,0.000000,0.000000,0.000000,0.000000,0.000000,,,,,,,,,,,,
27691,,,,,,,,,,,0.000000,0.000000,0.000000,0.000000,0.000000,0.000000,,,,,,,,,,,,
27696,,,,,,,,,,,0.000000,0.000000,0.000000,0.000000,0.000000,0.000000,,,,,,,,,,,,
27701,,,,,,,,,,,0.000000,0.000000,0.000000,0.000000,0.000000,0.000000,,,,,,,,,,,,
27706,,,,,,,,,,,0.000000,0.000000,0.000000,0.000000,0.000000,0.000000,,,,,,,,,,,,
27718,,,,,,,,,,,0.000000,0.000000,0.000000,0.000000,0.000000,0.000000,,,,,,,,,,,,
27721,,,,,,,,,,,0.000000,0.000000,0.000000,0.000000,0.000000,0.000000,,,,,,,,,,,,
27726,,,,,,,,,,,0.000000,0.000000,0.000000,0.000000,0.000000,0.000000,,,,,,,,,,,,
27731,,,,,,,,,,,0.000000,0.000000,0.000000,0.000000,0.000000,0.000000,,,,,,,,,,,,
27736,,,,,,,,,,,0.000000,0.000000,0.000000,0.000000,0.000000,0.000000,,,,,,,,,,,,
27741,,,,,,,,,,,0.000000,0.000000,0.000000,0.000000,0.000000,0.000000,,,,,,,,,,,,
27746,,,,,,,,,,,0.000000,0.000000,0.000000,0.000000,0.000000,0.000000,,,,,,,,,,,,
27751,,,,,,,,,,,0.000000,0.000000,0.000000,0.000000,0.000000,0.000000,,,,,,,,,,,,
27756,,,,,,,,,,,0.000000,0.000000,0.000000,0.000000,0.000000,0.000000,,,,,,,,,,,,
27761,,,,,,,,,,,0.000000,0.000000,0.000000,0.000000,0.000000,0.000000,,,,,,,,,,,,
27766,,,,,,,,,,,0.000000,0.000000,0.000000,0.000000,0.000000,0.000000,,,,,,,,,,,,
27778,,,,,,,,,,,0.000000,0.000000,0.000000,0.000000,0.000000,0.000000,,,,,,,,,,,,
27781,,,,,,,,,,,0.000000,0.000000,0.000000,0.000000,0.000000,0.000000,,,,,,,,,,,,
27786,,,,,,,,,,,0.000000,0.000000,0.000000,0.000000,0.000000,0.000000,,,,,,,,,,,,
27791,,,,,,,,,,,0.000000,0.000000,0.000000,0.000000,0.000000,0.000000,,,,,,,,,,,,
27796,,,,,,,,,,,0.000000,0.000000,0.000000,0.000000,0.000000,0.000000,,,,,,,,,,,,
27801,,,,,,,,,,,0.000000,0.000000,0.000000,0.000000,0.000000,0.000000,,,,,,,,,,,,
27806,,,,,,,,,,,0.000000,0.000000,0.000000,0.000000,0.000000,0.000000,,,,,,,,,,,,
27811,,,,,,,,,,,0.000000,0.000000,0.000000,0.000000,0.000000,0.000000,,,,,,,,,,,,
27816,,,,,,,,,,,0.000000,0.000000,0.000000,0.000000,0.000000,0.000000,,,,,,,,,,,,
27821,,,,,,,,,,,0.000000,0.000000,0.000000,0.000000,0.000000,0.000000,,,,,,,,,,,,
27826,,,,,,,,,,,0.000000,0.000000,0.000000,0.000000,0.000000,0.000000,,,,,,,,,,,,
27831,,,,,,,,,,,0.000000,0.000000,0.000000,0.000000,0.000000,0.000000,,,,,,,,,,,,
27836,,,,,,,,,,,0.000000,0.000000,0.000000,0.000000,0.000000,0.000000,,,,,,,,,,,,
27841,,,,,,,,,,,0.000000,0.000000,0.000000,0.000000,0.000000,0.000000,,,,,,,,,,,,
27846,,,,,,,,,,,0.000000,0.000000,0.000000,0.000000,0.000000,0.000000,,,,,,,,,,,,
27858,,,,,,,,,,,0.000000,0.000000,0.000000,0.000000,0.000000,0.000000,,,,,,,,,,,,
27861,,,,,,,,,,,0.000000,0.000000,0.000000,0.000000,0.000000,0.000000,,,,,,,,,,,,
27866,,,,,,,,,,,0.000000,0.000000,0.000000,0.000000,0.000000,0.000000,,,,,,,,,,,,
27871,,,,,,,,,,,0.000000,0.000000,0.000000,0.000000,0.000000,0.000000,,,,,,,,,,,,
27876,,,,,,,,,,,0.000000,0.000000,0.000000,0.000000,0.000000,0.000000,,,,,,,,,,,,
27881,,,,,,,,,,,0.000000,0.000000,0.000000,0.000000,0.000000,0.000000,,,,,,,,,,,,
27886,,,,,,,,,,,0.000000,0.000000,0.000000,0.000000,0.000000,0.000000,,,,,,,,,,,,
27891,,,,,,,,,,,0.000000,0.000000,0.000000,0.000000,0.000000,0.000000,,,,,,,,,,,,
27896,,,,,,,,,,,0.000000,0.000000,0.000000,0.000000,0.000000,0.000000,,,,,,,,,,,,
27901,,,,,,,,,,,0.000000,0.000000,0.000000,0.000000,0.000000,0.000000,,,,,,,,,,,,
27906,,,,,,,,,,,0.000000,0.000000,0.000000,0.000000,0.000000,0.000000,,,,,,,,,,,,
27918,,,,,,,,,,,0.000000,0.000000,0.000000,0.000000,0.000000,0.000000,,,,,,,,,,,,
27921,,,,,,,,,,,0.000000,0.000000,0.000000,0.000000,0.000000,0.000000,,,,,,,,,,,,
27926,,,,,,,,,,,0.000000,0.000000,0.000000,0.000000,0.000000,0.000000,,,,,,,,,,,,
27931,,,,,,,,,,,0.000000,0.000000,0.000000,0.000000,0.000000,0.000000,,,,,,,,,,,,
27936,,,,,,,,,,,0.000000,0.000000,0.000000,0.000000,0.000000,0.000000,,,,,,,,,,,,
27941,,,,,,,,,,,0.000000,0.000000,0.000000,0.000000,0.000000,0.000000,,,,,,,,,,,,
27946,,,,,,,,,,,0.000000,0.000000,0.000000,0.000000,0.000000,0.000000,,,,,,,,,,,,
27951,,,,,,,,,,,0.000000,0.000000,0.000000,0.000000,0.000000,0.000000,,,,,,,,,,,,
27956,,,,,,,,,,,0.000000,0.000000,0.000000,0.000000,0.000000,0.000000,,,,,,,,,,,,
27961,,,,,,,,,,,0.000000,0.000000,0.000000,0.000000,0.000000,0.000000,,,,,,,,,,,,
27966,,,,,,,,,,,0.000000,0.000000,0.000000,0.000000,0.000000,0.000000,,,,,,,,,,,,
27978,,,,,,,,,,,0.000000,0.000000,0.000000,0.000000,0.000000,0.000000,,,,,,,,,,,,
27981,,,,,,,,,,,0.000000,0.000000,0.000000,0.000000,0.000000,0.000000,,,,,,,,,,,,
27986,,,,,,,,,,,0.000000,0.000000,0.000000,0.000000,0.000000,0.000000,,,,,,,,,,,,
27991,,,,,,,,,,,0.000000,0.000000,0.000000,0.000000,0.000000,0.000000,,,,,,,,,,,,
27996,,,,,,,,,,,0.000000,0.000000,0.000000,0.000000,0.000000,0.000000,,,,,,,,,,,,
28001,,,,,,,,,,,0.000000,0.000000,0.000000,0.000000,0.000000,0.000000,,,,,,,,,,,,
28006,,,,,,,,,,,0.000000,0.000000,0.000000,0.000000,0.000000,0.000000,,,,,,,,,,,,
28011,,,,,,,,,,,0.000000,0.000000,0.000000,0.000000,0.000000,0.000000,,,,,,,,,,,,
28016,,,,,,,,,,,0.000000,0.000000,0.000000,0.000000,0.000000,0.000000,,,,,,,,,,,,
28021,,,,,,,,,,,0.000000,0.000000,0.000000,0.000000,0.000000,0.000000,,,,,,,,,,,,
28026,,,,,,,,,,,0.000000,0.000000,0.000000,0.000000,0.000000,0.000000,,,,,,,,,,,,
28038,,,,,,,,,,,0.000000,0.000000,0.000000,0.000000,0.000000,0.000000,,,,,,,,,,,,
28041,,,,,,,,,,,0.000000,0.000000,0.000000,0.000000,0.000000,0.000000,,,,,,,,,,,,
28046,,,,,,,,,,,0.000000,0.000000,0.000000,0.000000,0.000000,0.000000,,,,,,,,,,,,
28051,,,,,,,,,,,0.000000,0.000000,0.000000,0.000000,0.000000,0.000000,,,,,,,,,,,,
28056,,,,,,,,,,,0.000000,0.000000,0.000000,0.000000,0.000000,0.000000,,,,,,,,,,,,
28061,,,,,,,,,,,0.000000,0.000000,0.000000,0.000000,0.000000,0.000000,,,,,,,,,,,,
28066,,,,,,,,,,,0.000000,0.000000,0.000000,0.000000,0.000000,0.000000,,,,,,,,,,,,
28071,,,,,,,,,,,0.000000,0.000000,0.000000,0.000000,0.000000,0.000000,,,,,,,,,,,,
28076,,,,,,,,,,,0.000000,0.000000,0.000000,0.000000,0.000000,0.000000,,,,,,,,,,,,
28081,,,,,,,,,,,0.000000,0.000000,0.000000,0.000000,0.000000,0.000000,,,,,,,,,,,,
28086,,,,,,,,,,,0.000000,0.000000,0.000000,0.000000,0.000000,0.000000,,,,,,,,,,,,
28091,,,,,,,,,,,0.000000,0.000000,0.000000,0.000000,0.000000,0.000000,,,,,,,,,,,,
28096,,,,,,,,,,,0.000000,0.000000,0.000000,0.000000,0.000000,0.000000,,,,,,,,,,,,
28101,,,,,,,,,,,0.000000,0.000000,0.000000,0.000000,0.000000,0.000000,,,,,,,,,,,,
28106,,,,,,,,,,,0.000000,0.000000,0.000000,0.000000,0.000000,0.000000,,,,,,,,,,,,
28118,,,,,,,,,,,0.000000,0.000000,0.000000,0.000000,0.000000,0.000000,,,,,,,,,,,,
28121,,,,,,,,,,,0.000000,0.000000,0.000000,0.000000,0.000000,0.000000,,,,,,,,,,,,
28126,,,,,,,,,,,0.000000,0.000000,0.000000,0.000000,0.000000,0.000000,,,,,,,,,,,,
28131,,,,,,,,,,,0.000000,0.000000,0.000000,0.000000,0.000000,0.000000,,,,,,,,,,,,
28136,,,,,,,,,,,0.000000,0.000000,0.000000,0.000000,0.000000,0.000000,,,,,,,,,,,,
28141,,,,,,,,,,,0.000000,0.000000,0.000000,0.000000,0.000000,0.000000,,,,,,,,,,,,
28146,,,,,,,,,,,0.000000,0.000000,0.000000,0.000000,0.000000,0.000000,,,,,,,,,,,,
28151,,,,,,,,,,,0.000000,0.000000,0.000000,0.000000,0.000000,0.000000,,,,,,,,,,,,
28156,,,,,,,,,,,0.000000,0.000000,0.000000,0.000000,0.000000,0.000000,,,,,,,,,,,,
28161,,,,,,,,,,,0.000000,0.000000,0.000000,0.000000,0.000000,0.000000,,,,,,,,,,,,
28166,,,,,,,,,,,0.000000,0.000000,0.000000,0.000000,0.000000,0.000000,,,,,,,,,,,,
28178,,,,,,,,,,,0.000000,0.000000,0.000000,0.000000,0.000000,0.000000,,,,,,,,,,,,
28181,,,,,,,,,,,0.000000,0.000000,0.000000,0.000000,0.000000,0.000000,,,,,,,,,,,,
28186,,,,,,,,,,,0.000000,0.000000,0.000000,0.000000,0.000000,0.000000,,,,,,,,,,,,
28191,,,,,,,,,,,0.000000,0.000000,0.000000,0.000000,0.000000,0.000000,,,,,,,,,,,,
28196,,,,,,,,,,,0.000000,0.000000,0.000000,0.000000,0.000000,0.000000,,,,,,,,,,,,
28201,,,,,,,,,,,0.000000,0.000000,0.000000,0.000000,0.000000,0.000000,,,,,,,,,,,,
28206,,,,,,,,,,,0.000000,0.000000,0.000000,0.000000,0.000000,0.000000,,,,,,,,,,,,
28211,,,,,,,,,,,0.000000,0.000000,0.000000,0.000000,0.000000,0.000000,,,,,,,,,,,,
28216,,,,,,,,,,,0.000000,0.000000,0.000000,0.000000,0.000000,0.000000,,,,,,,,,,,,
28221,,,,,,,,,,,0.000000,0.000000,0.000000,0.000000,0.000000,0.000000,,,,,,,,,,,,
28226,,,,,,,,,,,0.000000,0.000000,0.000000,0.000000,0.000000,0.000000,,,,,,,,,,,,
28238,,,,,,,,,,,0.000000,0.000000,0.000000,0.000000,0.000000,0.000000,,,,,,,,,,,,
28241,,,,,,,,,,,0.000000,0.000000,0.000000,0.000000,0.000000,0.000000,,,,,,,,,,,,
28246,,,,,,,,,,,0.000000,0.000000,0.000000,0.000000,0.000000,0.000000,,,,,,,,,,,,
28251,,,,,,,,,,,0.000000,0.000000,0.000000,0.000000,0.000000,0.000000,,,,,,,,,,,,
28256,,,,,,,,,,,0.000000,0.000000,0.000000,0.000000,0.000000,0.000000,,,,,,,,,,,,
28261,,,,,,,,,,,0.000000,0.000000,0.000000,0.000000,0.000000,0.000000,,,,,,,,,,,,
28266,,,,,,,,,,,0.000000,0.000000,0.000000,0.000000,0.000000,0.000000,,,,,,,,,,,,
28271,,,,,,,,,,,0.000000,0.000000,0.000000,0.000000,0.000000,0.000000,,,,,,,,,,,,
28276,,,,,,,,,,,0.000000,0.000000,0.000000,0.000000,0.000000,0.000000,,,,,,,,,,,,
28281,,,,,,,,,,,0.000000,0.000000,0.000000,0.000000,0.000000,0.000000,,,,,,,,,,,,
28286,,,,,,,,,,,0.000000,0.000000,0.000000,0.000000,0.000000,0.000000,,,,,,,,,,,,
28298,,,,,,,,,,,0.000000,0.000000,0.000000,0.000000,0.000000,0.000000,,,,,,,,,,,,
28301,,,,,,,,,,,0.000000,0.000000,0.000000,0.000000,0.000000,0.000000,,,,,,,,,,,,
28306,,,,,,,,,,,0.000000,0.000000,0.000000,0.000000,0.000000,0.000000,,,,,,,,,,,,
28311,,,,,,,,,,,0.000000,0.000000,0.000000,0.000000,0.000000,0.000000,,,,,,,,,,,,
28316,,,,,,,,,,,0.000000,0.000000,0.000000,0.000000,0.000000,0.000000,,,,,,,,,,,,
28321,,,,,,,,,,,0.000000,0.000000,0.000000,0.000000,0.000000,0.000000,,,,,,,,,,,,
28326,,,,,,,,,,,0.000000,0.000000,0.000000,0.000000,0.000000,0.000000,,,,,,,,,,,,
28331,,,,,,,,,,,0.000000,0.000000,0.000000,0.000000,0.000000,0.000000,,,,,,,,,,,,
28336,,,,,,,,,,,0.000000,0.000000,0.000000,0.000000,0.000000,0.000000,,,,,,,,,,,,
28341,,,,,,,,,,,0.000000,0.000000,0.000000,0.000000,0.000000,0.000000,,,,,,,,,,,,
28346,,,,,,,,,,,0.000000,0.000000,0.000000,0.000000,0.000000,0.000000,,,,,,,,,,,,
28351,,,,,,,,,,,0.000000,0.000000,0.000000,0.000000,0.000000,0.000000,,,,,,,,,,,,
28356,,,,,,,,,,,0.000000,0.000000,0.000000,0.000000,0.000000,0.000000,,,,,,,,,,,,
28361,,,,,,,,,,,0.000000,0.000000,0.000000,0.000000,0.000000,0.000000,,,,,,,,,,,,
28366,,,,,,,,,,,0.000000,0.000000,0.000000,0.000000,0.000000,0.000000,,,,,,,,,,,,
28382,,,,,,,,,,,0.000000,0.000000,0.000000,0.000000,0.000000,0.000000,,,,,,,,,,,,
28386,,,,,,,,,,,0.000000,0.000000,0.000000,0.000000,0.000000,0.000000,,,,,,,,,,,,
28391,,,,,,,,,,,0.000000,0.000000,0.000000,0.000000,0.000000,0.000000,,,,,,,,,,,,
28396,,,,,,,,,,,0.000000,0.000000,0.000000,0.000000,0.000000,0.000000,,,,,,,,,,,,
28401,,,,,,,,,,,0.000000,0.000000,0.000000,0.000000,0.000000,0.000000,,,,,,,,,,,,
28406,,,,,,,,,,,0.000000,0.000000,0.000000,0.000000,0.000000,0.000000,,,,,,,,,,,,
28411,,,,,,,,,,,0.000000,0.000000,0.000000,0.000000,0.000000,0.000000,,,,,,,,,,,,
28416,,,,,,,,,,,0.000000,0.000000,0.000000,0.000000,0.000000,0.000000,,,,,,,,,,,,
28421,,,,,,,,,,,0.000000,0.000000,0.000000,0.000000,0.000000,0.000000,,,,,,,,,,,,
28426,,,,,,,,,,,0.000000,0.000000,0.000000,0.000000,0.000000,0.000000,,,,,,,,,,,,
28438,,,,,,,,,,,0.000000,0.000000,0.000000,0.000000,0.000000,0.000000,,,,,,,,,,,,
28441,,,,,,,,,,,0.000000,0.000000,0.000000,0.000000,0.000000,0.000000,,,,,,,,,,,,
28446,,,,,,,,,,,0.000000,0.000000,0.000000,0.000000,0.000000,0.000000,,,,,,,,,,,,
28451,,,,,,,,,,,0.000000,0.000000,0.000000,0.000000,0.000000,0.000000,,,,,,,,,,,,
28456,,,,,,,,,,,0.000000,0.000000,0.000000,0.000000,0.000000,0.000000,,,,,,,,,,,,
28461,,,,,,,,,,,0.000000,0.000000,0.000000,0.000000,0.000000,0.000000,,,,,,,,,,,,
28466,,,,,,,,,,,0.000000,0.000000,0.000000,0.000000,0.000000,0.000000,,,,,,,,,,,,
28471,,,,,,,,,,,0.000000,0.000000,0.000000,0.000000,0.000000,0.000000,,,,,,,,,,,,
28476,,,,,,,,,,,0.000000,0.000000,0.000000,0.000000,0.000000,0.000000,,,,,,,,,,,,
28481,,,,,,,,,,,0.000000,0.000000,0.000000,0.000000,0.000000,0.000000,,,,,,,,,,,,
28486,,,,,,,,,,,0.000000,0.000000,0.000000,0.000000,0.000000,0.000000,,,,,,,,,,,,
28496,,,,,,,,,,,0.000000,0.000000,0.000000,0.000000,0.000000,0.000000,,,,,,,,,,,,
28501,,,,,,,,,,,0.000000,0.000000,0.000000,0.000000,0.000000,0.000000,,,,,,,,,,,,
28506,,,,,,,,,,,0.000000,0.000000,0.000000,0.000000,0.000000,0.000000,,,,,,,,,,,,
28511,,,,,,,,,,,0.000000,0.000000,0.000000,0.000000,0.000000,0.000000,,,,,,,,,,,,
28516,,,,,,,,,,,0.000000,0.000000,0.000000,0.000000,0.000000,0.000000,,,,,,,,,,,,
28521,,,,,,,,,,,0.000000,0.000000,0.000000,0.000000,0.000000,0.000000,,,,,,,,,,,,
28526,,,,,,,,,,,0.000000,0.000000,0.000000,0.000000,0.000000,0.000000,,,,,,,,,,,,
28531,,,,,,,,,,,0.000000,0.000000,0.000000,0.000000,0.000000,0.000000,,,,,,,,,,,,
28536,,,,,,,,,,,0.000000,0.000000,0.000000,0.000000,0.000000,0.000000,,,,,,,,,,,,
28541,,,,,,,,,,,0.000000,0.000000,0.000000,0.000000,0.000000,0.000000,,,,,,,,,,,,
28546,,,,,,,,,,,0.000000,0.000000,0.000000,0.000000,0.000000,0.000000,,,,,,,,,,,,
28551,,,,,,,,,,,0.000000,0.000000,0.000000,0.000000,0.000000,0.000000,,,,,,,,,,,,
28556,,,,,,,,,,,0.000000,0.000000,0.000000,0.000000,0.000000,0.000000,,,,,,,,,,,,
28561,,,,,,,,,,,0.000000,0.000000,0.000000,0.000000,0.000000,0.000000,,,,,,,,,,,,
28566,,,,,,,,,,,0.000000,0.000000,0.000000,0.000000,0.000000,0.000000,,,,,,,,,,,,
28577,,,,,,,,,,,0.000000,0.000000,0.000000,0.000000,0.000000,0.000000,,,,,,,,,,,,
28581,,,,,,,,,,,0.000000,0.000000,0.000000,0.000000,0.000000,0.000000,,,,,,,,,,,,
28586,,,,,,,,,,,0.000000,0.000000,0.000000,0.000000,0.000000,0.000000,,,,,,,,,,,,
28591,,,,,,,,,,,0.000000,0.000000,0.000000,0.000000,0.000000,0.000000,,,,,,,,,,,,
28596,,,,,,,,,,,0.000000,0.000000,0.000000,0.000000,0.000000,0.000000,,,,,,,,,,,,
28601,,,,,,,,,,,0.000000,0.000000,0.000000,0.000000,0.000000,0.000000,,,,,,,,,,,,
28606,,,,,,,,,,,0.000000,0.000000,0.000000,0.000000,0.000000,0.000000,,,,,,,,,,,,
28611,,,,,,,,,,,0.000000,0.000000,0.000000,0.000000,0.000000,0.000000,,,,,,,,,,,,
28616,,,,,,,,,,,0.000000,0.000000,0.000000,0.000000,0.000000,0.000000,,,,,,,,,,,,
28621,,,,,,,,,,,0.000000,0.000000,0.000000,0.000000,0.000000,0.000000,,,,,,,,,,,,
28626,,,,,,,,,,,0.000000,0.000000,0.000000,0.000000,0.000000,0.000000,,,,,,,,,,,,
28638,,,,,,,,,,,0.000000,0.000000,0.000000,0.000000,0.000000,0.000000,,,,,,,,,,,,
28641,,,,,,,,,,,0.000000,0.000000,0.000000,0.000000,0.000000,0.000000,,,,,,,,,,,,
28646,,,,,,,,,,,0.000000,0.000000,0.000000,0.000000,0.000000,0.000000,,,,,,,,,,,,
28651,,,,,,,,,,,0.000000,0.000000,0.000000,0.000000,0.000000,0.000000,,,,,,,,,,,,
28656,,,,,,,,,,,0.000000,0.000000,0.000000,0.000000,0.000000,0.000000,,,,,,,,,,,,
28661,,,,,,,,,,,0.000000,0.000000,0.000000,0.000000,0.000000,0.000000,,,,,,,,,,,,
28666,,,,,,,,,,,0.000000,0.000000,0.000000,0.000000,0.000000,0.000000,,,,,,,,,,,,
28671,,,,,,,,,,,0.000000,0.000000,0.000000,0.000000,0.000000,0.000000,,,,,,,,,,,,
28676,,,,,,,,,,,0.000000,0.000000,0.000000,0.000000,0.000000,0.000000,,,,,,,,,,,,
28681,,,,,,,,,,,0.000000,0.000000,0.000000,0.000000,0.000000,0.000000,,,,,,,,,,,,
28686,,,,,,,,,,,0.000000,0.000000,0.000000,0.000000,0.000000,0.000000,,,,,,,,,,,,
28698,,,,,,,,,,,0.000000,0.000000,0.000000,0.000000,0.000000,0.000000,,,,,,,,,,,,
28701,,,,,,,,,,,0.000000,0.000000,0.000000,0.000000,0.000000,0.000000,,,,,,,,,,,,
28706,,,,,,,,,,,0.000000,0.000000,0.000000,0.000000,0.000000,0.000000,,,,,,,,,,,,
28711,,,,,,,,,,,0.000000,0.000000,0.000000,0.000000,0.000000,0.000000,,,,,,,,,,,,
28716,,,,,,,,,,,0.000000,0.000000,0.000000,0.000000,0.000000,0.000000,,,,,,,,,,,,
28721,,,,,,,,,,,0.000000,0.000000,0.000000,0.000000,0.000000,0.000000,,,,,,,,,,,,
28726,,,,,,,,,,,0.000000,0.000000,0.000000,0.000000,0.000000,0.000000,,,,,,,,,,,,
28731,,,,,,,,,,,0.000000,0.000000,0.000000,0.000000,0.000000,0.000000,,,,,,,,,,,,
28736,,,,,,,,,,,0.000000,0.000000,0.000000,0.000000,0.000000,0.000000,,,,,,,,,,,,
28741,,,,,,,,,,,0.000000,0.000000,0.000000,0.000000,0.000000,0.000000,,,,,,,,,,,,
28746,,,,,,,,,,,0.000000,0.000000,0.000000,0.000000,0.000000,0.000000,,,,,,,,,,,,
28758,,,,,,,,,,,0.000000,0.000000,0.000000,0.000000,0.000000,0.000000,,,,,,,,,,,,
28761,,,,,,,,,,,0.000000,0.000000,0.000000,0.000000,0.000000,0.000000,,,,,,,,,,,,
28766,,,,,,,,,,,0.000000,0.000000,0.000000,0.000000,0.000000,0.000000,,,,,,,,,,,,
28771,,,,,,,,,,,0.000000,0.000000,0.000000,0.000000,0.000000,0.000000,,,,,,,,,,,,
28776,,,,,,,,,,,0.000000,0.000000,0.000000,0.000000,0.000000,0.000000,,,,,,,,,,,,
28781,,,,,,,,,,,0.000000,0.000000,0.000000,0.000000,0.000000,0.000000,,,,,,,,,,,,
28786,,,,,,,,,,,0.000000,0.000000,0.000000,0.000000,0.000000,0.000000,,,,,,,,,,,,
28791,,,,,,,,,,,0.000000,0.000000,0.000000,0.000000,0.000000,0.000000,,,,,,,,,,,,
28796,,,,,,,,,,,0.000000,0.000000,0.000000,0.000000,0.000000,0.000000,,,,,,,,,,,,
28801,,,,,,,,,,,0.000000,0.000000,0.000000,0.000000,0.000000,0.000000,,,,,,,,,,,,
28806,,,,,,,,,,,0.000000,0.000000,0.000000,0.000000,0.000000,0.000000,,,,,,,,,,,,
28811,,,,,,,,,,,0.000000,0.000000,0.000000,0.000000,0.000000,0.000000,,,,,,,,,,,,
28816,,,,,,,,,,,0.000000,0.000000,0.000000,0.000000,0.000000,0.000000,,,,,,,,,,,,
28821,,,,,,,,,,,0.000000,0.000000,0.000000,0.000000,0.000000,0.000000,,,,,,,,,,,,
28826,,,,,,,,,,,0.000000,0.000000,0.000000,0.000000,0.000000,0.000000,,,,,,,,,,,,
28838,,,,,,,,,,,0.000000,0.000000,0.000000,0.000000,0.000000,0.000000,,,,,,,,,,,,
28841,,,,,,,,,,,0.000000,0.000000,0.000000,0.000000,0.000000,0.000000,,,,,,,,,,,,
28846,,,,,,,,,,,0.000000,0.000000,0.000000,0.000000,0.000000,0.000000,,,,,,,,,,,,
28851,,,,,,,,,,,0.000000,0.000000,0.000000,0.000000,0.000000,0.000000,,,,,,,,,,,,
28856,,,,,,,,,,,0.000000,0.000000,0.000000,0.000000,0.000000,0.000000,,,,,,,,,,,,
28861,,,,,,,,,,,0.000000,0.000000,0.000000,0.000000,0.000000,0.000000,,,,,,,,,,,,
28866,,,,,,,,,,,0.000000,0.000000,0.000000,0.000000,0.000000,0.000000,,,,,,,,,,,,
28871,,,,,,,,,,,0.000000,0.000000,0.000000,0.000000,0.000000,0.000000,,,,,,,,,,,,
28876,,,,,,,,,,,0.000000,0.000000,0.000000,0.000000,0.000000,0.000000,,,,,,,,,,,,
28881,,,,,,,,,,,0.000000,0.000000,0.000000,0.000000,0.000000,0.000000,,,,,,,,,,,,
28886,,,,,,,,,,,0.000000,0.000000,0.000000,0.000000,0.000000,0.000000,,,,,,,,,,,,
28898,,,,,,,,,,,0.000000,0.000000,0.000000,0.000000,0.000000,0.000000,,,,,,,,,,,,
28901,,,,,,,,,,,0.000000,0.000000,0.000000,0.000000,0.000000,0.000000,,,,,,,,,,,,
28906,,,,,,,,,,,0.000000,0.000000,0.000000,0.000000,0.000000,0.000000,,,,,,,,,,,,
28911,,,,,,,,,,,0.000000,0.000000,0.000000,0.000000,0.000000,0.000000,,,,,,,,,,,,
28916,,,,,,,,,,,0.000000,0.000000,0.000000,0.000000,0.000000,0.000000,,,,,,,,,,,,
28921,,,,,,,,,,,0.000000,0.000000,0.000000,0.000000,0.000000,0.000000,,,,,,,,,,,,
28926,,,,,,,,,,,0.000000,0.000000,0.000000,0.000000,0.000000,0.000000,,,,,,,,,,,,
28931,,,,,,,,,,,0.000000,0.000000,0.000000,0.000000,0.000000,0.000000,,,,,,,,,,,,
28936,,,,,,,,,,,0.000000,0.000000,0.000000,0.000000,0.000000,0.000000,,,,,,,,,,,,
28941,,,,,,,,,,,0.000000,0.000000,0.000000,0.000000,0.000000,0.000000,,,,,,,,,,,,
28946,,,,,,,,,,,0.000000,0.000000,0.000000,0.000000,0.000000,0.000000,,,,,,,,,,,,
28958,,,,,,,,,,,0.000000,0.000000,0.000000,0.000000,0.000000,0.000000,,,,,,,,,,,,
28961,,,,,,,,,,,0.000000,0.000000,0.000000,0.000000,0.000000,0.000000,,,,,,,,,,,,
28966,,,,,,,,,,,0.000000,0.000000,0.000000,0.000000,0.000000,0.000000,,,,,,,,,,,,
28971,,,,,,,,,,,0.000000,0.000000,0.000000,0.000000,0.000000,0.000000,,,,,,,,,,,,
28976,,,,,,,,,,,0.000000,0.000000,0.000000,0.000000,0.000000,0.000000,,,,,,,,,,,,
28981,,,,,,,,,,,0.000000,0.000000,0.000000,0.000000,0.000000,0.000000,,,,,,,,,,,,
28986,,,,,,,,,,,0.000000,0.000000,0.000000,0.000000,0.000000,0.000000,,,,,,,,,,,,
28991,,,,,,,,,,,0.000000,0.000000,0.000000,0.000000,0.000000,0.000000,,,,,,,,,,,,
28996,,,,,,,,,,,0.000000,0.000000,0.000000,0.000000,0.000000,0.000000,,,,,,,,,,,,
29001,,,,,,,,,,,0.000000,0.000000,0.000000,0.000000,0.000000,0.000000,,,,,,,,,,,,
29006,,,,,,,,,,,0.000000,0.000000,0.000000,0.000000,0.000000,0.000000,,,,,,,,,,,,
29011,,,,,,,,,,,0.000000,0.000000,0.000000,0.000000,0.000000,0.000000,,,,,,,,,,,,
29016,,,,,,,,,,,0.000000,0.000000,0.000000,0.000000,0.000000,0.000000,,,,,,,,,,,,
29021,,,,,,,,,,,0.000000,0.000000,0.000000,0.000000,0.000000,0.000000,,,,,,,,,,,,
29026,,,,,,,,,,,0.000000,0.000000,0.000000,0.000000,0.000000,0.000000,,,,,,,,,,,,
29037,,,,,,,,,,,0.000000,0.000000,,,,,,,,,,,,,,,,
29038,,,,,,,,,,,0.000000,0.000000,0.000000,0.000000,0.000000,0.000000,,,,,,,,,,,,
29041,,,,,,,,,,,0.000000,0.000000,0.000000,0.000000,0.000000,0.000000,,,,,,,,,,,,
29046,,,,,,,,,,,0.000000,0.000000,0.000000,0.000000,0.000000,0.000000,,,,,,,,,,,,
29051,,,,,,,,,,,0.000000,0.000000,0.000000,0.000000,0.000000,0.000000,,,,,,,,,,,,
29056,,,,,,,,,,,0.000000,0.000000,0.000000,0.000000,0.000000,0.000000,,,,,,,,,,,,
29061,,,,,,,,,,,0.000000,0.000000,0.000000,0.000000,0.000000,0.000000,,,,,,,,,,,,
29066,,,,,,,,,,,0.000000,0.000000,0.000000,0.000000,0.000000,0.000000,,,,,,,,,,,,
29071,,,,,,,,,,,0.000000,0.000000,0.000000,0.000000,0.000000,0.000000,,,,,,,,,,,,
29076,,,,,,,,,,,0.000000,0.000000,0.000000,0.000000,0.000000,0.000000,,,,,,,,,,,,
29081,,,,,,,,,,,0.000000,0.000000,0.000000,0.000000,0.000000,0.000000,,,,,,,,,,,,
29086,,,,,,,,,,,0.000000,0.000000,0.000000,0.000000,0.000000,0.000000,,,,,,,,,,,,
29098,,,,,,,,,,,0.000000,0.000000,0.000000,0.000000,0.000000,0.000000,,,,,,,,,,,,
29101,,,,,,,,,,,0.000000,0.000000,0.000000,0.000000,0.000000,0.000000,,,,,,,,,,,,
29106,,,,,,,,,,,0.000000,0.000000,0.000000,0.000000,0.000000,0.000000,,,,,,,,,,,,
29111,,,,,,,,,,,0.000000,0.000000,0.000000,0.000000,0.000000,0.000000,,,,,,,,,,,,
29116,,,,,,,,,,,0.000000,0.000000,0.000000,0.000000,0.000000,0.000000,,,,,,,,,,,,
29121,,,,,,,,,,,0.000000,0.000000,0.000000,0.000000,0.000000,0.000000,,,,,,,,,,,,
29126,,,,,,,,,,,0.000000,0.000000,0.000000,0.000000,0.000000,0.000000,,,,,,,,,,,,
29131,,,,,,,,,,,0.000000,0.000000,0.000000,0.000000,0.000000,0.000000,,,,,,,,,,,,
29136,,,,,,,,,,,0.000000,0.000000,0.000000,0.000000,0.000000,0.000000,,,,,,,,,,,,
29141,,,,,,,,,,,0.000000,0.000000,0.000000,0.000000,0.000000,0.000000,,,,,,,,,,,,
29146,,,,,,,,,,,0.000000,0.000000,0.000000,0.000000,0.000000,0.000000,,,,,,,,,,,,
29158,,,,,,,,,,,0.000000,0.000000,0.000000,0.000000,0.000000,0.000000,,,,,,,,,,,,
29161,,,,,,,,,,,0.000000,0.000000,0.000000,0.000000,0.000000,0.000000,,,,,,,,,,,,
29166,,,,,,,,,,,0.000000,0.000000,0.000000,0.000000,0.000000,0.000000,,,,,,,,,,,,
29171,,,,,,,,,,,0.000000,0.000000,0.000000,0.000000,0.000000,0.000000,,,,,,,,,,,,
29176,,,,,,,,,,,0.000000,0.000000,0.000000,0.000000,0.000000,0.000000,,,,,,,,,,,,
29181,,,,,,,,,,,0.000000,0.000000,0.000000,0.000000,0.000000,0.000000,,,,,,,,,,,,
29186,,,,,,,,,,,0.000000,0.000000,0.000000,0.000000,0.000000,0.000000,,,,,,,,,,,,
29191,,,,,,,,,,,0.000000,0.000000,0.000000,0.000000,0.000000,0.000000,,,,,,,,,,,,
29196,,,,,,,,,,,0.000000,0.000000,0.000000,0.000000,0.000000,0.000000,,,,,,,,,,,,
29201,,,,,,,,,,,0.000000,0.000000,0.000000,0.000000,0.000000,0.000000,,,,,,,,,,,,
29206,,,,,,,,,,,0.000000,0.000000,0.000000,0.000000,0.000000,0.000000,,,,,,,,,,,,
29218,,,,,,,,,,,0.000000,0.000000,0.000000,0.000000,0.000000,0.000000,,,,,,,,,,,,
29221,,,,,,,,,,,0.000000,0.000000,0.000000,0.000000,0.000000,0.000000,,,,,,,,,,,,
29226,,,,,,,,,,,0.000000,0.000000,0.000000,0.000000,0.000000,0.000000,,,,,,,,,,,,
29231,,,,,,,,,,,0.000000,0.000000,0.000000,0.000000,0.000000,0.000000,,,,,,,,,,,,
29236,,,,,,,,,,,0.000000,0.000000,0.000000,0.000000,0.000000,0.000000,,,,,,,,,,,,
29241,,,,,,,,,,,0.000000,0.000000,0.000000,0.000000,0.000000,0.000000,,,,,,,,,,,,
29246,,,,,,,,,,,0.000000,0.000000,0.000000,0.000000,0.000000,0.000000,,,,,,,,,,,,
29251,,,,,,,,,,,0.000000,0.000000,0.000000,0.000000,0.000000,0.000000,,,,,,,,,,,,
29256,,,,,,,,,,,0.000000,0.000000,0.000000,0.000000,0.000000,0.000000,,,,,,,,,,,,
29261,,,,,,,,,,,0.000000,0.000000,0.000000,0.000000,0.000000,0.000000,,,,,,,,,,,,
29266,,,,,,,,,,,0.000000,0.000000,0.000000,0.000000,0.000000,0.000000,,,,,,,,,,,,
29271,,,,,,,,,,,0.000000,0.000000,0.000000,0.000000,0.000000,0.000000,,,,,,,,,,,,
29276,,,,,,,,,,,0.000000,0.000000,0.000000,0.000000,0.000000,0.000000,,,,,,,,,,,,
29281,,,,,,,,,,,0.000000,0.000000,0.000000,0.000000,0.000000,0.000000,,,,,,,,,,,,
29286,,,,,,,,,,,0.000000,0.000000,0.000000,0.000000,0.000000,0.000000,,,,,,,,,,,,
29298,,,,,,,,,,,0.000000,0.000000,0.000000,0.000000,0.000000,0.000000,,,,,,,,,,,,
29301,,,,,,,,,,,0.000000,0.000000,0.000000,0.000000,0.000000,0.000000,,,,,,,,,,,,
29306,,,,,,,,,,,0.000000,0.000000,0.000000,0.000000,0.000000,0.000000,,,,,,,,,,,,
29311,,,,,,,,,,,0.000000,0.000000,0.000000,0.000000,0.000000,0.000000,,,,,,,,,,,,
29316,,,,,,,,,,,0.000000,0.000000,0.000000,0.000000,0.000000,0.000000,,,,,,,,,,,,
29321,,,,,,,,,,,0.000000,0.000000,0.000000,0.000000,0.000000,0.000000,,,,,,,,,,,,
29326,,,,,,,,,,,0.000000,0.000000,0.000000,0.000000,0.000000,0.000000,,,,,,,,,,,,
29331,,,,,,,,,,,0.000000,0.000000,0.000000,0.000000,0.000000,0.000000,,,,,,,,,,,,
29336,,,,,,,,,,,0.000000,0.000000,0.000000,0.000000,0.000000,0.000000,,,,,,,,,,,,
29341,,,,,,,,,,,0.000000,0.000000,0.000000,0.000000,0.000000,0.000000,,,,,,,,,,,,
29346,,,,,,,,,,,0.000000,0.000000,0.000000,0.000000,0.000000,0.000000,,,,,,,,,,,,
29359,,,,,,,,,,,0.000000,0.000000,0.000000,0.000000,0.000000,0.000000,,,,,,,,,,,,
29361,,,,,,,,,,,0.000000,0.000000,0.000000,0.000000,0.000000,0.000000,,,,,,,,,,,,
29366,,,,,,,,,,,0.000000,0.000000,0.000000,0.000000,0.000000,0.000000,,,,,,,,,,,,
29371,,,,,,,,,,,0.000000,0.000000,0.000000,0.000000,0.000000,0.000000,,,,,,,,,,,,
29376,,,,,,,,,,,0.000000,0.000000,0.000000,0.000000,0.000000,0.000000,,,,,,,,,,,,
29381,,,,,,,,,,,0.000000,0.000000,0.000000,0.000000,0.000000,0.000000,,,,,,,,,,,,
29386,,,,,,,,,,,0.000000,0.000000,0.000000,0.000000,0.000000,0.000000,,,,,,,,,,,,
29391,,,,,,,,,,,0.000000,0.000000,0.000000,0.000000,0.000000,0.000000,,,,,,,,,,,,
29396,,,,,,,,,,,0.000000,0.000000,0.000000,0.000000,0.000000,0.000000,,,,,,,,,,,,
29401,,,,,,,,,,,0.000000,0.000000,0.000000,0.000000,0.000000,0.000000,,,,,,,,,,,,
29406,,,,,,,,,,,0.000000,0.000000,0.000000,0.000000,0.000000,0.000000,,,,,,,,,,,,
29418,,,,,,,,,,,0.000000,0.000000,0.000000,0.000000,0.000000,0.000000,,,,,,,,,,,,
29421,,,,,,,,,,,0.000000,0.000000,0.000000,0.000000,0.000000,0.000000,,,,,,,,,,,,
29426,,,,,,,,,,,0.000000,0.000000,0.000000,0.000000,0.000000,0.000000,,,,,,,,,,,,
29431,,,,,,,,,,,0.000000,0.000000,0.000000,0.000000,0.000000,0.000000,,,,,,,,,,,,
29436,,,,,,,,,,,0.000000,0.000000,0.000000,0.000000,0.000000,0.000000,,,,,,,,,,,,
29441,,,,,,,,,,,0.000000,0.000000,0.000000,0.000000,0.000000,0.000000,,,,,,,,,,,,
29446,,,,,,,,,,,0.000000,0.000000,0.000000,0.000000,0.000000,0.000000,,,,,,,,,,,,
29451,,,,,,,,,,,0.000000,0.000000,0.000000,0.000000,0.000000,0.000000,,,,,,,,,,,,
29456,,,,,,,,,,,0.000000,0.000000,0.000000,0.000000,0.000000,0.000000,,,,,,,,,,,,
29461,,,,,,,,,,,0.000000,0.000000,0.000000,0.000000,0.000000,0.000000,,,,,,,,,,,,
29466,,,,,,,,,,,0.000000,0.000000,0.000000,0.000000,0.000000,0.000000,,,,,,,,,,,,
29471,,,,,,,,,,,0.000000,0.000000,0.000000,0.000000,0.000000,0.000000,,,,,,,,,,,,
29476,,,,,,,,,,,0.000000,0.000000,0.000000,0.000000,0.000000,0.000000,,,,,,,,,,,,
29481,,,,,,,,,,,0.000000,0.000000,0.000000,0.000000,0.000000,0.000000,,,,,,,,,,,,
29486,,,,,,,,,,,0.000000,0.000000,0.000000,0.000000,0.000000,0.000000,,,,,,,,,,,,
29498,,,,,,,,,,,0.000000,0.000000,0.000000,0.000000,0.000000,0.000000,,,,,,,,,,,,
29501,,,,,,,,,,,0.000000,0.000000,0.000000,0.000000,0.000000,0.000000,,,,,,,,,,,,
29506,,,,,,,,,,,0.000000,0.000000,0.000000,0.000000,0.000000,0.000000,,,,,,,,,,,,
29511,,,,,,,,,,,0.000000,0.000000,0.000000,0.000000,0.000000,0.000000,,,,,,,,,,,,
29516,,,,,,,,,,,0.000000,0.000000,0.000000,0.000000,0.000000,0.000000,,,,,,,,,,,,
29521,,,,,,,,,,,0.000000,0.000000,0.000000,0.000000,0.000000,0.000000,,,,,,,,,,,,
29526,,,,,,,,,,,0.000000,0.000000,0.000000,0.000000,0.000000,0.000000,,,,,,,,,,,,
29531,,,,,,,,,,,0.000000,0.000000,0.000000,0.000000,0.000000,0.000000,,,,,,,,,,,,
29536,,,,,,,,,,,0.000000,0.000000,0.000000,0.000000,0.000000,0.000000,,,,,,,,,,,,
29541,,,,,,,,,,,0.000000,0.000000,0.000000,0.000000,0.000000,0.000000,,,,,,,,,,,,
29546,,,,,,,,,,,0.000000,0.000000,0.000000,0.000000,0.000000,0.000000,,,,,,,,,,,,
29557,,,,,,,,,,,0.000000,0.000000,0.000000,0.000000,0.000000,0.000000,,,,,,,,,,,,
29561,,,,,,,,,,,0.000000,0.000000,0.000000,0.000000,0.000000,0.000000,,,,,,,,,,,,
29566,,,,,,,,,,,0.000000,0.000000,0.000000,0.000000,0.000000,0.000000,,,,,,,,,,,,
29571,,,,,,,,,,,0.000000,0.000000,0.000000,0.000000,0.000000,0.000000,,,,,,,,,,,,
29576,,,,,,,,,,,0.000000,0.000000,0.000000,0.000000,0.000000,0.000000,,,,,,,,,,,,
29581,,,,,,,,,,,0.000000,0.000000,0.000000,0.000000,0.000000,0.000000,,,,,,,,,,,,
29586,,,,,,,,,,,0.000000,0.000000,0.000000,0.000000,0.000000,0.000000,,,,,,,,,,,,
29591,,,,,,,,,,,0.000000,0.000000,0.000000,0.000000,0.000000,0.000000,,,,,,,,,,,,
29596,,,,,,,,,,,0.000000,0.000000,0.000000,0.000000,0.000000,0.000000,,,,,,,,,,,,
29601,,,,,,,,,,,0.000000,0.000000,0.000000,0.000000,0.000000,0.000000,,,,,,,,,,,,
29606,,,,,,,,,,,0.000000,0.000000,0.000000,0.000000,0.000000,0.000000,,,,,,,,,,,,
29618,,,,,,,,,,,0.000000,0.000000,0.000000,0.000000,0.000000,0.000000,,,,,,,,,,,,
29621,,,,,,,,,,,0.000000,0.000000,0.000000,0.000000,0.000000,0.000000,,,,,,,,,,,,
29626,,,,,,,,,,,0.000000,0.000000,0.000000,0.000000,0.000000,0.000000,,,,,,,,,,,,
29631,,,,,,,,,,,0.000000,0.000000,0.000000,0.000000,0.000000,0.000000,,,,,,,,,,,,
29636,,,,,,,,,,,0.000000,0.000000,0.000000,0.000000,0.000000,0.000000,,,,,,,,,,,,
29641,,,,,,,,,,,0.000000,0.000000,0.000000,0.000000,0.000000,0.000000,,,,,,,,,,,,
29646,,,,,,,,,,,0.000000,0.000000,0.000000,0.000000,0.000000,0.000000,,,,,,,,,,,,
29651,,,,,,,,,,,0.000000,0.000000,0.000000,0.000000,0.000000,0.000000,,,,,,,,,,,,
29656,,,,,,,,,,,0.000000,0.000000,0.000000,0.000000,0.000000,0.000000,,,,,,,,,,,,
29661,,,,,,,,,,,0.000000,0.000000,0.000000,0.000000,0.000000,0.000000,,,,,,,,,,,,
29666,,,,,,,,,,,0.000000,0.000000,0.000000,0.000000,0.000000,0.000000,,,,,,,,,,,,
29678,,,,,,,,,,,0.000000,0.000000,0.000000,0.000000,0.000000,0.000000,,,,,,,,,,,,
29681,,,,,,,,,,,0.000000,0.000000,0.000000,0.000000,0.000000,0.000000,,,,,,,,,,,,
29686,,,,,,,,,,,0.000000,0.000000,0.000000,0.000000,0.000000,0.000000,,,,,,,,,,,,
29691,,,,,,,,,,,0.000000,0.000000,0.000000,0.000000,0.000000,0.000000,,,,,,,,,,,,
29696,,,,,,,,,,,0.000000,0.000000,0.000000,0.000000,0.000000,0.000000,,,,,,,,,,,,
29701,,,,,,,,,,,0.000000,0.000000,0.000000,0.000000,0.000000,0.000000,,,,,,,,,,,,
29706,,,,,,,,,,,0.000000,0.000000,0.000000,0.000000,0.000000,0.000000,,,,,,,,,,,,
29711,,,,,,,,,,,0.000000,0.000000,0.000000,0.000000,0.000000,0.000000,,,,,,,,,,,,
29716,,,,,,,,,,,0.000000,0.000000,0.000000,0.000000,0.000000,0.000000,,,,,,,,,,,,
29721,,,,,,,,,,,0.000000,0.000000,0.000000,0.000000,0.000000,0.000000,,,,,,,,,,,,
29726,,,,,,,,,,,0.000000,0.000000,0.000000,0.000000,0.000000,0.000000,,,,,,,,,,,,
29731,,,,,,,,,,,0.000000,0.000000,0.000000,0.000000,0.000000,0.000000,,,,,,,,,,,,
29736,,,,,,,,,,,0.000000,0.000000,0.000000,0.000000,0.000000,0.000000,,,,,,,,,,,,
29741,,,,,,,,,,,0.000000,0.000000,0.000000,0.000000,0.000000,0.000000,,,,,,,,,,,,
29746,,,,,,,,,,,0.000000,0.000000,0.000000,0.000000,0.000000,0.000000,,,,,,,,,,,,
29758,,,,,,,,,,,0.000000,0.000000,0.000000,0.000000,0.000000,0.000000,,,,,,,,,,,,
29761,,,,,,,,,,,0.000000,0.000000,0.000000,0.000000,0.000000,0.000000,,,,,,,,,,,,
29766,,,,,,,,,,,0.000000,0.000000,0.000000,0.000000,0.000000,0.000000,,,,,,,,,,,,
29771,,,,,,,,,,,0.000000,0.000000,0.000000,0.000000,0.000000,0.000000,,,,,,,,,,,,
29776,,,,,,,,,,,0.000000,0.000000,0.000000,0.000000,0.000000,0.000000,,,,,,,,,,,,
29781,,,,,,,,,,,0.000000,0.000000,0.000000,0.000000,0.000000,0.000000,,,,,,,,,,,,
29786,,,,,,,,,,,0.000000,0.000000,0.000000,0.000000,0.000000,0.000000,,,,,,,,,,,,
29791,,,,,,,,,,,0.000000,0.000000,0.000000,0.000000,0.000000,0.000000,,,,,,,,,,,,
29796,,,,,,,,,,,0.000000,0.000000,0.000000,0.000000,0.000000,0.000000,,,,,,,,,,,,
29801,,,,,,,,,,,0.000000,0.000000,0.000000,0.000000,0.000000,0.000000,,,,,,,,,,,,
29806,,,,,,,,,,,0.000000,0.000000,0.000000,0.000000,0.000000,0.000000,,,,,,,,,,,,
29818,,,,,,,,,,,0.000000,0.000000,0.000000,0.000000,0.000000,0.000000,,,,,,,,,,,,
29821,,,,,,,,,,,0.000000,0.000000,0.000000,0.000000,0.000000,0.000000,,,,,,,,,,,,
29826,,,,,,,,,,,0.000000,0.000000,0.000000,0.000000,0.000000,0.000000,,,,,,,,,,,,
29831,,,,,,,,,,,0.000000,0.000000,0.000000,0.000000,0.000000,0.000000,,,,,,,,,,,,
29836,,,,,,,,,,,0.000000,0.000000,0.000000,0.000000,0.000000,0.000000,,,,,,,,,,,,
29841,,,,,,,,,,,0.000000,0.000000,0.000000,0.000000,0.000000,0.000000,,,,,,,,,,,,
29846,,,,,,,,,,,0.000000,0.000000,0.000000,0.000000,0.000000,0.000000,,,,,,,,,,,,
29851,,,,,,,,,,,0.000000,0.000000,0.000000,0.000000,0.000000,0.000000,,,,,,,,,,,,
29856,,,,,,,,,,,0.000000,0.000000,0.000000,0.000000,0.000000,0.000000,,,,,,,,,,,,
29861,,,,,,,,,,,0.000000,0.000000,0.000000,0.000000,0.000000,0.000000,,,,,,,,,,,,
29866,,,,,,,,,,,0.000000,0.000000,0.000000,0.000000,0.000000,0.000000,,,,,,,,,,,,
29878,,,,,,,,,,,0.000000,0.000000,0.000000,0.000000,0.000000,0.000000,,,,,,,,,,,,
29881,,,,,,,,,,,0.000000,0.000000,0.000000,0.000000,0.000000,0.000000,,,,,,,,,,,,
29886,,,,,,,,,,,0.000000,0.000000,0.000000,0.000000,0.000000,0.000000,,,,,,,,,,,,
29891,,,,,,,,,,,0.000000,0.000000,0.000000,0.000000,0.000000,0.000000,,,,,,,,,,,,
29896,,,,,,,,,,,0.000000,0.000000,0.000000,0.000000,0.000000,0.000000,,,,,,,,,,,,
29901,,,,,,,,,,,0.000000,0.000000,0.000000,0.000000,0.000000,0.000000,,,,,,,,,,,,
29906,,,,,,,,,,,0.000000,0.000000,0.000000,0.000000,0.000000,0.000000,,,,,,,,,,,,
29911,,,,,,,,,,,0.000000,0.000000,0.000000,0.000000,0.000000,0.000000,,,,,,,,,,,,
29916,,,,,,,,,,,0.000000,0.000000,0.000000,0.000000,0.000000,0.000000,,,,,,,,,,,,
29921,,,,,,,,,,,0.000000,0.000000,0.000000,0.000000,0.000000,0.000000,,,,,,,,,,,,
29926,,,,,,,,,,,0.000000,0.000000,0.000000,0.000000,0.000000,0.000000,,,,,,,,,,,,
29931,,,,,,,,,,,0.000000,0.000000,0.000000,0.000000,0.000000,0.000000,,,,,,,,,,,,
29936,,,,,,,,,,,0.000000,0.000000,0.000000,0.000000,0.000000,0.000000,,,,,,,,,,,,
29941,,,,,,,,,,,0.000000,0.000000,0.000000,0.000000,0.000000,0.000000,,,,,,,,,,,,
29946,,,,,,,,,,,0.000000,0.000000,0.000000,0.000000,0.000000,0.000000,,,,,,,,,,,,
29958,,,,,,,,,,,0.000000,0.000000,0.000000,0.000000,0.000000,0.000000,,,,,,,,,,,,
29961,,,,,,,,,,,0.000000,0.000000,0.000000,0.000000,0.000000,0.000000,,,,,,,,,,,,
29966,,,,,,,,,,,0.000000,0.000000,0.000000,0.000000,0.000000,0.000000,,,,,,,,,,,,
29971,,,,,,,,,,,0.000000,0.000000,0.000000,0.000000,0.000000,0.000000,,,,,,,,,,,,
29976,,,,,,,,,,,0.000000,0.000000,0.000000,0.000000,0.000000,0.000000,,,,,,,,,,,,
29981,,,,,,,,,,,0.000000,0.000000,0.000000,0.000000,0.000000,0.000000,,,,,,,,,,,,
29986,,,,,,,,,,,0.000000,0.000000,0.000000,0.000000,0.000000,0.000000,,,,,,,,,,,,
29991,,,,,,,,,,,0.000000,0.000000,0.000000,0.000000,0.000000,0.000000,,,,,,,,,,,,
29996,,,,,,,,,,,0.000000,0.000000,0.000000,0.000000,0.000000,0.000000,,,,,,,,,,,,
30001,,,,,,,,,,,0.000000,0.000000,0.000000,0.000000,0.000000,0.000000,,,,,,,,,,,,
30006,,,,,,,,,,,0.000000,0.000000,0.000000,0.000000,0.000000,0.000000,,,,,,,,,,,,
30018,,,,,,,,,,,0.000000,0.000000,0.000000,0.000000,0.000000,0.000000,,,,,,,,,,,,
30021,,,,,,,,,,,0.000000,0.000000,0.000000,0.000000,0.000000,0.000000,,,,,,,,,,,,
30026,,,,,,,,,,,0.000000,0.000000,0.000000,0.000000,0.000000,0.000000,,,,,,,,,,,,
30031,,,,,,,,,,,0.000000,0.000000,0.000000,0.000000,0.000000,0.000000,,,,,,,,,,,,
30036,,,,,,,,,,,0.000000,0.000000,0.000000,0.000000,0.000000,0.000000,,,,,,,,,,,,
30041,,,,,,,,,,,0.000000,0.000000,0.000000,0.000000,0.000000,0.000000,,,,,,,,,,,,
30046,,,,,,,,,,,0.000000,0.000000,0.000000,0.000000,0.000000,0.000000,,,,,,,,,,,,
30051,,,,,,,,,,,0.000000,0.000000,0.000000,0.000000,0.000000,0.000000,,,,,,,,,,,,
30056,,,,,,,,,,,0.000000,0.000000,0.000000,0.000000,0.000000,0.000000,,,,,,,,,,,,
30061,,,,,,,,,,,0.000000,0.000000,0.000000,0.000000,0.000000,0.000000,,,,,,,,,,,,
30066,,,,,,,,,,,0.000000,0.000000,0.000000,0.000000,0.000000,0.000000,,,,,,,,,,,,
30077,,,,,,,,,,,0.000000,0.000000,0.000000,0.000000,0.000000,0.000000,,,,,,,,,,,,
30081,,,,,,,,,,,0.000000,0.000000,0.000000,0.000000,0.000000,0.000000,,,,,,,,,,,,
30086,,,,,,,,,,,0.000000,0.000000,0.000000,0.000000,0.000000,0.000000,,,,,,,,,,,,
30091,,,,,,,,,,,0.000000,0.000000,0.000000,0.000000,0.000000,0.000000,,,,,,,,,,,,
30096,,,,,,,,,,,0.000000,0.000000,0.000000,0.000000,0.000000,0.000000,,,,,,,,,,,,
30101,,,,,,,,,,,0.000000,0.000000,0.000000,0.000000,0.000000,0.000000,,,,,,,,,,,,
30106,,,,,,,,,,,0.000000,0.000000,0.000000,0.000000,0.000000,0.000000,,,,,,,,,,,,
30111,,,,,,,,,,,0.000000,0.000000,0.000000,0.000000,0.000000,0.000000,,,,,,,,,,,,
30116,,,,,,,,,,,0.000000,0.000000,0.000000,0.000000,0.000000,0.000000,,,,,,,,,,,,
30121,,,,,,,,,,,0.000000,0.000000,0.000000,0.000000,0.000000,0.000000,,,,,,,,,,,,
30126,,,,,,,,,,,0.000000,0.000000,0.000000,0.000000,0.000000,0.000000,,,,,,,,,,,,
30138,,,,,,,,,,,0.000000,0.000000,0.000000,0.000000,0.000000,0.000000,,,,,,,,,,,,
30141,,,,,,,,,,,0.000000,0.000000,0.000000,0.000000,0.000000,0.000000,,,,,,,,,,,,
30146,,,,,,,,,,,0.000000,0.000000,0.000000,0.000000,0.000000,0.000000,,,,,,,,,,,,
30151,,,,,,,,,,,0.000000,0.000000,0.000000,0.000000,0.000000,0.000000,,,,,,,,,,,,
30156,,,,,,,,,,,0.000000,0.000000,0.000000,0.000000,0.000000,0.000000,,,,,,,,,,,,
30161,,,,,,,,,,,0.000000,0.000000,0.000000,0.000000,0.000000,0.000000,,,,,,,,,,,,
30166,,,,,,,,,,,0.000000,0.000000,0.000000,0.000000,0.000000,0.000000,,,,,,,,,,,,
30171,,,,,,,,,,,0.000000,0.000000,0.000000,0.000000,0.000000,0.000000,,,,,,,,,,,,
30176,,,,,,,,,,,0.000000,0.000000,0.000000,0.000000,0.000000,0.000000,,,,,,,,,,,,
30181,,,,,,,,,,,0.000000,0.000000,0.000000,0.000000,0.000000,0.000000,,,,,,,,,,,,
30186,,,,,,,,,,,0.000000,0.000000,0.000000,0.000000,0.000000,0.000000,,,,,,,,,,,,
30191,,,,,,,,,,,0.000000,0.000000,0.000000,0.000000,0.000000,0.000000,,,,,,,,,,,,
30196,,,,,,,,,,,0.000000,0.000000,0.000000,0.000000,0.000000,0.000000,,,,,,,,,,,,
30201,,,,,,,,,,,0.000000,0.000000,0.000000,0.000000,0.000000,0.000000,,,,,,,,,,,,
30206,,,,,,,,,,,0.000000,0.000000,0.000000,0.000000,0.000000,0.000000,,,,,,,,,,,,
30218,,,,,,,,,,,0.000000,0.000000,0.000000,0.000000,0.000000,0.000000,,,,,,,,,,,,
30221,,,,,,,,,,,0.000000,0.000000,0.000000,0.000000,0.000000,0.000000,,,,,,,,,,,,
30226,,,,,,,,,,,0.000000,0.000000,0.000000,0.000000,0.000000,0.000000,,,,,,,,,,,,
30231,,,,,,,,,,,0.000000,0.000000,0.000000,0.000000,0.000000,0.000000,,,,,,,,,,,,
30236,,,,,,,,,,,0.000000,0.000000,0.000000,0.000000,0.000000,0.000000,,,,,,,,,,,,
30241,,,,,,,,,,,0.000000,0.000000,0.000000,0.000000,0.000000,0.000000,,,,,,,,,,,,
30246,,,,,,,,,,,0.000000,0.000000,0.000000,0.000000,0.000000,0.000000,,,,,,,,,,,,
30251,,,,,,,,,,,0.000000,0.000000,0.000000,0.000000,0.000000,0.000000,,,,,,,,,,,,
30256,,,,,,,,,,,0.000000,0.000000,0.000000,0.000000,0.000000,0.000000,,,,,,,,,,,,
30261,,,,,,,,,,,0.000000,0.000000,0.000000,0.000000,0.000000,0.000000,,,,,,,,,,,,
30266,,,,,,,,,,,0.000000,0.000000,0.000000,0.000000,0.000000,0.000000,,,,,,,,,,,,
30278,,,,,,,,,,,0.000000,0.000000,0.000000,0.000000,0.000000,0.000000,,,,,,,,,,,,
30281,,,,,,,,,,,0.000000,0.000000,0.000000,0.000000,0.000000,0.000000,,,,,,,,,,,,
30286,,,,,,,,,,,0.000000,0.000000,0.000000,0.000000,0.000000,0.000000,,,,,,,,,,,,
30291,,,,,,,,,,,0.000000,0.000000,0.000000,0.000000,0.000000,0.000000,,,,,,,,,,,,
30296,,,,,,,,,,,0.000000,0.000000,0.000000,0.000000,0.000000,0.000000,,,,,,,,,,,,
30301,,,,,,,,,,,0.000000,0.000000,0.000000,0.000000,0.000000,0.000000,,,,,,,,,,,,
30306,,,,,,,,,,,0.000000,0.000000,0.000000,0.000000,0.000000,0.000000,,,,,,,,,,,,
30311,,,,,,,,,,,0.000000,0.000000,0.000000,0.000000,0.000000,0.000000,,,,,,,,,,,,
30316,,,,,,,,,,,0.000000,0.000000,0.000000,0.000000,0.000000,0.000000,,,,,,,,,,,,
30321,,,,,,,,,,,0.000000,0.000000,0.000000,0.000000,0.000000,0.000000,,,,,,,,,,,,
30326,,,,,,,,,,,0.000000,0.000000,0.000000,0.000000,0.000000,0.000000,,,,,,,,,,,,
30338,,,,,,,,,,,0.000000,0.000000,0.000000,0.000000,0.000000,0.000000,,,,,,,,,,,,
30341,,,,,,,,,,,0.000000,0.000000,0.000000,0.000000,0.000000,0.000000,,,,,,,,,,,,
30346,,,,,,,,,,,0.000000,0.000000,0.000000,0.000000,0.000000,0.000000,,,,,,,,,,,,
30351,,,,,,,,,,,0.000000,0.000000,0.000000,0.000000,0.000000,0.000000,,,,,,,,,,,,
30356,,,,,,,,,,,0.000000,0.000000,0.000000,0.000000,0.000000,0.000000,,,,,,,,,,,,
30361,,,,,,,,,,,0.000000,0.000000,0.000000,0.000000,0.000000,0.000000,,,,,,,,,,,,
30366,,,,,,,,,,,0.000000,0.000000,0.000000,0.000000,0.000000,0.000000,,,,,,,,,,,,
30371,,,,,,,,,,,0.000000,0.000000,0.000000,0.000000,0.000000,0.000000,,,,,,,,,,,,
30376,,,,,,,,,,,0.000000,0.000000,0.000000,0.000000,0.000000,0.000000,,,,,,,,,,,,
30381,,,,,,,,,,,0.000000,0.000000,0.000000,0.000000,0.000000,0.000000,,,,,,,,,,,,
30386,,,,,,,,,,,0.000000,0.000000,0.000000,0.000000,0.000000,0.000000,,,,,,,,,,,,
30391,,,,,,,,,,,0.000000,0.000000,0.000000,0.000000,0.000000,0.000000,,,,,,,,,,,,
30396,,,,,,,,,,,0.000000,0.000000,0.000000,0.000000,0.000000,0.000000,,,,,,,,,,,,
30401,,,,,,,,,,,0.000000,0.000000,0.000000,0.000000,0.000000,0.000000,,,,,,,,,,,,
30406,,,,,,,,,,,0.000000,0.000000,0.000000,0.000000,0.000000,0.000000,,,,,,,,,,,,
30418,,,,,,,,,,,0.000000,0.000000,0.000000,0.000000,0.000000,0.000000,,,,,,,,,,,,
30421,,,,,,,,,,,0.000000,0.000000,0.000000,0.000000,0.000000,0.000000,,,,,,,,,,,,
30426,,,,,,,,,,,0.000000,0.000000,0.000000,0.000000,0.000000,0.000000,,,,,,,,,,,,
30431,,,,,,,,,,,0.000000,0.000000,0.000000,0.000000,0.000000,0.000000,,,,,,,,,,,,
30436,,,,,,,,,,,0.000000,0.000000,0.000000,0.000000,0.000000,0.000000,,,,,,,,,,,,
30441,,,,,,,,,,,0.000000,0.000000,0.000000,0.000000,0.000000,0.000000,,,,,,,,,,,,
30446,,,,,,,,,,,0.000000,0.000000,0.000000,0.000000,0.000000,0.000000,,,,,,,,,,,,
30451,,,,,,,,,,,0.000000,0.000000,0.000000,0.000000,0.000000,0.000000,,,,,,,,,,,,
30456,,,,,,,,,,,0.000000,0.000000,0.000000,0.000000,0.000000,0.000000,,,,,,,,,,,,
30461,,,,,,,,,,,0.000000,0.000000,0.000000,0.000000,0.000000,0.000000,,,,,,,,,,,,
30466,,,,,,,,,,,0.000000,0.000000,0.000000,0.000000,0.000000,0.000000,,,,,,,,,,,,
30478,,,,,,,,,,,0.000000,0.000000,0.000000,0.000000,0.000000,0.000000,,,,,,,,,,,,
30481,,,,,,,,,,,0.000000,0.000000,0.000000,0.000000,0.000000,0.000000,,,,,,,,,,,,
30486,,,,,,,,,,,0.000000,0.000000,0.000000,0.000000,0.000000,0.000000,,,,,,,,,,,,
30491,,,,,,,,,,,0.000000,0.000000,0.000000,0.000000,0.000000,0.000000,,,,,,,,,,,,
30496,,,,,,,,,,,0.000000,0.000000,0.000000,0.000000,0.000000,0.000000,,,,,,,,,,,,
30501,,,,,,,,,,,0.000000,0.000000,0.000000,0.000000,0.000000,0.000000,,,,,,,,,,,,
30506,,,,,,,,,,,0.000000,0.000000,0.000000,0.000000,0.000000,0.000000,,,,,,,,,,,,
30511,,,,,,,,,,,0.000000,0.000000,0.000000,0.000000,0.000000,0.000000,,,,,,,,,,,,
30516,,,,,,,,,,,0.000000,0.000000,0.000000,0.000000,0.000000,0.000000,,,,,,,,,,,,
30521,,,,,,,,,,,0.000000,0.000000,0.000000,0.000000,0.000000,0.000000,,,,,,,,,,,,
30526,,,,,,,,,,,0.000000,0.000000,0.000000,0.000000,0.000000,0.000000,,,,,,,,,,,,
30541,,,,,,,,,,,0.000000,0.000000,0.000000,0.000000,0.000000,0.000000,,,,,,,,,,,,
30546,,,,,,,,,,,0.000000,0.000000,0.000000,0.000000,0.000000,0.000000,,,,,,,,,,,,
30551,,,,,,,,,,,0.000000,0.000000,0.000000,0.000000,0.000000,0.000000,,,,,,,,,,,,
30556,,,,,,,,,,,0.000000,0.000000,0.000000,0.000000,0.000000,0.000000,,,,,,,,,,,,
30561,,,,,,,,,,,0.000000,0.000000,0.000000,0.000000,0.000000,0.000000,,,,,,,,,,,,
30566,,,,,,,,,,,0.000000,0.000000,0.000000,0.000000,0.000000,0.000000,,,,,,,,,,,,
30571,,,,,,,,,,,0.000000,0.000000,0.000000,0.000000,0.000000,0.000000,,,,,,,,,,,,
30576,,,,,,,,,,,0.000000,0.000000,0.000000,0.000000,0.000000,0.000000,,,,,,,,,,,,
30581,,,,,,,,,,,0.000000,0.000000,0.000000,0.000000,0.000000,0.000000,,,,,,,,,,,,
30586,,,,,,,,,,,0.000000,0.000000,0.000000,0.000000,0.000000,0.000000,,,,,,,,,,,,
30596,,,,,,,,,,,0.000000,0.000000,0.000000,0.000000,0.000000,0.000000,,,,,,,,,,,,
30601,,,,,,,,,,,0.000000,0.000000,0.000000,0.000000,0.000000,0.000000,,,,,,,,,,,,
30606,,,,,,,,,,,0.000000,0.000000,0.000000,0.000000,0.000000,0.000000,,,,,,,,,,,,
30611,,,,,,,,,,,0.000000,0.000000,0.000000,0.000000,0.000000,0.000000,,,,,,,,,,,,
30616,,,,,,,,,,,0.000000,0.000000,0.000000,0.000000,0.000000,0.000000,,,,,,,,,,,,
30621,,,,,,,,,,,0.000000,0.000000,0.000000,0.000000,0.000000,0.000000,,,,,,,,,,,,
30626,,,,,,,,,,,0.000000,0.000000,0.000000,0.000000,0.000000,0.000000,,,,,,,,,,,,
30631,,,,,,,,,,,0.000000,0.000000,0.000000,0.000000,0.000000,0.000000,,,,,,,,,,,,
30636,,,,,,,,,,,0.000000,0.000000,0.000000,0.000000,0.000000,0.000000,,,,,,,,,,,,
30641,,,,,,,,,,,0.000000,0.000000,0.000000,0.000000,0.000000,0.000000,,,,,,,,,,,,
30646,,,,,,,,,,,0.000000,0.000000,0.000000,0.000000,0.000000,0.000000,,,,,,,,,,,,
30651,,,,,,,,,,,0.000000,0.000000,0.000000,0.000000,0.000000,0.000000,,,,,,,,,,,,
30656,,,,,,,,,,,0.000000,0.000000,0.000000,0.000000,0.000000,0.000000,,,,,,,,,,,,
30661,,,,,,,,,,,0.000000,0.000000,0.000000,0.000000,0.000000,0.000000,,,,,,,,,,,,
30666,,,,,,,,,,,0.000000,0.000000,0.000000,0.000000,0.000000,0.000000,,,,,,,,,,,,
30677,,,,,,,,,,,0.000000,0.000000,0.000000,0.000000,0.000000,0.000000,,,,,,,,,,,,
30681,,,,,,,,,,,0.000000,0.000000,0.000000,0.000000,0.000000,0.000000,,,,,,,,,,,,
30686,,,,,,,,,,,0.000000,0.000000,0.000000,0.000000,0.000000,0.000000,,,,,,,,,,,,
30691,,,,,,,,,,,0.000000,0.000000,0.000000,0.000000,0.000000,0.000000,,,,,,,,,,,,
30696,,,,,,,,,,,0.000000,0.000000,0.000000,0.000000,0.000000,0.000000,,,,,,,,,,,,
30701,,,,,,,,,,,0.000000,0.000000,0.000000,0.000000,0.000000,0.000000,,,,,,,,,,,,
30706,,,,,,,,,,,0.000000,0.000000,0.000000,0.000000,0.000000,0.000000,,,,,,,,,,,,
30711,,,,,,,,,,,0.000000,0.000000,0.000000,0.000000,0.000000,0.000000,,,,,,,,,,,,
30716,,,,,,,,,,,0.000000,0.000000,0.000000,0.000000,0.000000,0.000000,,,,,,,,,,,,
30721,,,,,,,,,,,0.000000,0.000000,0.000000,0.000000,0.000000,0.000000,,,,,,,,,,,,
30726,,,,,,,,,,,0.000000,0.000000,0.000000,0.000000,0.000000,0.000000,,,,,,,,,,,,
30738,,,,,,,,,,,0.000000,0.000000,0.000000,0.000000,0.000000,0.000000,,,,,,,,,,,,
30739,,,,,,,,,,,0.000000,0.000000,0.000000,0.000000,0.000000,0.000000,,,,,,,,,,,,
30741,,,,,,,,,,,0.000000,0.000000,0.000000,0.000000,0.000000,0.000000,,,,,,,,,,,,
30746,,,,,,,,,,,0.000000,0.000000,0.000000,0.000000,0.000000,0.000000,,,,,,,,,,,,
30751,,,,,,,,,,,0.000000,0.000000,0.000000,0.000000,0.000000,0.000000,,,,,,,,,,,,
30756,,,,,,,,,,,0.000000,0.000000,0.000000,0.000000,0.000000,0.000000,,,,,,,,,,,,
30761,,,,,,,,,,,0.000000,0.000000,0.000000,0.000000,0.000000,0.000000,,,,,,,,,,,,
30766,,,,,,,,,,,0.000000,0.000000,0.000000,0.000000,0.000000,0.000000,,,,,,,,,,,,
30771,,,,,,,,,,,0.000000,0.000000,0.000000,0.000000,0.000000,0.000000,,,,,,,,,,,,
30776,,,,,,,,,,,0.000000,0.000000,0.000000,0.000000,0.000000,0.000000,,,,,,,,,,,,
30781,,,,,,,,,,,0.000000,0.000000,0.000000,0.000000,0.000000,0.000000,,,,,,,,,,,,
30786,,,,,,,,,,,0.000000,0.000000,0.000000,0.000000,0.000000,0.000000,,,,,,,,,,,,
30798,,,,,,,,,,,0.000000,0.000000,0.000000,0.000000,0.000000,0.000000,,,,,,,,,,,,
30801,,,,,,,,,,,0.000000,0.000000,0.000000,0.000000,0.000000,0.000000,,,,,,,,,,,,
30806,,,,,,,,,,,0.000000,0.000000,0.000000,0.000000,0.000000,0.000000,,,,,,,,,,,,
30811,,,,,,,,,,,0.000000,0.000000,0.000000,0.000000,0.000000,0.000000,,,,,,,,,,,,
30816,,,,,,,,,,,0.000000,0.000000,0.000000,0.000000,0.000000,0.000000,,,,,,,,,,,,
30821,,,,,,,,,,,0.000000,0.000000,0.000000,0.000000,0.000000,0.000000,,,,,,,,,,,,
30826,,,,,,,,,,,0.000000,0.000000,0.000000,0.000000,0.000000,0.000000,,,,,,,,,,,,
30831,,,,,,,,,,,0.000000,0.000000,0.000000,0.000000,0.000000,0.000000,,,,,,,,,,,,
30836,,,,,,,,,,,0.000000,0.000000,0.000000,0.000000,0.000000,0.000000,,,,,,,,,,,,
30841,,,,,,,,,,,0.000000,0.000000,0.000000,0.000000,0.000000,0.000000,,,,,,,,,,,,
30846,,,,,,,,,,,0.000000,0.000000,0.000000,0.000000,0.000000,0.000000,,,,,,,,,,,,
30858,,,,,,,,,,,0.000000,0.000000,0.000000,0.000000,0.000000,0.000000,,,,,,,,,,,,
30861,,,,,,,,,,,0.000000,0.000000,0.000000,0.000000,0.000000,0.000000,,,,,,,,,,,,
30866,,,,,,,,,,,0.000000,0.000000,0.000000,0.000000,0.000000,0.000000,,,,,,,,,,,,
30871,,,,,,,,,,,0.000000,0.000000,0.000000,0.000000,0.000000,0.000000,,,,,,,,,,,,
30876,,,,,,,,,,,0.000000,0.000000,0.000000,0.000000,0.000000,0.000000,,,,,,,,,,,,
30881,,,,,,,,,,,0.000000,0.000000,0.000000,0.000000,0.000000,0.000000,,,,,,,,,,,,
30886,,,,,,,,,,,0.000000,0.000000,0.000000,0.000000,0.000000,0.000000,,,,,,,,,,,,
30891,,,,,,,,,,,0.000000,0.000000,0.000000,0.000000,0.000000,0.000000,,,,,,,,,,,,
30896,,,,,,,,,,,0.000000,0.000000,0.000000,0.000000,0.000000,0.000000,,,,,,,,,,,,
30901,,,,,,,,,,,0.000000,0.000000,0.000000,0.000000,0.000000,0.000000,,,,,,,,,,,,
30906,,,,,,,,,,,0.000000,0.000000,0.000000,0.000000,0.000000,0.000000,,,,,,,,,,,,
30911,,,,,,,,,,,0.000000,0.000000,0.000000,0.000000,0.000000,0.000000,,,,,,,,,,,,
30916,,,,,,,,,,,0.000000,0.000000,0.000000,0.000000,0.000000,0.000000,,,,,,,,,,,,
30921,,,,,,,,,,,0.000000,0.000000,0.000000,0.000000,0.000000,0.000000,,,,,,,,,,,,
30926,,,,,,,,,,,0.000000,0.000000,0.000000,0.000000,0.000000,0.000000,,,,,,,,,,,,
30938,,,,,,,,,,,0.000000,0.000000,0.000000,0.000000,0.000000,0.000000,,,,,,,,,,,,
30941,,,,,,,,,,,0.000000,0.000000,0.000000,0.000000,0.000000,0.000000,,,,,,,,,,,,
30946,,,,,,,,,,,0.000000,0.000000,0.000000,0.000000,0.000000,0.000000,,,,,,,,,,,,
30951,,,,,,,,,,,0.000000,0.000000,0.000000,0.000000,0.000000,0.000000,,,,,,,,,,,,
30956,,,,,,,,,,,0.000000,0.000000,0.000000,0.000000,0.000000,0.000000,,,,,,,,,,,,
30961,,,,,,,,,,,0.000000,0.000000,0.000000,0.000000,0.000000,0.000000,,,,,,,,,,,,
30966,,,,,,,,,,,0.000000,0.000000,0.000000,0.000000,0.000000,0.000000,,,,,,,,,,,,
30971,,,,,,,,,,,0.000000,0.000000,0.000000,0.000000,0.000000,0.000000,,,,,,,,,,,,
30976,,,,,,,,,,,0.000000,0.000000,0.000000,0.000000,0.000000,0.000000,,,,,,,,,,,,
30981,,,,,,,,,,,0.000000,0.000000,0.000000,0.000000,0.000000,0.000000,,,,,,,,,,,,
30986,,,,,,,,,,,0.000000,0.000000,0.000000,0.000000,0.000000,0.000000,,,,,,,,,,,,
30998,,,,,,,,,,,0.000000,0.000000,0.000000,0.000000,0.000000,0.000000,,,,,,,,,,,,
31001,,,,,,,,,,,0.000000,0.000000,0.000000,0.000000,0.000000,0.000000,,,,,,,,,,,,
31006,,,,,,,,,,,0.000000,0.000000,0.000000,0.000000,0.000000,0.000000,,,,,,,,,,,,
31011,,,,,,,,,,,0.000000,0.000000,0.000000,0.000000,0.000000,0.000000,,,,,,,,,,,,
31016,,,,,,,,,,,0.000000,0.000000,0.000000,0.000000,0.000000,0.000000,,,,,,,,,,,,
31021,,,,,,,,,,,0.000000,0.000000,0.000000,0.000000,0.000000,0.000000,,,,,,,,,,,,
31026,,,,,,,,,,,0.000000,0.000000,0.000000,0.000000,0.000000,0.000000,,,,,,,,,,,,
31031,,,,,,,,,,,0.000000,0.000000,0.000000,0.000000,0.000000,0.000000,,,,,,,,,,,,
31036,,,,,,,,,,,0.000000,0.000000,0.000000,0.000000,0.000000,0.000000,,,,,,,,,,,,
31041,,,,,,,,,,,0.000000,0.000000,0.000000,0.000000,0.000000,0.000000,,,,,,,,,,,,
31046,,,,,,,,,,,0.000000,0.000000,0.000000,0.000000,0.000000,0.000000,,,,,,,,,,,,
31058,,,,,,,,,,,0.000000,0.000000,0.000000,0.000000,0.000000,0.000000,,,,,,,,,,,,
31061,,,,,,,,,,,0.000000,0.000000,0.000000,0.000000,0.000000,0.000000,,,,,,,,,,,,
31066,,,,,,,,,,,0.000000,0.000000,0.000000,0.000000,0.000000,0.000000,,,,,,,,,,,,
31071,,,,,,,,,,,0.000000,0.000000,0.000000,0.000000,0.000000,0.000000,,,,,,,,,,,,
31076,,,,,,,,,,,0.000000,0.000000,0.000000,0.000000,0.000000,0.000000,,,,,,,,,,,,
31081,,,,,,,,,,,0.000000,0.000000,0.000000,0.000000,0.000000,0.000000,,,,,,,,,,,,
31086,,,,,,,,,,,0.000000,0.000000,0.000000,0.000000,0.000000,0.000000,,,,,,,,,,,,
31091,,,,,,,,,,,0.000000,0.000000,0.000000,0.000000,0.000000,0.000000,,,,,,,,,,,,
31096,,,,,,,,,,,0.000000,0.000000,0.000000,0.000000,0.000000,0.000000,,,,,,,,,,,,
31101,,,,,,,,,,,0.000000,0.000000,0.000000,0.000000,0.000000,0.000000,,,,,,,,,,,,
31106,,,,,,,,,,,0.000000,0.000000,0.000000,0.000000,0.000000,0.000000,,,,,,,,,,,,
31111,,,,,,,,,,,0.000000,0.000000,0.000000,0.000000,0.000000,0.000000,,,,,,,,,,,,
31116,,,,,,,,,,,0.000000,0.000000,0.000000,0.000000,0.000000,0.000000,,,,,,,,,,,,
31121,,,,,,,,,,,0.000000,0.000000,0.000000,0.000000,0.000000,0.000000,,,,,,,,,,,,
31126,,,,,,,,,,,0.000000,0.000000,0.000000,0.000000,0.000000,0.000000,,,,,,,,,,,,
31138,,,,,,,,,,,0.000000,0.000000,0.000000,0.000000,0.000000,0.000000,,,,,,,,,,,,
31141,,,,,,,,,,,0.000000,0.000000,0.000000,0.000000,0.000000,0.000000,,,,,,,,,,,,
31146,,,,,,,,,,,0.000000,0.000000,0.000000,0.000000,0.000000,0.000000,,,,,,,,,,,,
31151,,,,,,,,,,,0.000000,0.000000,0.000000,0.000000,0.000000,0.000000,,,,,,,,,,,,
31156,,,,,,,,,,,0.000000,0.000000,0.000000,0.000000,0.000000,0.000000,,,,,,,,,,,,
31161,,,,,,,,,,,0.000000,0.000000,0.000000,0.000000,0.000000,0.000000,,,,,,,,,,,,
31166,,,,,,,,,,,0.000000,0.000000,0.000000,0.000000,0.000000,0.000000,,,,,,,,,,,,
31171,,,,,,,,,,,0.000000,0.000000,0.000000,0.000000,0.000000,0.000000,,,,,,,,,,,,
31176,,,,,,,,,,,0.000000,0.000000,0.000000,0.000000,0.000000,0.000000,,,,,,,,,,,,
31181,,,,,,,,,,,0.000000,0.000000,0.000000,0.000000,0.000000,0.000000,,,,,,,,,,,,
31186,,,,,,,,,,,0.000000,0.000000,0.000000,0.000000,0.000000,0.000000,,,,,,,,,,,,
31198,,,,,,,,,,,0.000000,0.000000,0.000000,0.000000,0.000000,0.000000,,,,,,,,,,,,
31201,,,,,,,,,,,0.000000,0.000000,0.000000,0.000000,0.000000,0.000000,,,,,,,,,,,,
31206,,,,,,,,,,,0.000000,0.000000,0.000000,0.000000,0.000000,0.000000,,,,,,,,,,,,
31211,,,,,,,,,,,0.000000,0.000000,0.000000,0.000000,0.000000,0.000000,,,,,,,,,,,,
31216,,,,,,,,,,,0.000000,0.000000,0.000000,0.000000,0.000000,0.000000,,,,,,,,,,,,
31221,,,,,,,,,,,0.000000,0.000000,0.000000,0.000000,0.000000,0.000000,,,,,,,,,,,,
31226,,,,,,,,,,,0.000000,0.000000,0.000000,0.000000,0.000000,0.000000,,,,,,,,,,,,
31231,,,,,,,,,,,0.000000,0.000000,0.000000,0.000000,0.000000,0.000000,,,,,,,,,,,,
31236,,,,,,,,,,,0.000000,0.000000,0.000000,0.000000,0.000000,0.000000,,,,,,,,,,,,
31241,,,,,,,,,,,0.000000,0.000000,0.000000,0.000000,0.000000,0.000000,,,,,,,,,,,,
31246,,,,,,,,,,,0.000000,0.000000,0.000000,0.000000,0.000000,0.000000,,,,,,,,,,,,
31259,,,,,,,,,,,0.000000,0.000000,0.000000,0.000000,0.000000,0.000000,,,,,,,,,,,,
31261,,,,,,,,,,,0.000000,0.000000,0.000000,0.000000,0.000000,0.000000,,,,,,,,,,,,
31266,,,,,,,,,,,0.000000,0.000000,0.000000,0.000000,0.000000,0.000000,,,,,,,,,,,,
31271,,,,,,,,,,,0.000000,0.000000,0.000000,0.000000,0.000000,0.000000,,,,,,,,,,,,
31276,,,,,,,,,,,0.000000,0.000000,0.000000,0.000000,0.000000,0.000000,,,,,,,,,,,,
31281,,,,,,,,,,,0.000000,0.000000,0.000000,0.000000,0.000000,0.000000,,,,,,,,,,,,
31286,,,,,,,,,,,0.000000,0.000000,0.000000,0.000000,0.000000,0.000000,,,,,,,,,,,,
31291,,,,,,,,,,,0.000000,0.000000,0.000000,0.000000,0.000000,0.000000,,,,,,,,,,,,
31296,,,,,,,,,,,0.000000,0.000000,0.000000,0.000000,0.000000,0.000000,,,,,,,,,,,,
31301,,,,,,,,,,,0.000000,0.000000,0.000000,0.000000,0.000000,0.000000,,,,,,,,,,,,
31306,,,,,,,,,,,0.000000,0.000000,0.000000,0.000000,0.000000,0.000000,,,,,,,,,,,,
31318,,,,,,,,,,,0.000000,0.000000,0.000000,0.000000,0.000000,0.000000,,,,,,,,,,,,
31321,,,,,,,,,,,0.000000,0.000000,0.000000,0.000000,0.000000,0.000000,,,,,,,,,,,,
31326,,,,,,,,,,,0.000000,0.000000,0.000000,0.000000,0.000000,0.000000,,,,,,,,,,,,
31331,,,,,,,,,,,0.000000,0.000000,0.000000,0.000000,0.000000,0.000000,,,,,,,,,,,,
31336,,,,,,,,,,,0.000000,0.000000,0.000000,0.000000,0.000000,0.000000,,,,,,,,,,,,
31341,,,,,,,,,,,0.000000,0.000000,0.000000,0.000000,0.000000,0.000000,,,,,,,,,,,,
31346,,,,,,,,,,,0.000000,0.000000,0.000000,0.000000,0.000000,0.000000,,,,,,,,,,,,
31351,,,,,,,,,,,0.000000,0.000000,0.000000,0.000000,0.000000,0.000000,,,,,,,,,,,,
31356,,,,,,,,,,,0.000000,0.000000,0.000000,0.000000,0.000000,0.000000,,,,,,,,,,,,
31361,,,,,,,,,,,0.000000,0.000000,0.000000,0.000000,0.000000,0.000000,,,,,,,,,,,,
31366,,,,,,,,,,,0.000000,0.000000,0.000000,0.000000,0.000000,0.000000,,,,,,,,,,,,
31371,,,,,,,,,,,0.000000,0.000000,0.000000,0.000000,0.000000,0.000000,,,,,,,,,,,,
31376,,,,,,,,,,,0.000000,0.000000,0.000000,0.000000,0.000000,0.000000,,,,,,,,,,,,
31381,,,,,,,,,,,0.000000,0.000000,0.000000,0.000000,0.000000,0.000000,,,,,,,,,,,,
31386,,,,,,,,,,,0.000000,0.000000,0.000000,0.000000,0.000000,0.000000,,,,,,,,,,,,
31398,,,,,,,,,,,0.000000,0.000000,0.000000,0.000000,0.000000,0.000000,,,,,,,,,,,,
31401,,,,,,,,,,,0.000000,0.000000,0.000000,0.000000,0.000000,0.000000,,,,,,,,,,,,
31406,,,,,,,,,,,0.000000,0.000000,0.000000,0.000000,0.000000,0.000000,,,,,,,,,,,,
31411,,,,,,,,,,,0.000000,0.000000,0.000000,0.000000,0.000000,0.000000,,,,,,,,,,,,
31416,,,,,,,,,,,0.000000,0.000000,0.000000,0.000000,0.000000,0.000000,,,,,,,,,,,,
31421,,,,,,,,,,,0.000000,0.000000,0.000000,0.000000,0.000000,0.000000,,,,,,,,,,,,
31426,,,,,,,,,,,0.000000,0.000000,0.000000,0.000000,0.000000,0.000000,,,,,,,,,,,,
31431,,,,,,,,,,,0.000000,0.000000,0.000000,0.000000,0.000000,0.000000,,,,,,,,,,,,
31436,,,,,,,,,,,0.000000,0.000000,0.000000,0.000000,0.000000,0.000000,,,,,,,,,,,,
31441,,,,,,,,,,,0.000000,0.000000,0.000000,0.000000,0.000000,0.000000,,,,,,,,,,,,
31446,,,,,,,,,,,0.000000,0.000000,0.000000,0.000000,0.000000,0.000000,,,,,,,,,,,,
31458,,,,,,,,,,,0.000000,0.000000,0.000000,0.000000,0.000000,0.000000,,,,,,,,,,,,
31461,,,,,,,,,,,0.000000,0.000000,0.000000,0.000000,0.000000,0.000000,,,,,,,,,,,,
31466,,,,,,,,,,,0.000000,0.000000,0.000000,0.000000,0.000000,0.000000,,,,,,,,,,,,
31471,,,,,,,,,,,0.000000,0.000000,0.000000,0.000000,0.000000,0.000000,,,,,,,,,,,,
31476,,,,,,,,,,,0.000000,0.000000,0.000000,0.000000,0.000000,0.000000,,,,,,,,,,,,
31481,,,,,,,,,,,0.000000,0.000000,0.000000,0.000000,0.000000,0.000000,,,,,,,,,,,,
31486,,,,,,,,,,,0.000000,0.000000,0.000000,0.000000,0.000000,0.000000,,,,,,,,,,,,
31491,,,,,,,,,,,0.000000,0.000000,0.000000,0.000000,0.000000,0.000000,,,,,,,,,,,,
31496,,,,,,,,,,,0.000000,0.000000,0.000000,0.000000,0.000000,0.000000,,,,,,,,,,,,
31501,,,,,,,,,,,0.000000,0.000000,0.000000,0.000000,0.000000,0.000000,,,,,,,,,,,,
31506,,,,,,,,,,,0.000000,0.000000,0.000000,0.000000,0.000000,0.000000,,,,,,,,,,,,
31518,,,,,,,,,,,0.000000,0.000000,0.000000,0.000000,0.000000,0.000000,,,,,,,,,,,,
31521,,,,,,,,,,,0.000000,0.000000,0.000000,0.000000,0.000000,0.000000,,,,,,,,,,,,
31526,,,,,,,,,,,0.000000,0.000000,0.000000,0.000000,0.000000,0.000000,,,,,,,,,,,,
31531,,,,,,,,,,,0.000000,0.000000,0.000000,0.000000,0.000000,0.000000,,,,,,,,,,,,
31536,,,,,,,,,,,0.000000,0.000000,0.000000,0.000000,0.000000,0.000000,,,,,,,,,,,,
31541,,,,,,,,,,,0.000000,0.000000,0.000000,0.000000,0.000000,0.000000,,,,,,,,,,,,
31546,,,,,,,,,,,0.000000,0.000000,0.000000,0.000000,0.000000,0.000000,,,,,,,,,,,,
31551,,,,,,,,,,,0.000000,0.000000,0.000000,0.000000,0.000000,0.000000,,,,,,,,,,,,
31556,,,,,,,,,,,0.000000,0.000000,0.000000,0.000000,0.000000,0.000000,,,,,,,,,,,,
31561,,,,,,,,,,,0.000000,0.000000,0.000000,0.000000,0.000000,0.000000,,,,,,,,,,,,
31566,,,,,,,,,,,0.000000,0.000000,0.000000,0.000000,0.000000,0.000000,,,,,,,,,,,,
31571,,,,,,,,,,,0.000000,0.000000,0.000000,0.000000,0.000000,0.000000,,,,,,,,,,,,
31576,,,,,,,,,,,0.000000,0.000000,0.000000,0.000000,0.000000,0.000000,,,,,,,,,,,,
31581,,,,,,,,,,,0.000000,0.000000,0.000000,0.000000,0.000000,0.000000,,,,,,,,,,,,
31586,,,,,,,,,,,0.000000,0.000000,0.000000,0.000000,0.000000,0.000000,,,,,,,,,,,,
31598,,,,,,,,,,,0.000000,0.000000,0.000000,0.000000,0.000000,0.000000,,,,,,,,,,,,
31601,,,,,,,,,,,0.000000,0.000000,0.000000,0.000000,0.000000,0.000000,,,,,,,,,,,,
31606,,,,,,,,,,,0.000000,0.000000,0.000000,0.000000,0.000000,0.000000,,,,,,,,,,,,
31611,,,,,,,,,,,0.000000,0.000000,0.000000,0.000000,0.000000,0.000000,,,,,,,,,,,,
31616,,,,,,,,,,,0.000000,0.000000,0.000000,0.000000,0.000000,0.000000,,,,,,,,,,,,
31621,,,,,,,,,,,0.000000,0.000000,0.000000,0.000000,0.000000,0.000000,,,,,,,,,,,,
31626,,,,,,,,,,,0.000000,0.000000,0.000000,0.000000,0.000000,0.000000,,,,,,,,,,,,
31631,,,,,,,,,,,0.000000,0.000000,0.000000,0.000000,0.000000,0.000000,,,,,,,,,,,,
31636,,,,,,,,,,,0.000000,0.000000,0.000000,0.000000,0.000000,0.000000,,,,,,,,,,,,
31641,,,,,,,,,,,0.000000,0.000000,0.000000,0.000000,0.000000,0.000000,,,,,,,,,,,,
31646,,,,,,,,,,,0.000000,0.000000,0.000000,0.000000,0.000000,0.000000,,,,,,,,,,,,
31668,,,,,,,,,,,0.000000,0.000000,0.000000,0.000000,0.000000,0.000000,,,,,,,,,,,,
31669,,,,,,,,,,,0.000000,0.000000,0.000000,0.000000,0.000000,0.000000,,,,,,,,,,,,
31671,,,,,,,,,,,0.000000,0.000000,0.000000,0.000000,0.000000,0.000000,,,,,,,,,,,,
31676,,,,,,,,,,,0.000000,0.000000,0.000000,0.000000,0.000000,0.000000,,,,,,,,,,,,
31681,,,,,,,,,,,0.000000,0.000000,0.000000,0.000000,0.000000,0.000000,,,,,,,,,,,,
31686,,,,,,,,,,,0.000000,0.000000,0.000000,0.000000,0.000000,0.000000,,,,,,,,,,,,
31691,,,,,,,,,,,0.000000,0.000000,0.000000,0.000000,0.000000,0.000000,,,,,,,,,,,,
31696,,,,,,,,,,,0.000000,0.000000,0.000000,0.000000,0.000000,0.000000,,,,,,,,,,,,
31701,,,,,,,,,,,0.000000,0.000000,0.000000,0.000000,0.000000,0.000000,,,,,,,,,,,,
31706,,,,,,,,,,,0.000000,0.000000,0.000000,0.000000,0.000000,0.000000,,,,,,,,,,,,
31718,,,,,,,,,,,0.000000,0.000000,0.000000,0.000000,0.000000,0.000000,,,,,,,,,,,,
31721,,,,,,,,,,,0.000000,0.000000,0.000000,0.000000,0.000000,0.000000,,,,,,,,,,,,
31726,,,,,,,,,,,0.000000,0.000000,0.000000,0.000000,0.000000,0.000000,,,,,,,,,,,,
31731,,,,,,,,,,,0.000000,0.000000,0.000000,0.000000,0.000000,0.000000,,,,,,,,,,,,
31736,,,,,,,,,,,0.000000,0.000000,0.000000,0.000000,0.000000,0.000000,,,,,,,,,,,,
31741,,,,,,,,,,,0.000000,0.000000,0.000000,0.000000,0.000000,0.000000,,,,,,,,,,,,
31746,,,,,,,,,,,0.000000,0.000000,0.000000,0.000000,0.000000,0.000000,,,,,,,,,,,,
31751,,,,,,,,,,,0.000000,0.000000,0.000000,0.000000,0.000000,0.000000,,,,,,,,,,,,
31756,,,,,,,,,,,0.000000,0.000000,0.000000,0.000000,0.000000,0.000000,,,,,,,,,,,,
31761,,,,,,,,,,,0.000000,0.000000,0.000000,0.000000,0.000000,0.000000,,,,,,,,,,,,
31766,,,,,,,,,,,0.000000,0.000000,0.000000,0.000000,0.000000,0.000000,,,,,,,,,,,,
31778,,,,,,,,,,,0.000000,0.000000,0.000000,0.000000,0.000000,0.000000,,,,,,,,,,,,
31781,,,,,,,,,,,0.000000,0.000000,0.000000,0.000000,0.000000,0.000000,,,,,,,,,,,,
31786,,,,,,,,,,,0.000000,0.000000,0.000000,0.000000,0.000000,0.000000,,,,,,,,,,,,
31791,,,,,,,,,,,0.000000,0.000000,0.000000,0.000000,0.000000,0.000000,,,,,,,,,,,,
31796,,,,,,,,,,,0.000000,0.000000,0.000000,0.000000,0.000000,0.000000,,,,,,,,,,,,
31801,,,,,,,,,,,0.000000,0.000000,0.000000,0.000000,0.000000,0.000000,,,,,,,,,,,,
31806,,,,,,,,,,,0.000000,0.000000,0.000000,0.000000,0.000000,0.000000,,,,,,,,,,,,
31811,,,,,,,,,,,0.000000,0.000000,0.000000,0.000000,0.000000,0.000000,,,,,,,,,,,,
31816,,,,,,,,,,,0.000000,0.000000,0.000000,0.000000,0.000000,0.000000,,,,,,,,,,,,
31821,,,,,,,,,,,0.000000,0.000000,0.000000,0.000000,0.000000,0.000000,,,,,,,,,,,,
31826,,,,,,,,,,,0.000000,0.000000,0.000000,0.000000,0.000000,0.000000,,,,,,,,,,,,
31831,,,,,,,,,,,0.000000,0.000000,0.000000,0.000000,0.000000,0.000000,,,,,,,,,,,,
31836,,,,,,,,,,,0.000000,0.000000,0.000000,0.000000,0.000000,0.000000,,,,,,,,,,,,
31841,,,,,,,,,,,0.000000,0.000000,0.000000,0.000000,0.000000,0.000000,,,,,,,,,,,,
31846,,,,,,,,,,,0.000000,0.000000,0.000000,0.000000,0.000000,0.000000,,,,,,,,,,,,
31858,,,,,,,,,,,0.000000,0.000000,0.000000,0.000000,0.000000,0.000000,,,,,,,,,,,,
31861,,,,,,,,,,,0.000000,0.000000,0.000000,0.000000,0.000000,0.000000,,,,,,,,,,,,
31866,,,,,,,,,,,0.000000,0.000000,0.000000,0.000000,0.000000,0.000000,,,,,,,,,,,,
31871,,,,,,,,,,,0.000000,0.000000,0.000000,0.000000,0.000000,0.000000,,,,,,,,,,,,
31876,,,,,,,,,,,0.000000,0.000000,0.000000,0.000000,0.000000,0.000000,,,,,,,,,,,,
31881,,,,,,,,,,,0.000000,0.000000,0.000000,0.000000,0.000000,0.000000,,,,,,,,,,,,
31886,,,,,,,,,,,0.000000,0.000000,0.000000,0.000000,0.000000,0.000000,,,,,,,,,,,,
31891,,,,,,,,,,,0.000000,0.000000,0.000000,0.000000,0.000000,0.000000,,,,,,,,,,,,
31896,,,,,,,,,,,0.000000,0.000000,0.000000,0.000000,0.000000,0.000000,,,,,,,,,,,,
31901,,,,,,,,,,,0.000000,0.000000,0.000000,0.000000,0.000000,0.000000,,,,,,,,,,,,
31906,,,,,,,,,,,0.000000,0.000000,0.000000,0.000000,0.000000,0.000000,,,,,,,,,,,,
31918,,,,,,,,,,,0.000000,0.000000,0.000000,0.000000,0.000000,0.000000,,,,,,,,,,,,
31921,,,,,,,,,,,0.000000,0.000000,0.000000,0.000000,0.000000,0.000000,,,,,,,,,,,,
31926,,,,,,,,,,,0.000000,0.000000,0.000000,0.000000,0.000000,0.000000,,,,,,,,,,,,
31931,,,,,,,,,,,0.000000,0.000000,0.000000,0.000000,0.000000,0.000000,,,,,,,,,,,,
31936,,,,,,,,,,,0.000000,0.000000,0.000000,0.000000,0.000000,0.000000,,,,,,,,,,,,
31941,,,,,,,,,,,0.000000,0.000000,0.000000,0.000000,0.000000,0.000000,,,,,,,,,,,,
31946,,,,,,,,,,,0.000000,0.000000,0.000000,0.000000,0.000000,0.000000,,,,,,,,,,,,
31951,,,,,,,,,,,0.000000,0.000000,0.000000,0.000000,0.000000,0.000000,,,,,,,,,,,,
31956,,,,,,,,,,,0.000000,0.000000,0.000000,0.000000,0.000000,0.000000,,,,,,,,,,,,
31961,,,,,,,,,,,0.000000,0.000000,0.000000,0.000000,0.000000,0.000000,,,,,,,,,,,,
31966,,,,,,,,,,,0.000000,0.000000,0.000000,0.000000,0.000000,0.000000,,,,,,,,,,,,
31978,,,,,,,,,,,0.000000,0.000000,0.000000,0.000000,0.000000,0.000000,,,,,,,,,,,,
31981,,,,,,,,,,,0.000000,0.000000,0.000000,0.000000,0.000000,0.000000,,,,,,,,,,,,
31986,,,,,,,,,,,0.000000,0.000000,0.000000,0.000000,0.000000,0.000000,,,,,,,,,,,,
31991,,,,,,,,,,,0.000000,0.000000,0.000000,0.000000,0.000000,0.000000,,,,,,,,,,,,
31996,,,,,,,,,,,0.000000,0.000000,0.000000,0.000000,0.000000,0.000000,,,,,,,,,,,,
32001,,,,,,,,,,,0.000000,0.000000,0.000000,0.000000,0.000000,0.000000,,,,,,,,,,,,
32006,,,,,,,,,,,0.000000,0.000000,0.000000,0.000000,0.000000,0.000000,,,,,,,,,,,,
32011,,,,,,,,,,,0.000000,0.000000,0.000000,0.000000,0.000000,0.000000,,,,,,,,,,,,
32016,,,,,,,,,,,0.000000,0.000000,0.000000,0.000000,0.000000,0.000000,,,,,,,,,,,,
32021,,,,,,,,,,,0.000000,0.000000,0.000000,0.000000,0.000000,0.000000,,,,,,,,,,,,
32026,,,,,,,,,,,0.000000,0.000000,0.000000,0.000000,0.000000,0.000000,,,,,,,,,,,,
32031,,,,,,,,,,,0.000000,0.000000,0.000000,0.000000,0.000000,0.000000,,,,,,,,,,,,
32036,,,,,,,,,,,0.000000,0.000000,0.000000,0.000000,0.000000,0.000000,,,,,,,,,,,,
32041,,,,,,,,,,,0.000000,0.000000,0.000000,0.000000,0.000000,0.000000,,,,,,,,,,,,
32046,,,,,,,,,,,0.000000,0.000000,0.000000,0.000000,0.000000,0.000000,,,,,,,,,,,,
32058,,,,,,,,,,,0.000000,0.000000,0.000000,0.000000,0.000000,0.000000,,,,,,,,,,,,
32061,,,,,,,,,,,0.000000,0.000000,0.000000,0.000000,0.000000,0.000000,,,,,,,,,,,,
32066,,,,,,,,,,,0.000000,0.000000,0.000000,0.000000,0.000000,0.000000,,,,,,,,,,,,
32071,,,,,,,,,,,0.000000,0.000000,0.000000,0.000000,0.000000,0.000000,,,,,,,,,,,,
32076,,,,,,,,,,,0.000000,0.000000,0.000000,0.000000,0.000000,0.000000,,,,,,,,,,,,
32081,,,,,,,,,,,0.000000,0.000000,0.000000,0.000000,0.000000,0.000000,,,,,,,,,,,,
32086,,,,,,,,,,,0.000000,0.000000,0.000000,0.000000,0.000000,0.000000,,,,,,,,,,,,
32091,,,,,,,,,,,0.000000,0.000000,0.000000,0.000000,0.000000,0.000000,,,,,,,,,,,,
32096,,,,,,,,,,,0.000000,0.000000,0.000000,0.000000,0.000000,0.000000,,,,,,,,,,,,
32101,,,,,,,,,,,0.000000,0.000000,0.000000,0.000000,0.000000,0.000000,,,,,,,,,,,,
32106,,,,,,,,,,,0.000000,0.000000,0.000000,0.000000,0.000000,0.000000,,,,,,,,,,,,
32118,,,,,,,,,,,0.000000,0.000000,0.000000,0.000000,0.000000,0.000000,,,,,,,,,,,,
32121,,,,,,,,,,,0.000000,0.000000,0.000000,0.000000,0.000000,0.000000,,,,,,,,,,,,
32126,,,,,,,,,,,0.000000,0.000000,0.000000,0.000000,0.000000,0.000000,,,,,,,,,,,,
32131,,,,,,,,,,,0.000000,0.000000,0.000000,0.000000,0.000000,0.000000,,,,,,,,,,,,
32136,,,,,,,,,,,0.000000,0.000000,0.000000,0.000000,0.000000,0.000000,,,,,,,,,,,,
32141,,,,,,,,,,,0.000000,0.000000,0.000000,0.000000,0.000000,0.000000,,,,,,,,,,,,
32146,,,,,,,,,,,0.000000,0.000000,0.000000,0.000000,0.000000,0.000000,,,,,,,,,,,,
32151,,,,,,,,,,,0.000000,0.000000,0.000000,0.000000,0.000000,0.000000,,,,,,,,,,,,
32156,,,,,,,,,,,0.000000,0.000000,0.000000,0.000000,0.000000,0.000000,,,,,,,,,,,,
32161,,,,,,,,,,,0.000000,0.000000,0.000000,0.000000,0.000000,0.000000,,,,,,,,,,,,
32166,,,,,,,,,,,0.000000,0.000000,0.000000,0.000000,0.000000,0.000000,,,,,,,,,,,,
32178,,,,,,,,,,,0.000000,0.000000,0.000000,0.000000,0.000000,0.000000,,,,,,,,,,,,
32181,,,,,,,,,,,0.000000,0.000000,0.000000,0.000000,0.000000,0.000000,,,,,,,,,,,,
32186,,,,,,,,,,,0.000000,0.000000,0.000000,0.000000,0.000000,0.000000,,,,,,,,,,,,
32191,,,,,,,,,,,0.000000,0.000000,0.000000,0.000000,0.000000,0.000000,,,,,,,,,,,,
32196,,,,,,,,,,,0.000000,0.000000,0.000000,0.000000,0.000000,0.000000,,,,,,,,,,,,
32201,,,,,,,,,,,0.000000,0.000000,0.000000,0.000000,0.000000,0.000000,,,,,,,,,,,,
32206,,,,,,,,,,,0.000000,0.000000,0.000000,0.000000,0.000000,0.000000,,,,,,,,,,,,
32211,,,,,,,,,,,0.000000,0.000000,0.000000,0.000000,0.000000,0.000000,,,,,,,,,,,,
32216,,,,,,,,,,,0.000000,0.000000,0.000000,0.000000,0.000000,0.000000,,,,,,,,,,,,
32221,,,,,,,,,,,0.000000,0.000000,0.000000,0.000000,0.000000,0.000000,,,,,,,,,,,,
32226,,,,,,,,,,,0.000000,0.000000,0.000000,0.000000,0.000000,0.000000,,,,,,,,,,,,
32238,,,,,,,,,,,0.000000,0.000000,0.000000,0.000000,0.000000,0.000000,,,,,,,,,,,,
32241,,,,,,,,,,,0.000000,0.000000,0.000000,0.000000,0.000000,0.000000,,,,,,,,,,,,
32246,,,,,,,,,,,0.000000,0.000000,0.000000,0.000000,0.000000,0.000000,,,,,,,,,,,,
32251,,,,,,,,,,,0.000000,0.000000,0.000000,0.000000,0.000000,0.000000,,,,,,,,,,,,
32256,,,,,,,,,,,0.000000,0.000000,0.000000,0.000000,0.000000,0.000000,,,,,,,,,,,,
32261,,,,,,,,,,,0.000000,0.000000,0.000000,0.000000,0.000000,0.000000,,,,,,,,,,,,
32266,,,,,,,,,,,0.000000,0.000000,0.000000,0.000000,0.000000,0.000000,,,,,,,,,,,,
32271,,,,,,,,,,,0.000000,0.000000,0.000000,0.000000,0.000000,0.000000,,,,,,,,,,,,
32276,,,,,,,,,,,0.000000,0.000000,0.000000,0.000000,0.000000,0.000000,,,,,,,,,,,,
32281,,,,,,,,,,,0.000000,0.000000,0.000000,0.000000,0.000000,0.000000,,,,,,,,,,,,
32286,,,,,,,,,,,0.000000,0.000000,0.000000,0.000000,0.000000,0.000000,,,,,,,,,,,,
32291,,,,,,,,,,,0.000000,0.000000,0.000000,0.000000,0.000000,0.000000,,,,,,,,,,,,
32296,,,,,,,,,,,0.000000,0.000000,0.000000,0.000000,0.000000,0.000000,,,,,,,,,,,,
32301,,,,,,,,,,,0.000000,0.000000,0.000000,0.000000,0.000000,0.000000,,,,,,,,,,,,
32306,,,,,,,,,,,0.000000,0.000000,0.000000,0.000000,0.000000,0.000000,,,,,,,,,,,,
32318,,,,,,,,,,,0.000000,0.000000,0.000000,0.000000,0.000000,0.000000,,,,,,,,,,,,
32321,,,,,,,,,,,0.000000,0.000000,0.000000,0.000000,0.000000,0.000000,,,,,,,,,,,,
32326,,,,,,,,,,,0.000000,0.000000,0.000000,0.000000,0.000000,0.000000,,,,,,,,,,,,
32331,,,,,,,,,,,0.000000,0.000000,0.000000,0.000000,0.000000,0.000000,,,,,,,,,,,,
32336,,,,,,,,,,,0.000000,0.000000,0.000000,0.000000,0.000000,0.000000,,,,,,,,,,,,
32341,,,,,,,,,,,0.000000,0.000000,0.000000,0.000000,0.000000,0.000000,,,,,,,,,,,,
32346,,,,,,,,,,,0.000000,0.000000,0.000000,0.000000,0.000000,0.000000,,,,,,,,,,,,
32351,,,,,,,,,,,0.000000,0.000000,0.000000,0.000000,0.000000,0.000000,,,,,,,,,,,,
32356,,,,,,,,,,,0.000000,0.000000,0.000000,0.000000,0.000000,0.000000,,,,,,,,,,,,
32361,,,,,,,,,,,0.000000,0.000000,0.000000,0.000000,0.000000,0.000000,,,,,,,,,,,,
32366,,,,,,,,,,,0.000000,0.000000,0.000000,0.000000,0.000000,0.000000,,,,,,,,,,,,
32378,,,,,,,,,,,0.000000,0.000000,0.000000,0.000000,0.000000,0.000000,,,,,,,,,,,,
32381,,,,,,,,,,,0.000000,0.000000,0.000000,0.000000,0.000000,0.000000,,,,,,,,,,,,
32386,,,,,,,,,,,0.000000,0.000000,0.000000,0.000000,0.000000,0.000000,,,,,,,,,,,,
32391,,,,,,,,,,,0.000000,0.000000,0.000000,0.000000,0.000000,0.000000,,,,,,,,,,,,
32396,,,,,,,,,,,0.000000,0.000000,0.000000,0.000000,0.000000,0.000000,,,,,,,,,,,,
32401,,,,,,,,,,,0.000000,0.000000,0.000000,0.000000,0.000000,0.000000,,,,,,,,,,,,
32406,,,,,,,,,,,0.000000,0.000000,0.000000,0.000000,0.000000,0.000000,,,,,,,,,,,,
32411,,,,,,,,,,,0.000000,0.000000,0.000000,0.000000,0.000000,0.000000,,,,,,,,,,,,
32416,,,,,,,,,,,82.298416,39.864613,0.000000,0.000000,0.831214,0.402633,,,,,,,,,,,,
32421,,,,,,,,,,,82.298416,39.864613,1.774335,0.591445,0.821523,0.400645,,,,,,,,,,,,
32426,,,,,,,,,,,82.298416,39.864613,5.761625,2.314838,0.789304,0.387166,,,,,,,,,,,,
32438,,,,,,,,,,,82.298416,39.864613,22.158924,6.797788,0.637215,0.348886,,,,,,,,,,,,
32441,,,,,,,,,,,82.298462,39.875824,26.164820,7.986628,0.602769,0.340299,,,,,,,,,,,,
32446,,,,,,,,,,,82.298462,39.875824,33.965801,9.664517,0.529593,0.326541,,,,,,,,,,,,
32451,,,,,,,,,,,82.296516,39.465096,41.094883,12.380779,0.462403,0.297980,,,,,,,,,,,,
32456,,,,,,,,,,,82.296516,39.465096,47.018490,13.680200,0.406695,0.287564,,,,,,,,,,,,
32461,,,,,,,,,,,82.296516,39.465096,51.840450,14.867701,0.361521,0.278149,,,,,,,,,,,,
32466,,,,,,,,,,,82.296516,39.465096,55.655651,15.952922,0.326033,0.269648,,,,,,,,,,,,
32471,,,,,,,,,,,82.287308,37.515530,58.550804,17.536118,0.299363,0.236318,,,,,,,,,,,,
32476,,,,,,,,,,,82.287308,37.515530,60.013706,18.982952,0.286961,0.223703,,,,,,,,,,,,
32481,,,,,,,,,,,82.287308,37.515530,60.759163,20.305170,0.281659,0.212202,,,,,,,,,,,,
32486,,,,,,,,,,,82.287308,37.515530,60.257523,21.513506,0.288879,0.201719,,,,,,,,,,,,
32491,,,,,,,,,,,82.275459,35.010277,59.207645,22.026323,0.301566,0.172836,,,,,,,,,,,,
32496,,,,,,,,,,,82.275459,35.010277,58.248192,21.903526,0.313563,0.175375,,,,,,,,,,,,
32501,,,,,,,,,,,82.275459,35.010277,56.779934,21.791306,0.330795,0.177819,,,,,,,,,,,,
32506,,,,,,,,,,,82.275459,35.010277,55.438137,22.280195,0.346897,0.174203,,,,,,,,,,,,
32521,,,,,,,,,,,82.275459,35.010277,61.900692,25.684200,0.284309,0.141096,,,,,,,,,,,,
32522,,,,,,,,,,,82.275459,35.010277,51.696857,22.041811,0.391976,0.179970,,,,,,,,,,,,
32526,,,,,,,,,,,82.271606,34.195450,50.201420,21.326235,0.410098,0.180265,,,,,,,,,,,,
32531,,,,,,,,,,,82.272835,34.453926,49.426231,21.855181,0.421147,0.178820,,,,,,,,,,,,
32536,,,,,,,,,,,82.272835,34.453926,49.900700,21.747124,0.419640,0.181171,,,,,,,,,,,,
32541,,,,,,,,,,,82.272835,34.453926,49.742855,21.648375,0.424471,0.183439,,,,,,,,,,,,
32546,,,,,,,,,,,82.272835,34.453926,50.190052,22.149574,0.423208,0.179658,,,,,,,,,,,,
32551,,,,,,,,,,,82.280510,36.079437,50.598732,22.016161,0.422366,0.198653,,,,,,,,,,,,
32556,,,,,,,,,,,82.280510,36.079437,50.380768,22.485683,0.427735,0.195317,,,,,,,,,,,,
32561,,,,,,,,,,,82.280510,36.079437,50.773022,22.323322,0.426964,0.198317,,,,,,,,,,,,
32566,,,,,,,,,,,82.280510,36.079437,51.722935,22.766390,0.420520,0.195217,,,,,,,,,,,,
32578,,,,,,,,,,,82.280510,36.079437,54.547398,23.878067,0.397308,0.186316,,,,,,,,,,,,
32581,,,,,,,,,,,82.294205,38.974705,53.397888,23.595779,0.411830,0.219629,,,,,,,,,,,,
32586,,,,,,,,,,,82.294205,38.974705,53.530277,23.929249,0.413382,0.217799,,,,,,,,,,,,
32591,,,,,,,,,,,82.314400,43.245541,53.651264,23.642551,0.415241,0.265335,,,,,,,,,,,,
32596,,,,,,,,,,,82.314400,43.245541,53.761829,23.971992,0.416990,0.263968,,,,,,,,,,,,
32601,,,,,,,,,,,82.314400,43.245541,54.454315,24.864504,0.412851,0.256881,,,,,,,,,,,,
32606,,,,,,,,,,,82.314400,43.245541,54.495712,25.680143,0.415219,0.250481,,,,,,,,,,,,
32611,,,,,,,,,,,82.339882,48.635136,55.124989,26.425531,0.411903,0.299144,,,,,,,,,,,,
32616,,,,,,,,,,,82.339882,48.635136,55.108620,27.106720,0.414790,0.294485,,,,,,,,,,,,
32621,,,,,,,,,,,82.339882,48.635136,56.276550,28.320683,0.405717,0.284377,,,,,,,,,,,,
32626,,,,,,,,,,,82.339882,48.635136,56.752445,28.838640,0.403516,0.281177,,,,,,,,,,,,
32638,,,,,,,,,,,82.339882,48.635136,58.747837,32.192371,0.387727,0.250624,,,,,,,,,,,,
32641,,,,,,,,,,,82.370987,55.213947,57.236542,31.785416,0.405665,0.322825,,,,,,,,,,,,
32646,,,,,,,,,,,82.370987,55.213947,58.221195,32.596401,0.398233,0.316977,,,,,,,,,,,,
32651,,,,,,,,,,,82.402802,61.942566,59.121040,33.337536,0.391881,0.379712,,,,,,,,,,,,
32656,,,,,,,,,,,82.402802,61.942566,59.351936,34.606281,0.391877,0.369758,,,,,,,,,,,,
32661,,,,,,,,,,,82.402802,61.942566,60.154392,36.357193,0.386077,0.354808,,,,,,,,,,,,
32666,,,,,,,,,,,82.402802,61.942566,60.296288,37.957298,0.386869,0.341205,,,,,,,,,,,,
32671,,,,,,,,,,,82.435005,68.754921,61.017403,39.419586,0.382122,0.397639,,,,,,,,,,,,
32676,,,,,,,,,,,82.435005,68.754921,61.676411,40.755928,0.377608,0.387076,,,,,,,,,,,,
32681,,,,,,,,,,,82.435005,68.754921,61.687214,42.568615,0.379574,0.371568,,,,,,,,,,,,
32686,,,,,,,,,,,82.435005,68.754921,62.288528,44.816620,0.375576,0.351481,,,,,,,,,,,,
32698,,,,,,,,,,,82.435005,68.754921,65.584290,50.451984,0.345435,0.298378,,,,,,,,,,,,
32701,,,,,,,,,,,82.466057,75.321709,62.892727,49.063770,0.374618,0.380553,,,,,,,,,,,,
32706,,,,,,,,,,,82.466057,75.321709,62.798767,50.160900,0.377525,0.372098,,,,,,,,,,,,
32711,,,,,,,,,,,82.499725,82.442581,63.895790,51.754982,0.368752,0.430435,,,,,,,,,,,,
32716,,,,,,,,,,,82.499725,82.442581,64.306885,53.803207,0.366460,0.412817,,,,,,,,,,,,
32721,,,,,,,,,,,82.499725,82.442581,64.682571,55.675018,0.364485,0.396775,,,,,,,,,,,,
32726,,,,,,,,,,,82.499725,82.442581,65.025894,56.794167,0.362799,0.388149,,,,,,,,,,,,
32731,,,,,,,,,,,82.500000,82.500000,65.339645,58.408367,0.361380,0.374990,,,,,,,,,,,,
32736,,,,,,,,,,,82.500000,82.500000,65.626373,59.883537,0.360200,0.362500,,,,,,,,,,,,
32741,,,,,,,,,,,82.500000,82.500000,65.888412,61.231647,0.359241,0.351146,,,,,,,,,,,,
32746,,,,,,,,,,,82.500000,82.500000,66.127876,61.872200,0.358484,0.346803,,,,,,,,,,,,
32751,,,,,,,,,,,82.500000,82.500000,66.346718,62.457584,0.357911,0.342953,,,,,,,,,,,,
32756,,,,,,,,,,,82.500000,82.500000,66.546707,62.992550,0.357506,0.339554,,,,,,,,,,,,
32761,,,,,,,,,,,82.500000,82.500000,66.729477,62.889992,0.357255,0.342541,,,,,,,,,,,,
32766,,,,,,,,,,,82.500000,82.500000,66.896500,63.387714,0.357145,0.339475,,,,,,,,,,,,
32778,,,,,,,,,,,82.500000,82.500000,68.892174,65.370338,0.339326,0.322459,,,,,,,,,,,,
32781,,,,,,,,,,,82.500000,82.500000,66.507149,63.288647,0.364775,0.345197,,,,,,,,,,,,
32786,,,,,,,,,,,82.500000,82.500000,66.693321,63.752029,0.364494,0.342438,,,,,,,,,,,,
32791,,,,,,,,,,,82.500000,82.500000,66.863457,64.175499,0.364356,0.340035,,,,,,,,,,,,
32796,,,,,,,,,,,82.500000,82.500000,67.610390,64.562500,0.358376,0.337959,,,,,,,,,,,,
32801,,,,,,,,,,,82.500000,82.500000,67.701538,64.916168,0.358944,0.336181,,,,,,,,,,,,
32806,,,,,,,,,,,82.500000,82.500000,67.784836,64.647926,0.359583,0.340648,,,,,,,,,,,,
32811,,,,,,,,,,,82.500000,82.500000,67.860962,65.585678,0.360286,0.332962,,,,,,,,,,,,
32816,,,,,,,,,,,82.500000,82.500000,68.521980,65.851219,0.355073,0.331972,,,,,,,,,,,,
32821,,,,,,,,,,,82.500000,82.500000,68.534615,66.093887,0.356343,0.331186,,,,,,,,,,,,
32826,,,,,,,,,,,82.500000,82.500000,69.137604,66.315659,0.351650,0.330586,,,,,,,,,,,,
32838,,,,,,,,,,,82.500000,82.500000,71.844856,69.488091,0.326096,0.300874,,,,,,,,,,,,
32841,,,,,,,,,,,82.500000,82.500000,68.614067,67.051735,0.359792,0.326783,,,,,,,,,,,,
32846,,,,,,,,,,,82.500000,82.500000,69.210220,67.191002,0.355160,0.326921,,,,,,,,,,,,
32851,,,,,,,,,,,82.500000,82.500000,69.755020,67.909721,0.350986,0.321193,,,,,,,,,,,,
32856,,,,,,,,,,,82.500000,82.500000,69.661453,68.566536,0.353206,0.316018,,,,,,,,,,,,
32861,,,,,,,,,,,82.500000,82.500000,70.167389,69.166779,0.349380,0.311349,,,,,,,,,,,,
32866,,,,,,,,,,,82.500000,82.500000,70.629753,69.123878,0.345943,0.313115,,,,,,,,,,,,
32871,,,,,,,,,,,82.500000,82.500000,71.052292,69.676117,0.342862,0.308875,,,,,,,,,,,,
32876,,,,,,,,,,,82.500000,82.500000,70.846992,70.180794,0.346081,0.305061,,,,,,,,,,,,
32881,,,,,,,,,,,82.500000,82.500000,71.250816,70.050560,0.343167,0.307608,,,,,,,,,,,,
32886,,,,,,,,,,,82.500000,82.500000,71.619865,70.522987,0.340565,0.304081,,,,,,,,,,,,
32898,,,,,,,,,,,82.500000,82.500000,73.866997,73.542374,0.319124,0.275051,,,,,,,,,,,,
32901,,,,,,,,,,,82.500000,82.500000,71.644928,70.756821,0.342430,0.304080,,,,,,,,,,,,
32906,,,,,,,,,,,82.500000,82.500000,71.980026,71.168411,0.340131,0.301098,,,,,,,,,,,,
32911,,,,,,,,,,,82.500000,82.500000,72.286263,71.544556,0.338090,0.298432,,,,,,,,,,,,
32916,,,,,,,,,,,82.500000,82.500000,72.566124,71.888298,0.336285,0.296056,,,,,,,,,,,,
32921,,,,,,,,,,,82.500000,82.500000,72.821884,72.202438,0.334695,0.293944,,,,,,,,,,,,
32926,,,,,,,,,,,82.500000,82.500000,73.055611,72.489517,0.333302,0.292074,,,,,,,,,,,,
32931,,,,,,,,,,,82.500000,82.500000,73.269211,72.160431,0.332090,0.296399,,,,,,,,,,,,
32936,,,,,,,,,,,82.500000,82.500000,73.464409,73.042580,0.331041,0.288523,,,,,,,,,,,,
32941,,,,,,,,,,,82.500000,82.500000,73.051353,73.257301,0.336117,0.287300,,,,,,,,,,,,
32946,,,,,,,,,,,82.500000,82.500000,73.265320,72.862083,0.334900,0.292216,,,,,,,,,,,,
32951,,,,,,,,,,,82.500000,82.500000,74.052299,73.092354,0.327875,0.290854,,,,,,,,,,,,
32956,,,,,,,,,,,82.500000,82.500000,74.180054,73.302788,0.327430,0.289670,,,,,,,,,,,,
32961,,,,,,,,,,,82.500000,82.500000,74.296806,73.495094,0.327083,0.288647,,,,,,,,,,,,
32966,,,,,,,,,,,82.500000,82.500000,74.403503,73.670837,0.326825,0.287773,,,,,,,,,,,,
32978,,,,,,,,,,,82.500000,82.500000,76.783218,75.630821,0.303513,0.268899,,,,,,,,,,,,
32981,,,,,,,,,,,82.500000,82.500000,74.309975,73.256836,0.329064,0.293563,,,,,,,,,,,,
32986,,,,,,,,,,,82.500000,82.500000,74.415535,73.453102,0.328817,0.292505,,,,,,,,,,,,
32991,,,,,,,,,,,82.500000,82.500000,74.512001,73.041023,0.328651,0.297571,,,,,,,,,,,,
32996,,,,,,,,,,,82.500000,82.500000,74.600159,73.255875,0.328559,0.296347,,,,,,,,,,,,
33001,,,,,,,,,,,82.500000,82.500000,74.680725,73.452225,0.328536,0.295289,,,,,,,,,,,,
33006,,,,,,,,,,,82.500000,82.500000,75.345795,73.631660,0.322600,0.294381,,,,,,,,,,,,
33011,,,,,,,,,,,82.500000,82.500000,75.362137,73.795647,0.323151,0.293612,,,,,,,,,,,,
33016,,,,,,,,,,,82.500000,82.500000,75.377075,73.945503,0.323714,0.292969,,,,,,,,,,,,
33021,,,,,,,,,,,82.500000,82.500000,75.390724,74.082458,0.324288,0.292441,,,,,,,,,,,,
33026,,,,,,,,,,,82.500000,82.500000,75.403198,74.207611,0.324873,0.292018,,,,,,,,,,,,
33038,,,,,,,,,,,82.500000,82.500000,77.567184,76.028175,0.303489,0.274391,,,,,,,,,,,,
33041,,,,,,,,,,,82.500000,82.500000,75.026421,73.619965,0.329644,0.299361,,,,,,,,,,,,
33046,,,,,,,,,,,82.500000,82.500000,75.070274,73.784958,0.329948,0.298582,,,,,,,,,,,,
33051,,,,,,,,,,,81.755707,82.496475,75.110352,73.344292,0.322769,0.303869,,,,,,,,,,,,
33056,,,,,,,,,,,81.755707,82.496475,75.146973,74.124474,0.323064,0.296904,,,,,,,,,,,,
33061,,,,,,,,,,,81.755707,82.496475,75.180443,74.246010,0.323386,0.296514,,,,,,,,,,,,
33066,,,,,,,,,,,81.755707,82.496475,75.802475,74.357079,0.317761,0.296217,,,,,,,,,,,,
33071,,,,,,,,,,,81.063316,82.493202,75.779488,74.458580,0.311596,0.295973,,,,,,,,,,,,
33076,,,,,,,,,,,81.063316,82.493202,75.758476,74.551338,0.312336,0.295840,,,,,,,,,,,,
33081,,,,,,,,,,,81.063316,82.493202,75.739273,74.636108,0.313061,0.295778,,,,,,,,,,,,
33086,,,,,,,,,,,81.063316,82.493202,75.721725,74.713577,0.313770,0.295781,,,,,,,,,,,,
33098,,,,,,,,,,,81.063316,82.493202,78.373703,77.582680,0.287050,0.267405,,,,,,,,,,,,
33101,,,,,,,,,,,80.183525,82.489044,75.763474,74.449135,0.304796,0.299503,,,,,,,,,,,,
33106,,,,,,,,,,,80.183525,82.489044,75.743843,74.542709,0.305437,0.299362,,,,,,,,,,,,
33111,,,,,,,,,,,79.763885,82.487061,75.725906,75.219666,0.301823,0.293300,,,,,,,,,,,,
33116,,,,,,,,,,,79.763885,82.487061,75.709511,75.246872,0.302393,0.293751,,,,,,,,,,,,
33121,,,,,,,,,,,79.763885,82.487061,75.694527,75.271736,0.302950,0.294224,,,,,,,,,,,,
33126,,,,,,,,,,,79.763885,82.487061,75.680832,75.294456,0.303495,0.294716,,,,,,,,,,,,
33131,,,,,,,,,,,79.371635,82.485199,75.668320,75.315224,0.300068,0.295207,,,,,,,,,,,,
33136,,,,,,,,,,,79.371635,82.485199,75.656883,75.334198,0.300554,0.295732,,,,,,,,,,,,
33141,,,,,,,,,,,79.371635,82.485199,75.646431,75.351540,0.301031,0.296272,,,,,,,,,,,,
33146,,,,,,,,,,,79.371635,82.485199,75.636879,75.958832,0.301500,0.290852,,,,,,,,,,,,
33158,,,,,,,,,,,79.371635,82.485199,77.221840,77.490723,0.285352,0.275802,,,,,,,,,,,,
33161,,,,,,,,,,,79.235451,82.484558,74.710823,74.956543,0.309553,0.301890,,,,,,,,,,,,
33166,,,,,,,,,,,79.235451,82.484558,74.781860,75.006416,0.309288,0.302139,,,,,,,,,,,,
33171,,,,,,,,,,,79.369125,82.485191,74.255333,75.643440,0.316401,0.296459,,,,,,,,,,,,
33176,,,,,,,,,,,79.369125,82.485191,74.957047,75.634148,0.309825,0.297237,,,,,,,,,,,,
33181,,,,,,,,,,,79.369125,82.485191,75.006874,75.625656,0.309763,0.298008,,,,,,,,,,,,
33186,,,,,,,,,,,79.369125,82.485191,75.052406,75.617897,0.309740,0.298773,,,,,,,,,,,,
33191,,,,,,,,,,,79.440582,82.485527,75.094017,76.202248,0.310473,0.293561,,,,,,,,,,,,
33196,,,,,,,,,,,79.440582,82.485527,75.132050,76.144829,0.310523,0.294769,,,,,,,,,,,,
33201,,,,,,,,,,,79.440582,82.485527,75.166801,76.683800,0.310603,0.289960,,,,,,,,,,,,
33206,,,,,,,,,,,79.440582,82.485527,75.198563,76.584900,0.310710,0.291539,,,,,,,,,,,,
33211,,,,,,,,,,,79.707626,82.486794,75.227585,76.494522,0.313538,0.293054,,,,,,,,,,,,
33216,,,,,,,,,,,79.707626,82.486794,75.254112,76.411926,0.313718,0.294488,,,,,,,,,,,,
33221,,,,,,,,,,,79.707626,82.486794,75.278351,76.336441,0.313919,0.295858,,,,,,,,,,,,
33226,,,,,,,,,,,79.707626,82.486794,75.300507,76.267464,0.314138,0.297169,,,,,,,,,,,,
33238,,,,,,,,,,,80.021027,82.488274,76.400414,78.288979,0.306277,0.277071,,,,,,,,,,,,
33241,,,,,,,,,,,80.021027,82.488274,73.960144,75.686050,0.331286,0.303780,,,,,,,,,,,,
33246,,,,,,,,,,,80.021027,82.488274,74.095833,75.673088,0.330521,0.304592,,,,,,,,,,,,
33251,,,,,,,,,,,80.180664,82.489029,74.219833,76.252686,0.331474,0.299427,,,,,,,,,,,,
33256,,,,,,,,,,,80.180664,82.489029,74.924606,76.190918,0.324952,0.300674,,,,,,,,,,,,
33261,,,,,,,,,,,80.180664,82.489029,74.977226,76.725914,0.324946,0.295901,,,,,,,,,,,,
33266,,,,,,,,,,,80.180664,82.489029,75.025314,76.623390,0.324980,0.297512,,,,,,,,,,,,
33271,,,,,,,,,,,80.526665,82.490669,75.069260,77.121140,0.328547,0.293088,,,,,,,,,,,,
33276,,,,,,,,,,,80.526665,82.490669,75.109421,76.984573,0.328687,0.295005,,,,,,,,,,,,
33281,,,,,,,,,,,80.526665,82.490669,75.146126,77.451218,0.328858,0.290842,,,,,,,,,,,,
33286,,,,,,,,,,,80.526665,82.490669,75.771111,77.286224,0.323084,0.293012,,,,,,,,,,,,
33298,,,,,,,,,,,80.526665,82.490669,77.925392,79.190742,0.301391,0.273946,,,,,,,,,,,,
33301,,,,,,,,,,,80.487556,82.490479,74.762329,75.918694,0.333203,0.307321,,,,,,,,,,,,
33306,,,,,,,,,,,80.487556,82.490479,75.420372,76.477142,0.327130,0.302338,,,,,,,,,,,,
33311,,,,,,,,,,,80.535378,82.490707,75.430290,76.396042,0.328019,0.303761,,,,,,,,,,,,
33316,,,,,,,,,,,80.535378,82.490707,75.439354,76.321930,0.328438,0.305119,,,,,,,,,,,,
33321,,,,,,,,,,,80.535378,82.490707,75.447639,76.845642,0.328864,0.300446,,,,,,,,,,,,
33326,,,,,,,,,,,80.535378,82.490707,75.455215,76.732803,0.329296,0.302151,,,,,,,,,,,,
33331,,,,,,,,,,,80.168755,82.488976,76.053581,76.629684,0.320058,0.303750,,,,,,,,,,,,
33336,,,,,,,,,,,80.168755,82.488976,76.008965,76.535446,0.320920,0.305288,,,,,,,,,,,,
33341,,,,,,,,,,,80.168755,82.488976,75.968193,77.040771,0.321748,0.300780,,,,,,,,,,,,
33346,,,,,,,,,,,80.168755,82.488976,76.522377,76.911125,0.316571,0.302634,,,,,,,,,,,,
33358,,,,,,,,,,,80.168755,82.488976,78.552818,79.417984,0.295914,0.277496,,,,,,,,,,,,
33361,,,,,,,,,,,79.990723,82.488129,75.335716,76.126366,0.326770,0.311040,,,,,,,,,,,,
33366,,,,,,,,,,,79.990723,82.488129,75.352928,76.075478,0.327062,0.312190,,,,,,,,,,,,
33371,,,,,,,,,,,79.861206,82.487518,75.368660,76.620422,0.326058,0.307321,,,,,,,,,,,,
33376,,,,,,,,,,,79.861206,82.487518,75.383034,76.526985,0.326363,0.308851,,,,,,,,,,,,
33381,,,,,,,,,,,79.861206,82.487518,75.396172,77.033035,0.326678,0.304336,,,,,,,,,,,,
33386,,,,,,,,,,,79.861206,82.487518,75.999626,76.904060,0.321029,0.306184,,,,,,,,,,,,
33391,,,,,,,,,,,79.810555,82.487282,75.959656,77.377640,0.321308,0.301957,,,,,,,,,,,,
33396,,,,,,,,,,,79.810555,82.487282,76.514572,77.218979,0.316088,0.304071,,,,,,,,,,,,
33401,,,,,,,,,,,79.810555,82.487282,76.430252,77.665428,0.317269,0.300088,,,,,,,,,,,,
33406,,,,,,,,,,,79.810555,82.487282,76.353195,78.073425,0.318385,0.296450,,,,,,,,,,,,
33418,,,,,,,,,,,80.050362,82.488411,78.360580,80.388687,0.300309,0.273035,,,,,,,,,,,,
33421,,,,,,,,,,,80.050362,82.488411,75.751480,77.013466,0.326830,0.307335,,,,,,,,,,,,
33426,,,,,,,,,,,80.050362,82.488411,75.732880,77.477615,0.327448,0.303195,,,,,,,,,,,,
33431,,,,,,,,,,,80.082764,82.488571,75.715881,77.310349,0.328378,0.305387,,,,,,,,,,,,
33436,,,,,,,,,,,80.082764,82.488571,76.291794,77.748932,0.322998,0.301475,,,,,,,,,,,,
33441,,,,,,,,,,,80.082764,82.488571,76.226662,77.558296,0.324035,0.303874,,,,,,,,,,,,
33446,,,,,,,,,,,80.082764,82.488571,76.167137,77.975525,0.325022,0.300153,,,,,,,,,,,,
33451,,,,,,,,,,,80.307518,82.489632,76.112740,77.765373,0.328233,0.302738,,,,,,,,,,,,
33456,,,,,,,,,,,80.307518,82.489632,76.063026,77.573318,0.329155,0.305150,,,,,,,,,,,,
33461,,,,,,,,,,,80.307518,82.489632,76.017593,77.397804,0.330038,0.307414,,,,,,,,,,,,
33466,,,,,,,,,,,80.307518,82.489632,75.976074,77.828857,0.330886,0.303570,,,,,,,,,,,,
33471,,,,,,,,,,,80.153786,82.488907,76.529579,78.222778,0.324176,0.300050,,,,,,,,,,,,
33476,,,,,,,,,,,80.153786,82.488907,76.443962,77.991325,0.325404,0.302814,,,,,,,,,,,,
33481,,,,,,,,,,,80.153786,82.488907,76.365723,78.371254,0.326565,0.299427,,,,,,,,,,,,
33486,,,,,,,,,,,80.153786,82.488907,76.885666,78.127014,0.321692,0.302305,,,,,,,,,,,,
33498,,,,,,,,,,,80.153786,82.488907,78.264771,80.433441,0.307541,0.278959,,,,,,,,,,,,
33501,,,,,,,,,,,80.396927,82.490059,75.663925,77.645805,0.336454,0.307331,,,,,,,,,,,,
33506,,,,,,,,,,,80.396927,82.490059,76.244316,77.464050,0.331066,0.309651,,,,,,,,,,,,
33511,,,,,,,,,,,80.605515,82.491035,76.183273,77.889397,0.334204,0.305868,,,,,,,,,,,,
33516,,,,,,,,,,,80.605515,82.491035,76.718933,78.278107,0.329236,0.302402,,,,,,,,,,,,
33521,,,,,,,,,,,80.605515,82.491035,77.208458,78.633339,0.324681,0.299235,,,,,,,,,,,,
33526,,,,,,,,,,,80.605515,82.491035,77.064369,78.957970,0.326476,0.296342,,,,,,,,,,,,
33531,,,,,,,,,,,80.592972,82.490974,77.524139,78.663200,0.322060,0.299672,,,,,,,,,,,,
33536,,,,,,,,,,,80.592972,82.490974,77.352859,78.985260,0.324096,0.296802,,,,,,,,,,,,
33541,,,,,,,,,,,80.592972,82.490974,77.196335,78.688133,0.326001,0.300154,,,,,,,,,,,,
33546,,,,,,,,,,,80.592972,82.490974,77.644737,79.008049,0.321812,0.297303,,,,,,,,,,,,
33558,,,,,,,,,,,80.592972,82.490974,79.439224,80.577805,0.303349,0.281229,,,,,,,,,,,,
33561,,,,,,,,,,,80.416550,82.490150,76.737221,77.777733,0.328973,0.309692,,,,,,,,,,,,
33566,,,,,,,,,,,80.416550,82.490150,76.633720,77.584618,0.330386,0.312114,,,,,,,,,,,,
33571,,,,,,,,,,,80.396904,82.490051,77.130585,77.999580,0.325548,0.308412,,,,,,,,,,,,
33576,,,,,,,,,,,80.396904,82.490051,76.993202,78.378799,0.327262,0.305031,,,,,,,,,,,,
33581,,,,,,,,,,,80.396904,82.490051,76.867653,78.133911,0.328871,0.307916,,,,,,,,,,,,
33586,,,,,,,,,,,80.396904,82.490051,77.344368,78.501556,0.324409,0.304638,,,,,,,,,,,,
33591,,,,,,,,,,,80.223434,82.489235,77.188576,78.837540,0.324535,0.301635,,,,,,,,,,,,
33596,,,,,,,,,,,80.223434,82.489235,77.637650,78.553139,0.320303,0.304873,,,,,,,,,,,,
33601,,,,,,,,,,,80.223434,82.489235,77.456596,78.884682,0.322390,0.301918,,,,,,,,,,,,
33606,,,,,,,,,,,80.223434,82.489235,77.882584,79.187668,0.318365,0.299218,,,,,,,,,,,,
33618,,,,,,,,,,,80.223434,82.489235,79.637863,81.268318,0.300178,0.277890,,,,,,,,,,,,
33621,,,,,,,,,,,79.867371,82.487549,76.918755,78.408775,0.324104,0.306876,,,,,,,,,,,,
33626,,,,,,,,,,,79.867371,82.487549,76.799622,78.161308,0.325602,0.309784,,,,,,,,,,,,
33631,,,,,,,,,,,79.867371,82.487549,76.690750,77.935150,0.327008,0.312501,,,,,,,,,,,,
33636,,,,,,,,,,,79.820030,82.487328,77.182701,78.319916,0.321879,0.309067,,,,,,,,,,,,
33641,,,,,,,,,,,79.820030,82.487328,77.632278,78.671547,0.317602,0.305933,,,,,,,,,,,,
33646,,,,,,,,,,,79.820030,82.487328,77.451691,78.992889,0.319645,0.303069,,,,,,,,,,,,
33651,,,,,,,,,,,79.648659,82.486511,77.286652,78.695107,0.319818,0.306418,,,,,,,,,,,,
33656,,,,,,,,,,,79.648659,82.486511,77.727272,79.014420,0.315603,0.303572,,,,,,,,,,,,
33661,,,,,,,,,,,79.648659,82.486511,77.538498,79.306229,0.317702,0.300972,,,,,,,,,,,,
33666,,,,,,,,,,,79.648659,82.486511,77.365982,78.981461,0.319656,0.304570,,,,,,,,,,,,
33671,,,,,,,,,,,80.697304,82.491478,77.799774,79.276108,0.326094,0.301994,,,,,,,,,,,,
33676,,,,,,,,,,,80.697304,82.491478,77.604759,79.545380,0.328353,0.299596,,,,,,,,,,,,
33681,,,,,,,,,,,80.697304,82.491478,77.426537,79.200012,0.330463,0.303379,,,,,,,,,,,,
33686,,,,,,,,,,,80.697304,82.491478,77.855110,79.475838,0.326461,0.300922,,,,,,,,,,,,
33698,,,,,,,,,,,80.697304,82.491478,79.074409,80.968475,0.313848,0.285538,,,,,,,,,,,,
33701,,,,,,,,,,,80.272202,82.489464,76.403831,78.726204,0.336689,0.308316,,,,,,,,,,,,
33706,,,,,,,,,,,80.272202,82.489464,76.920494,78.451393,0.331858,0.311468,,,,,,,,,,,,
33711,,,,,,,,,,,80.221245,82.489220,76.801208,78.791695,0.332883,0.308433,,,,,,,,,,,,
33716,,,,,,,,,,,80.221245,82.489220,77.283646,79.102692,0.328352,0.305661,,,,,,,,,,,,
33721,,,,,,,,,,,80.221245,82.489220,77.724525,79.386902,0.324193,0.303130,,,,,,,,,,,,
33726,,,,,,,,,,,80.221245,82.489220,77.535988,79.055183,0.326347,0.306790,,,,,,,,,,,,
33731,,,,,,,,,,,80.221245,82.489220,77.955139,79.343483,0.322382,0.304222,,,,,,,,,,,,
33736,,,,,,,,,,,80.166267,82.488960,77.746742,79.606949,0.324158,0.301873,,,,,,,,,,,,
33741,,,,,,,,,,,80.166267,82.488960,78.147736,79.847725,0.320350,0.299729,,,,,,,,,,,,
33746,,,,,,,,,,,80.166267,82.488960,77.922745,79.476318,0.322825,0.303744,,,,,,,,,,,,
33758,,,,,,,,,,,80.166267,82.488960,79.671402,81.560326,0.304686,0.282386,,,,,,,,,,,,
33761,,,,,,,,,,,80.310196,82.489639,76.949402,78.675629,0.333681,0.311621,,,,,,,,,,,,
33766,,,,,,,,,,,80.310196,82.489639,77.419075,78.405174,0.329274,0.314734,,,,,,,,,,,,
33771,,,,,,,,,,,80.310196,82.489639,77.256851,78.749458,0.331201,0.311665,,,,,,,,,,,,
33776,,,,,,,,,,,80.288734,82.489548,77.108597,79.064087,0.332787,0.308861,,,,,,,,,,,,
33781,,,,,,,,,,,80.288734,82.489548,76.973114,78.760178,0.334474,0.312273,,,,,,,,,,,,
33786,,,,,,,,,,,80.288734,82.489548,77.440742,79.073883,0.330082,0.309477,,,,,,,,,,,,
33791,,,,,,,,,,,79.842728,82.487427,77.276649,78.769127,0.327520,0.312875,,,,,,,,,,,,
33796,,,,,,,,,,,79.842728,82.487427,77.718132,79.082062,0.323317,0.310087,,,,,,,,,,,,
33801,,,,,,,,,,,79.842728,82.487427,78.121590,79.368050,0.319455,0.307539,,,,,,,,,,,,
33806,,,,,,,,,,,79.842728,82.487427,77.898857,79.629402,0.321877,0.305211,,,,,,,,,,,,
33818,,,,,,,,,,,79.842728,82.487427,80.242897,81.637230,0.297665,0.284533,,,,,,,,,,,,
33821,,,,,,,,,,,80.214981,82.489197,76.880226,78.745911,0.335347,0.313839,,,,,,,,,,,,
33826,,,,,,,,,,,80.214981,82.489197,77.355858,79.060844,0.330877,0.311032,,,,,,,,,,,,
33831,,,,,,,,,,,80.214981,82.489197,77.199074,79.348656,0.332746,0.308468,,,,,,,,,,,,
33836,,,,,,,,,,,79.862793,82.487526,77.647240,79.611679,0.324964,0.306109,,,,,,,,,,,,
33841,,,,,,,,,,,79.862793,82.487526,77.465363,79.852051,0.327023,0.303969,,,,,,,,,,,,
33846,,,,,,,,,,,79.862793,82.487526,77.890594,79.480270,0.322968,0.307987,,,,,,,,,,,,
33851,,,,,,,,,,,79.985893,82.488106,77.687752,79.731956,0.326457,0.305752,,,,,,,,,,,,
33856,,,,,,,,,,,79.985893,82.488106,78.093826,79.961967,0.322585,0.303704,,,,,,,,,,,,
33861,,,,,,,,,,,79.985893,82.488106,77.873482,79.580719,0.325000,0.307807,,,,,,,,,,,,
33866,,,,,,,,,,,79.985893,82.488106,77.672119,79.823753,0.327245,0.305643,,,,,,,,,,,,
33878,,,,,,,,,,,79.985893,82.488106,80.002586,82.390991,0.303183,0.279279,,,,,,,,,,,,
33881,,,,,,,,,,,79.849457,82.487465,77.252060,78.843307,0.329584,0.315114,,,,,,,,,,,,
33886,,,,,,,,,,,79.849457,82.487465,77.695663,79.149857,0.325363,0.312382,,,,,,,,,,,,
33891,,,,,,,,,,,79.941559,82.487900,77.509613,79.430000,0.328388,0.309891,,,,,,,,,,,,
33896,,,,,,,,,,,79.941559,82.487900,77.931030,79.686020,0.324375,0.307611,,,,,,,,,,,,
33901,,,,,,,,,,,79.941559,82.487900,77.724709,79.919983,0.326660,0.305528,,,,,,,,,,,,
33906,,,,,,,,,,,79.941559,82.487900,77.536156,79.542351,0.328786,0.309599,,,,,,,,,,,,
33911,,,,,,,,,,,79.759377,82.487038,77.955292,79.788689,0.322953,0.307396,,,,,,,,,,,,
33916,,,,,,,,,,,79.759377,82.487038,77.746880,80.013809,0.325238,0.305393,,,,,,,,,,,,
33921,,,,,,,,,,,79.759377,82.487038,78.147865,80.219543,0.321390,0.303562,,,,,,,,,,,,
33926,,,,,,,,,,,79.759377,82.487038,77.922867,80.407555,0.323823,0.301890,,,,,,,,,,,,
33931,,,,,,,,,,,79.721451,82.486862,78.308693,79.987930,0.319727,0.306334,,,,,,,,,,,,
33936,,,,,,,,,,,79.721451,82.486862,78.069839,80.195892,0.322281,0.304484,,,,,,,,,,,,
33941,,,,,,,,,,,79.721451,82.486862,78.443008,80.385941,0.318677,0.302793,,,,,,,,,,,,
33946,,,,,,,,,,,79.721451,82.486862,78.192589,79.968178,0.321334,0.307223,,,,,,,,,,,,
33995,,,,,,,,,,,79.721451,82.486862,126.971512,130.075928,-0.177037,-0.204534,,,,,,,,,,,,
33996,,,,,,,,,,,79.721451,82.486862,62.608944,64.076668,0.460701,0.450048,,,,,,,,,,,,
34001,,,,,,,,,,,79.674072,82.486633,63.722317,65.063622,0.450689,0.441918,,,,,,,,,,,,
34006,,,,,,,,,,,79.674072,82.486633,65.331238,67.148460,0.436034,0.422603,,,,,,,,,,,,
34018,,,,,,,,,,,79.674072,82.486633,70.827957,72.835182,0.382233,0.366980,,,,,,,,,,,,
34021,,,,,,,,,,,79.389343,82.485283,69.459091,71.293434,0.394068,0.383503,,,,,,,,,,,,
34026,,,,,,,,,,,79.389343,82.485283,70.573906,72.841698,0.383801,0.368985,,,,,,,,,,,,
34031,,,,,,,,,,,79.389343,82.485283,71.592697,73.665169,0.374393,0.361632,,,,,,,,,,,,
34036,,,,,,,,,,,79.531075,82.485962,72.523743,75.009155,0.367200,0.348947,,,,,,,,,,,,
34041,,,,,,,,,,,79.531075,82.485962,73.374596,76.237389,0.359308,0.337289,,,,,,,,,,,,
34046,,,,,,,,,,,79.531075,82.485962,74.152168,76.768387,0.352070,0.332551,,,,,,,,,,,,
34051,,,,,,,,,,,79.713486,82.486824,74.862762,77.845093,0.347273,0.322257,,,,,,,,,,,,
34056,,,,,,,,,,,79.713486,82.486824,75.512154,78.829063,0.341199,0.312783,,,,,,,,,,,,
34061,,,,,,,,,,,79.713486,82.486824,76.105614,79.136841,0.335625,0.310040,,,,,,,,,,,,
34066,,,,,,,,,,,79.713486,82.486824,76.647957,79.418106,0.330509,0.307534,,,,,,,,,,,,
34078,,,,,,,,,,,79.713486,82.486824,79.738693,82.592712,0.298909,0.275053,,,,,,,,,,,,
34081,,,,,,,,,,,79.908920,82.487740,77.010895,79.619102,0.328431,0.305086,,,,,,,,,,,,
34086,,,,,,,,,,,79.908920,82.487740,77.475266,79.858833,0.324031,0.302951,,,,,,,,,,,,
34091,,,,,,,,,,,80.184837,82.489044,77.899643,80.077911,0.322775,0.301015,,,,,,,,,,,,
34096,,,,,,,,,,,80.184837,82.489044,78.287468,80.869568,0.319086,0.293260,,,,,,,,,,,,
34101,,,,,,,,,,,80.184837,82.489044,78.641891,81.001595,0.315697,0.292088,,,,,,,,,,,,
34106,,,,,,,,,,,80.184837,82.489044,78.965790,81.122246,0.312579,0.291019,,,,,,,,,,,,
34111,,,,,,,,,,,80.430321,82.490211,79.261787,81.232506,0.312191,0.290053,,,,,,,,,,,,
34116,,,,,,,,,,,80.430321,82.490211,79.532295,81.333275,0.309576,0.289161,,,,,,,,,,,,
34121,,,,,,,,,,,80.430321,82.490211,79.779503,82.016808,0.307169,0.282373,,,,,,,,,,,,
34126,,,,,,,,,,,80.430321,82.490211,80.005417,82.050018,0.304952,0.282085,,,,,,,,,,,,
34131,,,,,,,,,,,80.430321,82.490211,80.211876,82.080376,0.302910,0.281823,,,,,,,,,,,,
34136,,,,,,,,,,,80.721672,82.491585,80.400551,82.108116,0.303968,0.281597,,,,,,,,,,,,
34141,,,,,,,,,,,80.721672,82.491585,80.572975,82.133469,0.302259,0.281380,,,,,,,,,,,,
34146,,,,,,,,,,,80.721672,82.491585,80.139099,82.156631,0.306656,0.281182,,,,,,,,,,,,
34158,,,,,,,,,,,80.721672,82.491585,82.113853,83.747871,0.285921,0.264229,,,,,,,,,,,,
34161,,,,,,,,,,,81.094185,82.493347,79.181488,80.674767,0.319161,0.295159,,,,,,,,,,,,
34166,,,,,,,,,,,0.000000,0.000000,78.867462,80.823570,-0.496527,-0.539345,,,,,,,,,,,,
34171,,,,,,,,,,,0.000000,0.000000,77.397598,79.185226,-0.489568,-0.530880,,,,,,,,,,,,
34176,,,,,,,,,,,0.000000,0.000000,73.688553,74.139320,-0.459847,-0.487835,,,,,,,,,,,,
34181,,,,,,,,,,,0.000000,0.000000,67.933189,67.753685,-0.409087,-0.430754,,,,,,,,,,,,
34186,,,,,,,,,,,0.000000,0.000000,62.082088,60.735157,-0.356784,-0.366642,,,,,,,,,,,,
34191,,,,,,,,,,,0.000000,0.000000,56.734947,53.729691,-0.308986,-0.301960,,,,,,,,,,,,
34196,,,,,,,,,,,0.000000,0.000000,51.848354,47.919052,-0.265305,-0.248646,,,,,,,,,,,,
34201,,,,,,,,,,,0.000000,0.000000,46.791199,42.017441,-0.219412,-0.193831,,,,,,,,,,,,
34206,,,,,,,,,,,0.000000,0.000000,41.578175,36.624134,-0.171440,-0.143561,,,,,,,,,,,,
34218,,,,,,,,,,,0.000000,0.000000,30.349377,26.262909,-0.065573,-0.045449,,,,,,,,,,,,
34221,,,,,,,,,,,0.000000,0.000000,26.552488,22.817989,-0.030259,-0.013281,,,,,,,,,,,,
34226,,,,,,,,,,,0.000000,0.000000,22.491182,19.078337,0.008105,0.022208,,,,,,,,,,,,
34231,,,,,,,,,,,0.000000,0.000000,19.371122,16.843670,0.037369,0.042870,,,,,,,,,,,,
34236,,,,,,,,,,,0.000000,0.000000,17.111238,15.392921,0.058256,0.055838,,,,,,,,,,,,
34241,,,,,,,,,,,0.000000,0.000000,18.003223,15.250015,0.047536,0.055742,,,,,,,,,,,,
34246,,,,,,,,,,,0.000000,0.000000,20.592716,15.710863,0.019582,0.049562,,,,,,,,,,,,
34251,,,,,,,,,,,0.000000,0.000000,22.367731,17.906353,-0.000405,0.025817,,,,,,,,,,,,
34256,,,,,,,,,,,0.000000,0.000000,23.989862,19.912745,-0.019025,0.003762,,,,,,,,,,,,
34261,,,,,,,,,,,0.000000,0.000000,24.880835,20.563435,-0.030423,-0.004801,,,,,,,,,,,,
34266,,,,,,,,,,,0.000000,0.000000,24.512178,21.158081,-0.029188,-0.012864,,,,,,,,,,,,
34278,,,,,,,,,,,0.000000,0.000000,23.714563,19.291851,-0.026178,0.001758,,,,,,,,,,,,
34281,,,,,,,,,,,0.000000,0.000000,21.672024,17.630239,-0.007920,0.016611,,,,,,,,,,,,
34286,,,,,,,,,,,0.000000,0.000000,20.396852,16.703188,0.002792,0.024212,,,,,,,,,,,,
34291,,,,,,,,,,,0.000000,0.000000,19.822958,15.855984,0.006549,0.031098,,,,,,,,,,,,
34296,,,,,,,,,,,0.000000,0.000000,20.481382,16.264639,-0.002084,0.025385,,,,,,,,,,,,
34301,,,,,,,,,,,0.000000,0.000000,21.674541,17.820986,-0.016183,0.008040,,,,,,,,,,,,
34306,,,,,,,,,,,0.000000,0.000000,21.582043,18.060396,-0.017416,0.003839,,,,,,,,,,,,
34311,,,,,,,,,,,0.000000,0.000000,22.088957,17.687740,-0.024694,0.005797,,,,,,,,,,,,
34316,,,,,,,,,,,0.000000,0.000000,21.369320,17.347181,-0.019634,0.007468,,,,,,,,,,,,
34321,,,,,,,,,,,0.000000,0.000000,20.711666,17.035955,-0.015129,0.008877,,,,,,,,,,,,
34326,,,,,,,,,,,0.000000,0.000000,20.110657,16.751535,-0.011130,0.010046,,,,,,,,,,,,
34338,,,,,,,,,,,0.000000,0.000000,20.038597,17.233200,-0.014606,0.001620,,,,,,,,,,,,
34341,,,,,,,,,,,0.000000,0.000000,19.495558,16.931791,-0.011125,0.002941,,,,,,,,,,,,
34346,,,,,,,,,,,0.000000,0.000000,19.590736,16.656342,-0.014036,0.004030,,,,,,,,,,,,
34351,,,,,,,,,,,0.000000,0.000000,19.086271,16.404617,-0.010900,0.004907,,,,,,,,,,,,
34356,,,,,,,,,,,0.000000,0.000000,18.625257,16.174574,-0.008152,0.005590,,,,,,,,,,,,
34361,,,,,,,,,,,0.000000,0.000000,18.203951,15.372899,-0.005760,0.012069,,,,,,,,,,,,
34366,,,,,,,,,,,0.000000,0.000000,17.818932,15.231718,-0.003691,0.011958,,,,,,,,,,,,
34371,,,,,,,,,,,0.000000,0.000000,17.467073,15.102696,-0.001920,0.011738,,,,,,,,,,,,
34376,,,,,,,,,,,0.000000,0.000000,17.145521,14.393343,-0.000419,0.017392,,,,,,,,,,,,
34381,,,,,,,,,,,0.000000,0.000000,16.260220,13.745087,0.006808,0.022500,,,,,,,,,,,,
34386,,,,,,,,,,,0.000000,0.000000,15.451168,13.152664,0.013354,0.027109,,,,,,,,,,,,
34391,,,,,,,,,,,0.000000,0.000000,15.303246,13.202712,0.013303,0.025288,,,,,,,,,,,,
34396,,,,,,,,,,,0.000000,0.000000,14.576619,12.657004,0.019111,0.029479,,,,,,,,,,,,
34401,,,,,,,,,,,0.000000,0.000000,13.912577,11.566854,0.024360,0.039224,,,,,,,,,,,,
34406,,,,,,,,,,,0.000000,0.000000,12.714284,11.162044,0.035072,0.042156,,,,,,,,,,,,
34418,,,,,,,,,,,0.000000,0.000000,,,0.026940,0.038803,,,,,,,,,,,,
34419,,,,,,,,,,,0.000000,0.000000,12.239946,10.403077,0.037252,0.047567,,,,,,,,,,,,
34421,,,,,,,,,,,0.000000,0.000000,11.185718,10.098503,0.046676,0.049603,,,,,,,,,,,,
34426,,,,,,,,,,,0.000000,0.000000,10.222289,9.820162,0.055288,0.051404,,,,,,,,,,,,
34431,,,,,,,,,,,0.000000,0.000000,9.933286,8.974349,0.057184,0.058965,,,,,,,,,,,,
34436,,,,,,,,,,,0.000000,0.000000,9.077730,8.792831,0.064832,0.059901,,,,,,,,,,,,
34441,,,,,,,,,,,0.000000,0.000000,8.887308,8.626948,0.065848,0.060697,,,,,,,,,,,,
34446,,,,,,,,,,,0.000000,0.000000,8.713287,8.475352,0.066717,0.061366,,,,,,,,,,,,
34451,,,,,,,,,,,0.000000,0.000000,7.962810,8.336813,0.073425,0.061917,,,,,,,,,,,,
34456,,,,,,,,,,,0.000000,0.000000,7.868416,8.210206,0.073582,0.062362,,,,,,,,,,,,
34461,,,,,,,,,,,0.000000,0.000000,7.782153,8.094504,0.073667,0.062710,,,,,,,,,,,,
34466,,,,,,,,,,,0.000000,0.000000,7.111874,7.988768,0.079658,0.062968,,,,,,,,,,,,
34478,,,,,,,,,,,0.000000,0.000000,6.480042,7.212388,0.084619,0.069222,,,,,,,,,,,,
34481,,,,,,,,,,,0.000000,0.000000,6.513360,7.182628,0.083635,0.068801,,,,,,,,,,,,
34486,,,,,,,,,,,0.000000,0.000000,5.952363,6.563987,0.088650,0.074331,,,,,,,,,,,,
34491,,,,,,,,,,,0.000000,0.000000,6.031129,6.590074,0.087259,0.073411,,,,,,,,,,,,
34496,,,,,,,,,,,0.000000,0.000000,5.511667,6.613914,0.091902,0.072511,,,,,,,,,,,,
34501,,,,,,,,,,,0.000000,0.000000,5.628391,6.635702,0.090172,0.071630,,,,,,,,,,,,
34506,,,,,,,,,,,0.000000,0.000000,5.143616,6.064167,0.094506,0.076739,,,,,,,,,,,,
34511,,,,,,,,,,,0.000000,0.000000,5.292040,6.133305,0.092492,0.075434,,,,,,,,,,,,
34516,,,,,,,,,,,0.000000,0.000000,4.836236,6.196486,0.096567,0.074183,,,,,,,,,,,,
34521,,,,,,,,,,,0.000000,0.000000,5.011135,6.254227,0.094317,0.072980,,,,,,,,,,,,
34526,,,,,,,,,,,0.000000,0.000000,5.170970,6.306994,0.092201,0.071822,,,,,,,,,,,,
34538,,,,,,,,,,,0.000000,0.000000,4.859080,6.348344,0.094302,0.070079,,,,,,,,,,,,
34541,,,,,,,,,,,0.000000,0.000000,5.032012,6.393004,0.092070,0.068993,,,,,,,,,,,,
34546,,,,,,,,,,,0.000000,0.000000,5.190048,6.433818,0.089971,0.067941,,,,,,,,,,,,
34551,,,,,,,,,,,0.000000,0.000000,4.743028,5.879672,0.093966,0.072895,,,,,,,,,,,,
34556,,,,,,,,,,,0.000000,0.000000,4.334510,5.373255,0.097618,0.077421,,,,,,,,,,,,
34561,,,,,,,,,,,0.000000,0.000000,3.961178,5.501900,0.100955,0.075585,,,,,,,,,,,,
34566,,,,,,,,,,,0.000000,0.000000,4.211446,5.028020,0.098032,0.079821,,,,,,,,,,,,
34571,,,,,,,,,,,0.000000,0.000000,3.848713,4.594956,0.101274,0.083692,,,,,,,,,,,,
34576,,,,,,,,,,,0.000000,0.000000,3.517223,4.790636,0.104237,0.081256,,,,,,,,,,,,
34581,,,,,,,,,,,0.000000,0.000000,3.805728,4.969462,0.100972,0.078971,,,,,,,,,,,,
34586,,,,,,,,,,,0.000000,0.000000,3.477940,4.541441,0.103902,0.082797,,,,,,,,,,,,
34591,,,,,,,,,,,0.000000,0.000000,3.769830,4.741731,0.100606,0.080320,,,,,,,,,,,,
34596,,,,,,,,,,,0.000000,0.000000,4.036578,4.924770,0.097535,0.077997,,,,,,,,,,,,
34601,,,,,,,,,,,0.000000,0.000000,3.688907,4.500598,0.100642,0.081789,,,,,,,,,,,,
34606,,,,,,,,,,,0.000000,0.000000,3.962626,4.704406,0.097509,0.079280,,,,,,,,,,,,
34618,,,,,,,,,,,0.000000,0.000000,3.849922,5.009930,0.097830,0.075176,,,,,,,,,,,,
34621,,,,,,,,,,,0.000000,0.000000,3.518327,4.578424,0.100794,0.079033,,,,,,,,,,,,
34626,,,,,,,,,,,0.000000,0.000000,3.215293,4.775528,0.103503,0.076584,,,,,,,,,,,,
34631,,,,,,,,,,,0.000000,0.000000,3.529804,4.955656,0.100005,0.074288,,,,,,,,,,,,
34636,,,,,,,,,,,0.000000,0.000000,3.817226,4.528824,0.096749,0.078103,,,,,,,,,,,,
34641,,,,,,,,,,,0.000000,0.000000,3.488448,4.730200,0.099688,0.075616,,,,,,,,,,,,
34646,,,,,,,,,,,0.000000,0.000000,3.187987,4.914232,0.102373,0.073284,,,,,,,,,,,,
34651,,,,,,,,,,,0.000000,0.000000,3.504850,5.082413,0.098854,0.071094,,,,,,,,,,,,
34656,,,,,,,,,,,0.000000,0.000000,3.794421,5.236109,0.095579,0.069034,,,,,,,,,,,,
34661,,,,,,,,,,,0.000000,0.000000,3.467607,4.785122,0.098500,0.073065,,,,,,,,,,,,
34666,,,,,,,,,,,0.000000,0.000000,3.760386,4.964423,0.095197,0.070776,,,,,,,,,,,,
34678,,,,,,,,,,,0.000000,0.000000,3.681020,5.227085,0.095219,0.067054,,,,,,,,,,,,
34681,,,,,,,,,,,0.000000,0.000000,3.955418,4.776875,0.092080,0.071079,,,,,,,,,,,,
34686,,,,,,,,,,,0.000000,0.000000,3.614737,4.956887,0.095125,0.068783,,,,,,,,,,,,
34691,,,,,,,,,,,0.000000,0.000000,3.894844,4.529949,0.091935,0.072599,,,,,,,,,,,,
34696,,,,,,,,,,,0.000000,0.000000,3.559380,4.731229,0.094933,0.070113,,,,,,,,,,,,
34701,,,,,,,,,,,0.000000,0.000000,3.844255,4.915172,0.091700,0.067783,,,,,,,,,,,,
34706,,,,,,,,,,,0.000000,0.000000,4.104593,5.083272,0.088686,0.065593,,,,,,,,,,,,
34711,,,,,,,,,,,0.000000,0.000000,3.751064,4.645449,0.091847,0.069507,,,,,,,,,,,,
34716,,,,,,,,,,,0.000000,0.000000,4.019429,4.836780,0.088761,0.067110,,,,,,,,,,,,
34721,,,,,,,,,,,0.000000,0.000000,4.264679,5.011632,0.085882,0.064860,,,,,,,,,,,,
34726,,,,,,,,,,,0.000000,0.000000,3.897362,4.579979,0.089165,0.068719,,,,,,,,,,,,
34738,,,,,,,,,,,0.000000,0.000000,4.335920,4.906013,0.083872,0.064431,,,,,,,,,,,,
34741,,,,,,,,,,,0.000000,0.000000,3.962466,4.483457,0.087210,0.068208,,,,,,,,,,,,
34746,,,,,,,,,,,0.000000,0.000000,4.212623,4.688741,0.084287,0.065686,,,,,,,,,,,,
34751,,,,,,,,,,,0.000000,0.000000,3.849789,4.876343,0.087531,0.063323,,,,,,,,,,,,
34756,,,,,,,,,,,0.000000,0.000000,4.109651,4.456343,0.084521,0.067077,,,,,,,,,,,,
34761,,,,,,,,,,,0.000000,0.000000,3.755686,4.663962,0.087685,0.064535,,,,,,,,,,,,
34766,,,,,,,,,,,0.000000,0.000000,3.432208,4.853699,0.090577,0.062152,,,,,,,,,,,,
34771,,,,,,,,,,,0.000000,0.000000,3.728036,4.435649,0.087246,0.065889,,,,,,,,,,,,
34776,,,,,,,,,,,0.000000,0.000000,3.998384,4.645051,0.084142,0.063330,,,,,,,,,,,,
34781,,,,,,,,,,,0.000000,0.000000,3.654003,4.244971,0.087221,0.066907,,,,,,,,,,,,
34786,,,,,,,,,,,0.000000,0.000000,3.930728,4.470796,0.084060,0.064201,,,,,,,,,,,,
34797,,,,,,,,,,,0.000000,0.000000,4.183618,4.677170,0.081113,0.061670,,,,,,,,,,,,
34798,,,,,,,,,,,0.000000,0.000000,3.823282,4.274324,0.084334,0.065271,,,,,,,,,,,,
34801,,,,,,,,,,,0.000000,0.000000,3.493982,4.497621,0.087278,0.062588,,,,,,,,,,,,
34806,,,,,,,,,,,0.000000,0.000000,3.784490,4.110240,0.083994,0.066051,,,,,,,,,,,,
34811,,,,,,,,,,,0.000000,0.000000,3.458531,4.347669,0.086908,0.063242,,,,,,,,,,,,
34816,,,,,,,,,,,0.000000,0.000000,3.752092,3.973203,0.083597,0.066589,,,,,,,,,,,,
34821,,,,,,,,,,,0.000000,0.000000,4.020368,4.222435,0.080512,0.063675,,,,,,,,,,,,
34826,,,,,,,,,,,0.000000,0.000000,3.674093,4.450201,0.083608,0.060952,,,,,,,,,,,,
34831,,,,,,,,,,,0.000000,0.000000,3.949088,4.066905,0.080463,0.064378,,,,,,,,,,,,
34836,,,,,,,,,,,0.000000,0.000000,3.608952,4.308066,0.083503,0.061536,,,,,,,,,,,,
34841,,,,,,,,,,,0.000000,0.000000,3.298112,3.937011,0.086282,0.064853,,,,,,,,,,,,
34846,,,,,,,,,,,0.000000,0.000000,3.605490,4.189361,0.082848,0.061910,,,,,,,,,,,,
34851,,,,,,,,,,,0.000000,0.000000,3.294948,3.828530,0.085623,0.065136,,,,,,,,,,,,
34856,,,,,,,,,,,0.000000,0.000000,3.602599,4.090223,0.082187,0.062110,,,,,,,,,,,,
34861,,,,,,,,,,,0.000000,0.000000,3.292306,4.329376,0.084960,0.059285,,,,,,,,,,,,
34866,,,,,,,,,,,0.000000,0.000000,3.600184,3.956486,0.081522,0.062618,,,,,,,,,,,,
34878,,,,,,,,,,,0.000000,0.000000,3.547226,3.844794,0.081308,0.062930,,,,,,,,,,,,
34881,,,,,,,,,,,0.000000,0.000000,3.241703,4.105086,0.084039,0.059917,,,,,,,,,,,,
34886,,,,,,,,,,,0.000000,0.000000,3.553939,3.751514,0.080562,0.063077,,,,,,,,,,,,
34891,,,,,,,,,,,0.000000,0.000000,3.839282,3.428396,0.077324,0.065966,,,,,,,,,,,,
34896,,,,,,,,,,,0.000000,0.000000,4.100049,3.724552,0.074307,0.062632,,,,,,,,,,,,
34901,,,,,,,,,,,0.000000,0.000000,3.746911,3.403756,0.077463,0.065499,,,,,,,,,,,,
34906,,,,,,,,,,,0.000000,0.000000,3.424189,3.702034,0.080348,0.062146,,,,,,,,,,,,
34911,,,,,,,,,,,0.000000,0.000000,3.129263,3.383178,0.082984,0.064996,,,,,,,,,,,,
34916,,,,,,,,,,,0.000000,0.000000,3.451184,3.683228,0.079420,0.061628,,,,,,,,,,,,
34921,,,,,,,,,,,0.000000,0.000000,3.153932,3.365991,0.082077,0.064463,,,,,,,,,,,,
34926,,,,,,,,,,,0.000000,0.000000,2.882283,3.667523,0.084505,0.061081,,,,,,,,,,,,
34936,,,,,,,,,,,0.000000,0.000000,3.816921,3.943083,0.074777,0.057931,,,,,,,,,,,,
34937,,,,,,,,,,,0.000000,0.000000,3.488169,3.603465,0.077716,0.060967,,,,,,,,,,,,
34941,,,,,,,,,,,0.000000,0.000000,3.187732,3.884542,0.080402,0.057768,,,,,,,,,,,,
34946,,,,,,,,,,,0.000000,0.000000,3.504617,3.549966,0.076882,0.060759,,,,,,,,,,,,
34951,,,,,,,,,,,0.000000,0.000000,3.202764,3.835651,0.079581,0.057518,,,,,,,,,,,,
34956,,,,,,,,,,,0.000000,0.000000,2.926909,3.505286,0.082046,0.060472,,,,,,,,,,,,
34961,,,,,,,,,,,0.000000,0.000000,3.266258,3.794820,0.078326,0.057197,,,,,,,,,,,,
34966,,,,,,,,,,,0.000000,0.000000,2.984935,3.467971,0.080841,0.060118,,,,,,,,,,,,
34971,,,,,,,,,,,0.000000,0.000000,2.727842,3.760719,0.083139,0.056815,,,,,,,,,,,,
34976,,,,,,,,,,,0.000000,0.000000,2.492892,3.436808,0.085239,0.059710,,,,,,,,,,,,
34981,,,,,,,,,,,0.000000,0.000000,2.278179,3.732239,0.087159,0.056383,,,,,,,,,,,,
34986,,,,,,,,,,,0.000000,0.000000,2.081959,3.410781,0.088913,0.059256,,,,,,,,,,,,
34996,,,,,,,,,,,0.000000,0.000000,1.738765,3.389045,0.091981,0.058764,,,,,,,,,,,,
35001,,,,,,,,,,,0.000000,0.000000,1.589005,3.688591,0.093319,0.055400,,,,,,,,,,,,
35006,,,,,,,,,,,0.000000,0.000000,1.452143,3.370892,0.094543,0.058239,,,,,,,,,,,,
35011,,,,,,,,,,,0.000000,0.000000,1.327070,3.672001,0.095661,0.054861,,,,,,,,,,,,
35016,,,,,,,,,,,0.000000,0.000000,1.212769,3.355731,0.096682,0.057688,,,,,,,,,,,,
35021,,,,,,,,,,,0.000000,0.000000,1.108313,3.658146,0.097616,0.054298,,,,,,,,,,,,
35026,,,,,,,,,,,0.000000,0.000000,1.012854,3.343069,0.098469,0.057115,,,,,,,,,,,,
35031,,,,,,,,,,,0.000000,0.000000,0.925616,3.055130,0.099249,0.059689,,,,,,,,,,,,
35036,,,,,,,,,,,0.000000,0.000000,0.845893,3.383436,0.099962,0.056067,,,,,,,,,,,,
35041,,,,,,,,,,,0.000000,0.000000,0.773036,3.092020,0.100613,0.058672,,,,,,,,,,,,
35046,,,,,,,,,,,0.000000,0.000000,0.706454,3.417148,0.101208,0.055079,,,,,,,,,,,,
35051,,,,,,,,,,,0.000000,0.000000,0.645607,3.122829,0.101752,0.057710,,,,,,,,,,,,
35056,,,,,,,,,,,0.000000,0.000000,0.590001,2.853859,0.102249,0.060114,,,,,,,,,,,,
35061,,,,,,,,,,,0.000000,0.000000,0.539184,3.199500,0.102704,0.056338,,,,,,,,,,,,
35066,,,,,,,,,,,0.000000,0.000000,0.492744,2.923927,0.103119,0.058801,,,,,,,,,,,,
35076,,,,,,,,,,,0.000000,0.000000,0.411519,2.982445,0.103845,0.057592,,,,,,,,,,,,
35081,,,,,,,,,,,0.000000,0.000000,0.376075,2.725566,0.104162,0.059888,,,,,,,,,,,,
35086,,,,,,,,,,,0.000000,0.000000,0.343683,2.490812,0.104451,0.061986,,,,,,,,,,,,
35091,,,,,,,,,,,0.000000,0.000000,0.314082,2.867723,0.104716,0.057930,,,,,,,,,,,,
35096,,,,,,,,,,,0.000000,0.000000,0.287030,2.620725,0.104958,0.060138,,,,,,,,,,,,
35101,,,,,,,,,,,0.000000,0.000000,0.262308,2.395002,0.105179,0.062156,,,,,,,,,,,,
35106,,,,,,,,,,,0.000000,0.000000,0.239715,2.780165,0.105381,0.058026,,,,,,,,,,,,
35111,,,,,,,,,,,0.000000,0.000000,0.219069,2.540709,0.105565,0.060167,,,,,,,,,,,,
35116,,,,,,,,,,,0.000000,0.000000,0.200200,2.321877,0.105734,0.062123,,,,,,,,,,,,
35121,,,,,,,,,,,0.000000,0.000000,0.182957,2.121893,0.105888,0.063911,,,,,,,,,,,,
35126,,,,,,,,,,,0.000000,0.000000,0.167199,2.530579,0.106029,0.059571,,,,,,,,,,,,
35136,,,,,,,,,,,0.000000,0.000000,0.139637,2.653937,0.106275,0.057781,,,,,,,,,,,,
35141,,,,,,,,,,,0.000000,0.000000,0.127610,2.425353,0.106383,0.059825,,,,,,,,,,,,
35146,,,,,,,,,,,0.000000,0.000000,0.116619,2.216456,0.106481,0.061692,,,,,,,,,,,,
35151,,,,,,,,,,,0.000000,0.000000,0.106575,2.025553,0.106571,0.063399,,,,,,,,,,,,
35156,,,,,,,,,,,0.000000,0.000000,0.097396,2.442536,0.106653,0.058984,,,,,,,,,,,,
35161,,,,,,,,,,,0.000000,0.000000,0.089007,2.232160,0.106728,0.060865,,,,,,,,,,,,
35166,,,,,,,,,,,0.000000,0.000000,0.081341,2.039904,0.106796,0.062584,,,,,,,,,,,,
35171,,,,,,,,,,,0.000000,0.000000,0.074335,2.455651,0.106859,0.058180,,,,,,,,,,,,
35176,,,,,,,,,,,0.000000,0.000000,0.067932,2.244146,0.106916,0.060071,,,,,,,,,,,,
35181,,,,,,,,,,,0.000000,0.000000,0.062081,2.050857,0.106968,0.061799,,,,,,,,,,,,
35186,,,,,,,,,,,0.000000,0.000000,0.056734,2.465661,0.107016,0.057404,,,,,,,,,,,,
35196,,,,,,,,,,,0.000000,0.000000,0.051848,2.253293,0.107060,0.059303,,,,,,,,,,,,
35197,,,,,,,,,,,,,0.047382,2.059217,0.107100,0.061038,,,,,,,,,,,,
